
Processing CtauBkg_2exp.C(12,15,1.6,2.4,0,180)...

[1mRooFit v3.60 -- Developed by Wouter Verkerke and David Kirkby[0m 
                Copyright (C) 2000-2013 NIKHEF, University of California & Stanford University
                All rights reserved, please read http://roofit.sourceforge.net/license.txt

####################################
pt: 12-15, y: 1.6-2.4
******** New Combined Dataset ***********
RooRealVar::ctau3D = 0.00829809  L(-4 - 6.5) // [mm]
RooRealVar::ctau3DErr = 0.0377417  L(0.0128338 - 0.0860837) // [mm]

************** Start BKG Ctau Fit *****************

N_Bkg : 3102.5+/-72.5555
ctau1_CtauRes : 0
s1_CtauRes : 0.729359
f_CtauRes : 0.339393+/-1.29553
f2_CtauRes : 0.132912+/-0.152438
RooArgSet::dependents = (ctau3D,ctau3DErr)
RooSetProxy::!refCoefNorm = (ctau3D,ctau3DErr)
RooArgSet::dependents = (ctau3D,ctau3DErr)
RooSetProxy::!refCoefNorm = (ctau3D,ctau3DErr)
RooArgSet::dependents = (ctau3D,ctau3DErr)
RooSetProxy::!refCoefNorm = (ctau3D,ctau3DErr)
RooArgSet::dependents = (ctau3D,ctau3DErr)
RooSetProxy::!refCoefNorm = (ctau3D,ctau3DErr)
RooArgSet::dependents = (ctau3D,ctau3DErr)
RooArgSet::dependents = (ctau3D,ctau3DErr)
RooSetProxy::!refCoefNorm = (ctau3D,ctau3DErr)
RooSetProxy::!refCoefNorm = (ctau3D,ctau3DErr)
RooArgSet::dependents = (ctau3D,ctau3DErr)
RooArgSet::dependents = (ctau3D,ctau3DErr)
RooArgSet::dependents = (ctau3D,ctau3DErr)
RooArgSet::dependents = (ctau3D,ctau3DErr)
RooSetProxy::!refCoefNorm = (ctau3D,ctau3DErr)
RooSetProxy::!refCoefNorm = (ctau3D,ctau3DErr)
RooSetProxy::!refCoefNorm = (ctau3D,ctau3DErr)
RooSetProxy::!refCoefNorm = (ctau3D,ctau3DErr)
RooArgSet::dependents = (ctau3D,ctau3DErr)
RooSetProxy::!refCoefNorm = (ctau3D,ctau3DErr)
RooArgSet::dependents = (ctau3D,ctau3DErr)
RooArgSet::dependents = (ctau3D,ctau3DErr)
RooSetProxy::!refCoefNorm = (ctau3D,ctau3DErr)
RooArgSet::dependents = (ctau3D,ctau3DErr)
RooSetProxy::!refCoefNorm = (ctau3D,ctau3DErr)
RooSetProxy::!refCoefNorm = (ctau3D,ctau3DErr)
RooArgSet::dependents = (ctau3D,ctau3DErr)
RooSetProxy::!refCoefNorm = (ctau3D,ctau3DErr)
RooArgSet::dependents = (ctau3D,ctau3DErr)
RooSetProxy::!refCoefNorm = (ctau3D,ctau3DErr)
RooArgSet::dependents = (ctau3D,ctau3DErr)
RooSetProxy::!refCoefNorm = (ctau3D,ctau3DErr)
RooArgSet::dependents = (ctau3D,ctau3DErr)
RooSetProxy::!refCoefNorm = (ctau3D,ctau3DErr)
RooArgSet::dependents = (ctau3D,ctau3DErr)
RooSetProxy::!refCoefNorm = (ctau3D,ctau3DErr)
RooArgSet::dependents = (ctau3D,ctau3DErr)
RooArgSet::dependents = (ctau3D,ctau3DErr)
RooSetProxy::!refCoefNorm = (ctau3D,ctau3DErr)
RooSetProxy::!refCoefNorm = (ctau3D,ctau3DErr)
RooArgSet::dependents = (ctau3D,ctau3DErr)
RooSetProxy::!refCoefNorm = (ctau3D,ctau3DErr)
RooArgSet::dependents = (ctau3D,ctau3DErr)
RooSetProxy::!refCoefNorm = (ctau3D,ctau3DErr)
RooArgSet::dependents = (ctau3D,ctau3DErr)
RooSetProxy::!refCoefNorm = (ctau3D,ctau3DErr)
RooArgSet::dependents = (ctau3D,ctau3DErr)
RooSetProxy::!refCoefNorm = (ctau3D,ctau3DErr)
RooArgSet::dependents = (ctau3D,ctau3DErr)
RooSetProxy::!refCoefNorm = (ctau3D,ctau3DErr)
RooArgSet::dependents = (ctau3D,ctau3DErr)
RooSetProxy::!refCoefNorm = (ctau3D,ctau3DErr)
RooArgSet::dependents = (ctau3D,ctau3DErr)
RooSetProxy::!refCoefNorm = (ctau3D,ctau3DErr)
RooArgSet::dependents = (ctau3D,ctau3DErr)
RooSetProxy::!refCoefNorm = (ctau3D,ctau3DErr)
RooArgSet::dependents = (ctau3D,ctau3DErr)
RooSetProxy::!refCoefNorm = (ctau3D,ctau3DErr)
RooArgSet::dependents = (ctau3D,ctau3DErr)
RooSetProxy::!refCoefNorm = (ctau3D,ctau3DErr)
RooArgSet::dependents = (ctau3D,ctau3DErr)
RooSetProxy::!refCoefNorm = (ctau3D,ctau3DErr)
RooArgSet::dependents = (ctau3D,ctau3DErr)
RooSetProxy::!refCoefNorm = (ctau3D,ctau3DErr)
RooArgSet::dependents = (ctau3D,ctau3DErr)
RooSetProxy::!refCoefNorm = (ctau3D,ctau3DErr)
[#0] WARNING:Eval -- RooAddPdf::updateCoefCache(pdfCTAU1 WARNING: sum of PDF coefficients not in range [0-1], value=1.00813[#0] WARNING:Eval -- RooAddPdf::updateCoefCache(pdfCTAU1 WARNING: sum of PDF coefficients not in range [0-1], value=1.00813[#0] WARNING:Eval -- RooAddPdf::updateCoefCache(pdfCTAU1 WARNING: sum of PDF coefficients not in range [0-1], value=1.00813[#0] WARNING:Eval -- RooAddPdf::updateCoefCache(pdfCTAU1 WARNING: sum of PDF coefficients not in range [0-1], value=1.00813[#0] WARNING:Eval -- 
[#0] WARNING:Eval -- RooAddPdf::updateCoefCache(pdfCTAU1 WARNING: sum of PDF coefficients not in range [0-1], value=1.00813[#0] WARNING:Eval -- 
[#0] WARNING:Eval -- RooAddPdf::updateCoefCache(pdfCTAU1 WARNING: sum of PDF coefficients not in range [0-1], value=1.00813[#0] WARNING:Eval -- RooAddPdf::updateCoefCache(pdfCTAU1 WARNING: sum of PDF coefficients not in range [0-1], value=1.00813[#0] WARNING:Eval -- 
[#0] WARNING:Eval -- 
[#0] WARNING:Eval -- RooAddPdf::updateCoefCache(pdfCTAU1 WARNING: sum of PDF coefficients not in range [0-1], value=1.00813[#0] WARNING:Eval -- RooAddPdf::updateCoefCache(pdfCTAU1 WARNING: sum of PDF coefficients not in range [0-1], value=1.00813[#0] WARNING:Eval -- 
[#0] WARNING:Eval -- RooAddPdf::updateCoefCache(pdfCTAU1 WARNING: sum of PDF coefficients not in range [0-1], value=1.00813[#0] WARNING:Eval -- 
[#0] WARNING:Eval -- 
[#0] WARNING:Eval -- RooAddPdf::updateCoefCache(pdfCTAU1 WARNING: sum of PDF coefficients not in range [0-1], value=1.00813[#0] WARNING:Eval -- RooAddPdf::updateCoefCache(pdfCTAU1 WARNING: sum of PDF coefficients not in range [0-1], value=1.00813[#0] WARNING:Eval -- RooAddPdf::updateCoefCache(pdfCTAU1 WARNING: sum of PDF coefficients not in range [0-1], value=1.00813[#0] WARNING:Eval -- 
[#0] WARNING:Eval -- 
[#0] WARNING:Eval -- RooAddPdf::updateCoefCache(pdfCTAU1 WARNING: sum of PDF coefficients not in range [0-1], value=1.00813[#0] WARNING:Eval -- 
[#0] WARNING:Eval -- 
[#0] WARNING:Eval -- RooAddPdf::updateCoefCache(pdfCTAU1 WARNING: sum of PDF coefficients not in range [0-1], value=1.00813[#0] WARNING:Eval -- RooAddPdf::updateCoefCache(pdfCTAU1 WARNING: sum of PDF coefficients not in range [0-1], value=1.00813[#0] WARNING:Eval -- 
[#0] WARNING:Eval -- 
[#0] WARNING:Eval -- RooAddPdf::updateCoefCache(pdfCTAU1 WARNING: sum of PDF coefficients not in range [0-1], value=1.00813[#0] WARNING:Eval -- RooAddPdf::updateCoefCache(pdfCTAU1 WARNING: sum of PDF coefficients not in range [0-1], value=1.00813[#0] WARNING:Eval -- 
[#0] WARNING:Eval -- RooAddPdf::updateCoefCache(pdfCTAU1 WARNING: sum of PDF coefficients not in range [0-1], value=1.00813[#0] WARNING:Eval -- 
[#0] WARNING:Eval -- 
[#0] WARNING:Eval -- RooAddPdf::updateCoefCache(pdfCTAU1 WARNING: sum of PDF coefficients not in range [0-1], value=1.00813[#0] WARNING:Eval -- RooAddPdf::updateCoefCache(pdfCTAU1 WARNING: sum of PDF coefficients not in range [0-1], value=1.00813[#0] WARNING:Eval -- 
[#0] WARNING:Eval -- 
[#0] WARNING:Eval -- RooAddPdf::updateCoefCache(pdfCTAU1 WARNING: sum of PDF coefficients not in range [0-1], value=1.00813[#0] WARNING:Eval -- 
[#0] WARNING:Eval -- RooAddPdf::updateCoefCache(pdfCTAU1 WARNING: sum of PDF coefficients not in range [0-1], value=1.00813[#0] WARNING:Eval -- RooAddPdf::updateCoefCache(pdfCTAU1 WARNING: sum of PDF coefficients not in range [0-1], value=1.00813[#0] WARNING:Eval -- 
[#0] WARNING:Eval -- 
[#0] WARNING:Eval -- RooAddPdf::updateCoefCache(pdfCTAU1 WARNING: sum of PDF coefficients not in range [0-1], value=1.00813[#0] WARNING:Eval -- RooAddPdf::updateCoefCache(pdfCTAU1 WARNING: sum of PDF coefficients not in range [0-1], value=1.00813[#0] WARNING:Eval -- 
[#0] WARNING:Eval -- 
[#0] WARNING:Eval -- RooAddPdf::updateCoefCache(pdfCTAU1 WARNING: sum of PDF coefficients not in range [0-1], value=1.00813[#0] WARNING:Eval -- 
[#0] WARNING:Eval -- RooAddPdf::updateCoefCache(pdfCTAU1 WARNING: sum of PDF coefficients not in range [0-1], value=1.00813[#0] WARNING:Eval -- RooAddPdf::updateCoefCache(pdfCTAU1 WARNING: sum of PDF coefficients not in range [0-1], value=1.00813[#0] WARNING:Eval -- 
[#0] WARNING:Eval -- 
[#0] WARNING:Eval -- RooAddPdf::updateCoefCache(pdfCTAU1 WARNING: sum of PDF coefficients not in range [0-1], value=1.00813[#0] WARNING:Eval -- RooAddPdf::updateCoefCache(pdfCTAU1 WARNING: sum of PDF coefficients not in range [0-1], value=1.00813[#0] WARNING:Eval -- 
[#0] WARNING:Eval -- RooAddPdf::updateCoefCache(pdfCTAU1 WARNING: sum of PDF coefficients not in range [0-1], value=1.00813[#0] WARNING:Eval -- 
[#0] WARNING:Eval -- 
[#0] WARNING:Eval -- RooAddPdf::updateCoefCache(pdfCTAU1 WARNING: sum of PDF coefficients not in range [0-1], value=1.00813[#0] WARNING:Eval -- RooAddPdf::updateCoefCache(pdfCTAU1 WARNING: sum of PDF coefficients not in range [0-1], value=1.00813[#0] WARNING:Eval -- 
[#0] WARNING:Eval -- 
[#0] WARNING:Eval -- RooAddPdf::updateCoefCache(pdfCTAU1 WARNING: sum of PDF coefficients not in range [0-1], value=1.00813[#0] WARNING:Eval -- 
[#0] WARNING:Eval -- RooAddPdf::updateCoefCache(pdfCTAU1 WARNING: sum of PDF coefficients not in range [0-1], value=1.00813[#0] WARNING:Eval -- 
[#0] WARNING:Eval -- 
[#0] WARNING:Eval -- RooAddPdf::updateCoefCache(pdfCTAU1 WARNING: sum of PDF coefficients not in range [0-1], value=1.00813[#0] WARNING:Eval -- RooAddPdf::updateCoefCache(pdfCTAU1 WARNING: sum of PDF coefficients not in range [0-1], value=1.00813[#0] WARNING:Eval -- 
[#0] WARNING:Eval -- RooAddPdf::updateCoefCache(pdfCTAU1 WARNING: sum of PDF coefficients not in range [0-1], value=1.00813[#0] WARNING:Eval -- 
[#0] WARNING:Eval -- RooAddPdf::updateCoefCache(pdfCTAU1 WARNING: sum of PDF coefficients not in range [0-1], value=1.00813[#0] WARNING:Eval -- RooAddPdf::updateCoefCache(pdfCTAU1 WARNING: sum of PDF coefficients not in range [0-1], value=1.00813[#0] WARNING:Eval -- 
[#0] WARNING:Eval -- 
[#0] WARNING:Eval -- RooAddPdf::updateCoefCache(pdfCTAU1 WARNING: sum of PDF coefficients not in range [0-1], value=1.00813[#0] WARNING:Eval -- RooAddPdf::updateCoefCache(pdfCTAU1 WARNING: sum of PDF coefficients not in range [0-1], value=1.00813[#0] WARNING:Eval -- 
[#0] WARNING:Eval -- RooAddPdf::updateCoefCache(pdfCTAU1 WARNING: sum of PDF coefficients not in range [0-1], value=1.00813[#0] WARNING:Eval -- 
[#0] WARNING:Eval -- 
[#0] WARNING:Eval -- RooAddPdf::updateCoefCache(pdfCTAU1 WARNING: sum of PDF coefficients not in range [0-1], value=1.00813[#0] WARNING:Eval -- 
[#0] WARNING:Eval -- 
[#0] WARNING:Eval -- RooAddPdf::updateCoefCache(pdfCTAU1 WARNING: sum of PDF coefficients not in range [0-1], value=1.00813[#0] WARNING:Eval -- 
[#0] WARNING:Eval -- RooAddPdf::updateCoefCache(pdfCTAU1 WARNING: sum of PDF coefficients not in range [0-1], value=1.00813[#0] WARNING:Eval -- RooAddPdf::updateCoefCache(pdfCTAU1 WARNING: sum of PDF coefficients not in range [0-1], value=1.00813[#0] WARNING:Eval -- 
[#0] WARNING:Eval -- RooAddPdf::updateCoefCache(pdfCTAU1 WARNING: sum of PDF coefficients not in range [0-1], value=1.00813[#0] WARNING:Eval -- RooAddPdf::updateCoefCache(pdfCTAU1 WARNING: sum of PDF coefficients not in range [0-1], value=1.00813[#0] WARNING:Eval -- 
[#0] WARNING:Eval -- RooAddPdf::updateCoefCache(pdfCTAU1 WARNING: sum of PDF coefficients not in range [0-1], value=1.00813[#0] WARNING:Eval -- 
[#0] WARNING:Eval -- 
[#0] WARNING:Eval -- RooAddPdf::updateCoefCache(pdfCTAU1 WARNING: sum of PDF coefficients not in range [0-1], value=1.00813[#0] WARNING:Eval -- 
[#0] WARNING:Eval -- 
[#0] WARNING:Eval -- RooAddPdf::updateCoefCache(pdfCTAU1 WARNING: sum of PDF coefficients not in range [0-1], value=1.00813[#0] WARNING:Eval -- 
[#0] WARNING:Eval -- RooAddPdf::updateCoefCache(pdfCTAU1 WARNING: sum of PDF coefficients not in range [0-1], value=1.00813[#0] WARNING:Eval -- RooAddPdf::updateCoefCache(pdfCTAU1 WARNING: sum of PDF coefficients not in range [0-1], value=1.00813[#0] WARNING:Eval -- 
[#0] WARNING:Eval -- RooAddPdf::updateCoefCache(pdfCTAU1 WARNING: sum of PDF coefficients not in range [0-1], value=1.00813[#0] WARNING:Eval -- RooAddPdf::updateCoefCache(pdfCTAU1 WARNING: sum of PDF coefficients not in range [0-1], value=1.00813[#0] WARNING:Eval -- 
[#0] WARNING:Eval -- RooAddPdf::updateCoefCache(pdfCTAU1 WARNING: sum of PDF coefficients not in range [0-1], value=1.00813[#0] WARNING:Eval -- 
[#0] WARNING:Eval -- 
[#0] WARNING:Eval -- RooAddPdf::updateCoefCache(pdfCTAU1 WARNING: sum of PDF coefficients not in range [0-1], value=1.00813[#0] WARNING:Eval -- 
[#0] WARNING:Eval -- 
[#0] WARNING:Eval -- RooAddPdf::updateCoefCache(pdfCTAU1 WARNING: sum of PDF coefficients not in range [0-1], value=1.00813[#0] WARNING:Eval -- 
[#0] WARNING:Eval -- RooAddPdf::updateCoefCache(pdfCTAU1 WARNING: sum of PDF coefficients not in range [0-1], value=1.00813[#0] WARNING:Eval -- RooAddPdf::updateCoefCache(pdfCTAU1 WARNING: sum of PDF coefficients not in range [0-1], value=1.00813[#0] WARNING:Eval -- 
[#0] WARNING:Eval -- RooAddPdf::updateCoefCache(pdfCTAU1 WARNING: sum of PDF coefficients not in range [0-1], value=1.00813[#0] WARNING:Eval -- RooAddPdf::updateCoefCache(pdfCTAU1 WARNING: sum of PDF coefficients not in range [0-1], value=1.00813[#0] WARNING:Eval -- 
[#0] WARNING:Eval -- RooAddPdf::updateCoefCache(pdfCTAU1 WARNING: sum of PDF coefficients not in range [0-1], value=1.00813[#0] WARNING:Eval -- 
[#0] WARNING:Eval -- RooAddPdf::updateCoefCache(pdfCTAU1 WARNING: sum of PDF coefficients not in range [0-1], value=1.00813[#0] WARNING:Eval -- 
[#0] WARNING:Eval -- RooAddPdf::updateCoefCache(pdfCTAU1 WARNING: sum of PDF coefficients not in range [0-1], value=1.00813[#0] WARNING:Eval -- 
[#0] WARNING:Eval -- 
[#0] WARNING:Eval -- RooAddPdf::updateCoefCache(pdfCTAU1 WARNING: sum of PDF coefficients not in range [0-1], value=1.00813[#0] WARNING:Eval -- RooAddPdf::updateCoefCache(pdfCTAU1 WARNING: sum of PDF coefficients not in range [0-1], value=1.00813[#0] WARNING:Eval -- 
[#0] WARNING:Eval -- RooAddPdf::updateCoefCache(pdfCTAU1 WARNING: sum of PDF coefficients not in range [0-1], value=1.00813[#0] WARNING:Eval -- 
[#0] WARNING:Eval -- RooAddPdf::updateCoefCache(pdfCTAU1 WARNING: sum of PDF coefficients not in range [0-1], value=1.00813[#0] WARNING:Eval -- 
[#0] WARNING:Eval -- RooAddPdf::updateCoefCache(pdfCTAU1 WARNING: sum of PDF coefficients not in range [0-1], value=1.00813[#0] WARNING:Eval --  (no more will be printed)[#0] WARNING:Eval --  (no more will be printed)[#0] WARNING:Eval -- RooAddPdf::updateCoefCache(pdfCTAU1 WARNING: sum of PDF coefficients not in range [0-1], value=1.00813[#0] WARNING:Eval --  (no more will be printed)[#0] WARNING:Eval -- RooAddPdf::updateCoefCache(pdfCTAU1 WARNING: sum of PDF coefficients not in range [0-1], value=1.00813[#0] WARNING:Eval --  (no more will be printed)[#0] WARNING:Eval -- RooAddPdf::updateCoefCache(pdfCTAU1 WARNING: sum of PDF coefficients not in range [0-1], value=1.00813[#0] WARNING:Eval --  (no more will be printed)[#0] WARNING:Eval -- 
[#0] WARNING:Eval -- 
[#0] WARNING:Eval --  (no more will be printed)[#0] WARNING:Eval -- 
[#0] WARNING:Eval -- 
[#0] WARNING:Eval -- 
[#0] WARNING:Eval --  (no more will be printed)[#0] WARNING:Eval -- 
[#0] WARNING:Eval -- 
[#0] WARNING:Eval -- RooAddPdf::updateCoefCache(pdfCTAU1 WARNING: sum of PDF coefficients not in range [0-1], value=1.00813[#0] WARNING:Eval -- 
[#0] WARNING:Eval -- 
[#0] WARNING:Eval -- RooAddPdf::updateCoefCache(pdfCTAU1 WARNING: sum of PDF coefficients not in range [0-1], value=1.00813[#0] WARNING:Eval -- 
[#0] WARNING:Eval -- RooAddPdf::updateCoefCache(pdfCTAU1 WARNING: sum of PDF coefficients not in range [0-1], value=1.00813[#0] WARNING:Eval -- 
[#0] WARNING:Eval -- RooAddPdf::updateCoefCache(pdfCTAU1 WARNING: sum of PDF coefficients not in range [0-1], value=1.00813[#0] WARNING:Eval -- 
[#0] WARNING:Eval -- RooAddPdf::updateCoefCache(pdfCTAU1 WARNING: sum of PDF coefficients not in range [0-1], value=1.00813[#0] WARNING:Eval --  (no more will be printed)[#0] WARNING:Eval -- 
[#0] WARNING:Minization -- RooMinimizerFcn: Minimized function has error status.
Returning maximum FCN so far (-9263.15) to force MIGRAD to back out of this region. Error log follows
Parameter values: N_Bkg=3102.5, b_Bkg=0.4, fDF12=0.99953, fDFSS=1.00813, fDLIV=0.3, fDSS12=0.03, lambdaDDS_Bkg=0.4, lambdaDF_Bkg1=0.5, lambdaDF_Bkg2=0.51, lambdaDSS_Bkg1=0.3, lambdaDSS_Bkg2=0.3
PID1456319/RooRealMPFE::nll_pdfTot_Bkg_dataw_Bkg_5b1210b2e240_MPFE7[ arg=nll_pdfTot_Bkg_dataw_Bkg_GOF7 vars=(N_Bkg,b_Bkg,ctau1_CtauRes,ctau2_CtauRes,ctau3_CtauRes,f2_CtauRes,fDF12,fDFSS,fDLIV,fDSS12,f_CtauRes,lambdaDDS_Bkg,lambdaDF_Bkg1,lambdaDF_Bkg2,lambdaDSS_Bkg1,lambdaDSS_Bkg2,rS21_CtauRes,rS32_CtauRes,s1_CtauRes,zeroMean) ]
     p.d.f value is less than zero (-0.132734), forcing value to zero @ !refCoefNorm=(ctau3D = -0.156697,ctau3DErr = 0.0222582), !pdfs=(pdfCTAUDSS = 0.0294267/1,pdfCTAUDF = 19.9799/1), !coefficients=(fDFSS = 1.00813)
     p.d.f value is less than zero (-0.147342), forcing value to zero @ !refCoefNorm=(ctau3D = -0.20351,ctau3DErr = 0.0194078), !pdfs=(pdfCTAUDSS = 0.000618557/1,pdfCTAUDF = 18.2041/1), !coefficients=(fDFSS = 1.00813)
     p.d.f value is less than zero (-0.125033), forcing value to zero @ !refCoefNorm=(ctau3D = -0.200619,ctau3DErr = 0.02766), !pdfs=(pdfCTAUDSS = 0.0236742/1,pdfCTAUDF = 18.3189/1), !coefficients=(fDFSS = 1.00813)
     p.d.f value is less than zero (-0.008465), forcing value to zero @ !refCoefNorm=(ctau3D = -0.119084,ctau3DErr = 0.024089), !pdfs=(pdfCTAUDSS = 0.164576/1,pdfCTAUDF = 21.4537/1), !coefficients=(fDFSS = 1.00813)
     p.d.f value is less than zero (-0.124443), forcing value to zero @ !refCoefNorm=(ctau3D = -0.290094,ctau3DErr = 0.0195239), !pdfs=(pdfCTAUDSS = 6.7523e-07/1,pdfCTAUDF = 15.3102/1), !coefficients=(fDFSS = 1.00813)
     p.d.f value is less than zero (-0.151221), forcing value to zero @ !refCoefNorm=(ctau3D = -0.135429,ctau3DErr = 0.0179127), !pdfs=(pdfCTAUDSS = 0.0180556/1,pdfCTAUDF = 20.844/1), !coefficients=(fDFSS = 1.00813)
     p.d.f value is less than zero (-0.114964), forcing value to zero @ !refCoefNorm=(ctau3D = -0.329815,ctau3DErr = 0.020965), !pdfs=(pdfCTAUDSS = 1.33014e-07/1,pdfCTAUDF = 14.1439/1), !coefficients=(fDFSS = 1.00813)
     p.d.f value is less than zero (-0.062216), forcing value to zero @ !refCoefNorm=(ctau3D = -0.145775,ctau3DErr = 0.0261977), !pdfs=(pdfCTAUDSS = 0.102628/1,pdfCTAUDF = 20.3833/1), !coefficients=(fDFSS = 1.00813)
     p.d.f value is less than zero (-0.100567), forcing value to zero @ !refCoefNorm=(ctau3D = -0.126817,ctau3DErr = 0.0209781), !pdfs=(pdfCTAUDSS = 0.071003/1,pdfCTAUDF = 21.1791/1), !coefficients=(fDFSS = 1.00813)
     p.d.f value is less than zero (-0.130616), forcing value to zero @ !refCoefNorm=(ctau3D = -0.194089,ctau3DErr = 0.0261244), !pdfs=(pdfCTAUDSS = 0.0200561/1,pdfCTAUDF = 18.5571/1), !coefficients=(fDFSS = 1.00813)
     p.d.f value is less than zero (-0.071379), forcing value to zero @ !refCoefNorm=(ctau3D = -0.568686,ctau3DErr = 0.0275117), !pdfs=(pdfCTAUDSS = 2.63626e-12/1,pdfCTAUDF = 8.7817/1), !coefficients=(fDFSS = 1.00813)
     p.d.f value is less than zero (-0.009658), forcing value to zero @ !refCoefNorm=(ctau3D = -1.57627,ctau3DErr = 0.0702066), !pdfs=(pdfCTAUDSS = 2.54225e-14/1,pdfCTAUDF = 1.18821/1), !coefficients=(fDFSS = 1.00813)
    ... (remaining 7 messages suppressed)

[#0] WARNING:Minization -- RooMinimizerFcn: Minimized function has error status.
Returning maximum FCN so far (-9263.15) to force MIGRAD to back out of this region. Error log follows
Parameter values: N_Bkg=884.484, b_Bkg=0.536506, fDF12=1, fDFSS=1.01, fDLIV=0.982193, fDSS12=0.03, lambdaDDS_Bkg=0.430289, lambdaDF_Bkg1=0.440635, lambdaDF_Bkg2=0.50997, lambdaDSS_Bkg1=0.818769, lambdaDSS_Bkg2=0.450774
PID1456319/RooRealMPFE::nll_pdfTot_Bkg_dataw_Bkg_5b1210b2e240_MPFE7[ arg=nll_pdfTot_Bkg_dataw_Bkg_GOF7 vars=(N_Bkg,b_Bkg,ctau1_CtauRes,ctau2_CtauRes,ctau3_CtauRes,f2_CtauRes,fDF12,fDFSS,fDLIV,fDSS12,f_CtauRes,lambdaDDS_Bkg,lambdaDF_Bkg1,lambdaDF_Bkg2,lambdaDSS_Bkg1,lambdaDSS_Bkg2,rS21_CtauRes,rS32_CtauRes,s1_CtauRes,zeroMean) ]
     p.d.f value is less than zero (-0.007698), forcing value to zero @ !refCoefNorm=(ctau3D = -0.0725649,ctau3DErr = 0.0190211), !pdfs=(pdfCTAUDSS = 0.250142/1,pdfCTAUDF = 26.0343/1), !coefficients=(fDFSS = 1.01)
     p.d.f value is less than zero (-0.115377), forcing value to zero @ !refCoefNorm=(ctau3D = -0.0816628,ctau3DErr = 0.0175502), !pdfs=(pdfCTAUDSS = 0.139436/1,pdfCTAUDF = 25.6208/1), !coefficients=(fDFSS = 1.01)
     p.d.f value is less than zero (-0.197425), forcing value to zero @ !refCoefNorm=(ctau3D = -0.156697,ctau3DErr = 0.0222582), !pdfs=(pdfCTAUDSS = 0.019772/1,pdfCTAUDF = 21.7396/1), !coefficients=(fDFSS = 1.01)
     p.d.f value is less than zero (-0.195160), forcing value to zero @ !refCoefNorm=(ctau3D = -0.20351,ctau3DErr = 0.0194078), !pdfs=(pdfCTAUDSS = 0.000412349/1,pdfCTAUDF = 19.5577/1), !coefficients=(fDFSS = 1.01)
     p.d.f value is less than zero (-0.180888), forcing value to zero @ !refCoefNorm=(ctau3D = -0.200619,ctau3DErr = 0.02766), !pdfs=(pdfCTAUDSS = 0.0159824/1,pdfCTAUDF = 19.7031/1), !coefficients=(fDFSS = 1.01)
     p.d.f value is less than zero (-0.123261), forcing value to zero @ !refCoefNorm=(ctau3D = -0.119084,ctau3DErr = 0.024089), !pdfs=(pdfCTAUDSS = 0.111415/1,pdfCTAUDF = 23.5791/1), !coefficients=(fDFSS = 1.01)
     p.d.f value is less than zero (-0.024689), forcing value to zero @ !refCoefNorm=(ctau3D = -0.116238,ctau3DErr = 0.0288707), !pdfs=(pdfCTAUDSS = 0.209561/1,pdfCTAUDF = 23.6346/1), !coefficients=(fDFSS = 1.01)
     p.d.f value is less than zero (-0.160693), forcing value to zero @ !refCoefNorm=(ctau3D = -0.290094,ctau3DErr = 0.0195239), !pdfs=(pdfCTAUDSS = 4.48457e-07/1,pdfCTAUDF = 16.0693/1), !coefficients=(fDFSS = 1.01)
     p.d.f value is less than zero (-0.128595), forcing value to zero @ !refCoefNorm=(ctau3D = -0.0655219,ctau3DErr = 0.0139299), !pdfs=(pdfCTAUDSS = 0.135807/1,pdfCTAUDF = 26.5761/1), !coefficients=(fDFSS = 1.01)
     p.d.f value is less than zero (-0.215877), forcing value to zero @ !refCoefNorm=(ctau3D = -0.135429,ctau3DErr = 0.0179127), !pdfs=(pdfCTAUDSS = 0.0120686/1,pdfCTAUDF = 22.8066/1), !coefficients=(fDFSS = 1.01)
     p.d.f value is less than zero (-0.029764), forcing value to zero @ !refCoefNorm=(ctau3D = -0.145276,ctau3DErr = 0.0350658), !pdfs=(pdfCTAUDSS = 0.190008/1,pdfCTAUDF = 22.1672/1), !coefficients=(fDFSS = 1.01)
     p.d.f value is less than zero (-0.108074), forcing value to zero @ !refCoefNorm=(ctau3D = -0.146854,ctau3DErr = 0.0298995), !pdfs=(pdfCTAUDSS = 0.112376/1,pdfCTAUDF = 22.1574/1), !coefficients=(fDFSS = 1.01)
    ... (remaining 18 messages suppressed)

[#0] WARNING:Minization -- RooMinimizerFcn: Minimized function has error status.
Returning maximum FCN so far (-9263.15) to force MIGRAD to back out of this region. Error log follows
Parameter values: N_Bkg=1885.76, b_Bkg=0.464422, fDF12=0.999865, fDFSS=1.00617, fDLIV=0.26407, fDSS12=0.03, lambdaDDS_Bkg=0.414325, lambdaDF_Bkg1=0.471794, lambdaDF_Bkg2=0.509986, lambdaDSS_Bkg1=0.555629, lambdaDSS_Bkg2=0.369952
PID1456319/RooRealMPFE::nll_pdfTot_Bkg_dataw_Bkg_5b1210b2e240_MPFE7[ arg=nll_pdfTot_Bkg_dataw_Bkg_GOF7 vars=(N_Bkg,b_Bkg,ctau1_CtauRes,ctau2_CtauRes,ctau3_CtauRes,f2_CtauRes,fDF12,fDFSS,fDLIV,fDSS12,f_CtauRes,lambdaDDS_Bkg,lambdaDF_Bkg1,lambdaDF_Bkg2,lambdaDSS_Bkg1,lambdaDSS_Bkg2,rS21_CtauRes,rS32_CtauRes,s1_CtauRes,zeroMean) ]
     p.d.f value is less than zero (-0.104052), forcing value to zero @ !refCoefNorm=(ctau3D = -0.156697,ctau3DErr = 0.0222582), !pdfs=(pdfCTAUDSS = 0.0239371/1,pdfCTAUDF = 20.7827/1), !coefficients=(fDFSS = 1.00617)
     p.d.f value is less than zero (-0.115589), forcing value to zero @ !refCoefNorm=(ctau3D = -0.20351,ctau3DErr = 0.0194078), !pdfs=(pdfCTAUDSS = 0.00050091/1,pdfCTAUDF = 18.8293/1), !coefficients=(fDFSS = 1.00617)
     p.d.f value is less than zero (-0.097454), forcing value to zero @ !refCoefNorm=(ctau3D = -0.200619,ctau3DErr = 0.02766), !pdfs=(pdfCTAUDSS = 0.0193096/1,pdfCTAUDF = 18.9574/1), !coefficients=(fDFSS = 1.00617)
     p.d.f value is less than zero (-0.002927), forcing value to zero @ !refCoefNorm=(ctau3D = -0.119084,ctau3DErr = 0.024089), !pdfs=(pdfCTAUDSS = 0.134448/1,pdfCTAUDF = 22.4155/1), !coefficients=(fDFSS = 1.00617)
     p.d.f value is less than zero (-0.096632), forcing value to zero @ !refCoefNorm=(ctau3D = -0.290094,ctau3DErr = 0.0195239), !pdfs=(pdfCTAUDSS = 5.45645e-07/1,pdfCTAUDF = 15.6729/1), !coefficients=(fDFSS = 1.00617)
     p.d.f value is less than zero (-0.119276), forcing value to zero @ !refCoefNorm=(ctau3D = -0.135429,ctau3DErr = 0.0179127), !pdfs=(pdfCTAUDSS = 0.0146438/1,pdfCTAUDF = 21.7353/1), !coefficients=(fDFSS = 1.00617)
     p.d.f value is less than zero (-0.088850), forcing value to zero @ !refCoefNorm=(ctau3D = -0.329815,ctau3DErr = 0.020965), !pdfs=(pdfCTAUDSS = 1.07501e-07/1,pdfCTAUDF = 14.4108/1), !coefficients=(fDFSS = 1.00617)
     p.d.f value is less than zero (-0.046517), forcing value to zero @ !refCoefNorm=(ctau3D = -0.145775,ctau3DErr = 0.0261977), !pdfs=(pdfCTAUDSS = 0.0838638/1,pdfCTAUDF = 21.2306/1), !coefficients=(fDFSS = 1.00617)
     p.d.f value is less than zero (-0.078164), forcing value to zero @ !refCoefNorm=(ctau3D = -0.126817,ctau3DErr = 0.0209781), !pdfs=(pdfCTAUDSS = 0.0577879/1,pdfCTAUDF = 22.108/1), !coefficients=(fDFSS = 1.00617)
     p.d.f value is less than zero (-0.102049), forcing value to zero @ !refCoefNorm=(ctau3D = -0.194089,ctau3DErr = 0.0261244), !pdfs=(pdfCTAUDSS = 0.0163411/1,pdfCTAUDF = 19.2183/1), !coefficients=(fDFSS = 1.00617)
     p.d.f value is less than zero (-0.053620), forcing value to zero @ !refCoefNorm=(ctau3D = -0.568686,ctau3DErr = 0.0275117), !pdfs=(pdfCTAUDSS = 2.13092e-12/1,pdfCTAUDF = 8.69667/1), !coefficients=(fDFSS = 1.00617)
     p.d.f value is less than zero (-0.006444), forcing value to zero @ !refCoefNorm=(ctau3D = -1.57627,ctau3DErr = 0.0702066), !pdfs=(pdfCTAUDSS = 2.07287e-14/1,pdfCTAUDF = 1.04511/1), !coefficients=(fDFSS = 1.00617)
    ... (remaining 7 messages suppressed)

[#0] WARNING:Minization -- RooMinimizerFcn: Minimized function has error status.
Returning maximum FCN so far (-9263.15) to force MIGRAD to back out of this region. Error log follows
Parameter values: N_Bkg=2520.29, b_Bkg=0.428757, fDF12=0.999706, fDFSS=1.0014, fDLIV=0.992981, fDSS12=0.03, lambdaDDS_Bkg=0.406417, lambdaDF_Bkg1=0.48734, lambdaDF_Bkg2=0.509994, lambdaDSS_Bkg1=0.412023, lambdaDSS_Bkg2=0.33093
PID1456318/RooRealMPFE::nll_pdfTot_Bkg_dataw_Bkg_5b1210b2e240_MPFE6[ arg=nll_pdfTot_Bkg_dataw_Bkg_GOF6 vars=(N_Bkg,b_Bkg,ctau1_CtauRes,ctau2_CtauRes,ctau3_CtauRes,f2_CtauRes,fDF12,fDFSS,fDLIV,fDSS12,f_CtauRes,lambdaDDS_Bkg,lambdaDF_Bkg1,lambdaDF_Bkg2,lambdaDSS_Bkg1,lambdaDSS_Bkg2,rS21_CtauRes,rS32_CtauRes,s1_CtauRes,zeroMean) ]
     p.d.f value is less than zero (-0.001810), forcing value to zero @ !refCoefNorm=(ctau3D = -0.156697,ctau3DErr = 0.0222582), !pdfs=(pdfCTAUDSS = 0.0266948/1,pdfCTAUDF = 20.333/1), !coefficients=(fDFSS = 1.0014)
     p.d.f value is less than zero (-0.025381), forcing value to zero @ !refCoefNorm=(ctau3D = -0.20351,ctau3DErr = 0.0194078), !pdfs=(pdfCTAUDSS = 0.000559873/1,pdfCTAUDF = 18.4807/1), !coefficients=(fDFSS = 1.0014)
     p.d.f value is less than zero (-0.004575), forcing value to zero @ !refCoefNorm=(ctau3D = -0.200619,ctau3DErr = 0.02766), !pdfs=(pdfCTAUDSS = 0.0215053/1,pdfCTAUDF = 18.6012/1), !coefficients=(fDFSS = 1.0014)
     p.d.f value is less than zero (-0.021719), forcing value to zero @ !refCoefNorm=(ctau3D = -0.290094,ctau3DErr = 0.0195239), !pdfs=(pdfCTAUDSS = 6.1052e-07/1,pdfCTAUDF = 15.473/1), !coefficients=(fDFSS = 1.0014)
     p.d.f value is less than zero (-0.013430), forcing value to zero @ !refCoefNorm=(ctau3D = -0.135429,ctau3DErr = 0.0179127), !pdfs=(pdfCTAUDSS = 0.0163551/1,pdfCTAUDF = 21.2353/1), !coefficients=(fDFSS = 1.0014)
     p.d.f value is less than zero (-0.020024), forcing value to zero @ !refCoefNorm=(ctau3D = -0.329815,ctau3DErr = 0.020965), !pdfs=(pdfCTAUDSS = 1.20274e-07/1,pdfCTAUDF = 14.265/1), !coefficients=(fDFSS = 1.0014)
     p.d.f value is less than zero (-0.008225), forcing value to zero @ !refCoefNorm=(ctau3D = -0.194089,ctau3DErr = 0.0261244), !pdfs=(pdfCTAUDSS = 0.0182089/1,pdfCTAUDF = 18.8492/1), !coefficients=(fDFSS = 1.0014)
     p.d.f value is less than zero (-0.012280), forcing value to zero @ !refCoefNorm=(ctau3D = -0.568686,ctau3DErr = 0.0275117), !pdfs=(pdfCTAUDSS = 2.38395e-12/1,pdfCTAUDF = 8.7482/1), !coefficients=(fDFSS = 1.0014)
     p.d.f value is less than zero (-0.001578), forcing value to zero @ !refCoefNorm=(ctau3D = -1.57627,ctau3DErr = 0.0702066), !pdfs=(pdfCTAUDSS = 2.30894e-14/1,pdfCTAUDF = 1.12422/1), !coefficients=(fDFSS = 1.0014)
     p.d.f value is less than zero (-0.024826), forcing value to zero @ !refCoefNorm=(ctau3D = -0.196318,ctau3DErr = 0.0202213), !pdfs=(pdfCTAUDSS = 0.00150102/1,pdfCTAUDF = 18.757/1), !coefficients=(fDFSS = 1.0014)

[#0] WARNING:Minization -- RooMinimizerFcn: Minimized function has error status.
Returning maximum FCN so far (-9263.15) to force MIGRAD to back out of this region. Error log follows
Parameter values: N_Bkg=1278.31, b_Bkg=0.507374, fDF12=0.999555, fDFSS=1.00826, fDLIV=0.950416, fDSS12=0.997393, lambdaDDS_Bkg=0.38603, lambdaDF_Bkg1=0.424366, lambdaDF_Bkg2=0.509978, lambdaDSS_Bkg1=0.924301, lambdaDSS_Bkg2=0.666727
PID1456319/RooRealMPFE::nll_pdfTot_Bkg_dataw_Bkg_5b1210b2e240_MPFE7[ arg=nll_pdfTot_Bkg_dataw_Bkg_GOF7 vars=(N_Bkg,b_Bkg,ctau1_CtauRes,ctau2_CtauRes,ctau3_CtauRes,f2_CtauRes,fDF12,fDFSS,fDLIV,fDSS12,f_CtauRes,lambdaDDS_Bkg,lambdaDF_Bkg1,lambdaDF_Bkg2,lambdaDSS_Bkg1,lambdaDSS_Bkg2,rS21_CtauRes,rS32_CtauRes,s1_CtauRes,zeroMean) ]
     p.d.f value is less than zero (-0.093456), forcing value to zero @ !refCoefNorm=(ctau3D = -0.0725649,ctau3DErr = 0.0190211), !pdfs=(pdfCTAUDSS = 0.127289/1,pdfCTAUDF = 26.8605/1), !coefficients=(fDFSS = 1.00826)
     p.d.f value is less than zero (-0.146817), forcing value to zero @ !refCoefNorm=(ctau3D = -0.0816628,ctau3DErr = 0.0175502), !pdfs=(pdfCTAUDSS = 0.0707044/1,pdfCTAUDF = 26.4135/1), !coefficients=(fDFSS = 1.00826)
     p.d.f value is less than zero (-0.173776), forcing value to zero @ !refCoefNorm=(ctau3D = -0.156697,ctau3DErr = 0.0222582), !pdfs=(pdfCTAUDSS = 0.0100237/1,pdfCTAUDF = 22.269/1), !coefficients=(fDFSS = 1.00826)
     p.d.f value is less than zero (-0.164542), forcing value to zero @ !refCoefNorm=(ctau3D = -0.20351,ctau3DErr = 0.0194078), !pdfs=(pdfCTAUDSS = 0.000207372/1,pdfCTAUDF = 19.9522/1), !coefficients=(fDFSS = 1.00826)
     p.d.f value is less than zero (-0.157829), forcing value to zero @ !refCoefNorm=(ctau3D = -0.200619,ctau3DErr = 0.02766), !pdfs=(pdfCTAUDSS = 0.00814213/1,pdfCTAUDF = 20.108/1), !coefficients=(fDFSS = 1.00826)
     p.d.f value is less than zero (-0.142697), forcing value to zero @ !refCoefNorm=(ctau3D = -0.119084,ctau3DErr = 0.024089), !pdfs=(pdfCTAUDSS = 0.0569217/1,pdfCTAUDF = 24.2317/1), !coefficients=(fDFSS = 1.00826)
     p.d.f value is less than zero (-0.091694), forcing value to zero @ !refCoefNorm=(ctau3D = -0.116238,ctau3DErr = 0.0288707), !pdfs=(pdfCTAUDSS = 0.108027/1,pdfCTAUDF = 24.2952/1), !coefficients=(fDFSS = 1.00826)
     p.d.f value is less than zero (-0.134352), forcing value to zero @ !refCoefNorm=(ctau3D = -0.290094,ctau3DErr = 0.0195239), !pdfs=(pdfCTAUDSS = 2.24684e-07/1,pdfCTAUDF = 16.2707/1), !coefficients=(fDFSS = 1.00826)
     p.d.f value is less than zero (-0.070148), forcing value to zero @ !refCoefNorm=(ctau3D = -0.0913618,ctau3DErr = 0.0249131), !pdfs=(pdfCTAUDSS = 0.140701/1,pdfCTAUDF = 25.6755/1), !coefficients=(fDFSS = 1.00826)
     p.d.f value is less than zero (-0.005842), forcing value to zero @ !refCoefNorm=(ctau3D = -0.141486,ctau3DErr = 0.0426669), !pdfs=(pdfCTAUDSS = 0.180753/1,pdfCTAUDF = 22.7783/1), !coefficients=(fDFSS = 1.00826)
     p.d.f value is less than zero (-0.157451), forcing value to zero @ !refCoefNorm=(ctau3D = -0.0655219,ctau3DErr = 0.0139299), !pdfs=(pdfCTAUDSS = 0.0685319/1,pdfCTAUDF = 27.4361/1), !coefficients=(fDFSS = 1.00826)
     p.d.f value is less than zero (-0.088888), forcing value to zero @ !refCoefNorm=(ctau3D = -0.0737908,ctau3DErr = 0.0195571), !pdfs=(pdfCTAUDSS = 0.131119/1,pdfCTAUDF = 26.775/1), !coefficients=(fDFSS = 1.00826)
    ... (remaining 26 messages suppressed)

[#0] WARNING:Minization -- RooMinimizerFcn: Minimized function has error status.
Returning maximum FCN so far (1492.27) to force MIGRAD to back out of this region. Error log follows
Parameter values: N_Bkg=1310.11, b_Bkg=0.504984, fDF12=0.999596, fDFSS=1.00855, fDLIV=0.959207, fDSS12=0.999769, lambdaDDS_Bkg=0.386438, lambdaDF_Bkg1=0.426104, lambdaDF_Bkg2=0.509978, lambdaDSS_Bkg1=0.939554, lambdaDSS_Bkg2=0.658227
PID1456319/RooRealMPFE::nll_pdfTot_Bkg_dataw_Bkg_5b1210b2e240_MPFE7[ arg=nll_pdfTot_Bkg_dataw_Bkg_GOF7 vars=(N_Bkg,b_Bkg,ctau1_CtauRes,ctau2_CtauRes,ctau3_CtauRes,f2_CtauRes,fDF12,fDFSS,fDLIV,fDSS12,f_CtauRes,lambdaDDS_Bkg,lambdaDF_Bkg1,lambdaDF_Bkg2,lambdaDSS_Bkg1,lambdaDSS_Bkg2,rS21_CtauRes,rS32_CtauRes,s1_CtauRes,zeroMean) ]
     p.d.f value is less than zero (-0.102718), forcing value to zero @ !refCoefNorm=(ctau3D = -0.0725649,ctau3DErr = 0.0190211), !pdfs=(pdfCTAUDSS = 0.12518/1,pdfCTAUDF = 26.7698/1), !coefficients=(fDFSS = 1.00855)
     p.d.f value is less than zero (-0.155055), forcing value to zero @ !refCoefNorm=(ctau3D = -0.0816628,ctau3DErr = 0.0175502), !pdfs=(pdfCTAUDSS = 0.0695289/1,pdfCTAUDF = 26.3266/1), !coefficients=(fDFSS = 1.00855)
     p.d.f value is less than zero (-0.180039), forcing value to zero @ !refCoefNorm=(ctau3D = -0.156697,ctau3DErr = 0.0222582), !pdfs=(pdfCTAUDSS = 0.00985699/1,pdfCTAUDF = 22.2114/1), !coefficients=(fDFSS = 1.00855)
     p.d.f value is less than zero (-0.170086), forcing value to zero @ !refCoefNorm=(ctau3D = -0.20351,ctau3DErr = 0.0194078), !pdfs=(pdfCTAUDSS = 0.000203895/1,pdfCTAUDF = 19.9096/1), !coefficients=(fDFSS = 1.00855)
     p.d.f value is less than zero (-0.163539), forcing value to zero @ !refCoefNorm=(ctau3D = -0.200619,ctau3DErr = 0.02766), !pdfs=(pdfCTAUDSS = 0.00800741/1,pdfCTAUDF = 20.0642/1), !coefficients=(fDFSS = 1.00855)
     p.d.f value is less than zero (-0.150189), forcing value to zero @ !refCoefNorm=(ctau3D = -0.119084,ctau3DErr = 0.024089), !pdfs=(pdfCTAUDSS = 0.0559827/1,pdfCTAUDF = 24.1604/1), !coefficients=(fDFSS = 1.00855)
     p.d.f value is less than zero (-0.100015), forcing value to zero @ !refCoefNorm=(ctau3D = -0.116238,ctau3DErr = 0.0288707), !pdfs=(pdfCTAUDSS = 0.106261/1,pdfCTAUDF = 24.223/1), !coefficients=(fDFSS = 1.00855)
     p.d.f value is less than zero (-0.138985), forcing value to zero @ !refCoefNorm=(ctau3D = -0.290094,ctau3DErr = 0.0195239), !pdfs=(pdfCTAUDSS = 2.20903e-07/1,pdfCTAUDF = 16.2494/1), !coefficients=(fDFSS = 1.00855)
     p.d.f value is less than zero (-0.079332), forcing value to zero @ !refCoefNorm=(ctau3D = -0.0913618,ctau3DErr = 0.0249131), !pdfs=(pdfCTAUDSS = 0.13839/1,pdfCTAUDF = 25.5933/1), !coefficients=(fDFSS = 1.00855)
     p.d.f value is less than zero (-0.014918), forcing value to zero @ !refCoefNorm=(ctau3D = -0.141486,ctau3DErr = 0.0426669), !pdfs=(pdfCTAUDSS = 0.177854/1,pdfCTAUDF = 22.7157/1), !coefficients=(fDFSS = 1.00855)
     p.d.f value is less than zero (-0.165897), forcing value to zero @ !refCoefNorm=(ctau3D = -0.0655219,ctau3DErr = 0.0139299), !pdfs=(pdfCTAUDSS = 0.067387/1,pdfCTAUDF = 27.3416/1), !coefficients=(fDFSS = 1.00855)
     p.d.f value is less than zero (-0.098191), forcing value to zero @ !refCoefNorm=(ctau3D = -0.0737908,ctau3DErr = 0.0195571), !pdfs=(pdfCTAUDSS = 0.128949/1,pdfCTAUDF = 26.6849/1), !coefficients=(fDFSS = 1.00855)
    ... (remaining 26 messages suppressed)

[#0] WARNING:Minization -- RooMinimizerFcn: Minimized function has error status.
Returning maximum FCN so far (1492.27) to force MIGRAD to back out of this region. Error log follows
Parameter values: N_Bkg=889.018, b_Bkg=0.539421, fDF12=0.998794, fDFSS=1.00164, fDLIV=0.762678, fDSS12=0.741982, lambdaDDS_Bkg=0.38056, lambdaDF_Bkg1=0.401146, lambdaDF_Bkg2=0.509971, lambdaDSS_Bkg1=0.59903, lambdaDSS_Bkg2=0.774508
PID1456319/RooRealMPFE::nll_pdfTot_Bkg_dataw_Bkg_5b1210b2e240_MPFE7[ arg=nll_pdfTot_Bkg_dataw_Bkg_GOF7 vars=(N_Bkg,b_Bkg,ctau1_CtauRes,ctau2_CtauRes,ctau3_CtauRes,f2_CtauRes,fDF12,fDFSS,fDLIV,fDSS12,f_CtauRes,lambdaDDS_Bkg,lambdaDF_Bkg1,lambdaDF_Bkg2,lambdaDSS_Bkg1,lambdaDSS_Bkg2,rS21_CtauRes,rS32_CtauRes,s1_CtauRes,zeroMean) ]
     p.d.f value is less than zero (-0.023349), forcing value to zero @ !refCoefNorm=(ctau3D = -0.156697,ctau3DErr = 0.0222582), !pdfs=(pdfCTAUDSS = 0.0143827/1,pdfCTAUDF = 23.0623/1), !coefficients=(fDFSS = 1.00164)
     p.d.f value is less than zero (-0.033312), forcing value to zero @ !refCoefNorm=(ctau3D = -0.20351,ctau3DErr = 0.0194078), !pdfs=(pdfCTAUDSS = 0.000298644/1,pdfCTAUDF = 20.5308/1), !coefficients=(fDFSS = 1.00164)
     p.d.f value is less than zero (-0.022218), forcing value to zero @ !refCoefNorm=(ctau3D = -0.200619,ctau3DErr = 0.02766), !pdfs=(pdfCTAUDSS = 0.0116569/1,pdfCTAUDF = 20.7035/1), !coefficients=(fDFSS = 1.00164)
     p.d.f value is less than zero (-0.027088), forcing value to zero @ !refCoefNorm=(ctau3D = -0.290094,ctau3DErr = 0.0195239), !pdfs=(pdfCTAUDSS = 3.2413e-07/1,pdfCTAUDF = 16.5467/1), !coefficients=(fDFSS = 1.00164)
     p.d.f value is less than zero (-0.031023), forcing value to zero @ !refCoefNorm=(ctau3D = -0.135429,ctau3DErr = 0.0179127), !pdfs=(pdfCTAUDSS = 0.00875362/1,pdfCTAUDF = 24.3057/1), !coefficients=(fDFSS = 1.00164)
     p.d.f value is less than zero (-0.024543), forcing value to zero @ !refCoefNorm=(ctau3D = -0.329815,ctau3DErr = 0.020965), !pdfs=(pdfCTAUDSS = 6.38734e-08/1,pdfCTAUDF = 14.9919/1), !coefficients=(fDFSS = 1.00164)
     p.d.f value is less than zero (-0.005797), forcing value to zero @ !refCoefNorm=(ctau3D = -0.126817,ctau3DErr = 0.0209781), !pdfs=(pdfCTAUDSS = 0.0347536/1,pdfCTAUDF = 24.8041/1), !coefficients=(fDFSS = 1.00164)
     p.d.f value is less than zero (-0.024578), forcing value to zero @ !refCoefNorm=(ctau3D = -0.194089,ctau3DErr = 0.0261244), !pdfs=(pdfCTAUDSS = 0.00984644/1,pdfCTAUDF = 21.0372/1), !coefficients=(fDFSS = 1.00164)
     p.d.f value is less than zero (-0.013557), forcing value to zero @ !refCoefNorm=(ctau3D = -0.568686,ctau3DErr = 0.0275117), !pdfs=(pdfCTAUDSS = 1.26644e-12/1,pdfCTAUDF = 8.28081/1), !coefficients=(fDFSS = 1.00164)
     p.d.f value is less than zero (-0.001127), forcing value to zero @ !refCoefNorm=(ctau3D = -1.57627,ctau3DErr = 0.0702066), !pdfs=(pdfCTAUDSS = 1.2507e-14/1,pdfCTAUDF = 0.688294/1), !coefficients=(fDFSS = 1.00164)
     p.d.f value is less than zero (-0.033420), forcing value to zero @ !refCoefNorm=(ctau3D = -0.196318,ctau3DErr = 0.0202213), !pdfs=(pdfCTAUDSS = 0.00080227/1,pdfCTAUDF = 20.905/1), !coefficients=(fDFSS = 1.00164)
     p.d.f value is less than zero (-0.020794), forcing value to zero @ !refCoefNorm=(ctau3D = -0.168562,ctau3DErr = 0.0243148), !pdfs=(pdfCTAUDSS = 0.0158486/1,pdfCTAUDF = 22.3985/1), !coefficients=(fDFSS = 1.00164)
    ... (remaining 2 messages suppressed)

[#0] WARNING:Minization -- RooMinimizerFcn: Minimized function has error status.
Returning maximum FCN so far (1492.27) to force MIGRAD to back out of this region. Error log follows
Parameter values: N_Bkg=989.174, b_Bkg=0.558745, fDF12=0.949225, fDFSS=1.0095, fDLIV=0.997914, fDSS12=0.909189, lambdaDDS_Bkg=0.361457, lambdaDF_Bkg1=0.34596, lambdaDF_Bkg2=0.509931, lambdaDSS_Bkg1=0.445687, lambdaDSS_Bkg2=0.751826
PID1456319/RooRealMPFE::nll_pdfTot_Bkg_dataw_Bkg_5b1210b2e240_MPFE7[ arg=nll_pdfTot_Bkg_dataw_Bkg_GOF7 vars=(N_Bkg,b_Bkg,ctau1_CtauRes,ctau2_CtauRes,ctau3_CtauRes,f2_CtauRes,fDF12,fDFSS,fDLIV,fDSS12,f_CtauRes,lambdaDDS_Bkg,lambdaDF_Bkg1,lambdaDF_Bkg2,lambdaDSS_Bkg1,lambdaDSS_Bkg2,rS21_CtauRes,rS32_CtauRes,s1_CtauRes,zeroMean) ]
     p.d.f value is less than zero (-0.047470), forcing value to zero @ !refCoefNorm=(ctau3D = -0.0725649,ctau3DErr = 0.0190211), !pdfs=(pdfCTAUDSS = 0.24703/1,pdfCTAUDF = 31.2632/1), !coefficients=(fDFSS = 1.0095)
     p.d.f value is less than zero (-0.151609), forcing value to zero @ !refCoefNorm=(ctau3D = -0.0816628,ctau3DErr = 0.0175502), !pdfs=(pdfCTAUDSS = 0.137697/1,pdfCTAUDF = 30.6069/1), !coefficients=(fDFSS = 1.0095)
     p.d.f value is less than zero (-0.216475), forcing value to zero @ !refCoefNorm=(ctau3D = -0.156697,ctau3DErr = 0.0222582), !pdfs=(pdfCTAUDSS = 0.0195254/1,pdfCTAUDF = 24.8746/1), !coefficients=(fDFSS = 1.0095)
     p.d.f value is less than zero (-0.206307), forcing value to zero @ !refCoefNorm=(ctau3D = -0.20351,ctau3DErr = 0.0194078), !pdfs=(pdfCTAUDSS = 0.000407176/1,pdfCTAUDF = 21.7712/1), !coefficients=(fDFSS = 1.0095)
     p.d.f value is less than zero (-0.192863), forcing value to zero @ !refCoefNorm=(ctau3D = -0.200619,ctau3DErr = 0.02766), !pdfs=(pdfCTAUDSS = 0.0157837/1,pdfCTAUDF = 21.9901/1), !coefficients=(fDFSS = 1.0095)
     p.d.f value is less than zero (-0.150743), forcing value to zero @ !refCoefNorm=(ctau3D = -0.119084,ctau3DErr = 0.024089), !pdfs=(pdfCTAUDSS = 0.110033/1,pdfCTAUDF = 27.5744/1), !coefficients=(fDFSS = 1.0095)
     p.d.f value is less than zero (-0.053973), forcing value to zero @ !refCoefNorm=(ctau3D = -0.116238,ctau3DErr = 0.0288707), !pdfs=(pdfCTAUDSS = 0.206978/1,pdfCTAUDF = 27.6899/1), !coefficients=(fDFSS = 1.0095)
     p.d.f value is less than zero (-0.161524), forcing value to zero @ !refCoefNorm=(ctau3D = -0.290094,ctau3DErr = 0.0195239), !pdfs=(pdfCTAUDSS = 4.42817e-07/1,pdfCTAUDF = 17.0114/1), !coefficients=(fDFSS = 1.0095)
     p.d.f value is less than zero (-0.007743), forcing value to zero @ !refCoefNorm=(ctau3D = -0.0913618,ctau3DErr = 0.0249131), !pdfs=(pdfCTAUDSS = 0.270873/1,pdfCTAUDF = 29.6141/1), !coefficients=(fDFSS = 1.0095)
     p.d.f value is less than zero (-0.168873), forcing value to zero @ !refCoefNorm=(ctau3D = -0.0655219,ctau3DErr = 0.0139299), !pdfs=(pdfCTAUDSS = 0.134108/1,pdfCTAUDF = 32.0434/1), !coefficients=(fDFSS = 1.0095)
     p.d.f value is less than zero (-0.039040), forcing value to zero @ !refCoefNorm=(ctau3D = -0.0737908,ctau3DErr = 0.0195571), !pdfs=(pdfCTAUDSS = 0.25427/1,pdfCTAUDF = 31.1451/1), !coefficients=(fDFSS = 1.0095)
     p.d.f value is less than zero (-0.238742), forcing value to zero @ !refCoefNorm=(ctau3D = -0.135429,ctau3DErr = 0.0179127), !pdfs=(pdfCTAUDSS = 0.0119175/1,pdfCTAUDF = 26.4108/1), !coefficients=(fDFSS = 1.0095)
    ... (remaining 23 messages suppressed)

[#0] WARNING:Minization -- RooMinimizerFcn: Minimized function has error status.
Returning maximum FCN so far (1492.27) to force MIGRAD to back out of this region. Error log follows
Parameter values: N_Bkg=807.633, b_Bkg=0.548407, fDF12=0.999494, fDFSS=1.00068, fDLIV=0.72453, fDSS12=0.951033, lambdaDDS_Bkg=0.377858, lambdaDF_Bkg1=0.392071, lambdaDF_Bkg2=0.509967, lambdaDSS_Bkg1=0.417435, lambdaDSS_Bkg2=0.798099
PID1456318/RooRealMPFE::nll_pdfTot_Bkg_dataw_Bkg_5b1210b2e240_MPFE6[ arg=nll_pdfTot_Bkg_dataw_Bkg_GOF6 vars=(N_Bkg,b_Bkg,ctau1_CtauRes,ctau2_CtauRes,ctau3_CtauRes,f2_CtauRes,fDF12,fDFSS,fDLIV,fDSS12,f_CtauRes,lambdaDDS_Bkg,lambdaDF_Bkg1,lambdaDF_Bkg2,lambdaDSS_Bkg1,lambdaDSS_Bkg2,rS21_CtauRes,rS32_CtauRes,s1_CtauRes,zeroMean) ]
     p.d.f value is less than zero (-0.013770), forcing value to zero @ !refCoefNorm=(ctau3D = -0.20351,ctau3DErr = 0.0194078), !pdfs=(pdfCTAUDSS = 0.00043985/1,pdfCTAUDF = 20.7643/1), !coefficients=(fDFSS = 1.00068)
     p.d.f value is less than zero (-0.011394), forcing value to zero @ !refCoefNorm=(ctau3D = -0.290094,ctau3DErr = 0.0195239), !pdfs=(pdfCTAUDSS = 4.78626e-07/1,pdfCTAUDF = 16.6511/1), !coefficients=(fDFSS = 1.00068)
     p.d.f value is less than zero (-0.004011), forcing value to zero @ !refCoefNorm=(ctau3D = -0.135429,ctau3DErr = 0.0179127), !pdfs=(pdfCTAUDSS = 0.0128685/1,pdfCTAUDF = 24.679/1), !coefficients=(fDFSS = 1.00068)
     p.d.f value is less than zero (-0.010300), forcing value to zero @ !refCoefNorm=(ctau3D = -0.329815,ctau3DErr = 0.020965), !pdfs=(pdfCTAUDSS = 9.43034e-08/1,pdfCTAUDF = 15.052/1), !coefficients=(fDFSS = 1.00068)
     p.d.f value is less than zero (-0.000166), forcing value to zero @ !refCoefNorm=(ctau3D = -0.194089,ctau3DErr = 0.0261244), !pdfs=(pdfCTAUDSS = 0.0143931/1,pdfCTAUDF = 21.2896/1), !coefficients=(fDFSS = 1.00068)
     p.d.f value is less than zero (-0.005612), forcing value to zero @ !refCoefNorm=(ctau3D = -0.568686,ctau3DErr = 0.0275117), !pdfs=(pdfCTAUDSS = 1.86945e-12/1,pdfCTAUDF = 8.20018/1), !coefficients=(fDFSS = 1.00068)
     p.d.f value is less than zero (-0.000440), forcing value to zero @ !refCoefNorm=(ctau3D = -1.57627,ctau3DErr = 0.0702066), !pdfs=(pdfCTAUDSS = 1.82645e-14/1,pdfCTAUDF = 0.643522/1), !coefficients=(fDFSS = 1.00068)
     p.d.f value is less than zero (-0.013294), forcing value to zero @ !refCoefNorm=(ctau3D = -0.196318,ctau3DErr = 0.0202213), !pdfs=(pdfCTAUDSS = 0.0011803/1,pdfCTAUDF = 21.1518/1), !coefficients=(fDFSS = 1.00068)

[#0] WARNING:Minization -- RooMinimizerFcn: Minimized function has error status.
Returning maximum FCN so far (1492.27) to force MIGRAD to back out of this region. Error log follows
Parameter values: N_Bkg=807.633, b_Bkg=0.548407, fDF12=0.999494, fDFSS=1.00005, fDLIV=0.72453, fDSS12=0.951033, lambdaDDS_Bkg=0.377858, lambdaDF_Bkg1=0.392071, lambdaDF_Bkg2=0.509967, lambdaDSS_Bkg1=0.417435, lambdaDSS_Bkg2=0.798099
PID1456318/RooRealMPFE::nll_pdfTot_Bkg_dataw_Bkg_5b1210b2e240_MPFE6[ arg=nll_pdfTot_Bkg_dataw_Bkg_GOF6 vars=(N_Bkg,b_Bkg,ctau1_CtauRes,ctau2_CtauRes,ctau3_CtauRes,f2_CtauRes,fDF12,fDFSS,fDLIV,fDSS12,f_CtauRes,lambdaDDS_Bkg,lambdaDF_Bkg1,lambdaDF_Bkg2,lambdaDSS_Bkg1,lambdaDSS_Bkg2,rS21_CtauRes,rS32_CtauRes,s1_CtauRes,zeroMean) ]
     p.d.f value is less than zero (-0.000648), forcing value to zero @ !refCoefNorm=(ctau3D = -0.20351,ctau3DErr = 0.0194078), !pdfs=(pdfCTAUDSS = 0.00043985/1,pdfCTAUDF = 20.7643/1), !coefficients=(fDFSS = 1.00005)
     p.d.f value is less than zero (-0.000872), forcing value to zero @ !refCoefNorm=(ctau3D = -0.290094,ctau3DErr = 0.0195239), !pdfs=(pdfCTAUDSS = 4.78626e-07/1,pdfCTAUDF = 16.6511/1), !coefficients=(fDFSS = 1.00005)
     p.d.f value is less than zero (-0.000789), forcing value to zero @ !refCoefNorm=(ctau3D = -0.329815,ctau3DErr = 0.020965), !pdfs=(pdfCTAUDSS = 9.43034e-08/1,pdfCTAUDF = 15.052/1), !coefficients=(fDFSS = 1.00005)
     p.d.f value is less than zero (-0.000430), forcing value to zero @ !refCoefNorm=(ctau3D = -0.568686,ctau3DErr = 0.0275117), !pdfs=(pdfCTAUDSS = 1.86945e-12/1,pdfCTAUDF = 8.20018/1), !coefficients=(fDFSS = 1.00005)
     p.d.f value is less than zero (-0.000034), forcing value to zero @ !refCoefNorm=(ctau3D = -1.57627,ctau3DErr = 0.0702066), !pdfs=(pdfCTAUDSS = 1.82645e-14/1,pdfCTAUDF = 0.643522/1), !coefficients=(fDFSS = 1.00005)

[#0] WARNING:Minization -- RooMinimizerFcn: Minimized function has error status.
Returning maximum FCN so far (1492.27) to force MIGRAD to back out of this region. Error log follows
Parameter values: N_Bkg=1228.44, b_Bkg=0.539683, fDF12=0.961741, fDFSS=1.00996, fDLIV=0.976234, fDSS12=0.775342, lambdaDDS_Bkg=0.363575, lambdaDF_Bkg1=0.435995, lambdaDF_Bkg2=0.510001, lambdaDSS_Bkg1=0.112501, lambdaDSS_Bkg2=0.698402
PID1456319/RooRealMPFE::nll_pdfTot_Bkg_dataw_Bkg_5b1210b2e240_MPFE7[ arg=nll_pdfTot_Bkg_dataw_Bkg_GOF7 vars=(N_Bkg,b_Bkg,ctau1_CtauRes,ctau2_CtauRes,ctau3_CtauRes,f2_CtauRes,fDF12,fDFSS,fDLIV,fDSS12,f_CtauRes,lambdaDDS_Bkg,lambdaDF_Bkg1,lambdaDF_Bkg2,lambdaDSS_Bkg1,lambdaDSS_Bkg2,rS21_CtauRes,rS32_CtauRes,s1_CtauRes,zeroMean) ]
     p.d.f value is less than zero (-0.158941), forcing value to zero @ !refCoefNorm=(ctau3D = -0.156697,ctau3DErr = 0.0222582), !pdfs=(pdfCTAUDSS = 0.0576098/1,pdfCTAUDF = 21.8052/1), !coefficients=(fDFSS = 1.00996)
     p.d.f value is less than zero (-0.193953), forcing value to zero @ !refCoefNorm=(ctau3D = -0.20351,ctau3DErr = 0.0194078), !pdfs=(pdfCTAUDSS = 0.0012515/1,pdfCTAUDF = 19.6052/1), !coefficients=(fDFSS = 1.00996)
     p.d.f value is less than zero (-0.150749), forcing value to zero @ !refCoefNorm=(ctau3D = -0.200619,ctau3DErr = 0.02766), !pdfs=(pdfCTAUDSS = 0.0454779/1,pdfCTAUDF = 19.752/1), !coefficients=(fDFSS = 1.00996)
     p.d.f value is less than zero (-0.160226), forcing value to zero @ !refCoefNorm=(ctau3D = -0.290094,ctau3DErr = 0.0195239), !pdfs=(pdfCTAUDSS = 1.38815e-06/1,pdfCTAUDF = 16.0912/1), !coefficients=(fDFSS = 1.00996)
     p.d.f value is less than zero (-0.191364), forcing value to zero @ !refCoefNorm=(ctau3D = -0.135429,ctau3DErr = 0.0179127), !pdfs=(pdfCTAUDSS = 0.0361177/1,pdfCTAUDF = 22.8815/1), !coefficients=(fDFSS = 1.00996)
     p.d.f value is less than zero (-0.146384), forcing value to zero @ !refCoefNorm=(ctau3D = -0.329815,ctau3DErr = 0.020965), !pdfs=(pdfCTAUDSS = 2.73181e-07/1,pdfCTAUDF = 14.701/1), !coefficients=(fDFSS = 1.00996)
     p.d.f value is less than zero (-0.025723), forcing value to zero @ !refCoefNorm=(ctau3D = -0.145775,ctau3DErr = 0.0261977), !pdfs=(pdfCTAUDSS = 0.194549/1,pdfCTAUDF = 22.3159/1), !coefficients=(fDFSS = 1.00996)
     p.d.f value is less than zero (-0.092238), forcing value to zero @ !refCoefNorm=(ctau3D = -0.126817,ctau3DErr = 0.0209781), !pdfs=(pdfCTAUDSS = 0.138464/1,pdfCTAUDF = 23.3073/1), !coefficients=(fDFSS = 1.00996)
     p.d.f value is less than zero (-0.160385), forcing value to zero @ !refCoefNorm=(ctau3D = -0.194089,ctau3DErr = 0.0261244), !pdfs=(pdfCTAUDSS = 0.0388175/1,pdfCTAUDF = 20.0442/1), !coefficients=(fDFSS = 1.00996)
     p.d.f value is less than zero (-0.085017), forcing value to zero @ !refCoefNorm=(ctau3D = -0.568686,ctau3DErr = 0.0275117), !pdfs=(pdfCTAUDSS = 5.40852e-12/1,pdfCTAUDF = 8.53799/1), !coefficients=(fDFSS = 1.00996)
     p.d.f value is less than zero (-0.008731), forcing value to zero @ !refCoefNorm=(ctau3D = -1.57627,ctau3DErr = 0.0702066), !pdfs=(pdfCTAUDSS = 4.899e-14/1,pdfCTAUDF = 0.876832/1), !coefficients=(fDFSS = 1.00996)
     p.d.f value is less than zero (-0.195105), forcing value to zero @ !refCoefNorm=(ctau3D = -0.196318,ctau3DErr = 0.0202213), !pdfs=(pdfCTAUDSS = 0.00333145/1,pdfCTAUDF = 19.9318/1), !coefficients=(fDFSS = 1.00996)
    ... (remaining 4 messages suppressed)

[#0] WARNING:Minization -- RooMinimizerFcn: Minimized function has error status.
Returning maximum FCN so far (1492.27) to force MIGRAD to back out of this region. Error log follows
Parameter values: N_Bkg=826.604, b_Bkg=0.547971, fDF12=0.999026, fDFSS=1.00102, fDLIV=0.742116, fDSS12=0.945027, lambdaDDS_Bkg=0.377142, lambdaDF_Bkg1=0.39425, lambdaDF_Bkg2=0.509968, lambdaDSS_Bkg1=0.399717, lambdaDSS_Bkg2=0.793448
PID1456318/RooRealMPFE::nll_pdfTot_Bkg_dataw_Bkg_5b1210b2e240_MPFE6[ arg=nll_pdfTot_Bkg_dataw_Bkg_GOF6 vars=(N_Bkg,b_Bkg,ctau1_CtauRes,ctau2_CtauRes,ctau3_CtauRes,f2_CtauRes,fDF12,fDFSS,fDLIV,fDSS12,f_CtauRes,lambdaDDS_Bkg,lambdaDF_Bkg1,lambdaDF_Bkg2,lambdaDSS_Bkg1,lambdaDSS_Bkg2,rS21_CtauRes,rS32_CtauRes,s1_CtauRes,zeroMean) ]
     p.d.f value is less than zero (-0.001805), forcing value to zero @ !refCoefNorm=(ctau3D = -0.156697,ctau3DErr = 0.0222582), !pdfs=(pdfCTAUDSS = 0.0218666/1,pdfCTAUDF = 23.3084/1), !coefficients=(fDFSS = 1.00102)
     p.d.f value is less than zero (-0.020592), forcing value to zero @ !refCoefNorm=(ctau3D = -0.20351,ctau3DErr = 0.0194078), !pdfs=(pdfCTAUDSS = 0.000456879/1,pdfCTAUDF = 20.7072/1), !coefficients=(fDFSS = 1.00102)
     p.d.f value is less than zero (-0.003557), forcing value to zero @ !refCoefNorm=(ctau3D = -0.200619,ctau3DErr = 0.02766), !pdfs=(pdfCTAUDSS = 0.0176557/1,pdfCTAUDF = 20.8853/1), !coefficients=(fDFSS = 1.00102)
     p.d.f value is less than zero (-0.016900), forcing value to zero @ !refCoefNorm=(ctau3D = -0.290094,ctau3DErr = 0.0195239), !pdfs=(pdfCTAUDSS = 4.97322e-07/1,pdfCTAUDF = 16.6259/1), !coefficients=(fDFSS = 1.00102)
     p.d.f value is less than zero (-0.011616), forcing value to zero @ !refCoefNorm=(ctau3D = -0.135429,ctau3DErr = 0.0179127), !pdfs=(pdfCTAUDSS = 0.0133635/1,pdfCTAUDF = 24.5872/1), !coefficients=(fDFSS = 1.00102)
     p.d.f value is less than zero (-0.015286), forcing value to zero @ !refCoefNorm=(ctau3D = -0.329815,ctau3DErr = 0.020965), !pdfs=(pdfCTAUDSS = 9.7985e-08/1,pdfCTAUDF = 15.0377/1), !coefficients=(fDFSS = 1.00102)
     p.d.f value is less than zero (-0.006627), forcing value to zero @ !refCoefNorm=(ctau3D = -0.194089,ctau3DErr = 0.0261244), !pdfs=(pdfCTAUDSS = 0.0149359/1,pdfCTAUDF = 21.2278/1), !coefficients=(fDFSS = 1.00102)
     p.d.f value is less than zero (-0.008356), forcing value to zero @ !refCoefNorm=(ctau3D = -0.568686,ctau3DErr = 0.0275117), !pdfs=(pdfCTAUDSS = 1.94239e-12/1,pdfCTAUDF = 8.22037/1), !coefficients=(fDFSS = 1.00102)
     p.d.f value is less than zero (-0.000665), forcing value to zero @ !refCoefNorm=(ctau3D = -1.57627,ctau3DErr = 0.0702066), !pdfs=(pdfCTAUDSS = 1.89511e-14/1,pdfCTAUDF = 0.654395/1), !coefficients=(fDFSS = 1.00102)
     p.d.f value is less than zero (-0.020213), forcing value to zero @ !refCoefNorm=(ctau3D = -0.196318,ctau3DErr = 0.0202213), !pdfs=(pdfCTAUDSS = 0.00122582/1,pdfCTAUDF = 21.0914/1), !coefficients=(fDFSS = 1.00102)

[#0] WARNING:Minization -- RooMinimizerFcn: Minimized function has error status.
Returning maximum FCN so far (1492.27) to force MIGRAD to back out of this region. Error log follows
Parameter values: N_Bkg=808.576, b_Bkg=0.548385, fDF12=0.999474, fDFSS=1.00003, fDLIV=0.725418, fDSS12=0.95074, lambdaDDS_Bkg=0.377823, lambdaDF_Bkg1=0.39218, lambdaDF_Bkg2=0.509967, lambdaDSS_Bkg1=0.416546, lambdaDSS_Bkg2=0.797867
PID1456318/RooRealMPFE::nll_pdfTot_Bkg_dataw_Bkg_5b1210b2e240_MPFE6[ arg=nll_pdfTot_Bkg_dataw_Bkg_GOF6 vars=(N_Bkg,b_Bkg,ctau1_CtauRes,ctau2_CtauRes,ctau3_CtauRes,f2_CtauRes,fDF12,fDFSS,fDLIV,fDSS12,f_CtauRes,lambdaDDS_Bkg,lambdaDF_Bkg1,lambdaDF_Bkg2,lambdaDSS_Bkg1,lambdaDSS_Bkg2,rS21_CtauRes,rS32_CtauRes,s1_CtauRes,zeroMean) ]
     p.d.f value is less than zero (-0.000266), forcing value to zero @ !refCoefNorm=(ctau3D = -0.20351,ctau3DErr = 0.0194078), !pdfs=(pdfCTAUDSS = 0.000440675/1,pdfCTAUDF = 20.7615/1), !coefficients=(fDFSS = 1.00003)
     p.d.f value is less than zero (-0.000566), forcing value to zero @ !refCoefNorm=(ctau3D = -0.290094,ctau3DErr = 0.0195239), !pdfs=(pdfCTAUDSS = 4.79532e-07/1,pdfCTAUDF = 16.6498/1), !coefficients=(fDFSS = 1.00003)
     p.d.f value is less than zero (-0.000512), forcing value to zero @ !refCoefNorm=(ctau3D = -0.329815,ctau3DErr = 0.020965), !pdfs=(pdfCTAUDSS = 9.44817e-08/1,pdfCTAUDF = 15.0513/1), !coefficients=(fDFSS = 1.00003)
     p.d.f value is less than zero (-0.000279), forcing value to zero @ !refCoefNorm=(ctau3D = -0.568686,ctau3DErr = 0.0275117), !pdfs=(pdfCTAUDSS = 1.87298e-12/1,pdfCTAUDF = 8.20119/1), !coefficients=(fDFSS = 1.00003)
     p.d.f value is less than zero (-0.000022), forcing value to zero @ !refCoefNorm=(ctau3D = -1.57627,ctau3DErr = 0.0702066), !pdfs=(pdfCTAUDSS = 1.82978e-14/1,pdfCTAUDF = 0.644063/1), !coefficients=(fDFSS = 1.00003)

[#0] WARNING:Minization -- RooMinimizerFcn: Minimized function has error status.
Returning maximum FCN so far (1492.27) to force MIGRAD to back out of this region. Error log follows
Parameter values: N_Bkg=807.68, b_Bkg=0.548406, fDF12=0.999493, fDFSS=1.00006, fDLIV=0.724575, fDSS12=0.951018, lambdaDDS_Bkg=0.377857, lambdaDF_Bkg1=0.392076, lambdaDF_Bkg2=0.509967, lambdaDSS_Bkg1=0.41739, lambdaDSS_Bkg2=0.798087
PID1456318/RooRealMPFE::nll_pdfTot_Bkg_dataw_Bkg_5b1210b2e240_MPFE6[ arg=nll_pdfTot_Bkg_dataw_Bkg_GOF6 vars=(N_Bkg,b_Bkg,ctau1_CtauRes,ctau2_CtauRes,ctau3_CtauRes,f2_CtauRes,fDF12,fDFSS,fDLIV,fDSS12,f_CtauRes,lambdaDDS_Bkg,lambdaDF_Bkg1,lambdaDF_Bkg2,lambdaDSS_Bkg1,lambdaDSS_Bkg2,rS21_CtauRes,rS32_CtauRes,s1_CtauRes,zeroMean) ]
     p.d.f value is less than zero (-0.000703), forcing value to zero @ !refCoefNorm=(ctau3D = -0.20351,ctau3DErr = 0.0194078), !pdfs=(pdfCTAUDSS = 0.000439892/1,pdfCTAUDF = 20.7642/1), !coefficients=(fDFSS = 1.00006)
     p.d.f value is less than zero (-0.000916), forcing value to zero @ !refCoefNorm=(ctau3D = -0.290094,ctau3DErr = 0.0195239), !pdfs=(pdfCTAUDSS = 4.78672e-07/1,pdfCTAUDF = 16.651/1), !coefficients=(fDFSS = 1.00006)
     p.d.f value is less than zero (-0.000829), forcing value to zero @ !refCoefNorm=(ctau3D = -0.329815,ctau3DErr = 0.020965), !pdfs=(pdfCTAUDSS = 9.43123e-08/1,pdfCTAUDF = 15.0519/1), !coefficients=(fDFSS = 1.00006)
     p.d.f value is less than zero (-0.000452), forcing value to zero @ !refCoefNorm=(ctau3D = -0.568686,ctau3DErr = 0.0275117), !pdfs=(pdfCTAUDSS = 1.86963e-12/1,pdfCTAUDF = 8.20023/1), !coefficients=(fDFSS = 1.00006)
     p.d.f value is less than zero (-0.000035), forcing value to zero @ !refCoefNorm=(ctau3D = -1.57627,ctau3DErr = 0.0702066), !pdfs=(pdfCTAUDSS = 1.82662e-14/1,pdfCTAUDF = 0.643549/1), !coefficients=(fDFSS = 1.00006)

[#0] WARNING:Minization -- RooMinimizerFcn: Minimized function has error status.
Returning maximum FCN so far (1492.27) to force MIGRAD to back out of this region. Error log follows
Parameter values: N_Bkg=807.68, b_Bkg=0.548406, fDF12=0.999493, fDFSS=1.00006, fDLIV=0.724575, fDSS12=0.951018, lambdaDDS_Bkg=0.377857, lambdaDF_Bkg1=0.392076, lambdaDF_Bkg2=0.509967, lambdaDSS_Bkg1=0.41739, lambdaDSS_Bkg2=0.798087
PID1456318/RooRealMPFE::nll_pdfTot_Bkg_dataw_Bkg_5b1210b2e240_MPFE6[ arg=nll_pdfTot_Bkg_dataw_Bkg_GOF6 vars=(N_Bkg,b_Bkg,ctau1_CtauRes,ctau2_CtauRes,ctau3_CtauRes,f2_CtauRes,fDF12,fDFSS,fDLIV,fDSS12,f_CtauRes,lambdaDDS_Bkg,lambdaDF_Bkg1,lambdaDF_Bkg2,lambdaDSS_Bkg1,lambdaDSS_Bkg2,rS21_CtauRes,rS32_CtauRes,s1_CtauRes,zeroMean) ]
     p.d.f value is less than zero (-0.000703), forcing value to zero @ !refCoefNorm=(ctau3D = -0.20351,ctau3DErr = 0.0194078), !pdfs=(pdfCTAUDSS = 0.000439892/1,pdfCTAUDF = 20.7642/1), !coefficients=(fDFSS = 1.00006)
     p.d.f value is less than zero (-0.000916), forcing value to zero @ !refCoefNorm=(ctau3D = -0.290094,ctau3DErr = 0.0195239), !pdfs=(pdfCTAUDSS = 4.78672e-07/1,pdfCTAUDF = 16.651/1), !coefficients=(fDFSS = 1.00006)
     p.d.f value is less than zero (-0.000829), forcing value to zero @ !refCoefNorm=(ctau3D = -0.329815,ctau3DErr = 0.020965), !pdfs=(pdfCTAUDSS = 9.43123e-08/1,pdfCTAUDF = 15.0519/1), !coefficients=(fDFSS = 1.00006)
     p.d.f value is less than zero (-0.000452), forcing value to zero @ !refCoefNorm=(ctau3D = -0.568686,ctau3DErr = 0.0275117), !pdfs=(pdfCTAUDSS = 1.86963e-12/1,pdfCTAUDF = 8.20023/1), !coefficients=(fDFSS = 1.00006)
     p.d.f value is less than zero (-0.000035), forcing value to zero @ !refCoefNorm=(ctau3D = -1.57627,ctau3DErr = 0.0702066), !pdfs=(pdfCTAUDSS = 1.82662e-14/1,pdfCTAUDF = 0.643549/1), !coefficients=(fDFSS = 1.00006)

[#0] WARNING:Minization -- RooMinimizerFcn: Minimized function has error status.
Returning maximum FCN so far (1492.27) to force MIGRAD to back out of this region. Error log follows
Parameter values: N_Bkg=990.885, b_Bkg=0.544378, fDF12=0.989543, fDFSS=1.00005, fDLIV=0.866483, fDSS12=0.889382, lambdaDDS_Bkg=0.371383, lambdaDF_Bkg1=0.412255, lambdaDF_Bkg2=0.509982, lambdaDSS_Bkg1=0.268545, lambdaDSS_Bkg2=0.753168
PID1456318/RooRealMPFE::nll_pdfTot_Bkg_dataw_Bkg_5b1210b2e240_MPFE6[ arg=nll_pdfTot_Bkg_dataw_Bkg_GOF6 vars=(N_Bkg,b_Bkg,ctau1_CtauRes,ctau2_CtauRes,ctau3_CtauRes,f2_CtauRes,fDF12,fDFSS,fDLIV,fDSS12,f_CtauRes,lambdaDDS_Bkg,lambdaDF_Bkg1,lambdaDF_Bkg2,lambdaDSS_Bkg1,lambdaDSS_Bkg2,rS21_CtauRes,rS32_CtauRes,s1_CtauRes,zeroMean) ]
     p.d.f value is less than zero (-0.000450), forcing value to zero @ !refCoefNorm=(ctau3D = -0.20351,ctau3DErr = 0.0194078), !pdfs=(pdfCTAUDSS = 0.000639389/1,pdfCTAUDF = 20.23/1), !coefficients=(fDFSS = 1.00005)
     p.d.f value is less than zero (-0.000883), forcing value to zero @ !refCoefNorm=(ctau3D = -0.290094,ctau3DErr = 0.0195239), !pdfs=(pdfCTAUDSS = 6.98613e-07/1,pdfCTAUDF = 16.4048/1), !coefficients=(fDFSS = 1.00005)
     p.d.f value is less than zero (-0.000802), forcing value to zero @ !refCoefNorm=(ctau3D = -0.329815,ctau3DErr = 0.020965), !pdfs=(pdfCTAUDSS = 1.37612e-07/1,pdfCTAUDF = 14.9051/1), !coefficients=(fDFSS = 1.00005)
     p.d.f value is less than zero (-0.000451), forcing value to zero @ !refCoefNorm=(ctau3D = -0.568686,ctau3DErr = 0.0275117), !pdfs=(pdfCTAUDSS = 2.72722e-12/1,pdfCTAUDF = 8.37359/1), !coefficients=(fDFSS = 1.00005)
     p.d.f value is less than zero (-0.000040), forcing value to zero @ !refCoefNorm=(ctau3D = -1.57627,ctau3DErr = 0.0702066), !pdfs=(pdfCTAUDSS = 2.62027e-14/1,pdfCTAUDF = 0.747914/1), !coefficients=(fDFSS = 1.00005)

[#0] WARNING:Minization -- RooMinimizerFcn: Minimized function has error status.
Returning maximum FCN so far (1492.27) to force MIGRAD to back out of this region. Error log follows
Parameter values: N_Bkg=1135, b_Bkg=0.526485, fDF12=0.999774, fDFSS=1.00005, fDLIV=0.771484, fDSS12=0.938625, lambdaDDS_Bkg=0.343024, lambdaDF_Bkg1=0.396352, lambdaDF_Bkg2=0.509951, lambdaDSS_Bkg1=0.471659, lambdaDSS_Bkg2=0.752698
PID1456318/RooRealMPFE::nll_pdfTot_Bkg_dataw_Bkg_5b1210b2e240_MPFE6[ arg=nll_pdfTot_Bkg_dataw_Bkg_GOF6 vars=(N_Bkg,b_Bkg,ctau1_CtauRes,ctau2_CtauRes,ctau3_CtauRes,f2_CtauRes,fDF12,fDFSS,fDLIV,fDSS12,f_CtauRes,lambdaDDS_Bkg,lambdaDF_Bkg1,lambdaDF_Bkg2,lambdaDSS_Bkg1,lambdaDSS_Bkg2,rS21_CtauRes,rS32_CtauRes,s1_CtauRes,zeroMean) ]
     p.d.f value is less than zero (-0.000711), forcing value to zero @ !refCoefNorm=(ctau3D = -0.20351,ctau3DErr = 0.0194078), !pdfs=(pdfCTAUDSS = 0.00039092/1,pdfCTAUDF = 20.6555/1), !coefficients=(fDFSS = 1.00005)
     p.d.f value is less than zero (-0.000885), forcing value to zero @ !refCoefNorm=(ctau3D = -0.290094,ctau3DErr = 0.0195239), !pdfs=(pdfCTAUDSS = 4.24991e-07/1,pdfCTAUDF = 16.6031/1), !coefficients=(fDFSS = 1.00005)
     p.d.f value is less than zero (-0.000801), forcing value to zero @ !refCoefNorm=(ctau3D = -0.329815,ctau3DErr = 0.020965), !pdfs=(pdfCTAUDSS = 8.37405e-08/1,pdfCTAUDF = 15.0248/1), !coefficients=(fDFSS = 1.00005)
     p.d.f value is less than zero (-0.000439), forcing value to zero @ !refCoefNorm=(ctau3D = -0.568686,ctau3DErr = 0.0275117), !pdfs=(pdfCTAUDSS = 1.66016e-12/1,pdfCTAUDF = 8.23877/1), !coefficients=(fDFSS = 1.00005)
     p.d.f value is less than zero (-0.000035), forcing value to zero @ !refCoefNorm=(ctau3D = -1.57627,ctau3DErr = 0.0702066), !pdfs=(pdfCTAUDSS = 1.62815e-14/1,pdfCTAUDF = 0.664222/1), !coefficients=(fDFSS = 1.00005)
     p.d.f value is less than zero (-0.000072), forcing value to zero @ !refCoefNorm=(ctau3D = -0.196318,ctau3DErr = 0.0202213), !pdfs=(pdfCTAUDSS = 0.00104941/1,pdfCTAUDF = 21.0367/1), !coefficients=(fDFSS = 1.00005)

[#0] WARNING:Minization -- RooMinimizerFcn: Minimized function has error status.
Returning maximum FCN so far (1492.27) to force MIGRAD to back out of this region. Error log follows
Parameter values: N_Bkg=1135, b_Bkg=0.526485, fDF12=0.999774, fDFSS=1.00005, fDLIV=0.771484, fDSS12=0.938625, lambdaDDS_Bkg=0.343024, lambdaDF_Bkg1=0.396352, lambdaDF_Bkg2=0.509951, lambdaDSS_Bkg1=0.471659, lambdaDSS_Bkg2=0.752698
PID1456318/RooRealMPFE::nll_pdfTot_Bkg_dataw_Bkg_5b1210b2e240_MPFE6[ arg=nll_pdfTot_Bkg_dataw_Bkg_GOF6 vars=(N_Bkg,b_Bkg,ctau1_CtauRes,ctau2_CtauRes,ctau3_CtauRes,f2_CtauRes,fDF12,fDFSS,fDLIV,fDSS12,f_CtauRes,lambdaDDS_Bkg,lambdaDF_Bkg1,lambdaDF_Bkg2,lambdaDSS_Bkg1,lambdaDSS_Bkg2,rS21_CtauRes,rS32_CtauRes,s1_CtauRes,zeroMean) ]
     p.d.f value is less than zero (-0.000711), forcing value to zero @ !refCoefNorm=(ctau3D = -0.20351,ctau3DErr = 0.0194078), !pdfs=(pdfCTAUDSS = 0.00039092/1,pdfCTAUDF = 20.6555/1), !coefficients=(fDFSS = 1.00005)
     p.d.f value is less than zero (-0.000885), forcing value to zero @ !refCoefNorm=(ctau3D = -0.290094,ctau3DErr = 0.0195239), !pdfs=(pdfCTAUDSS = 4.24991e-07/1,pdfCTAUDF = 16.6031/1), !coefficients=(fDFSS = 1.00005)
     p.d.f value is less than zero (-0.000801), forcing value to zero @ !refCoefNorm=(ctau3D = -0.329815,ctau3DErr = 0.020965), !pdfs=(pdfCTAUDSS = 8.37405e-08/1,pdfCTAUDF = 15.0248/1), !coefficients=(fDFSS = 1.00005)
     p.d.f value is less than zero (-0.000439), forcing value to zero @ !refCoefNorm=(ctau3D = -0.568686,ctau3DErr = 0.0275117), !pdfs=(pdfCTAUDSS = 1.66016e-12/1,pdfCTAUDF = 8.23877/1), !coefficients=(fDFSS = 1.00005)
     p.d.f value is less than zero (-0.000035), forcing value to zero @ !refCoefNorm=(ctau3D = -1.57627,ctau3DErr = 0.0702066), !pdfs=(pdfCTAUDSS = 1.62815e-14/1,pdfCTAUDF = 0.664222/1), !coefficients=(fDFSS = 1.00005)
     p.d.f value is less than zero (-0.000072), forcing value to zero @ !refCoefNorm=(ctau3D = -0.196318,ctau3DErr = 0.0202213), !pdfs=(pdfCTAUDSS = 0.00104941/1,pdfCTAUDF = 21.0367/1), !coefficients=(fDFSS = 1.00005)

[#0] WARNING:Minization -- RooMinimizerFcn: Minimized function has error status.
Returning maximum FCN so far (1492.27) to force MIGRAD to back out of this region. Error log follows
Parameter values: N_Bkg=1135, b_Bkg=0.526485, fDF12=0.999774, fDFSS=1.00005, fDLIV=0.771484, fDSS12=0.938625, lambdaDDS_Bkg=0.343024, lambdaDF_Bkg1=0.396352, lambdaDF_Bkg2=0.509951, lambdaDSS_Bkg1=0.471659, lambdaDSS_Bkg2=0.752698
PID1456318/RooRealMPFE::nll_pdfTot_Bkg_dataw_Bkg_5b1210b2e240_MPFE6[ arg=nll_pdfTot_Bkg_dataw_Bkg_GOF6 vars=(N_Bkg,b_Bkg,ctau1_CtauRes,ctau2_CtauRes,ctau3_CtauRes,f2_CtauRes,fDF12,fDFSS,fDLIV,fDSS12,f_CtauRes,lambdaDDS_Bkg,lambdaDF_Bkg1,lambdaDF_Bkg2,lambdaDSS_Bkg1,lambdaDSS_Bkg2,rS21_CtauRes,rS32_CtauRes,s1_CtauRes,zeroMean) ]
     p.d.f value is less than zero (-0.000711), forcing value to zero @ !refCoefNorm=(ctau3D = -0.20351,ctau3DErr = 0.0194078), !pdfs=(pdfCTAUDSS = 0.00039092/1,pdfCTAUDF = 20.6555/1), !coefficients=(fDFSS = 1.00005)
     p.d.f value is less than zero (-0.000885), forcing value to zero @ !refCoefNorm=(ctau3D = -0.290094,ctau3DErr = 0.0195239), !pdfs=(pdfCTAUDSS = 4.24991e-07/1,pdfCTAUDF = 16.6031/1), !coefficients=(fDFSS = 1.00005)
     p.d.f value is less than zero (-0.000801), forcing value to zero @ !refCoefNorm=(ctau3D = -0.329815,ctau3DErr = 0.020965), !pdfs=(pdfCTAUDSS = 8.37405e-08/1,pdfCTAUDF = 15.0248/1), !coefficients=(fDFSS = 1.00005)
     p.d.f value is less than zero (-0.000439), forcing value to zero @ !refCoefNorm=(ctau3D = -0.568686,ctau3DErr = 0.0275117), !pdfs=(pdfCTAUDSS = 1.66016e-12/1,pdfCTAUDF = 8.23877/1), !coefficients=(fDFSS = 1.00005)
     p.d.f value is less than zero (-0.000035), forcing value to zero @ !refCoefNorm=(ctau3D = -1.57627,ctau3DErr = 0.0702066), !pdfs=(pdfCTAUDSS = 1.62815e-14/1,pdfCTAUDF = 0.664222/1), !coefficients=(fDFSS = 1.00005)
     p.d.f value is less than zero (-0.000072), forcing value to zero @ !refCoefNorm=(ctau3D = -0.196318,ctau3DErr = 0.0202213), !pdfs=(pdfCTAUDSS = 0.00104941/1,pdfCTAUDF = 21.0367/1), !coefficients=(fDFSS = 1.00005)

[#0] WARNING:Minization -- RooMinimizerFcn: Minimized function has error status.
Returning maximum FCN so far (1492.27) to force MIGRAD to back out of this region. Error log follows
Parameter values: N_Bkg=1137.27, b_Bkg=0.526485, fDF12=0.999774, fDFSS=1.00005, fDLIV=0.771484, fDSS12=0.938625, lambdaDDS_Bkg=0.343024, lambdaDF_Bkg1=0.396352, lambdaDF_Bkg2=0.509951, lambdaDSS_Bkg1=0.471659, lambdaDSS_Bkg2=0.752698
PID1456318/RooRealMPFE::nll_pdfTot_Bkg_dataw_Bkg_5b1210b2e240_MPFE6[ arg=nll_pdfTot_Bkg_dataw_Bkg_GOF6 vars=(N_Bkg,b_Bkg,ctau1_CtauRes,ctau2_CtauRes,ctau3_CtauRes,f2_CtauRes,fDF12,fDFSS,fDLIV,fDSS12,f_CtauRes,lambdaDDS_Bkg,lambdaDF_Bkg1,lambdaDF_Bkg2,lambdaDSS_Bkg1,lambdaDSS_Bkg2,rS21_CtauRes,rS32_CtauRes,s1_CtauRes,zeroMean) ]
     p.d.f value is less than zero (-0.000711), forcing value to zero @ !refCoefNorm=(ctau3D = -0.20351,ctau3DErr = 0.0194078), !pdfs=(pdfCTAUDSS = 0.00039092/1,pdfCTAUDF = 20.6555/1), !coefficients=(fDFSS = 1.00005)
     p.d.f value is less than zero (-0.000885), forcing value to zero @ !refCoefNorm=(ctau3D = -0.290094,ctau3DErr = 0.0195239), !pdfs=(pdfCTAUDSS = 4.24991e-07/1,pdfCTAUDF = 16.6031/1), !coefficients=(fDFSS = 1.00005)
     p.d.f value is less than zero (-0.000801), forcing value to zero @ !refCoefNorm=(ctau3D = -0.329815,ctau3DErr = 0.020965), !pdfs=(pdfCTAUDSS = 8.37405e-08/1,pdfCTAUDF = 15.0248/1), !coefficients=(fDFSS = 1.00005)
     p.d.f value is less than zero (-0.000439), forcing value to zero @ !refCoefNorm=(ctau3D = -0.568686,ctau3DErr = 0.0275117), !pdfs=(pdfCTAUDSS = 1.66016e-12/1,pdfCTAUDF = 8.23877/1), !coefficients=(fDFSS = 1.00005)
     p.d.f value is less than zero (-0.000035), forcing value to zero @ !refCoefNorm=(ctau3D = -1.57627,ctau3DErr = 0.0702066), !pdfs=(pdfCTAUDSS = 1.62815e-14/1,pdfCTAUDF = 0.664222/1), !coefficients=(fDFSS = 1.00005)
     p.d.f value is less than zero (-0.000072), forcing value to zero @ !refCoefNorm=(ctau3D = -0.196318,ctau3DErr = 0.0202213), !pdfs=(pdfCTAUDSS = 0.00104941/1,pdfCTAUDF = 21.0367/1), !coefficients=(fDFSS = 1.00005)

[#0] WARNING:Minization -- RooMinimizerFcn: Minimized function has error status.
Returning maximum FCN so far (1492.27) to force MIGRAD to back out of this region. Error log follows
Parameter values: N_Bkg=1135, b_Bkg=0.527782, fDF12=0.999774, fDFSS=1.00005, fDLIV=0.771484, fDSS12=0.938625, lambdaDDS_Bkg=0.343024, lambdaDF_Bkg1=0.396352, lambdaDF_Bkg2=0.509951, lambdaDSS_Bkg1=0.471659, lambdaDSS_Bkg2=0.752698
PID1456318/RooRealMPFE::nll_pdfTot_Bkg_dataw_Bkg_5b1210b2e240_MPFE6[ arg=nll_pdfTot_Bkg_dataw_Bkg_GOF6 vars=(N_Bkg,b_Bkg,ctau1_CtauRes,ctau2_CtauRes,ctau3_CtauRes,f2_CtauRes,fDF12,fDFSS,fDLIV,fDSS12,f_CtauRes,lambdaDDS_Bkg,lambdaDF_Bkg1,lambdaDF_Bkg2,lambdaDSS_Bkg1,lambdaDSS_Bkg2,rS21_CtauRes,rS32_CtauRes,s1_CtauRes,zeroMean) ]
     p.d.f value is less than zero (-0.000711), forcing value to zero @ !refCoefNorm=(ctau3D = -0.20351,ctau3DErr = 0.0194078), !pdfs=(pdfCTAUDSS = 0.00039092/1,pdfCTAUDF = 20.6555/1), !coefficients=(fDFSS = 1.00005)
     p.d.f value is less than zero (-0.000885), forcing value to zero @ !refCoefNorm=(ctau3D = -0.290094,ctau3DErr = 0.0195239), !pdfs=(pdfCTAUDSS = 4.24991e-07/1,pdfCTAUDF = 16.6031/1), !coefficients=(fDFSS = 1.00005)
     p.d.f value is less than zero (-0.000801), forcing value to zero @ !refCoefNorm=(ctau3D = -0.329815,ctau3DErr = 0.020965), !pdfs=(pdfCTAUDSS = 8.37405e-08/1,pdfCTAUDF = 15.0248/1), !coefficients=(fDFSS = 1.00005)
     p.d.f value is less than zero (-0.000439), forcing value to zero @ !refCoefNorm=(ctau3D = -0.568686,ctau3DErr = 0.0275117), !pdfs=(pdfCTAUDSS = 1.66016e-12/1,pdfCTAUDF = 8.23877/1), !coefficients=(fDFSS = 1.00005)
     p.d.f value is less than zero (-0.000035), forcing value to zero @ !refCoefNorm=(ctau3D = -1.57627,ctau3DErr = 0.0702066), !pdfs=(pdfCTAUDSS = 1.62815e-14/1,pdfCTAUDF = 0.664222/1), !coefficients=(fDFSS = 1.00005)
     p.d.f value is less than zero (-0.000072), forcing value to zero @ !refCoefNorm=(ctau3D = -0.196318,ctau3DErr = 0.0202213), !pdfs=(pdfCTAUDSS = 0.00104941/1,pdfCTAUDF = 21.0367/1), !coefficients=(fDFSS = 1.00005)

[#0] WARNING:Minization -- RooMinimizerFcn: Minimized function has error status.
Returning maximum FCN so far (1492.27) to force MIGRAD to back out of this region. Error log follows
Parameter values: N_Bkg=1135, b_Bkg=0.526485, fDF12=0.945802, fDFSS=1.00005, fDLIV=0.771484, fDSS12=0.938625, lambdaDDS_Bkg=0.343024, lambdaDF_Bkg1=0.396352, lambdaDF_Bkg2=0.509951, lambdaDSS_Bkg1=0.471659, lambdaDSS_Bkg2=0.752698
PID1456318/RooRealMPFE::nll_pdfTot_Bkg_dataw_Bkg_5b1210b2e240_MPFE6[ arg=nll_pdfTot_Bkg_dataw_Bkg_GOF6 vars=(N_Bkg,b_Bkg,ctau1_CtauRes,ctau2_CtauRes,ctau3_CtauRes,f2_CtauRes,fDF12,fDFSS,fDLIV,fDSS12,f_CtauRes,lambdaDDS_Bkg,lambdaDF_Bkg1,lambdaDF_Bkg2,lambdaDSS_Bkg1,lambdaDSS_Bkg2,rS21_CtauRes,rS32_CtauRes,s1_CtauRes,zeroMean) ]
     p.d.f value is less than zero (-0.000703), forcing value to zero @ !refCoefNorm=(ctau3D = -0.20351,ctau3DErr = 0.0194078), !pdfs=(pdfCTAUDSS = 0.00039092/1,pdfCTAUDF = 20.5117/1), !coefficients=(fDFSS = 1.00005)
     p.d.f value is less than zero (-0.000881), forcing value to zero @ !refCoefNorm=(ctau3D = -0.290094,ctau3DErr = 0.0195239), !pdfs=(pdfCTAUDSS = 4.24991e-07/1,pdfCTAUDF = 16.5264/1), !coefficients=(fDFSS = 1.00005)
     p.d.f value is less than zero (-0.000798), forcing value to zero @ !refCoefNorm=(ctau3D = -0.329815,ctau3DErr = 0.020965), !pdfs=(pdfCTAUDSS = 8.37405e-08/1,pdfCTAUDF = 14.9721/1), !coefficients=(fDFSS = 1.00005)
     p.d.f value is less than zero (-0.000441), forcing value to zero @ !refCoefNorm=(ctau3D = -0.568686,ctau3DErr = 0.0275117), !pdfs=(pdfCTAUDSS = 1.66016e-12/1,pdfCTAUDF = 8.26924/1), !coefficients=(fDFSS = 1.00005)
     p.d.f value is less than zero (-0.000037), forcing value to zero @ !refCoefNorm=(ctau3D = -1.57627,ctau3DErr = 0.0702066), !pdfs=(pdfCTAUDSS = 1.62815e-14/1,pdfCTAUDF = 0.695204/1), !coefficients=(fDFSS = 1.00005)
     p.d.f value is less than zero (-0.000064), forcing value to zero @ !refCoefNorm=(ctau3D = -0.196318,ctau3DErr = 0.0202213), !pdfs=(pdfCTAUDSS = 0.00104941/1,pdfCTAUDF = 20.8861/1), !coefficients=(fDFSS = 1.00005)

[#0] WARNING:Minization -- RooMinimizerFcn: Minimized function has error status.
Returning maximum FCN so far (1492.27) to force MIGRAD to back out of this region. Error log follows
Parameter values: N_Bkg=1135, b_Bkg=0.526485, fDF12=0.999774, fDFSS=1.00005, fDLIV=0.769141, fDSS12=0.938625, lambdaDDS_Bkg=0.343024, lambdaDF_Bkg1=0.396352, lambdaDF_Bkg2=0.509951, lambdaDSS_Bkg1=0.471659, lambdaDSS_Bkg2=0.752698
PID1456318/RooRealMPFE::nll_pdfTot_Bkg_dataw_Bkg_5b1210b2e240_MPFE6[ arg=nll_pdfTot_Bkg_dataw_Bkg_GOF6 vars=(N_Bkg,b_Bkg,ctau1_CtauRes,ctau2_CtauRes,ctau3_CtauRes,f2_CtauRes,fDF12,fDFSS,fDLIV,fDSS12,f_CtauRes,lambdaDDS_Bkg,lambdaDF_Bkg1,lambdaDF_Bkg2,lambdaDSS_Bkg1,lambdaDSS_Bkg2,rS21_CtauRes,rS32_CtauRes,s1_CtauRes,zeroMean) ]
     p.d.f value is less than zero (-0.000711), forcing value to zero @ !refCoefNorm=(ctau3D = -0.20351,ctau3DErr = 0.0194078), !pdfs=(pdfCTAUDSS = 0.00039092/1,pdfCTAUDF = 20.6555/1), !coefficients=(fDFSS = 1.00005)
     p.d.f value is less than zero (-0.000885), forcing value to zero @ !refCoefNorm=(ctau3D = -0.290094,ctau3DErr = 0.0195239), !pdfs=(pdfCTAUDSS = 4.24991e-07/1,pdfCTAUDF = 16.6031/1), !coefficients=(fDFSS = 1.00005)
     p.d.f value is less than zero (-0.000801), forcing value to zero @ !refCoefNorm=(ctau3D = -0.329815,ctau3DErr = 0.020965), !pdfs=(pdfCTAUDSS = 8.37405e-08/1,pdfCTAUDF = 15.0248/1), !coefficients=(fDFSS = 1.00005)
     p.d.f value is less than zero (-0.000439), forcing value to zero @ !refCoefNorm=(ctau3D = -0.568686,ctau3DErr = 0.0275117), !pdfs=(pdfCTAUDSS = 1.66016e-12/1,pdfCTAUDF = 8.23877/1), !coefficients=(fDFSS = 1.00005)
     p.d.f value is less than zero (-0.000035), forcing value to zero @ !refCoefNorm=(ctau3D = -1.57627,ctau3DErr = 0.0702066), !pdfs=(pdfCTAUDSS = 1.62815e-14/1,pdfCTAUDF = 0.664222/1), !coefficients=(fDFSS = 1.00005)
     p.d.f value is less than zero (-0.000072), forcing value to zero @ !refCoefNorm=(ctau3D = -0.196318,ctau3DErr = 0.0202213), !pdfs=(pdfCTAUDSS = 0.00104941/1,pdfCTAUDF = 21.0367/1), !coefficients=(fDFSS = 1.00005)

[#0] WARNING:Minization -- RooMinimizerFcn: Minimized function has error status.
Returning maximum FCN so far (1492.27) to force MIGRAD to back out of this region. Error log follows
Parameter values: N_Bkg=1135, b_Bkg=0.526485, fDF12=0.999774, fDFSS=1.00005, fDLIV=0.771484, fDSS12=0.934822, lambdaDDS_Bkg=0.343024, lambdaDF_Bkg1=0.396352, lambdaDF_Bkg2=0.509951, lambdaDSS_Bkg1=0.471659, lambdaDSS_Bkg2=0.752698
PID1456318/RooRealMPFE::nll_pdfTot_Bkg_dataw_Bkg_5b1210b2e240_MPFE6[ arg=nll_pdfTot_Bkg_dataw_Bkg_GOF6 vars=(N_Bkg,b_Bkg,ctau1_CtauRes,ctau2_CtauRes,ctau3_CtauRes,f2_CtauRes,fDF12,fDFSS,fDLIV,fDSS12,f_CtauRes,lambdaDDS_Bkg,lambdaDF_Bkg1,lambdaDF_Bkg2,lambdaDSS_Bkg1,lambdaDSS_Bkg2,rS21_CtauRes,rS32_CtauRes,s1_CtauRes,zeroMean) ]
     p.d.f value is less than zero (-0.000711), forcing value to zero @ !refCoefNorm=(ctau3D = -0.20351,ctau3DErr = 0.0194078), !pdfs=(pdfCTAUDSS = 0.000390362/1,pdfCTAUDF = 20.6555/1), !coefficients=(fDFSS = 1.00005)
     p.d.f value is less than zero (-0.000885), forcing value to zero @ !refCoefNorm=(ctau3D = -0.290094,ctau3DErr = 0.0195239), !pdfs=(pdfCTAUDSS = 4.24382e-07/1,pdfCTAUDF = 16.6031/1), !coefficients=(fDFSS = 1.00005)
     p.d.f value is less than zero (-0.000801), forcing value to zero @ !refCoefNorm=(ctau3D = -0.329815,ctau3DErr = 0.020965), !pdfs=(pdfCTAUDSS = 8.36206e-08/1,pdfCTAUDF = 15.0248/1), !coefficients=(fDFSS = 1.00005)
     p.d.f value is less than zero (-0.000439), forcing value to zero @ !refCoefNorm=(ctau3D = -0.568686,ctau3DErr = 0.0275117), !pdfs=(pdfCTAUDSS = 1.65778e-12/1,pdfCTAUDF = 8.23877/1), !coefficients=(fDFSS = 1.00005)
     p.d.f value is less than zero (-0.000035), forcing value to zero @ !refCoefNorm=(ctau3D = -1.57627,ctau3DErr = 0.0702066), !pdfs=(pdfCTAUDSS = 1.62586e-14/1,pdfCTAUDF = 0.664222/1), !coefficients=(fDFSS = 1.00005)
     p.d.f value is less than zero (-0.000074), forcing value to zero @ !refCoefNorm=(ctau3D = -0.196318,ctau3DErr = 0.0202213), !pdfs=(pdfCTAUDSS = 0.00104792/1,pdfCTAUDF = 21.0367/1), !coefficients=(fDFSS = 1.00005)

[#0] WARNING:Minization -- RooMinimizerFcn: Minimized function has error status.
Returning maximum FCN so far (1492.27) to force MIGRAD to back out of this region. Error log follows
Parameter values: N_Bkg=1135, b_Bkg=0.526485, fDF12=0.999774, fDFSS=1.00005, fDLIV=0.771484, fDSS12=0.938625, lambdaDDS_Bkg=0.358592, lambdaDF_Bkg1=0.396352, lambdaDF_Bkg2=0.509951, lambdaDSS_Bkg1=0.471659, lambdaDSS_Bkg2=0.752698
PID1456318/RooRealMPFE::nll_pdfTot_Bkg_dataw_Bkg_5b1210b2e240_MPFE6[ arg=nll_pdfTot_Bkg_dataw_Bkg_GOF6 vars=(N_Bkg,b_Bkg,ctau1_CtauRes,ctau2_CtauRes,ctau3_CtauRes,f2_CtauRes,fDF12,fDFSS,fDLIV,fDSS12,f_CtauRes,lambdaDDS_Bkg,lambdaDF_Bkg1,lambdaDF_Bkg2,lambdaDSS_Bkg1,lambdaDSS_Bkg2,rS21_CtauRes,rS32_CtauRes,s1_CtauRes,zeroMean) ]
     p.d.f value is less than zero (-0.000711), forcing value to zero @ !refCoefNorm=(ctau3D = -0.20351,ctau3DErr = 0.0194078), !pdfs=(pdfCTAUDSS = 0.00039092/1,pdfCTAUDF = 20.6555/1), !coefficients=(fDFSS = 1.00005)
     p.d.f value is less than zero (-0.000885), forcing value to zero @ !refCoefNorm=(ctau3D = -0.290094,ctau3DErr = 0.0195239), !pdfs=(pdfCTAUDSS = 4.24991e-07/1,pdfCTAUDF = 16.6031/1), !coefficients=(fDFSS = 1.00005)
     p.d.f value is less than zero (-0.000801), forcing value to zero @ !refCoefNorm=(ctau3D = -0.329815,ctau3DErr = 0.020965), !pdfs=(pdfCTAUDSS = 8.37405e-08/1,pdfCTAUDF = 15.0248/1), !coefficients=(fDFSS = 1.00005)
     p.d.f value is less than zero (-0.000439), forcing value to zero @ !refCoefNorm=(ctau3D = -0.568686,ctau3DErr = 0.0275117), !pdfs=(pdfCTAUDSS = 1.66016e-12/1,pdfCTAUDF = 8.23877/1), !coefficients=(fDFSS = 1.00005)
     p.d.f value is less than zero (-0.000035), forcing value to zero @ !refCoefNorm=(ctau3D = -1.57627,ctau3DErr = 0.0702066), !pdfs=(pdfCTAUDSS = 1.62815e-14/1,pdfCTAUDF = 0.664222/1), !coefficients=(fDFSS = 1.00005)
     p.d.f value is less than zero (-0.000072), forcing value to zero @ !refCoefNorm=(ctau3D = -0.196318,ctau3DErr = 0.0202213), !pdfs=(pdfCTAUDSS = 0.00104941/1,pdfCTAUDF = 21.0367/1), !coefficients=(fDFSS = 1.00005)

[#0] WARNING:Minization -- RooMinimizerFcn: Minimized function has error status.
Returning maximum FCN so far (1492.27) to force MIGRAD to back out of this region. Error log follows
Parameter values: N_Bkg=1135, b_Bkg=0.526485, fDF12=0.999774, fDFSS=1.00005, fDLIV=0.771484, fDSS12=0.938625, lambdaDDS_Bkg=0.343024, lambdaDF_Bkg1=0.643522, lambdaDF_Bkg2=0.509951, lambdaDSS_Bkg1=0.471659, lambdaDSS_Bkg2=0.752698
PID1456318/RooRealMPFE::nll_pdfTot_Bkg_dataw_Bkg_5b1210b2e240_MPFE6[ arg=nll_pdfTot_Bkg_dataw_Bkg_GOF6 vars=(N_Bkg,b_Bkg,ctau1_CtauRes,ctau2_CtauRes,ctau3_CtauRes,f2_CtauRes,fDF12,fDFSS,fDLIV,fDSS12,f_CtauRes,lambdaDDS_Bkg,lambdaDF_Bkg1,lambdaDF_Bkg2,lambdaDSS_Bkg1,lambdaDSS_Bkg2,rS21_CtauRes,rS32_CtauRes,s1_CtauRes,zeroMean) ]
     p.d.f value is less than zero (-0.000436), forcing value to zero @ !refCoefNorm=(ctau3D = -0.20351,ctau3DErr = 0.0194078), !pdfs=(pdfCTAUDSS = 0.00039092/1,pdfCTAUDF = 15.5066/1), !coefficients=(fDFSS = 1.00005)
     p.d.f value is less than zero (-0.000722), forcing value to zero @ !refCoefNorm=(ctau3D = -0.290094,ctau3DErr = 0.0195239), !pdfs=(pdfCTAUDSS = 4.24991e-07/1,pdfCTAUDF = 13.5548/1), !coefficients=(fDFSS = 1.00005)
     p.d.f value is less than zero (-0.000680), forcing value to zero @ !refCoefNorm=(ctau3D = -0.329815,ctau3DErr = 0.020965), !pdfs=(pdfCTAUDSS = 8.37405e-08/1,pdfCTAUDF = 12.7449/1), !coefficients=(fDFSS = 1.00005)
     p.d.f value is less than zero (-0.000469), forcing value to zero @ !refCoefNorm=(ctau3D = -0.568686,ctau3DErr = 0.0275117), !pdfs=(pdfCTAUDSS = 1.66016e-12/1,pdfCTAUDF = 8.79862/1), !coefficients=(fDFSS = 1.00005)
     p.d.f value is less than zero (-0.000099), forcing value to zero @ !refCoefNorm=(ctau3D = -1.57627,ctau3DErr = 0.0702066), !pdfs=(pdfCTAUDSS = 1.62815e-14/1,pdfCTAUDF = 1.85474/1), !coefficients=(fDFSS = 1.00005)

[#0] WARNING:Minization -- RooMinimizerFcn: Minimized function has error status.
Returning maximum FCN so far (1492.27) to force MIGRAD to back out of this region. Error log follows
Parameter values: N_Bkg=1135, b_Bkg=0.526485, fDF12=0.999774, fDFSS=1.00005, fDLIV=0.771484, fDSS12=0.938625, lambdaDDS_Bkg=0.343024, lambdaDF_Bkg1=0.396352, lambdaDF_Bkg2=0.748381, lambdaDSS_Bkg1=0.471659, lambdaDSS_Bkg2=0.752698
PID1456318/RooRealMPFE::nll_pdfTot_Bkg_dataw_Bkg_5b1210b2e240_MPFE6[ arg=nll_pdfTot_Bkg_dataw_Bkg_GOF6 vars=(N_Bkg,b_Bkg,ctau1_CtauRes,ctau2_CtauRes,ctau3_CtauRes,f2_CtauRes,fDF12,fDFSS,fDLIV,fDSS12,f_CtauRes,lambdaDDS_Bkg,lambdaDF_Bkg1,lambdaDF_Bkg2,lambdaDSS_Bkg1,lambdaDSS_Bkg2,rS21_CtauRes,rS32_CtauRes,s1_CtauRes,zeroMean) ]
     p.d.f value is less than zero (-0.000711), forcing value to zero @ !refCoefNorm=(ctau3D = -0.20351,ctau3DErr = 0.0194078), !pdfs=(pdfCTAUDSS = 0.00039092/1,pdfCTAUDF = 20.6546/1), !coefficients=(fDFSS = 1.00005)
     p.d.f value is less than zero (-0.000885), forcing value to zero @ !refCoefNorm=(ctau3D = -0.290094,ctau3DErr = 0.0195239), !pdfs=(pdfCTAUDSS = 4.24991e-07/1,pdfCTAUDF = 16.6025/1), !coefficients=(fDFSS = 1.00005)
     p.d.f value is less than zero (-0.000801), forcing value to zero @ !refCoefNorm=(ctau3D = -0.329815,ctau3DErr = 0.020965), !pdfs=(pdfCTAUDSS = 8.37405e-08/1,pdfCTAUDF = 15.0243/1), !coefficients=(fDFSS = 1.00005)
     p.d.f value is less than zero (-0.000439), forcing value to zero @ !refCoefNorm=(ctau3D = -0.568686,ctau3DErr = 0.0275117), !pdfs=(pdfCTAUDSS = 1.66016e-12/1,pdfCTAUDF = 8.23872/1), !coefficients=(fDFSS = 1.00005)
     p.d.f value is less than zero (-0.000035), forcing value to zero @ !refCoefNorm=(ctau3D = -1.57627,ctau3DErr = 0.0702066), !pdfs=(pdfCTAUDSS = 1.62815e-14/1,pdfCTAUDF = 0.66445/1), !coefficients=(fDFSS = 1.00005)
     p.d.f value is less than zero (-0.000072), forcing value to zero @ !refCoefNorm=(ctau3D = -0.196318,ctau3DErr = 0.0202213), !pdfs=(pdfCTAUDSS = 0.00104941/1,pdfCTAUDF = 21.0357/1), !coefficients=(fDFSS = 1.00005)

[#0] WARNING:Minization -- RooMinimizerFcn: Minimized function has error status.
Returning maximum FCN so far (1492.27) to force MIGRAD to back out of this region. Error log follows
Parameter values: N_Bkg=1135, b_Bkg=0.526485, fDF12=0.999774, fDFSS=1.00005, fDLIV=0.771484, fDSS12=0.938625, lambdaDDS_Bkg=0.343024, lambdaDF_Bkg1=0.396352, lambdaDF_Bkg2=0.509951, lambdaDSS_Bkg1=0.469552, lambdaDSS_Bkg2=0.752698
PID1456318/RooRealMPFE::nll_pdfTot_Bkg_dataw_Bkg_5b1210b2e240_MPFE6[ arg=nll_pdfTot_Bkg_dataw_Bkg_GOF6 vars=(N_Bkg,b_Bkg,ctau1_CtauRes,ctau2_CtauRes,ctau3_CtauRes,f2_CtauRes,fDF12,fDFSS,fDLIV,fDSS12,f_CtauRes,lambdaDDS_Bkg,lambdaDF_Bkg1,lambdaDF_Bkg2,lambdaDSS_Bkg1,lambdaDSS_Bkg2,rS21_CtauRes,rS32_CtauRes,s1_CtauRes,zeroMean) ]
     p.d.f value is less than zero (-0.000709), forcing value to zero @ !refCoefNorm=(ctau3D = -0.20351,ctau3DErr = 0.0194078), !pdfs=(pdfCTAUDSS = 0.000392556/1,pdfCTAUDF = 20.6555/1), !coefficients=(fDFSS = 1.00005)
     p.d.f value is less than zero (-0.000885), forcing value to zero @ !refCoefNorm=(ctau3D = -0.290094,ctau3DErr = 0.0195239), !pdfs=(pdfCTAUDSS = 4.26783e-07/1,pdfCTAUDF = 16.6031/1), !coefficients=(fDFSS = 1.00005)
     p.d.f value is less than zero (-0.000801), forcing value to zero @ !refCoefNorm=(ctau3D = -0.329815,ctau3DErr = 0.020965), !pdfs=(pdfCTAUDSS = 8.40934e-08/1,pdfCTAUDF = 15.0248/1), !coefficients=(fDFSS = 1.00005)
     p.d.f value is less than zero (-0.000439), forcing value to zero @ !refCoefNorm=(ctau3D = -0.568686,ctau3DErr = 0.0275117), !pdfs=(pdfCTAUDSS = 1.66715e-12/1,pdfCTAUDF = 8.23877/1), !coefficients=(fDFSS = 1.00005)
     p.d.f value is less than zero (-0.000035), forcing value to zero @ !refCoefNorm=(ctau3D = -1.57627,ctau3DErr = 0.0702066), !pdfs=(pdfCTAUDSS = 1.63479e-14/1,pdfCTAUDF = 0.664222/1), !coefficients=(fDFSS = 1.00005)
     p.d.f value is less than zero (-0.000068), forcing value to zero @ !refCoefNorm=(ctau3D = -0.196318,ctau3DErr = 0.0202213), !pdfs=(pdfCTAUDSS = 0.00105379/1,pdfCTAUDF = 21.0367/1), !coefficients=(fDFSS = 1.00005)

[#0] WARNING:Minization -- RooMinimizerFcn: Minimized function has error status.
Returning maximum FCN so far (1492.27) to force MIGRAD to back out of this region. Error log follows
Parameter values: N_Bkg=1135, b_Bkg=0.526485, fDF12=0.999774, fDFSS=1.00005, fDLIV=0.771484, fDSS12=0.938625, lambdaDDS_Bkg=0.343024, lambdaDF_Bkg1=0.396352, lambdaDF_Bkg2=0.509951, lambdaDSS_Bkg1=0.471659, lambdaDSS_Bkg2=0.773919
PID1456318/RooRealMPFE::nll_pdfTot_Bkg_dataw_Bkg_5b1210b2e240_MPFE6[ arg=nll_pdfTot_Bkg_dataw_Bkg_GOF6 vars=(N_Bkg,b_Bkg,ctau1_CtauRes,ctau2_CtauRes,ctau3_CtauRes,f2_CtauRes,fDF12,fDFSS,fDLIV,fDSS12,f_CtauRes,lambdaDDS_Bkg,lambdaDF_Bkg1,lambdaDF_Bkg2,lambdaDSS_Bkg1,lambdaDSS_Bkg2,rS21_CtauRes,rS32_CtauRes,s1_CtauRes,zeroMean) ]
     p.d.f value is less than zero (-0.000711), forcing value to zero @ !refCoefNorm=(ctau3D = -0.20351,ctau3DErr = 0.0194078), !pdfs=(pdfCTAUDSS = 0.000390501/1,pdfCTAUDF = 20.6555/1), !coefficients=(fDFSS = 1.00005)
     p.d.f value is less than zero (-0.000885), forcing value to zero @ !refCoefNorm=(ctau3D = -0.290094,ctau3DErr = 0.0195239), !pdfs=(pdfCTAUDSS = 4.24536e-07/1,pdfCTAUDF = 16.6031/1), !coefficients=(fDFSS = 1.00005)
     p.d.f value is less than zero (-0.000801), forcing value to zero @ !refCoefNorm=(ctau3D = -0.329815,ctau3DErr = 0.020965), !pdfs=(pdfCTAUDSS = 8.36508e-08/1,pdfCTAUDF = 15.0248/1), !coefficients=(fDFSS = 1.00005)
     p.d.f value is less than zero (-0.000439), forcing value to zero @ !refCoefNorm=(ctau3D = -0.568686,ctau3DErr = 0.0275117), !pdfs=(pdfCTAUDSS = 1.65838e-12/1,pdfCTAUDF = 8.23877/1), !coefficients=(fDFSS = 1.00005)
     p.d.f value is less than zero (-0.000035), forcing value to zero @ !refCoefNorm=(ctau3D = -1.57627,ctau3DErr = 0.0702066), !pdfs=(pdfCTAUDSS = 1.62642e-14/1,pdfCTAUDF = 0.664222/1), !coefficients=(fDFSS = 1.00005)
     p.d.f value is less than zero (-0.000074), forcing value to zero @ !refCoefNorm=(ctau3D = -0.196318,ctau3DErr = 0.0202213), !pdfs=(pdfCTAUDSS = 0.00104829/1,pdfCTAUDF = 21.0367/1), !coefficients=(fDFSS = 1.00005)

[#0] WARNING:Minization -- RooMinimizerFcn: Minimized function has error status.
Returning maximum FCN so far (1492.27) to force MIGRAD to back out of this region. Error log follows
Parameter values: N_Bkg=1135.97, b_Bkg=0.531293, fDF12=0.999774, fDFSS=1.00005, fDLIV=0.764503, fDSS12=0.41433, lambdaDDS_Bkg=0.179989, lambdaDF_Bkg1=0.396468, lambdaDF_Bkg2=0.509951, lambdaDSS_Bkg1=0.518976, lambdaDSS_Bkg2=0.412117
PID1456318/RooRealMPFE::nll_pdfTot_Bkg_dataw_Bkg_5b1210b2e240_MPFE6[ arg=nll_pdfTot_Bkg_dataw_Bkg_GOF6 vars=(N_Bkg,b_Bkg,ctau1_CtauRes,ctau2_CtauRes,ctau3_CtauRes,f2_CtauRes,fDF12,fDFSS,fDLIV,fDSS12,f_CtauRes,lambdaDDS_Bkg,lambdaDF_Bkg1,lambdaDF_Bkg2,lambdaDSS_Bkg1,lambdaDSS_Bkg2,rS21_CtauRes,rS32_CtauRes,s1_CtauRes,zeroMean) ]
     p.d.f value is less than zero (-0.000554), forcing value to zero @ !refCoefNorm=(ctau3D = -0.20351,ctau3DErr = 0.0194078), !pdfs=(pdfCTAUDSS = 0.000417933/1,pdfCTAUDF = 20.6525/1), !coefficients=(fDFSS = 1.00005)
     p.d.f value is less than zero (-0.000781), forcing value to zero @ !refCoefNorm=(ctau3D = -0.290094,ctau3DErr = 0.0195239), !pdfs=(pdfCTAUDSS = 4.54597e-07/1,pdfCTAUDF = 16.6018/1), !coefficients=(fDFSS = 1.00005)
     p.d.f value is less than zero (-0.000707), forcing value to zero @ !refCoefNorm=(ctau3D = -0.329815,ctau3DErr = 0.020965), !pdfs=(pdfCTAUDSS = 8.95712e-08/1,pdfCTAUDF = 15.0241/1), !coefficients=(fDFSS = 1.00005)
     p.d.f value is less than zero (-0.000388), forcing value to zero @ !refCoefNorm=(ctau3D = -0.568686,ctau3DErr = 0.0275117), !pdfs=(pdfCTAUDSS = 1.77569e-12/1,pdfCTAUDF = 8.2398/1), !coefficients=(fDFSS = 1.00005)
     p.d.f value is less than zero (-0.000031), forcing value to zero @ !refCoefNorm=(ctau3D = -1.57627,ctau3DErr = 0.0702066), !pdfs=(pdfCTAUDSS = 1.73769e-14/1,pdfCTAUDF = 0.66479/1), !coefficients=(fDFSS = 1.00005)

[#0] WARNING:Minization -- RooMinimizerFcn: Minimized function has error status.
Returning maximum FCN so far (1492.27) to force MIGRAD to back out of this region. Error log follows
Parameter values: N_Bkg=1140.2, b_Bkg=0.539057, fDF12=0.999774, fDFSS=1.00005, fDLIV=0.761775, fDSS12=0.411169, lambdaDDS_Bkg=0.132809, lambdaDF_Bkg1=0.398762, lambdaDF_Bkg2=0.509952, lambdaDSS_Bkg1=0.517234, lambdaDSS_Bkg2=0.408766
PID1456318/RooRealMPFE::nll_pdfTot_Bkg_dataw_Bkg_5b1210b2e240_MPFE6[ arg=nll_pdfTot_Bkg_dataw_Bkg_GOF6 vars=(N_Bkg,b_Bkg,ctau1_CtauRes,ctau2_CtauRes,ctau3_CtauRes,f2_CtauRes,fDF12,fDFSS,fDLIV,fDSS12,f_CtauRes,lambdaDDS_Bkg,lambdaDF_Bkg1,lambdaDF_Bkg2,lambdaDSS_Bkg1,lambdaDSS_Bkg2,rS21_CtauRes,rS32_CtauRes,s1_CtauRes,zeroMean) ]
     p.d.f value is less than zero (-0.000548), forcing value to zero @ !refCoefNorm=(ctau3D = -0.20351,ctau3DErr = 0.0194078), !pdfs=(pdfCTAUDSS = 0.000420841/1,pdfCTAUDF = 20.594/1), !coefficients=(fDFSS = 1.00005)
     p.d.f value is less than zero (-0.000780), forcing value to zero @ !refCoefNorm=(ctau3D = -0.290094,ctau3DErr = 0.0195239), !pdfs=(pdfCTAUDSS = 4.57786e-07/1,pdfCTAUDF = 16.5755/1), !coefficients=(fDFSS = 1.00005)
     p.d.f value is less than zero (-0.000706), forcing value to zero @ !refCoefNorm=(ctau3D = -0.329815,ctau3DErr = 0.020965), !pdfs=(pdfCTAUDSS = 9.01992e-08/1,pdfCTAUDF = 15.0089/1), !coefficients=(fDFSS = 1.00005)
     p.d.f value is less than zero (-0.000389), forcing value to zero @ !refCoefNorm=(ctau3D = -0.568686,ctau3DErr = 0.0275117), !pdfs=(pdfCTAUDSS = 1.78813e-12/1,pdfCTAUDF = 8.25989/1), !coefficients=(fDFSS = 1.00005)
     p.d.f value is less than zero (-0.000032), forcing value to zero @ !refCoefNorm=(ctau3D = -1.57627,ctau3DErr = 0.0702066), !pdfs=(pdfCTAUDSS = 1.74946e-14/1,pdfCTAUDF = 0.676032/1), !coefficients=(fDFSS = 1.00005)

[#0] WARNING:Minization -- RooMinimizerFcn: Minimized function has error status.
Returning maximum FCN so far (70020.4) to force MIGRAD to back out of this region. Error log follows
Parameter values: N_Bkg=72356.7, b_Bkg=0.872997, fDF12=0.0418102, fDFSS=1.00377, fDLIV=0.479529, fDSS12=0.79008, lambdaDDS_Bkg=0.821487, lambdaDF_Bkg1=0.542481, lambdaDF_Bkg2=0.746305, lambdaDSS_Bkg1=0.998901, lambdaDSS_Bkg2=0.293129
PID1456319/RooRealMPFE::nll_pdfTot_Bkg_dataw_Bkg_5b1210b2e240_MPFE7[ arg=nll_pdfTot_Bkg_dataw_Bkg_GOF7 vars=(N_Bkg,b_Bkg,ctau1_CtauRes,ctau2_CtauRes,ctau3_CtauRes,f2_CtauRes,fDF12,fDFSS,fDLIV,fDSS12,f_CtauRes,lambdaDDS_Bkg,lambdaDF_Bkg1,lambdaDF_Bkg2,lambdaDSS_Bkg1,lambdaDSS_Bkg2,rS21_CtauRes,rS32_CtauRes,s1_CtauRes,zeroMean) ]
     p.d.f value is less than zero (-0.043092), forcing value to zero @ !refCoefNorm=(ctau3D = -0.156697,ctau3DErr = 0.0222582), !pdfs=(pdfCTAUDSS = 0.01365/1,pdfCTAUDF = 15.0635/1), !coefficients=(fDFSS = 1.00377)
     p.d.f value is less than zero (-0.053025), forcing value to zero @ !refCoefNorm=(ctau3D = -0.20351,ctau3DErr = 0.0194078), !pdfs=(pdfCTAUDSS = 0.000284469/1,pdfCTAUDF = 14.1398/1), !coefficients=(fDFSS = 1.00377)
     p.d.f value is less than zero (-0.042435), forcing value to zero @ !refCoefNorm=(ctau3D = -0.200619,ctau3DErr = 0.02766), !pdfs=(pdfCTAUDSS = 0.0110392/1,pdfCTAUDF = 14.1942/1), !coefficients=(fDFSS = 1.00377)
     p.d.f value is less than zero (-0.047368), forcing value to zero @ !refCoefNorm=(ctau3D = -0.290094,ctau3DErr = 0.0195239), !pdfs=(pdfCTAUDSS = 3.09288e-07/1,pdfCTAUDF = 12.5638/1), !coefficients=(fDFSS = 1.00377)
     p.d.f value is less than zero (-0.050113), forcing value to zero @ !refCoefNorm=(ctau3D = -0.135429,ctau3DErr = 0.0179127), !pdfs=(pdfCTAUDSS = 0.00832769/1,pdfCTAUDF = 15.5089/1), !coefficients=(fDFSS = 1.00377)
     p.d.f value is less than zero (-0.044874), forcing value to zero @ !refCoefNorm=(ctau3D = -0.329815,ctau3DErr = 0.020965), !pdfs=(pdfCTAUDSS = 6.0942e-08/1,pdfCTAUDF = 11.9021/1), !coefficients=(fDFSS = 1.00377)
     p.d.f value is less than zero (-0.009324), forcing value to zero @ !refCoefNorm=(ctau3D = -0.145775,ctau3DErr = 0.0261977), !pdfs=(pdfCTAUDSS = 0.0480294/1,pdfCTAUDF = 15.2602/1), !coefficients=(fDFSS = 1.00377)
     p.d.f value is less than zero (-0.025992), forcing value to zero @ !refCoefNorm=(ctau3D = -0.126817,ctau3DErr = 0.0209781), !pdfs=(pdfCTAUDSS = 0.032969/1,pdfCTAUDF = 15.6714/1), !coefficients=(fDFSS = 1.00377)
     p.d.f value is less than zero (-0.044627), forcing value to zero @ !refCoefNorm=(ctau3D = -0.194089,ctau3DErr = 0.0261244), !pdfs=(pdfCTAUDSS = 0.00933267/1,pdfCTAUDF = 14.3213/1), !coefficients=(fDFSS = 1.00377)
     p.d.f value is less than zero (-0.032422), forcing value to zero @ !refCoefNorm=(ctau3D = -0.568686,ctau3DErr = 0.0275117), !pdfs=(pdfCTAUDSS = 1.20817e-12/1,pdfCTAUDF = 8.59937/1), !coefficients=(fDFSS = 1.00377)
     p.d.f value is less than zero (-0.008317), forcing value to zero @ !refCoefNorm=(ctau3D = -1.57627,ctau3DErr = 0.0702066), !pdfs=(pdfCTAUDSS = 1.18476e-14/1,pdfCTAUDF = 2.2059/1), !coefficients=(fDFSS = 1.00377)
     p.d.f value is less than zero (-0.053071), forcing value to zero @ !refCoefNorm=(ctau3D = -0.196318,ctau3DErr = 0.0202213), !pdfs=(pdfCTAUDSS = 0.000763625/1,pdfCTAUDF = 14.2797/1), !coefficients=(fDFSS = 1.00377)
    ... (remaining 4 messages suppressed)

[#0] WARNING:Minization -- RooMinimizerFcn: Minimized function has error status.
Returning maximum FCN so far (70020.4) to force MIGRAD to back out of this region. Error log follows
Parameter values: N_Bkg=15716.8, b_Bkg=0.0703927, fDF12=0.00626575, fDFSS=1.00823, fDLIV=0.0392872, fDSS12=0.942988, lambdaDDS_Bkg=0.948754, lambdaDF_Bkg1=0.468035, lambdaDF_Bkg2=0.954959, lambdaDSS_Bkg1=0.714712, lambdaDSS_Bkg2=0.998436
PID1456319/RooRealMPFE::nll_pdfTot_Bkg_dataw_Bkg_5b1210b2e240_MPFE7[ arg=nll_pdfTot_Bkg_dataw_Bkg_GOF7 vars=(N_Bkg,b_Bkg,ctau1_CtauRes,ctau2_CtauRes,ctau3_CtauRes,f2_CtauRes,fDF12,fDFSS,fDLIV,fDSS12,f_CtauRes,lambdaDDS_Bkg,lambdaDF_Bkg1,lambdaDF_Bkg2,lambdaDSS_Bkg1,lambdaDSS_Bkg2,rS21_CtauRes,rS32_CtauRes,s1_CtauRes,zeroMean) ]
     p.d.f value is less than zero (-0.019721), forcing value to zero @ !refCoefNorm=(ctau3D = -0.0816628,ctau3DErr = 0.0175502), !pdfs=(pdfCTAUDSS = 0.0892354/1,pdfCTAUDF = 13.3279/1), !coefficients=(fDFSS = 1.00823)
     p.d.f value is less than zero (-0.089044), forcing value to zero @ !refCoefNorm=(ctau3D = -0.156697,ctau3DErr = 0.0222582), !pdfs=(pdfCTAUDSS = 0.0126515/1,pdfCTAUDF = 12.3691/1), !coefficients=(fDFSS = 1.00823)
     p.d.f value is less than zero (-0.096682), forcing value to zero @ !refCoefNorm=(ctau3D = -0.20351,ctau3DErr = 0.0194078), !pdfs=(pdfCTAUDSS = 0.000262307/1,pdfCTAUDF = 11.7795/1), !coefficients=(fDFSS = 1.00823)
     p.d.f value is less than zero (-0.086866), forcing value to zero @ !refCoefNorm=(ctau3D = -0.200619,ctau3DErr = 0.02766), !pdfs=(pdfCTAUDSS = 0.010263/1,pdfCTAUDF = 11.8118/1), !coefficients=(fDFSS = 1.00823)
     p.d.f value is less than zero (-0.033258), forcing value to zero @ !refCoefNorm=(ctau3D = -0.119084,ctau3DErr = 0.024089), !pdfs=(pdfCTAUDSS = 0.0716938/1,pdfCTAUDF = 12.8238/1), !coefficients=(fDFSS = 1.00823)
     p.d.f value is less than zero (-0.088465), forcing value to zero @ !refCoefNorm=(ctau3D = -0.290094,ctau3DErr = 0.0195239), !pdfs=(pdfCTAUDSS = 2.84494e-07/1,pdfCTAUDF = 10.7489/1), !coefficients=(fDFSS = 1.00823)
     p.d.f value is less than zero (-0.024285), forcing value to zero @ !refCoefNorm=(ctau3D = -0.0655219,ctau3DErr = 0.0139299), !pdfs=(pdfCTAUDSS = 0.086607/1,pdfCTAUDF = 13.5604/1), !coefficients=(fDFSS = 1.00823)
     p.d.f value is less than zero (-0.096380), forcing value to zero @ !refCoefNorm=(ctau3D = -0.135429,ctau3DErr = 0.0179127), !pdfs=(pdfCTAUDSS = 0.00769239/1,pdfCTAUDF = 12.653/1), !coefficients=(fDFSS = 1.00823)
     p.d.f value is less than zero (-0.029193), forcing value to zero @ !refCoefNorm=(ctau3D = -0.146854,ctau3DErr = 0.0298995), !pdfs=(pdfCTAUDSS = 0.0726948/1,pdfCTAUDF = 12.4525/1), !coefficients=(fDFSS = 1.00823)
     p.d.f value is less than zero (-0.015896), forcing value to zero @ !refCoefNorm=(ctau3D = -0.126188,ctau3DErr = 0.0271371), !pdfs=(pdfCTAUDSS = 0.088024/1,pdfCTAUDF = 12.7148/1), !coefficients=(fDFSS = 1.00823)
     p.d.f value is less than zero (-0.084833), forcing value to zero @ !refCoefNorm=(ctau3D = -0.329815,ctau3DErr = 0.020965), !pdfs=(pdfCTAUDSS = 5.60651e-08/1,pdfCTAUDF = 10.3076/1), !coefficients=(fDFSS = 1.00823)
     p.d.f value is less than zero (-0.009572), forcing value to zero @ !refCoefNorm=(ctau3D = -0.137075,ctau3DErr = 0.0300341), !pdfs=(pdfCTAUDSS = 0.0930763/1,pdfCTAUDF = 12.5653/1), !coefficients=(fDFSS = 1.00823)
    ... (remaining 12 messages suppressed)

[#0] WARNING:Minization -- RooMinimizerFcn: Minimized function has error status.
Returning maximum FCN so far (72758.8) to force MIGRAD to back out of this region. Error log follows
Parameter values: N_Bkg=33271.1, b_Bkg=0.45827, fDF12=0.881179, fDFSS=1.0009, fDLIV=0.00899931, fDSS12=0.0795092, lambdaDDS_Bkg=0.125156, lambdaDF_Bkg1=0.930364, lambdaDF_Bkg2=0.117528, lambdaDSS_Bkg1=0.341622, lambdaDSS_Bkg2=0.432496
PID1456318/RooRealMPFE::nll_pdfTot_Bkg_dataw_Bkg_5b1210b2e240_MPFE6[ arg=nll_pdfTot_Bkg_dataw_Bkg_GOF6 vars=(N_Bkg,b_Bkg,ctau1_CtauRes,ctau2_CtauRes,ctau3_CtauRes,f2_CtauRes,fDF12,fDFSS,fDLIV,fDSS12,f_CtauRes,lambdaDDS_Bkg,lambdaDF_Bkg1,lambdaDF_Bkg2,lambdaDSS_Bkg1,lambdaDSS_Bkg2,rS21_CtauRes,rS32_CtauRes,s1_CtauRes,zeroMean) ]
     p.d.f value is less than zero (-0.011346), forcing value to zero @ !refCoefNorm=(ctau3D = -0.20351,ctau3DErr = 0.0194078), !pdfs=(pdfCTAUDSS = 0.000443832/1,pdfCTAUDF = 13.0404/1), !coefficients=(fDFSS = 1.0009)
     p.d.f value is less than zero (-0.009764), forcing value to zero @ !refCoefNorm=(ctau3D = -0.290094,ctau3DErr = 0.0195239), !pdfs=(pdfCTAUDSS = 4.82971e-07/1,pdfCTAUDF = 10.7997/1), !coefficients=(fDFSS = 1.0009)
     p.d.f value is less than zero (-0.001267), forcing value to zero @ !refCoefNorm=(ctau3D = -0.135429,ctau3DErr = 0.0179127), !pdfs=(pdfCTAUDSS = 0.0129848/1,pdfCTAUDF = 15.7761/1), !coefficients=(fDFSS = 1.0009)
     p.d.f value is less than zero (-0.009094), forcing value to zero @ !refCoefNorm=(ctau3D = -0.329815,ctau3DErr = 0.020965), !pdfs=(pdfCTAUDSS = 9.51593e-08/1,pdfCTAUDF = 10.0585/1), !coefficients=(fDFSS = 1.0009)
     p.d.f value is less than zero (-0.006540), forcing value to zero @ !refCoefNorm=(ctau3D = -0.568686,ctau3DErr = 0.0275117), !pdfs=(pdfCTAUDSS = 1.88641e-12/1,pdfCTAUDF = 7.23408/1), !coefficients=(fDFSS = 1.0009)
     p.d.f value is less than zero (-0.002189), forcing value to zero @ !refCoefNorm=(ctau3D = -1.57627,ctau3DErr = 0.0702066), !pdfs=(pdfCTAUDSS = 1.84284e-14/1,pdfCTAUDF = 2.42074/1), !coefficients=(fDFSS = 1.0009)
     p.d.f value is less than zero (-0.010819), forcing value to zero @ !refCoefNorm=(ctau3D = -0.196318,ctau3DErr = 0.0202213), !pdfs=(pdfCTAUDSS = 0.00119097/1,pdfCTAUDF = 13.2855/1), !coefficients=(fDFSS = 1.0009)

[#0] WARNING:Minization -- RooMinimizerFcn: Minimized function has error status.
Returning maximum FCN so far (84744.1) to force MIGRAD to back out of this region. Error log follows
Parameter values: N_Bkg=61530.8, b_Bkg=0.425826, fDF12=0.00152609, fDFSS=1.00434, fDLIV=0.119146, fDSS12=0.270942, lambdaDDS_Bkg=0.0715218, lambdaDF_Bkg1=0.488379, lambdaDF_Bkg2=0.61567, lambdaDSS_Bkg1=0.168177, lambdaDSS_Bkg2=0.915247
PID1456319/RooRealMPFE::nll_pdfTot_Bkg_dataw_Bkg_5b1210b2e240_MPFE7[ arg=nll_pdfTot_Bkg_dataw_Bkg_GOF7 vars=(N_Bkg,b_Bkg,ctau1_CtauRes,ctau2_CtauRes,ctau3_CtauRes,f2_CtauRes,fDF12,fDFSS,fDLIV,fDSS12,f_CtauRes,lambdaDDS_Bkg,lambdaDF_Bkg1,lambdaDF_Bkg2,lambdaDSS_Bkg1,lambdaDSS_Bkg2,rS21_CtauRes,rS32_CtauRes,s1_CtauRes,zeroMean) ]
     p.d.f value is less than zero (-0.053759), forcing value to zero @ !refCoefNorm=(ctau3D = -0.156697,ctau3DErr = 0.0222582), !pdfs=(pdfCTAUDSS = 0.020877/1,pdfCTAUDF = 17.2262/1), !coefficients=(fDFSS = 1.00434)
     p.d.f value is less than zero (-0.068853), forcing value to zero @ !refCoefNorm=(ctau3D = -0.20351,ctau3DErr = 0.0194078), !pdfs=(pdfCTAUDSS = 0.000441355/1,pdfCTAUDF = 15.9744/1), !coefficients=(fDFSS = 1.00434)
     p.d.f value is less than zero (-0.052815), forcing value to zero @ !refCoefNorm=(ctau3D = -0.200619,ctau3DErr = 0.02766), !pdfs=(pdfCTAUDSS = 0.0167432/1,pdfCTAUDF = 16.0513/1), !coefficients=(fDFSS = 1.00434)
     p.d.f value is less than zero (-0.060203), forcing value to zero @ !refCoefNorm=(ctau3D = -0.290094,ctau3DErr = 0.0195239), !pdfs=(pdfCTAUDSS = 4.83177e-07/1,pdfCTAUDF = 13.8782/1), !coefficients=(fDFSS = 1.00434)
     p.d.f value is less than zero (-0.064440), forcing value to zero @ !refCoefNorm=(ctau3D = -0.135429,ctau3DErr = 0.0179127), !pdfs=(pdfCTAUDSS = 0.0128572/1,pdfCTAUDF = 17.8316/1), !coefficients=(fDFSS = 1.00434)
     p.d.f value is less than zero (-0.056448), forcing value to zero @ !refCoefNorm=(ctau3D = -0.329815,ctau3DErr = 0.020965), !pdfs=(pdfCTAUDSS = 9.5164e-08/1,pdfCTAUDF = 13.0125/1), !coefficients=(fDFSS = 1.00434)
     p.d.f value is less than zero (-0.003179), forcing value to zero @ !refCoefNorm=(ctau3D = -0.145775,ctau3DErr = 0.0261977), !pdfs=(pdfCTAUDSS = 0.0724257/1,pdfCTAUDF = 17.5009/1), !coefficients=(fDFSS = 1.00434)
     p.d.f value is less than zero (-0.027781), forcing value to zero @ !refCoefNorm=(ctau3D = -0.126817,ctau3DErr = 0.0209781), !pdfs=(pdfCTAUDSS = 0.0503403/1,pdfCTAUDF = 18.059/1), !coefficients=(fDFSS = 1.00434)
     p.d.f value is less than zero (-0.056106), forcing value to zero @ !refCoefNorm=(ctau3D = -0.194089,ctau3DErr = 0.0261244), !pdfs=(pdfCTAUDSS = 0.0142018/1,pdfCTAUDF = 16.2217/1), !coefficients=(fDFSS = 1.00434)
     p.d.f value is less than zero (-0.038318), forcing value to zero @ !refCoefNorm=(ctau3D = -0.568686,ctau3DErr = 0.0275117), !pdfs=(pdfCTAUDSS = 1.88574e-12/1,pdfCTAUDF = 8.83309/1), !coefficients=(fDFSS = 1.00434)
     p.d.f value is less than zero (-0.007528), forcing value to zero @ !refCoefNorm=(ctau3D = -1.57627,ctau3DErr = 0.0702066), !pdfs=(pdfCTAUDSS = 1.799e-14/1,pdfCTAUDF = 1.73536/1), !coefficients=(fDFSS = 1.00434)
     p.d.f value is less than zero (-0.068928), forcing value to zero @ !refCoefNorm=(ctau3D = -0.196318,ctau3DErr = 0.0202213), !pdfs=(pdfCTAUDSS = 0.00118135/1,pdfCTAUDF = 16.1628/1), !coefficients=(fDFSS = 1.00434)
    ... (remaining 4 messages suppressed)

[#0] WARNING:Minization -- RooMinimizerFcn: Minimized function has error status.
Returning maximum FCN so far (84744.1) to force MIGRAD to back out of this region. Error log follows
Parameter values: N_Bkg=2183.32, b_Bkg=0.962577, fDF12=0.000201639, fDFSS=1.00946, fDLIV=0.221763, fDSS12=0.345261, lambdaDDS_Bkg=0.127757, lambdaDF_Bkg1=0.415684, lambdaDF_Bkg2=0.978549, lambdaDSS_Bkg1=0.467257, lambdaDSS_Bkg2=0.0886084
PID1456319/RooRealMPFE::nll_pdfTot_Bkg_dataw_Bkg_5b1210b2e240_MPFE7[ arg=nll_pdfTot_Bkg_dataw_Bkg_GOF7 vars=(N_Bkg,b_Bkg,ctau1_CtauRes,ctau2_CtauRes,ctau3_CtauRes,f2_CtauRes,fDF12,fDFSS,fDLIV,fDSS12,f_CtauRes,lambdaDDS_Bkg,lambdaDF_Bkg1,lambdaDF_Bkg2,lambdaDSS_Bkg1,lambdaDSS_Bkg2,rS21_CtauRes,rS32_CtauRes,s1_CtauRes,zeroMean) ]
     p.d.f value is less than zero (-0.050944), forcing value to zero @ !refCoefNorm=(ctau3D = -0.156697,ctau3DErr = 0.0222582), !pdfs=(pdfCTAUDSS = 0.0628003/1,pdfCTAUDF = 12.0878/1), !coefficients=(fDFSS = 1.00946)
     p.d.f value is less than zero (-0.107680), forcing value to zero @ !refCoefNorm=(ctau3D = -0.20351,ctau3DErr = 0.0194078), !pdfs=(pdfCTAUDSS = 0.00137826/1,pdfCTAUDF = 11.531/1), !coefficients=(fDFSS = 1.00946)
     p.d.f value is less than zero (-0.059588), forcing value to zero @ !refCoefNorm=(ctau3D = -0.200619,ctau3DErr = 0.02766), !pdfs=(pdfCTAUDSS = 0.049303/1,pdfCTAUDF = 11.5612/1), !coefficients=(fDFSS = 1.00946)
     p.d.f value is less than zero (-0.099832), forcing value to zero @ !refCoefNorm=(ctau3D = -0.290094,ctau3DErr = 0.0195239), !pdfs=(pdfCTAUDSS = 1.53667e-06/1,pdfCTAUDF = 10.5544/1), !coefficients=(fDFSS = 1.00946)
     p.d.f value is less than zero (-0.076867), forcing value to zero @ !refCoefNorm=(ctau3D = -0.135429,ctau3DErr = 0.0179127), !pdfs=(pdfCTAUDSS = 0.0396315/1,pdfCTAUDF = 12.3558/1), !coefficients=(fDFSS = 1.00946)
     p.d.f value is less than zero (-0.095866), forcing value to zero @ !refCoefNorm=(ctau3D = -0.329815,ctau3DErr = 0.020965), !pdfs=(pdfCTAUDSS = 3.02313e-07/1,pdfCTAUDF = 10.1349/1), !coefficients=(fDFSS = 1.00946)
     p.d.f value is less than zero (-0.067522), forcing value to zero @ !refCoefNorm=(ctau3D = -0.194089,ctau3DErr = 0.0261244), !pdfs=(pdfCTAUDSS = 0.0421736/1,pdfCTAUDF = 11.6391/1), !coefficients=(fDFSS = 1.00946)
     p.d.f value is less than zero (-0.075117), forcing value to zero @ !refCoefNorm=(ctau3D = -0.568686,ctau3DErr = 0.0275117), !pdfs=(pdfCTAUDSS = 5.98329e-12/1,pdfCTAUDF = 7.94137/1), !coefficients=(fDFSS = 1.00946)
     p.d.f value is less than zero (-0.026926), forcing value to zero @ !refCoefNorm=(ctau3D = -1.57627,ctau3DErr = 0.0702066), !pdfs=(pdfCTAUDSS = 5.31767e-14/1,pdfCTAUDF = 2.84655/1), !coefficients=(fDFSS = 1.00946)
     p.d.f value is less than zero (-0.106181), forcing value to zero @ !refCoefNorm=(ctau3D = -0.196318,ctau3DErr = 0.0202213), !pdfs=(pdfCTAUDSS = 0.00366111/1,pdfCTAUDF = 11.6161/1), !coefficients=(fDFSS = 1.00946)
     p.d.f value is less than zero (-0.044176), forcing value to zero @ !refCoefNorm=(ctau3D = -0.168562,ctau3DErr = 0.0243148), !pdfs=(pdfCTAUDSS = 0.0681381/1,pdfCTAUDF = 11.9419/1), !coefficients=(fDFSS = 1.00946)

RooArgSet::dependents = (ctau3D)
RooSetProxy::!refCoefNorm = (ctau3DErr,ctau3D)
RooArgSet::dependents = (ctau3D)
RooSetProxy::!refCoefNorm = (ctau3DErr,ctau3D)
RooArgSet:: = ()
RooSetProxy::!refCoefNorm = (ctau3DErr,ctau3D)
RooArgSet::dependents = (ctau3D)
RooArgSet::dependents = (ctau3D)
RooArgSet::dependents = (ctau3D)
RooArgSet::dependents = (ctau3D)
RooArgSet::dependents = (ctau3D)
RooSetProxy::!refCoefNorm = (ctau3DErr,ctau3D)
RooSetProxy::!refCoefNorm = (ctau3DErr,ctau3D)
RooSetProxy::!refCoefNorm = (ctau3DErr,ctau3D)
RooSetProxy::!refCoefNorm = (ctau3DErr,ctau3D)
RooSetProxy::!refCoefNorm = (ctau3DErr,ctau3D)
RooArgSet::dependents = (ctau3D)
RooArgSet::dependents = (ctau3D)
RooArgSet::dependents = (ctau3D)
RooArgSet::dependents = (ctau3D)
RooArgSet::dependents = (ctau3D)
RooSetProxy::!refCoefNorm = (ctau3DErr,ctau3D)
RooSetProxy::!refCoefNorm = (ctau3DErr,ctau3D)
RooSetProxy::!refCoefNorm = (ctau3DErr,ctau3D)
RooSetProxy::!refCoefNorm = (ctau3DErr,ctau3D)
RooSetProxy::!refCoefNorm = (ctau3DErr,ctau3D)
RooArgSet::dependents = (ctau3D)
RooArgSet::dependents = (ctau3D)
RooSetProxy::!refCoefNorm = (ctau3DErr,ctau3D)
RooSetProxy::!refCoefNorm = (ctau3DErr,ctau3D)
RooArgSet::dependents = (ctau3D)
RooSetProxy::!refCoefNorm = (ctau3DErr,ctau3D)
RooArgSet:: = ()
RooArgSet:: = ()
RooArgSet:: = ()
RooArgSet:: = ()
RooSetProxy::!refCoefNorm = (ctau3DErr,ctau3D)
RooSetProxy::!refCoefNorm = (ctau3DErr,ctau3D)
RooSetProxy::!refCoefNorm = (ctau3DErr,ctau3D)
RooSetProxy::!refCoefNorm = (ctau3DErr,ctau3D)
RooArgSet:: = ()
RooSetProxy::!refCoefNorm = (ctau3DErr,ctau3D)
RooArgSet::dependents = (ctau3D)
RooSetProxy::!refCoefNorm = (ctau3DErr,ctau3D)
RooArgSet::dependents = (ctau3D)
RooSetProxy::!refCoefNorm = (ctau3DErr,ctau3D)
RooArgSet::dependents = (ctau3D)
RooSetProxy::!refCoefNorm = (ctau3DErr,ctau3D)
RooArgSet:: = ()
RooSetProxy::!refCoefNorm = (ctau3DErr,ctau3D)
RooArgSet:: = ()
RooSetProxy::!refCoefNorm = (ctau3DErr,ctau3D)
RooArgSet:: = ()
RooSetProxy::!refCoefNorm = (ctau3DErr,ctau3D)
[#0] ERROR:Eval -- RooAbsReal::logEvalError(pdfCTAU_Bkg) evaluation error, 
 origin       : RooAddPdf::pdfCTAU_Bkg[ b_Bkg * pdfCTAU_BkgNoPR + [%] * pdfCTAU_BkgPR ]
 message      : p.d.f value is Not-a-Number (-nan), forcing value to zero
 server values: !refCoefNorm=(ctau3DErr = 0.0739974,ctau3D = -4), !pdfs=(pdfCTAU_BkgNoPR = 0/1,pdfCTAU_BkgPR = 0/1), !coefficients=(b_Bkg = 0.641673 +/- 0.0461492)
[#0] ERROR:Eval -- RooAbsReal::logEvalError(pdfCTAU_Bkg_Tot) evaluation error, 
 origin       : RooAddPdf::pdfCTAU_Bkg_Tot[ N_Bkg * pdfCTAU_Bkg ]
 message      : p.d.f value is Not-a-Number (-nan), forcing value to zero
 server values: !refCoefNorm=(ctau3DErr = 0.0739974,ctau3D = -4), !pdfs=(pdfCTAU_Bkg = -nan/1), !coefficients=(N_Bkg = 1157.79 +/- 43.7147)
RooArgSet::dependents = (ctau3D)
RooSetProxy::!refCoefNorm = (ctau3DErr,ctau3D)
RooArgSet::dependents = (ctau3D)
RooSetProxy::!refCoefNorm = (ctau3DErr,ctau3D)
RooArgSet:: = ()
RooSetProxy::!refCoefNorm = (ctau3DErr,ctau3D)
RooArgSet::dependents = (ctau3D)
RooSetProxy::!refCoefNorm = (ctau3DErr,ctau3D)
RooArgSet::dependents = (ctau3D)
RooSetProxy::!refCoefNorm = (ctau3DErr,ctau3D)
RooArgSet::dependents = (ctau3D)
RooSetProxy::!refCoefNorm = (ctau3DErr,ctau3D)
RooArgSet:: = ()
RooSetProxy::!refCoefNorm = (ctau3DErr,ctau3D)
RooArgSet::dependents = (ctau3D)
RooSetProxy::!refCoefNorm = (ctau3DErr,ctau3D)
RooArgSet::dependents = (ctau3D)
RooSetProxy::!refCoefNorm = (ctau3DErr,ctau3D)
RooArgSet::dependents = (ctau3D)
RooSetProxy::!refCoefNorm = (ctau3DErr,ctau3D)
RooArgSet::dependents = (ctau3D)
RooSetProxy::!refCoefNorm = (ctau3DErr,ctau3D)
RooArgSet::dependents = (ctau3D)
RooSetProxy::!refCoefNorm = (ctau3DErr,ctau3D)
RooArgSet::dependents = (ctau3D)
RooArgSet::dependents = (ctau3D)
RooSetProxy::!refCoefNorm = (ctau3DErr,ctau3D)
RooSetProxy::!refCoefNorm = (ctau3DErr,ctau3D)
RooArgSet::dependents = (ctau3D)
RooSetProxy::!refCoefNorm = (ctau3DErr,ctau3D)
RooArgSet::dependents = (ctau3D)
RooSetProxy::!refCoefNorm = (ctau3DErr,ctau3D)
RooArgSet::dependents = (ctau3D)
RooSetProxy::!refCoefNorm = (ctau3DErr,ctau3D)
RooArgSet:: = ()
RooSetProxy::!refCoefNorm = (ctau3DErr,ctau3D)
RooArgSet::dependents = (ctau3D)
RooSetProxy::!refCoefNorm = (ctau3DErr,ctau3D)
RooArgSet::dependents = (ctau3D)
RooSetProxy::!refCoefNorm = (ctau3DErr,ctau3D)
RooArgSet:: = ()
RooSetProxy::!refCoefNorm = (ctau3DErr,ctau3D)
RooArgSet:: = ()
RooSetProxy::!refCoefNorm = (ctau3DErr,ctau3D)
RooArgSet:: = ()
RooSetProxy::!refCoefNorm = (ctau3DErr,ctau3D)
RooArgSet:: = ()
RooSetProxy::!refCoefNorm = (ctau3DErr,ctau3D)
RooArgSet:: = ()
RooSetProxy::!refCoefNorm = (ctau3DErr,ctau3D)
RooArgSet::dependents = (ctau3D)
RooSetProxy::!refCoefNorm = (ctau3DErr,ctau3D)
RooArgSet:: = ()
RooSetProxy::!refCoefNorm = (ctau3DErr,ctau3D)
[#0] ERROR:Eval -- RooAbsReal::logEvalError(pdfCTAU_Bkg) evaluation error, 
 origin       : RooAddPdf::pdfCTAU_Bkg[ b_Bkg * pdfCTAU_BkgNoPR + [%] * pdfCTAU_BkgPR ]
 message      : p.d.f value is Not-a-Number (-nan), forcing value to zero
 server values: !refCoefNorm=(ctau3DErr = 0.0739974,ctau3D = -4), !pdfs=(pdfCTAU_BkgNoPR = 0/1,pdfCTAU_BkgPR = 0/1), !coefficients=(b_Bkg = 0.641673 +/- 0.0461492)
[#0] ERROR:Eval -- RooAbsReal::logEvalError(pdfCTAU_Bkg_Tot) evaluation error, 
 origin       : RooAddPdf::pdfCTAU_Bkg_Tot[ N_Bkg * pdfCTAU_Bkg ]
 message      : p.d.f value is Not-a-Number (-nan), forcing value to zero
 server values: !refCoefNorm=(ctau3DErr = 0.0739974,ctau3D = -4), !pdfs=(pdfCTAU_Bkg = -nan/1), !coefficients=(N_Bkg = 1157.79 +/- 43.7147)
RooArgSet::dependents = (ctau3D)
RooSetProxy::!refCoefNorm = (ctau3DErr,ctau3D)
RooArgSet::dependents = (ctau3D)
RooSetProxy::!refCoefNorm = (ctau3DErr,ctau3D)
RooArgSet:: = ()
RooSetProxy::!refCoefNorm = (ctau3DErr,ctau3D)
RooArgSet::dependents = (ctau3D)
RooSetProxy::!refCoefNorm = (ctau3DErr,ctau3D)
RooArgSet::dependents = (ctau3D)
RooSetProxy::!refCoefNorm = (ctau3DErr,ctau3D)
RooArgSet::dependents = (ctau3D)
RooSetProxy::!refCoefNorm = (ctau3DErr,ctau3D)
RooArgSet::dependents = (ctau3D)
RooSetProxy::!refCoefNorm = (ctau3DErr,ctau3D)
RooArgSet:: = ()
RooSetProxy::!refCoefNorm = (ctau3DErr,ctau3D)
RooArgSet::dependents = (ctau3D)
RooSetProxy::!refCoefNorm = (ctau3DErr,ctau3D)
RooArgSet::dependents = (ctau3D)
RooArgSet::dependents = (ctau3D)
RooArgSet::dependents = (ctau3D)
RooSetProxy::!refCoefNorm = (ctau3DErr,ctau3D)
RooArgSet::dependents = (ctau3D)
RooSetProxy::!refCoefNorm = (ctau3DErr,ctau3D)
RooSetProxy::!refCoefNorm = (ctau3DErr,ctau3D)
RooSetProxy::!refCoefNorm = (ctau3DErr,ctau3D)
RooArgSet::dependents = (ctau3D)
RooSetProxy::!refCoefNorm = (ctau3DErr,ctau3D)
RooArgSet::dependents = (ctau3D)
RooArgSet::dependents = (ctau3D)
RooSetProxy::!refCoefNorm = (ctau3DErr,ctau3D)
RooSetProxy::!refCoefNorm = (ctau3DErr,ctau3D)
RooArgSet:: = ()
RooArgSet::dependents = (ctau3D)
RooSetProxy::!refCoefNorm = (ctau3DErr,ctau3D)
RooArgSet::dependents = (ctau3D)
RooSetProxy::!refCoefNorm = (ctau3DErr,ctau3D)
RooSetProxy::!refCoefNorm = (ctau3DErr,ctau3D)
RooArgSet::dependents = (ctau3D)
RooArgSet::dependents = (ctau3D)
RooSetProxy::!refCoefNorm = (ctau3DErr,ctau3D)
RooSetProxy::!refCoefNorm = (ctau3DErr,ctau3D)
RooArgSet:: = ()
RooArgSet:: = ()
RooSetProxy::!refCoefNorm = (ctau3DErr,ctau3D)
RooSetProxy::!refCoefNorm = (ctau3DErr,ctau3D)
RooArgSet:: = ()
RooSetProxy::!refCoefNorm = (ctau3DErr,ctau3D)
RooArgSet:: = ()
RooSetProxy::!refCoefNorm = (ctau3DErr,ctau3D)
RooArgSet:: = ()
RooArgSet:: = ()
RooSetProxy::!refCoefNorm = (ctau3DErr,ctau3D)
RooSetProxy::!refCoefNorm = (ctau3DErr,ctau3D)
[#0] ERROR:Eval -- RooAbsReal::logEvalError(pdfCTAU_Bkg) evaluation error, 
 origin       : RooAddPdf::pdfCTAU_Bkg[ b_Bkg * pdfCTAU_BkgNoPR + [%] * pdfCTAU_BkgPR ]
 message      : p.d.f value is Not-a-Number (-nan), forcing value to zero
 server values: !refCoefNorm=(ctau3DErr = 0.0739974,ctau3D = -4), !pdfs=(pdfCTAU_BkgNoPR = 0/1,pdfCTAU_BkgPR = 0/1), !coefficients=(b_Bkg = 0.641673 +/- 0.0461492)
[#0] ERROR:Eval -- RooAbsReal::logEvalError(pdfCTAU_Bkg_Tot) evaluation error, 
 origin       : RooAddPdf::pdfCTAU_Bkg_Tot[ N_Bkg * pdfCTAU_Bkg ]
 message      : p.d.f value is Not-a-Number (-nan), forcing value to zero
 server values: !refCoefNorm=(ctau3DErr = 0.0739974,ctau3D = -4), !pdfs=(pdfCTAU_Bkg = -nan/1), !coefficients=(N_Bkg = 1157.79 +/- 43.7147)
RooArgSet::dependents = (ctau3D)
RooSetProxy::!refCoefNorm = (ctau3DErr,ctau3D)
RooArgSet::dependents = (ctau3D)
RooSetProxy::!refCoefNorm = (ctau3DErr,ctau3D)
RooArgSet:: = ()
RooSetProxy::!refCoefNorm = (ctau3DErr,ctau3D)
RooArgSet::dependents = (ctau3D)
RooArgSet::dependents = (ctau3D)
RooSetProxy::!refCoefNorm = (ctau3DErr,ctau3D)
RooSetProxy::!refCoefNorm = (ctau3DErr,ctau3D)
RooArgSet::dependents = (ctau3D)
RooSetProxy::!refCoefNorm = (ctau3DErr,ctau3D)
RooArgSet::dependents = (ctau3D)
RooSetProxy::!refCoefNorm = (ctau3DErr,ctau3D)
RooArgSet:: = ()
RooSetProxy::!refCoefNorm = (ctau3DErr,ctau3D)
RooArgSet:: = ()
RooSetProxy::!refCoefNorm = (ctau3DErr,ctau3D)
RooArgSet::dependents = (ctau3D)
RooSetProxy::!refCoefNorm = (ctau3DErr,ctau3D)
RooArgSet::dependents = (ctau3D)
RooSetProxy::!refCoefNorm = (ctau3DErr,ctau3D)
RooArgSet::dependents = (ctau3D)
RooArgSet::dependents = (ctau3D)
RooSetProxy::!refCoefNorm = (ctau3DErr,ctau3D)
RooSetProxy::!refCoefNorm = (ctau3DErr,ctau3D)
RooArgSet::dependents = (ctau3D)
RooSetProxy::!refCoefNorm = (ctau3DErr,ctau3D)
RooArgSet::dependents = (ctau3D)
RooSetProxy::!refCoefNorm = (ctau3DErr,ctau3D)
RooArgSet::dependents = (ctau3D)
RooArgSet::dependents = (ctau3D)
RooSetProxy::!refCoefNorm = (ctau3DErr,ctau3D)
RooSetProxy::!refCoefNorm = (ctau3DErr,ctau3D)
RooArgSet::dependents = (ctau3D)
RooArgSet::dependents = (ctau3D)
RooSetProxy::!refCoefNorm = (ctau3DErr,ctau3D)
RooSetProxy::!refCoefNorm = (ctau3DErr,ctau3D)
RooArgSet:: = ()
RooArgSet:: = ()
RooSetProxy::!refCoefNorm = (ctau3DErr,ctau3D)
RooSetProxy::!refCoefNorm = (ctau3DErr,ctau3D)
RooArgSet::dependents = (ctau3D)
RooSetProxy::!refCoefNorm = (ctau3DErr,ctau3D)
RooArgSet:: = ()
RooArgSet::dependents = (ctau3D)
RooArgSet:: = ()
RooSetProxy::!refCoefNorm = (ctau3DErr,ctau3D)
RooSetProxy::!refCoefNorm = (ctau3DErr,ctau3D)
RooSetProxy::!refCoefNorm = (ctau3DErr,ctau3D)
RooArgSet:: = ()
RooSetProxy::!refCoefNorm = (ctau3DErr,ctau3D)
RooArgSet:: = ()
RooSetProxy::!refCoefNorm = (ctau3DErr,ctau3D)
[#0] ERROR:Eval -- RooAbsReal::logEvalError(pdfCTAU_Bkg) evaluation error, 
 origin       : RooAddPdf::pdfCTAU_Bkg[ b_Bkg * pdfCTAU_BkgNoPR + [%] * pdfCTAU_BkgPR ]
 message      : p.d.f value is Not-a-Number (-nan), forcing value to zero
 server values: !refCoefNorm=(ctau3DErr = 0.0739974,ctau3D = -4), !pdfs=(pdfCTAU_BkgNoPR = 0/1,pdfCTAU_BkgPR = 0/1), !coefficients=(b_Bkg = 0.641673 +/- 0.0461492)
[#0] ERROR:Eval -- RooAbsReal::logEvalError(pdfCTAU_Bkg_Tot) evaluation error, 
 origin       : RooAddPdf::pdfCTAU_Bkg_Tot[ N_Bkg * pdfCTAU_Bkg ]
 message      : p.d.f value is Not-a-Number (-nan), forcing value to zero
 server values: !refCoefNorm=(ctau3DErr = 0.0739974,ctau3D = -4), !pdfs=(pdfCTAU_Bkg = -nan/1), !coefficients=(N_Bkg = 1157.79 +/- 43.7147)
Info in <TCanvas::Print>: pdf file figs/2DFit_No_Weight/CtauBkg/Bkg_pt12.0-15.0_y1.6-2.4_muPt0.0_centrality0-180_PRw_Effw0_Accw0_PtW0_TnP0.pdf has been created

  RooFitResult: minimized FCN value: -17121.4, estimated distance to minimum: 0.262663
                covariance matrix quality: Unknown, matrix was externally provided
                Status : MINIMIZE=0 HESSE=0 HESSE=0 

    Floating Parameter    FinalValue +/-  Error   
  --------------------  --------------------------
                 N_Bkg    1.1578e+03 +/-  4.37e+01
                 b_Bkg    6.4167e-01 +/-  4.61e-02
                 fDF12    5.1990e-03 +/-  6.63e-02
                 fDFSS    9.8997e-01 +/-  7.38e-03
                 fDLIV    6.8963e-01 +/-  5.56e-02
                fDSS12    3.7242e-05 +/-  4.72e-03
         lambdaDDS_Bkg    6.4070e-02 +/-  1.39e-02
         lambdaDF_Bkg1    8.1467e-01 +/-  3.52e-01
         lambdaDF_Bkg2    1.0000e+00 +/-  1.06e-03
        lambdaDSS_Bkg1    3.1857e-01 +/-  4.22e-01
        lambdaDSS_Bkg2    4.3019e-01 +/-  2.81e-02

RooDataSet::dataw_Bkg[ctau3DErr,ctau3DRes,ctau3D,mass,weight:N_Bkg_sw] = 839 entries (1158.02 weighted)

###### Fit Convergence Check ######
Hesse: 0	 edm: 0.262663	 mll: -17121.4
[31m[Stuck] fDF12 [0m // Final Value : 0.00519903 (1e-06 ~ 1)

[31m[Stuck] fDSS12 [0m // Final Value : 3.72415e-05 (1e-06 ~ 1)

[31m[Stuck] lambdaDF_Bkg1 [0m // Final Value : 0.814671 (0.0001 ~ 1)

[31m[Stuck] lambdaDF_Bkg2 [0m // Final Value : 0.999999 (0.0001 ~ 1)

[31m[Stuck] lambdaDSS_Bkg1 [0m // Final Value : 0.318566 (0.0001 ~ 1)

RealTime=68.905426 seconds, CpuTime=30.170000 seconds
# STAGE: ctauBkg
# CMD: /opt/conda/envs/root618/bin/root -l -b -q 'CtauBkg_2exp.C(12,15,1.6,2.4,0,180)'

