
Processing CtauBkg_2exp.C(22.5,25,0,1.6,0,180)...

[1mRooFit v3.60 -- Developed by Wouter Verkerke and David Kirkby[0m 
                Copyright (C) 2000-2013 NIKHEF, University of California & Stanford University
                All rights reserved, please read http://roofit.sourceforge.net/license.txt

####################################
pt: 22.5-25, y: 0-1.6
******** New Combined Dataset ***********
RooRealVar::ctau3D = 0.142097  L(-4 - 6.5) // [mm]
RooRealVar::ctau3DErr = 0.0294906  L(0.0108699 - 0.0377717) // [mm]

************** Start BKG Ctau Fit *****************

N_Bkg : 2023.36+/-67.1946
ctau1_CtauRes : 0
s1_CtauRes : 0.127949
f_CtauRes : 0.32177+/-85.4197
f2_CtauRes : 0.762904+/-12.6501
RooArgSet::dependents = (ctau3D,ctau3DErr)
RooSetProxy::!refCoefNorm = (ctau3D,ctau3DErr)
RooArgSet::dependents = (ctau3D,ctau3DErr)
RooSetProxy::!refCoefNorm = (ctau3D,ctau3DErr)
RooArgSet::dependents = (ctau3D,ctau3DErr)
RooSetProxy::!refCoefNorm = (ctau3D,ctau3DErr)
RooArgSet::dependents = (ctau3D,ctau3DErr)
RooArgSet::dependents = (ctau3D,ctau3DErr)
RooSetProxy::!refCoefNorm = (ctau3D,ctau3DErr)
RooSetProxy::!refCoefNorm = (ctau3D,ctau3DErr)
RooArgSet::dependents = (ctau3D,ctau3DErr)
RooSetProxy::!refCoefNorm = (ctau3D,ctau3DErr)
RooArgSet::dependents = (ctau3D,ctau3DErr)
RooSetProxy::!refCoefNorm = (ctau3D,ctau3DErr)
RooArgSet::dependents = (ctau3D,ctau3DErr)
RooSetProxy::!refCoefNorm = (ctau3D,ctau3DErr)
RooArgSet::dependents = (ctau3D,ctau3DErr)
RooArgSet::dependents = (ctau3D,ctau3DErr)
RooSetProxy::!refCoefNorm = (ctau3D,ctau3DErr)
RooSetProxy::!refCoefNorm = (ctau3D,ctau3DErr)
RooArgSet::dependents = (ctau3D,ctau3DErr)
RooArgSet::dependents = (ctau3D,ctau3DErr)
RooArgSet::dependents = (ctau3D,ctau3DErr)
RooSetProxy::!refCoefNorm = (ctau3D,ctau3DErr)
RooSetProxy::!refCoefNorm = (ctau3D,ctau3DErr)
RooSetProxy::!refCoefNorm = (ctau3D,ctau3DErr)
RooArgSet::dependents = (ctau3D,ctau3DErr)
RooSetProxy::!refCoefNorm = (ctau3D,ctau3DErr)
RooArgSet::dependents = (ctau3D,ctau3DErr)
RooSetProxy::!refCoefNorm = (ctau3D,ctau3DErr)
RooArgSet::dependents = (ctau3D,ctau3DErr)
RooSetProxy::!refCoefNorm = (ctau3D,ctau3DErr)
RooArgSet::dependents = (ctau3D,ctau3DErr)
RooSetProxy::!refCoefNorm = (ctau3D,ctau3DErr)
RooArgSet::dependents = (ctau3D,ctau3DErr)
RooSetProxy::!refCoefNorm = (ctau3D,ctau3DErr)
RooArgSet::dependents = (ctau3D,ctau3DErr)
RooArgSet::dependents = (ctau3D,ctau3DErr)
RooSetProxy::!refCoefNorm = (ctau3D,ctau3DErr)
RooSetProxy::!refCoefNorm = (ctau3D,ctau3DErr)
RooArgSet::dependents = (ctau3D,ctau3DErr)
RooSetProxy::!refCoefNorm = (ctau3D,ctau3DErr)
RooArgSet::dependents = (ctau3D,ctau3DErr)
RooSetProxy::!refCoefNorm = (ctau3D,ctau3DErr)
RooArgSet::dependents = (ctau3D,ctau3DErr)
RooSetProxy::!refCoefNorm = (ctau3D,ctau3DErr)
RooArgSet::dependents = (ctau3D,ctau3DErr)
RooSetProxy::!refCoefNorm = (ctau3D,ctau3DErr)
RooArgSet::dependents = (ctau3D,ctau3DErr)
RooSetProxy::!refCoefNorm = (ctau3D,ctau3DErr)
RooArgSet::dependents = (ctau3D,ctau3DErr)
RooArgSet::dependents = (ctau3D,ctau3DErr)
RooSetProxy::!refCoefNorm = (ctau3D,ctau3DErr)
RooSetProxy::!refCoefNorm = (ctau3D,ctau3DErr)
RooArgSet::dependents = (ctau3D,ctau3DErr)
RooSetProxy::!refCoefNorm = (ctau3D,ctau3DErr)
RooArgSet::dependents = (ctau3D,ctau3DErr)
RooSetProxy::!refCoefNorm = (ctau3D,ctau3DErr)
RooArgSet::dependents = (ctau3D,ctau3DErr)
RooSetProxy::!refCoefNorm = (ctau3D,ctau3DErr)
RooArgSet::dependents = (ctau3D,ctau3DErr)
RooSetProxy::!refCoefNorm = (ctau3D,ctau3DErr)
RooArgSet::dependents = (ctau3D,ctau3DErr)
RooSetProxy::!refCoefNorm = (ctau3D,ctau3DErr)
RooArgSet::dependents = (ctau3D,ctau3DErr)
RooSetProxy::!refCoefNorm = (ctau3D,ctau3DErr)
RooArgSet::dependents = (ctau3D,ctau3DErr)
RooSetProxy::!refCoefNorm = (ctau3D,ctau3DErr)
[#0] WARNING:Eval -- RooAddPdf::updateCoefCache(pdfCTAU1 WARNING: sum of PDF coefficients not in range [0-1], value=1.00999[#0] WARNING:Eval -- RooAddPdf::updateCoefCache(pdfCTAU1 WARNING: sum of PDF coefficients not in range [0-1], value=1.00999[#0] WARNING:Eval -- RooAddPdf::updateCoefCache(pdfCTAU1 WARNING: sum of PDF coefficients not in range [0-1], value=1.00999[#0] WARNING:Eval -- RooAddPdf::updateCoefCache(pdfCTAU1 WARNING: sum of PDF coefficients not in range [0-1], value=1.00999[#0] WARNING:Eval -- RooAddPdf::updateCoefCache(pdfCTAU1 WARNING: sum of PDF coefficients not in range [0-1], value=1.00999[#0] WARNING:Eval -- RooAddPdf::updateCoefCache(pdfCTAU1 WARNING: sum of PDF coefficients not in range [0-1], value=1.00999[#0] WARNING:Eval -- 
[#0] WARNING:Eval -- RooAddPdf::updateCoefCache(pdfCTAU1 WARNING: sum of PDF coefficients not in range [0-1], value=1.00999[#0] WARNING:Eval -- RooAddPdf::updateCoefCache(pdfCTAU1 WARNING: sum of PDF coefficients not in range [0-1], value=1.00999[#0] WARNING:Eval -- 
[#0] WARNING:Eval -- 
[#0] WARNING:Eval -- 
[#0] WARNING:Eval -- 
[#0] WARNING:Eval -- 
[#0] WARNING:Eval -- 
[#0] WARNING:Eval -- 
[#0] WARNING:Eval -- RooAddPdf::updateCoefCache(pdfCTAU1 WARNING: sum of PDF coefficients not in range [0-1], value=1.00999[#0] WARNING:Eval -- RooAddPdf::updateCoefCache(pdfCTAU1 WARNING: sum of PDF coefficients not in range [0-1], value=1.00999[#0] WARNING:Eval -- RooAddPdf::updateCoefCache(pdfCTAU1 WARNING: sum of PDF coefficients not in range [0-1], value=1.00999[#0] WARNING:Eval -- RooAddPdf::updateCoefCache(pdfCTAU1 WARNING: sum of PDF coefficients not in range [0-1], value=1.00999[#0] WARNING:Eval -- RooAddPdf::updateCoefCache(pdfCTAU1 WARNING: sum of PDF coefficients not in range [0-1], value=1.00999[#0] WARNING:Eval -- RooAddPdf::updateCoefCache(pdfCTAU1 WARNING: sum of PDF coefficients not in range [0-1], value=1.00999[#0] WARNING:Eval -- RooAddPdf::updateCoefCache(pdfCTAU1 WARNING: sum of PDF coefficients not in range [0-1], value=1.00999[#0] WARNING:Eval -- 
[#0] WARNING:Eval -- 
[#0] WARNING:Eval -- 
[#0] WARNING:Eval -- 
[#0] WARNING:Eval -- 
[#0] WARNING:Eval -- 
[#0] WARNING:Eval -- 
[#0] WARNING:Eval -- RooAddPdf::updateCoefCache(pdfCTAU1 WARNING: sum of PDF coefficients not in range [0-1], value=1.00999[#0] WARNING:Eval -- RooAddPdf::updateCoefCache(pdfCTAU1 WARNING: sum of PDF coefficients not in range [0-1], value=1.00999[#0] WARNING:Eval -- RooAddPdf::updateCoefCache(pdfCTAU1 WARNING: sum of PDF coefficients not in range [0-1], value=1.00999[#0] WARNING:Eval -- RooAddPdf::updateCoefCache(pdfCTAU1 WARNING: sum of PDF coefficients not in range [0-1], value=1.00999[#0] WARNING:Eval -- RooAddPdf::updateCoefCache(pdfCTAU1 WARNING: sum of PDF coefficients not in range [0-1], value=1.00999[#0] WARNING:Eval -- RooAddPdf::updateCoefCache(pdfCTAU1 WARNING: sum of PDF coefficients not in range [0-1], value=1.00999[#0] WARNING:Eval -- RooAddPdf::updateCoefCache(pdfCTAU1 WARNING: sum of PDF coefficients not in range [0-1], value=1.00999[#0] WARNING:Eval -- 
[#0] WARNING:Eval -- 
[#0] WARNING:Eval -- 
[#0] WARNING:Eval -- 
[#0] WARNING:Eval -- 
[#0] WARNING:Eval -- 
[#0] WARNING:Eval -- 
[#0] WARNING:Eval -- RooAddPdf::updateCoefCache(pdfCTAU1 WARNING: sum of PDF coefficients not in range [0-1], value=1.00999[#0] WARNING:Eval -- RooAddPdf::updateCoefCache(pdfCTAU1 WARNING: sum of PDF coefficients not in range [0-1], value=1.00999[#0] WARNING:Eval -- RooAddPdf::updateCoefCache(pdfCTAU1 WARNING: sum of PDF coefficients not in range [0-1], value=1.00999[#0] WARNING:Eval -- RooAddPdf::updateCoefCache(pdfCTAU1 WARNING: sum of PDF coefficients not in range [0-1], value=1.00999[#0] WARNING:Eval -- RooAddPdf::updateCoefCache(pdfCTAU1 WARNING: sum of PDF coefficients not in range [0-1], value=1.00999[#0] WARNING:Eval -- RooAddPdf::updateCoefCache(pdfCTAU1 WARNING: sum of PDF coefficients not in range [0-1], value=1.00999[#0] WARNING:Eval -- 
[#0] WARNING:Eval -- 
[#0] WARNING:Eval -- 
[#0] WARNING:Eval -- 
[#0] WARNING:Eval -- 
[#0] WARNING:Eval -- 
[#0] WARNING:Eval -- RooAddPdf::updateCoefCache(pdfCTAU1 WARNING: sum of PDF coefficients not in range [0-1], value=1.00999[#0] WARNING:Eval -- RooAddPdf::updateCoefCache(pdfCTAU1 WARNING: sum of PDF coefficients not in range [0-1], value=1.00999[#0] WARNING:Eval -- RooAddPdf::updateCoefCache(pdfCTAU1 WARNING: sum of PDF coefficients not in range [0-1], value=1.00999[#0] WARNING:Eval -- RooAddPdf::updateCoefCache(pdfCTAU1 WARNING: sum of PDF coefficients not in range [0-1], value=1.00999[#0] WARNING:Eval -- RooAddPdf::updateCoefCache(pdfCTAU1 WARNING: sum of PDF coefficients not in range [0-1], value=1.00999[#0] WARNING:Eval -- RooAddPdf::updateCoefCache(pdfCTAU1 WARNING: sum of PDF coefficients not in range [0-1], value=1.00999[#0] WARNING:Eval -- 
[#0] WARNING:Eval -- 
[#0] WARNING:Eval -- 
[#0] WARNING:Eval -- 
[#0] WARNING:Eval -- 
[#0] WARNING:Eval -- 
[#0] WARNING:Eval -- RooAddPdf::updateCoefCache(pdfCTAU1 WARNING: sum of PDF coefficients not in range [0-1], value=1.00999[#0] WARNING:Eval -- RooAddPdf::updateCoefCache(pdfCTAU1 WARNING: sum of PDF coefficients not in range [0-1], value=1.00999[#0] WARNING:Eval -- RooAddPdf::updateCoefCache(pdfCTAU1 WARNING: sum of PDF coefficients not in range [0-1], value=1.00999[#0] WARNING:Eval -- RooAddPdf::updateCoefCache(pdfCTAU1 WARNING: sum of PDF coefficients not in range [0-1], value=1.00999[#0] WARNING:Eval -- 
[#0] WARNING:Eval -- 
[#0] WARNING:Eval -- 
[#0] WARNING:Eval -- RooAddPdf::updateCoefCache(pdfCTAU1 WARNING: sum of PDF coefficients not in range [0-1], value=1.00999[#0] WARNING:Eval -- 
[#0] WARNING:Eval -- RooAddPdf::updateCoefCache(pdfCTAU1 WARNING: sum of PDF coefficients not in range [0-1], value=1.00999[#0] WARNING:Eval -- RooAddPdf::updateCoefCache(pdfCTAU1 WARNING: sum of PDF coefficients not in range [0-1], value=1.00999[#0] WARNING:Eval -- 
[#0] WARNING:Eval -- RooAddPdf::updateCoefCache(pdfCTAU1 WARNING: sum of PDF coefficients not in range [0-1], value=1.00999[#0] WARNING:Eval -- 
[#0] WARNING:Eval -- 
[#0] WARNING:Eval -- RooAddPdf::updateCoefCache(pdfCTAU1 WARNING: sum of PDF coefficients not in range [0-1], value=1.00999[#0] WARNING:Eval -- 
[#0] WARNING:Eval -- RooAddPdf::updateCoefCache(pdfCTAU1 WARNING: sum of PDF coefficients not in range [0-1], value=1.00999[#0] WARNING:Eval -- RooAddPdf::updateCoefCache(pdfCTAU1 WARNING: sum of PDF coefficients not in range [0-1], value=1.00999[#0] WARNING:Eval -- 
[#0] WARNING:Eval -- RooAddPdf::updateCoefCache(pdfCTAU1 WARNING: sum of PDF coefficients not in range [0-1], value=1.00999[#0] WARNING:Eval -- 
[#0] WARNING:Eval -- 
[#0] WARNING:Eval -- RooAddPdf::updateCoefCache(pdfCTAU1 WARNING: sum of PDF coefficients not in range [0-1], value=1.00999[#0] WARNING:Eval -- 
[#0] WARNING:Eval -- RooAddPdf::updateCoefCache(pdfCTAU1 WARNING: sum of PDF coefficients not in range [0-1], value=1.00999[#0] WARNING:Eval -- RooAddPdf::updateCoefCache(pdfCTAU1 WARNING: sum of PDF coefficients not in range [0-1], value=1.00999[#0] WARNING:Eval -- 
[#0] WARNING:Eval -- RooAddPdf::updateCoefCache(pdfCTAU1 WARNING: sum of PDF coefficients not in range [0-1], value=1.00999[#0] WARNING:Eval -- 
[#0] WARNING:Eval -- 
[#0] WARNING:Eval -- RooAddPdf::updateCoefCache(pdfCTAU1 WARNING: sum of PDF coefficients not in range [0-1], value=1.00999[#0] WARNING:Eval -- RooAddPdf::updateCoefCache(pdfCTAU1 WARNING: sum of PDF coefficients not in range [0-1], value=1.00999[#0] WARNING:Eval -- 
[#0] WARNING:Eval -- RooAddPdf::updateCoefCache(pdfCTAU1 WARNING: sum of PDF coefficients not in range [0-1], value=1.00999[#0] WARNING:Eval -- 
[#0] WARNING:Eval --  (no more will be printed)[#0] WARNING:Eval -- RooAddPdf::updateCoefCache(pdfCTAU1 WARNING: sum of PDF coefficients not in range [0-1], value=1.00999[#0] WARNING:Eval --  (no more will be printed)[#0] WARNING:Eval -- RooAddPdf::updateCoefCache(pdfCTAU1 WARNING: sum of PDF coefficients not in range [0-1], value=1.00999[#0] WARNING:Eval -- 
[#0] WARNING:Eval --  (no more will be printed)[#0] WARNING:Eval -- 
[#0] WARNING:Eval -- 
[#0] WARNING:Eval -- 
[#0] WARNING:Eval -- RooAddPdf::updateCoefCache(pdfCTAU1 WARNING: sum of PDF coefficients not in range [0-1], value=1.00999[#0] WARNING:Eval -- RooAddPdf::updateCoefCache(pdfCTAU1 WARNING: sum of PDF coefficients not in range [0-1], value=1.00999[#0] WARNING:Eval -- 
[#0] WARNING:Eval -- 
[#0] WARNING:Eval -- RooAddPdf::updateCoefCache(pdfCTAU1 WARNING: sum of PDF coefficients not in range [0-1], value=1.00999[#0] WARNING:Eval -- RooAddPdf::updateCoefCache(pdfCTAU1 WARNING: sum of PDF coefficients not in range [0-1], value=1.00999[#0] WARNING:Eval -- RooAddPdf::updateCoefCache(pdfCTAU1 WARNING: sum of PDF coefficients not in range [0-1], value=1.00999[#0] WARNING:Eval -- RooAddPdf::updateCoefCache(pdfCTAU1 WARNING: sum of PDF coefficients not in range [0-1], value=1.00999[#0] WARNING:Eval -- 
[#0] WARNING:Eval -- 
[#0] WARNING:Eval -- 
[#0] WARNING:Eval -- 
[#0] WARNING:Eval -- RooAddPdf::updateCoefCache(pdfCTAU1 WARNING: sum of PDF coefficients not in range [0-1], value=1.00999[#0] WARNING:Eval -- RooAddPdf::updateCoefCache(pdfCTAU1 WARNING: sum of PDF coefficients not in range [0-1], value=1.00999[#0] WARNING:Eval -- RooAddPdf::updateCoefCache(pdfCTAU1 WARNING: sum of PDF coefficients not in range [0-1], value=1.00999[#0] WARNING:Eval -- 
[#0] WARNING:Eval -- 
[#0] WARNING:Eval -- 
[#0] WARNING:Eval -- RooAddPdf::updateCoefCache(pdfCTAU1 WARNING: sum of PDF coefficients not in range [0-1], value=1.00999[#0] WARNING:Eval -- RooAddPdf::updateCoefCache(pdfCTAU1 WARNING: sum of PDF coefficients not in range [0-1], value=1.00999[#0] WARNING:Eval -- RooAddPdf::updateCoefCache(pdfCTAU1 WARNING: sum of PDF coefficients not in range [0-1], value=1.00999[#0] WARNING:Eval -- RooAddPdf::updateCoefCache(pdfCTAU1 WARNING: sum of PDF coefficients not in range [0-1], value=1.00999[#0] WARNING:Eval -- RooAddPdf::updateCoefCache(pdfCTAU1 WARNING: sum of PDF coefficients not in range [0-1], value=1.00999[#0] WARNING:Eval -- 
[#0] WARNING:Eval --  (no more will be printed)[#0] WARNING:Eval -- 
[#0] WARNING:Eval -- 
[#0] WARNING:Eval -- 
[#0] WARNING:Eval -- RooAddPdf::updateCoefCache(pdfCTAU1 WARNING: sum of PDF coefficients not in range [0-1], value=1.00999[#0] WARNING:Eval -- 
[#0] WARNING:Eval -- RooAddPdf::updateCoefCache(pdfCTAU1 WARNING: sum of PDF coefficients not in range [0-1], value=1.00999[#0] WARNING:Eval -- RooAddPdf::updateCoefCache(pdfCTAU1 WARNING: sum of PDF coefficients not in range [0-1], value=1.00999[#0] WARNING:Eval -- RooAddPdf::updateCoefCache(pdfCTAU1 WARNING: sum of PDF coefficients not in range [0-1], value=1.00999[#0] WARNING:Eval -- 
[#0] WARNING:Eval -- 
[#0] WARNING:Eval -- 
[#0] WARNING:Eval -- 
[#0] WARNING:Eval -- RooAddPdf::updateCoefCache(pdfCTAU1 WARNING: sum of PDF coefficients not in range [0-1], value=1.00999[#0] WARNING:Eval -- RooAddPdf::updateCoefCache(pdfCTAU1 WARNING: sum of PDF coefficients not in range [0-1], value=1.00999[#0] WARNING:Eval -- RooAddPdf::updateCoefCache(pdfCTAU1 WARNING: sum of PDF coefficients not in range [0-1], value=1.00999[#0] WARNING:Eval -- 
[#0] WARNING:Eval -- RooAddPdf::updateCoefCache(pdfCTAU1 WARNING: sum of PDF coefficients not in range [0-1], value=1.00999[#0] WARNING:Eval -- 
[#0] WARNING:Eval --  (no more will be printed)[#0] WARNING:Eval -- RooAddPdf::updateCoefCache(pdfCTAU1 WARNING: sum of PDF coefficients not in range [0-1], value=1.00999[#0] WARNING:Eval -- 
[#0] WARNING:Eval -- 
[#0] WARNING:Eval -- RooAddPdf::updateCoefCache(pdfCTAU1 WARNING: sum of PDF coefficients not in range [0-1], value=1.00999[#0] WARNING:Eval --  (no more will be printed)[#0] WARNING:Eval -- RooAddPdf::updateCoefCache(pdfCTAU1 WARNING: sum of PDF coefficients not in range [0-1], value=1.00999[#0] WARNING:Eval --  (no more will be printed)[#0] WARNING:Eval -- 
[#0] WARNING:Eval --  (no more will be printed)[#0] WARNING:Eval -- 
[#0] WARNING:Eval -- 
[#0] WARNING:Minization -- RooMinimizerFcn: Minimized function has error status.
Returning maximum FCN so far (-704.329) to force MIGRAD to back out of this region. Error log follows
Parameter values: N_Bkg=2023.36, b_Bkg=0.4, fDF12=0.989108, fDFSS=1.00999, fDLIV=0.3, fDSS12=0.03, lambdaDDS_Bkg=0.4, lambdaDF_Bkg1=0.5, lambdaDF_Bkg2=0.51, lambdaDSS_Bkg1=0.3, lambdaDSS_Bkg2=0.3
PID1452223/RooRealMPFE::nll_pdfTot_Bkg_dataw_Bkg_5e8ec730db90_MPFE7[ arg=nll_pdfTot_Bkg_dataw_Bkg_GOF7 vars=(N_Bkg,b_Bkg,ctau1_CtauRes,ctau2_CtauRes,ctau3_CtauRes,f2_CtauRes,fDF12,fDFSS,fDLIV,fDSS12,f_CtauRes,lambdaDDS_Bkg,lambdaDF_Bkg1,lambdaDF_Bkg2,lambdaDSS_Bkg1,lambdaDSS_Bkg2,rS21_CtauRes,rS32_CtauRes,s1_CtauRes,zeroMean) ]
     p.d.f value is less than zero (-0.728059), forcing value to zero @ !refCoefNorm=(ctau3D = -0.0102005,ctau3DErr = 0.0142935), !pdfs=(pdfCTAUDSS = 4.8582e-07/1,pdfCTAUDF = 72.8524/1), !coefficients=(fDFSS = 1.00999)
     p.d.f value is less than zero (-0.709973), forcing value to zero @ !refCoefNorm=(ctau3D = -0.0227809,ctau3DErr = 0.0142457), !pdfs=(pdfCTAUDSS = 1.52021e-34/1,pdfCTAUDF = 71.0426/1), !coefficients=(fDFSS = 1.00999)
     p.d.f value is less than zero (-0.581582), forcing value to zero @ !refCoefNorm=(ctau3D = -0.12254,ctau3DErr = 0.0166182), !pdfs=(pdfCTAUDSS = 0/1,pdfCTAUDF = 58.1953/1), !coefficients=(fDFSS = 1.00999)
     p.d.f value is less than zero (-0.719119), forcing value to zero @ !refCoefNorm=(ctau3D = -0.0163796,ctau3DErr = 0.0141411), !pdfs=(pdfCTAUDSS = 2.77704e-18/1,pdfCTAUDF = 71.9578/1), !coefficients=(fDFSS = 1.00999)
     p.d.f value is less than zero (-0.554596), forcing value to zero @ !refCoefNorm=(ctau3D = -0.00602107,ctau3DErr = 0.0179862), !pdfs=(pdfCTAUDSS = 0.176744/1,pdfCTAUDF = 73.3574/1), !coefficients=(fDFSS = 1.00999)
     p.d.f value is less than zero (-0.709956), forcing value to zero @ !refCoefNorm=(ctau3D = -0.0227926,ctau3DErr = 0.0131383), !pdfs=(pdfCTAUDSS = 1.40224e-40/1,pdfCTAUDF = 71.0409/1), !coefficients=(fDFSS = 1.00999)
     p.d.f value is less than zero (-0.595834), forcing value to zero @ !refCoefNorm=(ctau3D = -0.110432,ctau3DErr = 0.0143453), !pdfs=(pdfCTAUDSS = 0/1,pdfCTAUDF = 59.6214/1), !coefficients=(fDFSS = 1.00999)
     p.d.f value is less than zero (-0.669712), forcing value to zero @ !refCoefNorm=(ctau3D = -0.0519771,ctau3DErr = 0.0171097), !pdfs=(pdfCTAUDSS = 2.60347e-123/1,pdfCTAUDF = 67.0139/1), !coefficients=(fDFSS = 1.00999)
     p.d.f value is less than zero (-0.705530), forcing value to zero @ !refCoefNorm=(ctau3D = -0.0259205,ctau3DErr = 0.0151074), !pdfs=(pdfCTAUDSS = 1.05884e-39/1,pdfCTAUDF = 70.598/1), !coefficients=(fDFSS = 1.00999)
     p.d.f value is less than zero (-0.722234), forcing value to zero @ !refCoefNorm=(ctau3D = -0.0142074,ctau3DErr = 0.0225732), !pdfs=(pdfCTAUDSS = 1.7305e-05/1,pdfCTAUDF = 72.2713/1), !coefficients=(fDFSS = 1.00999)
     p.d.f value is less than zero (-0.711046), forcing value to zero @ !refCoefNorm=(ctau3D = -0.00905505,ctau3DErr = 0.0213648), !pdfs=(pdfCTAUDSS = 0.0183902/1,pdfCTAUDF = 73.0086/1), !coefficients=(fDFSS = 1.00999)
     p.d.f value is less than zero (-0.543262), forcing value to zero @ !refCoefNorm=(ctau3D = -0.00469135,ctau3DErr = 0.0141454), !pdfs=(pdfCTAUDSS = 0.189823/1,pdfCTAUDF = 73.5451/1), !coefficients=(fDFSS = 1.00999)
    ... (remaining 3 messages suppressed)

[#0] WARNING:Minization -- RooMinimizerFcn: Minimized function has error status.
Returning maximum FCN so far (-704.329) to force MIGRAD to back out of this region. Error log follows
Parameter values: N_Bkg=2023.36, b_Bkg=0.4, fDF12=0.989108, fDFSS=1.00999, fDLIV=0.3, fDSS12=0.03, lambdaDDS_Bkg=0.4, lambdaDF_Bkg1=0.5, lambdaDF_Bkg2=0.51, lambdaDSS_Bkg1=0.3, lambdaDSS_Bkg2=0.3
PID1452223/RooRealMPFE::nll_pdfTot_Bkg_dataw_Bkg_5e8ec730db90_MPFE7[ arg=nll_pdfTot_Bkg_dataw_Bkg_GOF7 vars=(N_Bkg,b_Bkg,ctau1_CtauRes,ctau2_CtauRes,ctau3_CtauRes,f2_CtauRes,fDF12,fDFSS,fDLIV,fDSS12,f_CtauRes,lambdaDDS_Bkg,lambdaDF_Bkg1,lambdaDF_Bkg2,lambdaDSS_Bkg1,lambdaDSS_Bkg2,rS21_CtauRes,rS32_CtauRes,s1_CtauRes,zeroMean) ]
     p.d.f value is less than zero (-0.727970), forcing value to zero @ !refCoefNorm=(ctau3D = -0.0102005,ctau3DErr = 0.0142935), !pdfs=(pdfCTAUDSS = 4.8582e-07/1,pdfCTAUDF = 72.8524/1), !coefficients=(fDFSS = 1.00999)
     p.d.f value is less than zero (-0.709886), forcing value to zero @ !refCoefNorm=(ctau3D = -0.0227809,ctau3DErr = 0.0142457), !pdfs=(pdfCTAUDSS = 1.52021e-34/1,pdfCTAUDF = 71.0426/1), !coefficients=(fDFSS = 1.00999)
     p.d.f value is less than zero (-0.581511), forcing value to zero @ !refCoefNorm=(ctau3D = -0.12254,ctau3DErr = 0.0166182), !pdfs=(pdfCTAUDSS = 0/1,pdfCTAUDF = 58.1953/1), !coefficients=(fDFSS = 1.00999)
     p.d.f value is less than zero (-0.719031), forcing value to zero @ !refCoefNorm=(ctau3D = -0.0163796,ctau3DErr = 0.0141411), !pdfs=(pdfCTAUDSS = 2.77704e-18/1,pdfCTAUDF = 71.9578/1), !coefficients=(fDFSS = 1.00999)
     p.d.f value is less than zero (-0.554507), forcing value to zero @ !refCoefNorm=(ctau3D = -0.00602107,ctau3DErr = 0.0179862), !pdfs=(pdfCTAUDSS = 0.176744/1,pdfCTAUDF = 73.3574/1), !coefficients=(fDFSS = 1.00999)
     p.d.f value is less than zero (-0.709870), forcing value to zero @ !refCoefNorm=(ctau3D = -0.0227926,ctau3DErr = 0.0131383), !pdfs=(pdfCTAUDSS = 1.40224e-40/1,pdfCTAUDF = 71.0409/1), !coefficients=(fDFSS = 1.00999)
     p.d.f value is less than zero (-0.595762), forcing value to zero @ !refCoefNorm=(ctau3D = -0.110432,ctau3DErr = 0.0143453), !pdfs=(pdfCTAUDSS = 0/1,pdfCTAUDF = 59.6214/1), !coefficients=(fDFSS = 1.00999)
     p.d.f value is less than zero (-0.669630), forcing value to zero @ !refCoefNorm=(ctau3D = -0.0519771,ctau3DErr = 0.0171097), !pdfs=(pdfCTAUDSS = 2.60347e-123/1,pdfCTAUDF = 67.0139/1), !coefficients=(fDFSS = 1.00999)
     p.d.f value is less than zero (-0.705444), forcing value to zero @ !refCoefNorm=(ctau3D = -0.0259205,ctau3DErr = 0.0151074), !pdfs=(pdfCTAUDSS = 1.05884e-39/1,pdfCTAUDF = 70.598/1), !coefficients=(fDFSS = 1.00999)
     p.d.f value is less than zero (-0.722146), forcing value to zero @ !refCoefNorm=(ctau3D = -0.0142074,ctau3DErr = 0.0225732), !pdfs=(pdfCTAUDSS = 1.7305e-05/1,pdfCTAUDF = 72.2713/1), !coefficients=(fDFSS = 1.00999)
     p.d.f value is less than zero (-0.710957), forcing value to zero @ !refCoefNorm=(ctau3D = -0.00905505,ctau3DErr = 0.0213648), !pdfs=(pdfCTAUDSS = 0.0183902/1,pdfCTAUDF = 73.0086/1), !coefficients=(fDFSS = 1.00999)
     p.d.f value is less than zero (-0.543173), forcing value to zero @ !refCoefNorm=(ctau3D = -0.00469135,ctau3DErr = 0.0141454), !pdfs=(pdfCTAUDSS = 0.189823/1,pdfCTAUDF = 73.5451/1), !coefficients=(fDFSS = 1.00999)
    ... (remaining 3 messages suppressed)

[#0] WARNING:Minization -- RooMinimizerFcn: Minimized function has error status.
Returning maximum FCN so far (-704.329) to force MIGRAD to back out of this region. Error log follows
Parameter values: N_Bkg=2023.36, b_Bkg=0.4, fDF12=0.989108, fDFSS=1.00587, fDLIV=0.3, fDSS12=0.03, lambdaDDS_Bkg=0.4, lambdaDF_Bkg1=0.5, lambdaDF_Bkg2=0.51, lambdaDSS_Bkg1=0.3, lambdaDSS_Bkg2=0.3
PID1452223/RooRealMPFE::nll_pdfTot_Bkg_dataw_Bkg_5e8ec730db90_MPFE7[ arg=nll_pdfTot_Bkg_dataw_Bkg_GOF7 vars=(N_Bkg,b_Bkg,ctau1_CtauRes,ctau2_CtauRes,ctau3_CtauRes,f2_CtauRes,fDF12,fDFSS,fDLIV,fDSS12,f_CtauRes,lambdaDDS_Bkg,lambdaDF_Bkg1,lambdaDF_Bkg2,lambdaDSS_Bkg1,lambdaDSS_Bkg2,rS21_CtauRes,rS32_CtauRes,s1_CtauRes,zeroMean) ]
     p.d.f value is less than zero (-0.427578), forcing value to zero @ !refCoefNorm=(ctau3D = -0.0102005,ctau3DErr = 0.0142935), !pdfs=(pdfCTAUDSS = 4.8582e-07/1,pdfCTAUDF = 72.8524/1), !coefficients=(fDFSS = 1.00587)
     p.d.f value is less than zero (-0.416957), forcing value to zero @ !refCoefNorm=(ctau3D = -0.0227809,ctau3DErr = 0.0142457), !pdfs=(pdfCTAUDSS = 1.52021e-34/1,pdfCTAUDF = 71.0426/1), !coefficients=(fDFSS = 1.00587)
     p.d.f value is less than zero (-0.341554), forcing value to zero @ !refCoefNorm=(ctau3D = -0.12254,ctau3DErr = 0.0166182), !pdfs=(pdfCTAUDSS = 0/1,pdfCTAUDF = 58.1953/1), !coefficients=(fDFSS = 1.00587)
     p.d.f value is less than zero (-0.422328), forcing value to zero @ !refCoefNorm=(ctau3D = -0.0163796,ctau3DErr = 0.0141411), !pdfs=(pdfCTAUDSS = 2.77704e-18/1,pdfCTAUDF = 71.9578/1), !coefficients=(fDFSS = 1.00587)
     p.d.f value is less than zero (-0.252761), forcing value to zero @ !refCoefNorm=(ctau3D = -0.00602107,ctau3DErr = 0.0179862), !pdfs=(pdfCTAUDSS = 0.176744/1,pdfCTAUDF = 73.3574/1), !coefficients=(fDFSS = 1.00587)
     p.d.f value is less than zero (-0.416947), forcing value to zero @ !refCoefNorm=(ctau3D = -0.0227926,ctau3DErr = 0.0131383), !pdfs=(pdfCTAUDSS = 1.40224e-40/1,pdfCTAUDF = 71.0409/1), !coefficients=(fDFSS = 1.00587)
     p.d.f value is less than zero (-0.349925), forcing value to zero @ !refCoefNorm=(ctau3D = -0.110432,ctau3DErr = 0.0143453), !pdfs=(pdfCTAUDSS = 0/1,pdfCTAUDF = 59.6214/1), !coefficients=(fDFSS = 1.00587)
     p.d.f value is less than zero (-0.393312), forcing value to zero @ !refCoefNorm=(ctau3D = -0.0519771,ctau3DErr = 0.0171097), !pdfs=(pdfCTAUDSS = 2.60347e-123/1,pdfCTAUDF = 67.0139/1), !coefficients=(fDFSS = 1.00587)
     p.d.f value is less than zero (-0.414348), forcing value to zero @ !refCoefNorm=(ctau3D = -0.0259205,ctau3DErr = 0.0151074), !pdfs=(pdfCTAUDSS = 1.05884e-39/1,pdfCTAUDF = 70.598/1), !coefficients=(fDFSS = 1.00587)
     p.d.f value is less than zero (-0.424151), forcing value to zero @ !refCoefNorm=(ctau3D = -0.0142074,ctau3DErr = 0.0225732), !pdfs=(pdfCTAUDSS = 1.7305e-05/1,pdfCTAUDF = 72.2713/1), !coefficients=(fDFSS = 1.00587)
     p.d.f value is less than zero (-0.409997), forcing value to zero @ !refCoefNorm=(ctau3D = -0.00905505,ctau3DErr = 0.0213648), !pdfs=(pdfCTAUDSS = 0.0183902/1,pdfCTAUDF = 73.0086/1), !coefficients=(fDFSS = 1.00587)
     p.d.f value is less than zero (-0.240708), forcing value to zero @ !refCoefNorm=(ctau3D = -0.00469135,ctau3DErr = 0.0141454), !pdfs=(pdfCTAUDSS = 0.189823/1,pdfCTAUDF = 73.5451/1), !coefficients=(fDFSS = 1.00587)
    ... (remaining 3 messages suppressed)

[#0] WARNING:Minization -- RooMinimizerFcn: Minimized function has error status.
Returning maximum FCN so far (-704.329) to force MIGRAD to back out of this region. Error log follows
Parameter values: N_Bkg=107.728, b_Bkg=0.796345, fDF12=1, fDFSS=1.01, fDLIV=0.271911, fDSS12=0.03, lambdaDDS_Bkg=0.0499539, lambdaDF_Bkg1=0.454765, lambdaDF_Bkg2=0.509454, lambdaDSS_Bkg1=0.12107, lambdaDSS_Bkg2=0.20028
PID1452223/RooRealMPFE::nll_pdfTot_Bkg_dataw_Bkg_5e8ec730db90_MPFE7[ arg=nll_pdfTot_Bkg_dataw_Bkg_GOF7 vars=(N_Bkg,b_Bkg,ctau1_CtauRes,ctau2_CtauRes,ctau3_CtauRes,f2_CtauRes,fDF12,fDFSS,fDLIV,fDSS12,f_CtauRes,lambdaDDS_Bkg,lambdaDF_Bkg1,lambdaDF_Bkg2,lambdaDSS_Bkg1,lambdaDSS_Bkg2,rS21_CtauRes,rS32_CtauRes,s1_CtauRes,zeroMean) ]
     p.d.f value is less than zero (-0.799382), forcing value to zero @ !refCoefNorm=(ctau3D = -0.0102005,ctau3DErr = 0.0142935), !pdfs=(pdfCTAUDSS = 7.41579e-07/1,pdfCTAUDF = 79.9385/1), !coefficients=(fDFSS = 1.01)
     p.d.f value is less than zero (-0.777572), forcing value to zero @ !refCoefNorm=(ctau3D = -0.0227809,ctau3DErr = 0.0142457), !pdfs=(pdfCTAUDSS = 2.32122e-34/1,pdfCTAUDF = 77.7575/1), !coefficients=(fDFSS = 1.01)
     p.d.f value is less than zero (-0.624413), forcing value to zero @ !refCoefNorm=(ctau3D = -0.12254,ctau3DErr = 0.0166182), !pdfs=(pdfCTAUDSS = 0/1,pdfCTAUDF = 62.4416/1), !coefficients=(fDFSS = 1.01)
     p.d.f value is less than zero (-0.788594), forcing value to zero @ !refCoefNorm=(ctau3D = -0.0163796,ctau3DErr = 0.0141411), !pdfs=(pdfCTAUDSS = 4.23988e-18/1,pdfCTAUDF = 78.8597/1), !coefficients=(fDFSS = 1.01)
     p.d.f value is less than zero (-0.533307), forcing value to zero @ !refCoefNorm=(ctau3D = -0.00602107,ctau3DErr = 0.0179862), !pdfs=(pdfCTAUDSS = 0.26959/1,pdfCTAUDF = 80.5596/1), !coefficients=(fDFSS = 1.01)
     p.d.f value is less than zero (-0.777551), forcing value to zero @ !refCoefNorm=(ctau3D = -0.0227926,ctau3DErr = 0.0131383), !pdfs=(pdfCTAUDSS = 2.14117e-40/1,pdfCTAUDF = 77.7554/1), !coefficients=(fDFSS = 1.01)
     p.d.f value is less than zero (-0.641261), forcing value to zero @ !refCoefNorm=(ctau3D = -0.110432,ctau3DErr = 0.0143453), !pdfs=(pdfCTAUDSS = 0/1,pdfCTAUDF = 64.1264/1), !coefficients=(fDFSS = 1.01)
     p.d.f value is less than zero (-0.729221), forcing value to zero @ !refCoefNorm=(ctau3D = -0.0519771,ctau3DErr = 0.0171097), !pdfs=(pdfCTAUDSS = 3.97563e-123/1,pdfCTAUDF = 72.9224/1), !coefficients=(fDFSS = 1.01)
     p.d.f value is less than zero (-0.772222), forcing value to zero @ !refCoefNorm=(ctau3D = -0.0259205,ctau3DErr = 0.0151074), !pdfs=(pdfCTAUDSS = 1.61675e-39/1,pdfCTAUDF = 77.2225/1), !coefficients=(fDFSS = 1.01)
     p.d.f value is less than zero (-0.792347), forcing value to zero @ !refCoefNorm=(ctau3D = -0.0142074,ctau3DErr = 0.0225732), !pdfs=(pdfCTAUDSS = 2.64039e-05/1,pdfCTAUDF = 79.2376/1), !coefficients=(fDFSS = 1.01)
     p.d.f value is less than zero (-0.772948), forcing value to zero @ !refCoefNorm=(ctau3D = -0.00905505,ctau3DErr = 0.0213648), !pdfs=(pdfCTAUDSS = 0.028051/1,pdfCTAUDF = 80.1282/1), !coefficients=(fDFSS = 1.01)
     p.d.f value is less than zero (-0.515355), forcing value to zero @ !refCoefNorm=(ctau3D = -0.00469135,ctau3DErr = 0.0141454), !pdfs=(pdfCTAUDSS = 0.289618/1,pdfCTAUDF = 80.7872/1), !coefficients=(fDFSS = 1.01)
    ... (remaining 3 messages suppressed)

[#0] WARNING:Minization -- RooMinimizerFcn: Minimized function has error status.
Returning maximum FCN so far (-704.329) to force MIGRAD to back out of this region. Error log follows
Parameter values: N_Bkg=787.759, b_Bkg=0.602822, fDF12=0.997111, fDFSS=1.00585, fDLIV=0.999952, fDSS12=0.03, lambdaDDS_Bkg=0.197215, lambdaDF_Bkg1=0.477865, lambdaDF_Bkg2=0.509733, lambdaDSS_Bkg1=0.205114, lambdaDSS_Bkg2=0.249576
PID1452223/RooRealMPFE::nll_pdfTot_Bkg_dataw_Bkg_5e8ec730db90_MPFE7[ arg=nll_pdfTot_Bkg_dataw_Bkg_GOF7 vars=(N_Bkg,b_Bkg,ctau1_CtauRes,ctau2_CtauRes,ctau3_CtauRes,f2_CtauRes,fDF12,fDFSS,fDLIV,fDSS12,f_CtauRes,lambdaDDS_Bkg,lambdaDF_Bkg1,lambdaDF_Bkg2,lambdaDSS_Bkg1,lambdaDSS_Bkg2,rS21_CtauRes,rS32_CtauRes,s1_CtauRes,zeroMean) ]
     p.d.f value is less than zero (-0.445714), forcing value to zero @ !refCoefNorm=(ctau3D = -0.0102005,ctau3DErr = 0.0142935), !pdfs=(pdfCTAUDSS = 5.87644e-07/1,pdfCTAUDF = 76.1496/1), !coefficients=(fDFSS = 1.00585)
     p.d.f value is less than zero (-0.434136), forcing value to zero @ !refCoefNorm=(ctau3D = -0.0227809,ctau3DErr = 0.0142457), !pdfs=(pdfCTAUDSS = 1.83905e-34/1,pdfCTAUDF = 74.1713/1), !coefficients=(fDFSS = 1.00585)
     p.d.f value is less than zero (-0.352353), forcing value to zero @ !refCoefNorm=(ctau3D = -0.12254,ctau3DErr = 0.0166182), !pdfs=(pdfCTAUDSS = 0/1,pdfCTAUDF = 60.1989/1), !coefficients=(fDFSS = 1.00585)
     p.d.f value is less than zero (-0.439989), forcing value to zero @ !refCoefNorm=(ctau3D = -0.0163796,ctau3DErr = 0.0141411), !pdfs=(pdfCTAUDSS = 3.35935e-18/1,pdfCTAUDF = 75.1714/1), !coefficients=(fDFSS = 1.00585)
     p.d.f value is less than zero (-0.234000), forcing value to zero @ !refCoefNorm=(ctau3D = -0.00602107,ctau3DErr = 0.0179862), !pdfs=(pdfCTAUDSS = 0.213727/1,pdfCTAUDF = 76.7071/1), !coefficients=(fDFSS = 1.00585)
     p.d.f value is less than zero (-0.434125), forcing value to zero @ !refCoefNorm=(ctau3D = -0.0227926,ctau3DErr = 0.0131383), !pdfs=(pdfCTAUDSS = 1.69636e-40/1,pdfCTAUDF = 74.1695/1), !coefficients=(fDFSS = 1.00585)
     p.d.f value is less than zero (-0.361393), forcing value to zero @ !refCoefNorm=(ctau3D = -0.110432,ctau3DErr = 0.0143453), !pdfs=(pdfCTAUDSS = 0/1,pdfCTAUDF = 61.7434/1), !coefficients=(fDFSS = 1.00585)
     p.d.f value is less than zero (-0.408410), forcing value to zero @ !refCoefNorm=(ctau3D = -0.0519771,ctau3DErr = 0.0171097), !pdfs=(pdfCTAUDSS = 3.14962e-123/1,pdfCTAUDF = 69.7761/1), !coefficients=(fDFSS = 1.00585)
     p.d.f value is less than zero (-0.431293), forcing value to zero @ !refCoefNorm=(ctau3D = -0.0259205,ctau3DErr = 0.0151074), !pdfs=(pdfCTAUDSS = 1.28091e-39/1,pdfCTAUDF = 73.6857/1), !coefficients=(fDFSS = 1.00585)
     p.d.f value is less than zero (-0.441974), forcing value to zero @ !refCoefNorm=(ctau3D = -0.0142074,ctau3DErr = 0.0225732), !pdfs=(pdfCTAUDSS = 2.09285e-05/1,pdfCTAUDF = 75.5141/1), !coefficients=(fDFSS = 1.00585)
     p.d.f value is less than zero (-0.424349), forcing value to zero @ !refCoefNorm=(ctau3D = -0.00905505,ctau3DErr = 0.0213648), !pdfs=(pdfCTAUDSS = 0.0222383/1,pdfCTAUDF = 76.3209/1), !coefficients=(fDFSS = 1.00585)
     p.d.f value is less than zero (-0.219272), forcing value to zero @ !refCoefNorm=(ctau3D = -0.00469135,ctau3DErr = 0.0141454), !pdfs=(pdfCTAUDSS = 0.229566/1,pdfCTAUDF = 76.9128/1), !coefficients=(fDFSS = 1.00585)
    ... (remaining 3 messages suppressed)

[#0] WARNING:Minization -- RooMinimizerFcn: Minimized function has error status.
Returning maximum FCN so far (-704.329) to force MIGRAD to back out of this region. Error log follows
Parameter values: N_Bkg=1361.77, b_Bkg=0.49687, fDF12=0.993566, fDFSS=1.00071, fDLIV=0.752132, fDSS12=0.03, lambdaDDS_Bkg=0.297994, lambdaDF_Bkg1=0.489424, lambdaDF_Bkg2=0.509872, lambdaDSS_Bkg1=0.253188, lambdaDSS_Bkg2=0.275555
PID1452223/RooRealMPFE::nll_pdfTot_Bkg_dataw_Bkg_5e8ec730db90_MPFE7[ arg=nll_pdfTot_Bkg_dataw_Bkg_GOF7 vars=(N_Bkg,b_Bkg,ctau1_CtauRes,ctau2_CtauRes,ctau3_CtauRes,f2_CtauRes,fDF12,fDFSS,fDLIV,fDSS12,f_CtauRes,lambdaDDS_Bkg,lambdaDF_Bkg1,lambdaDF_Bkg2,lambdaDSS_Bkg1,lambdaDSS_Bkg2,rS21_CtauRes,rS32_CtauRes,s1_CtauRes,zeroMean) ]
     p.d.f value is less than zero (-0.052862), forcing value to zero @ !refCoefNorm=(ctau3D = -0.0102005,ctau3DErr = 0.0142935), !pdfs=(pdfCTAUDSS = 5.3027e-07/1,pdfCTAUDF = 74.3867/1), !coefficients=(fDFSS = 1.00071)
     p.d.f value is less than zero (-0.051521), forcing value to zero @ !refCoefNorm=(ctau3D = -0.0227809,ctau3DErr = 0.0142457), !pdfs=(pdfCTAUDSS = 1.65939e-34/1,pdfCTAUDF = 72.4994/1), !coefficients=(fDFSS = 1.00071)
     p.d.f value is less than zero (-0.042023), forcing value to zero @ !refCoefNorm=(ctau3D = -0.12254,ctau3DErr = 0.0166182), !pdfs=(pdfCTAUDSS = 0/1,pdfCTAUDF = 59.1337/1), !coefficients=(fDFSS = 1.00071)
     p.d.f value is less than zero (-0.052199), forcing value to zero @ !refCoefNorm=(ctau3D = -0.0163796,ctau3DErr = 0.0141411), !pdfs=(pdfCTAUDSS = 3.03123e-18/1,pdfCTAUDF = 73.4537/1), !coefficients=(fDFSS = 1.00071)
     p.d.f value is less than zero (-0.051520), forcing value to zero @ !refCoefNorm=(ctau3D = -0.0227926,ctau3DErr = 0.0131383), !pdfs=(pdfCTAUDSS = 1.53063e-40/1,pdfCTAUDF = 72.4977/1), !coefficients=(fDFSS = 1.00071)
     p.d.f value is less than zero (-0.043075), forcing value to zero @ !refCoefNorm=(ctau3D = -0.110432,ctau3DErr = 0.0143453), !pdfs=(pdfCTAUDSS = 0/1,pdfCTAUDF = 60.6145/1), !coefficients=(fDFSS = 1.00071)
     p.d.f value is less than zero (-0.048538), forcing value to zero @ !refCoefNorm=(ctau3D = -0.0519771,ctau3DErr = 0.0171097), !pdfs=(pdfCTAUDSS = 2.84187e-123/1,pdfCTAUDF = 68.3021/1), !coefficients=(fDFSS = 1.00071)
     p.d.f value is less than zero (-0.051192), forcing value to zero @ !refCoefNorm=(ctau3D = -0.0259205,ctau3DErr = 0.0151074), !pdfs=(pdfCTAUDSS = 1.15578e-39/1,pdfCTAUDF = 72.036/1), !coefficients=(fDFSS = 1.00071)
     p.d.f value is less than zero (-0.052413), forcing value to zero @ !refCoefNorm=(ctau3D = -0.0142074,ctau3DErr = 0.0225732), !pdfs=(pdfCTAUDSS = 1.8887e-05/1,pdfCTAUDF = 73.7806/1), !coefficients=(fDFSS = 1.00071)
     p.d.f value is less than zero (-0.032894), forcing value to zero @ !refCoefNorm=(ctau3D = -0.00905505,ctau3DErr = 0.0213648), !pdfs=(pdfCTAUDSS = 0.0200704/1,pdfCTAUDF = 74.5498/1), !coefficients=(fDFSS = 1.00071)
     p.d.f value is less than zero (-0.052610), forcing value to zero @ !refCoefNorm=(ctau3D = -0.0125222,ctau3DErr = 0.0182945), !pdfs=(pdfCTAUDSS = 1.91538e-06/1,pdfCTAUDF = 74.0349/1), !coefficients=(fDFSS = 1.00071)

[#0] WARNING:Minization -- RooMinimizerFcn: Minimized function has error status.
Returning maximum FCN so far (-704.329) to force MIGRAD to back out of this region. Error log follows
Parameter values: N_Bkg=241.155, b_Bkg=0.853348, fDF12=0.716266, fDFSS=1.00627, fDLIV=0.893639, fDSS12=0.990734, lambdaDDS_Bkg=0.0858676, lambdaDF_Bkg1=0.398798, lambdaDF_Bkg2=0.509416, lambdaDSS_Bkg1=0.941423, lambdaDSS_Bkg2=0.51116
PID1452223/RooRealMPFE::nll_pdfTot_Bkg_dataw_Bkg_5e8ec730db90_MPFE7[ arg=nll_pdfTot_Bkg_dataw_Bkg_GOF7 vars=(N_Bkg,b_Bkg,ctau1_CtauRes,ctau2_CtauRes,ctau3_CtauRes,f2_CtauRes,fDF12,fDFSS,fDLIV,fDSS12,f_CtauRes,lambdaDDS_Bkg,lambdaDF_Bkg1,lambdaDF_Bkg2,lambdaDSS_Bkg1,lambdaDSS_Bkg2,rS21_CtauRes,rS32_CtauRes,s1_CtauRes,zeroMean) ]
     p.d.f value is less than zero (-0.534922), forcing value to zero @ !refCoefNorm=(ctau3D = -0.0102005,ctau3DErr = 0.0142935), !pdfs=(pdfCTAUDSS = 1.56285e-07/1,pdfCTAUDF = 85.3822/1), !coefficients=(fDFSS = 1.00627)
     p.d.f value is less than zero (-0.519158), forcing value to zero @ !refCoefNorm=(ctau3D = -0.0227809,ctau3DErr = 0.0142457), !pdfs=(pdfCTAUDSS = 4.8886e-35/1,pdfCTAUDF = 82.866/1), !coefficients=(fDFSS = 1.00627)
     p.d.f value is less than zero (-0.409655), forcing value to zero @ !refCoefNorm=(ctau3D = -0.12254,ctau3DErr = 0.0166182), !pdfs=(pdfCTAUDSS = 0/1,pdfCTAUDF = 65.3874/1), !coefficients=(fDFSS = 1.00627)
     p.d.f value is less than zero (-0.115240), forcing value to zero @ !refCoefNorm=(ctau3D = -0.00378208,ctau3DErr = 0.0160498), !pdfs=(pdfCTAUDSS = 0.419495/1,pdfCTAUDF = 85.7717/1), !coefficients=(fDFSS = 1.00627)
     p.d.f value is less than zero (-0.527120), forcing value to zero @ !refCoefNorm=(ctau3D = -0.0163796,ctau3DErr = 0.0141411), !pdfs=(pdfCTAUDSS = 8.93126e-19/1,pdfCTAUDF = 84.1368/1), !coefficients=(fDFSS = 1.00627)
     p.d.f value is less than zero (-0.482215), forcing value to zero @ !refCoefNorm=(ctau3D = -0.00602107,ctau3DErr = 0.0179862), !pdfs=(pdfCTAUDSS = 0.05691/1,pdfCTAUDF = 86.1099/1), !coefficients=(fDFSS = 1.00627)
     p.d.f value is less than zero (-0.519143), forcing value to zero @ !refCoefNorm=(ctau3D = -0.0227926,ctau3DErr = 0.0131383), !pdfs=(pdfCTAUDSS = 4.50902e-41/1,pdfCTAUDF = 82.8636/1), !coefficients=(fDFSS = 1.00627)
     p.d.f value is less than zero (-0.421592), forcing value to zero @ !refCoefNorm=(ctau3D = -0.110432,ctau3DErr = 0.0143453), !pdfs=(pdfCTAUDSS = 0/1,pdfCTAUDF = 67.2928/1), !coefficients=(fDFSS = 1.00627)
     p.d.f value is less than zero (-0.484357), forcing value to zero @ !refCoefNorm=(ctau3D = -0.0519771,ctau3DErr = 0.0171097), !pdfs=(pdfCTAUDSS = 8.37109e-124/1,pdfCTAUDF = 77.3112/1), !coefficients=(fDFSS = 1.00627)
     p.d.f value is less than zero (-0.515298), forcing value to zero @ !refCoefNorm=(ctau3D = -0.0259205,ctau3DErr = 0.0151074), !pdfs=(pdfCTAUDSS = 3.40493e-40/1,pdfCTAUDF = 82.2498/1), !coefficients=(fDFSS = 1.00627)
     p.d.f value is less than zero (-0.529847), forcing value to zero @ !refCoefNorm=(ctau3D = -0.0142074,ctau3DErr = 0.0225732), !pdfs=(pdfCTAUDSS = 5.56989e-06/1,pdfCTAUDF = 84.5729/1), !coefficients=(fDFSS = 1.00627)
     p.d.f value is less than zero (-0.530343), forcing value to zero @ !refCoefNorm=(ctau3D = -0.00905505,ctau3DErr = 0.0213648), !pdfs=(pdfCTAUDSS = 0.00592146/1,pdfCTAUDF = 85.6024/1), !coefficients=(fDFSS = 1.00627)
    ... (remaining 4 messages suppressed)

[#0] WARNING:Minization -- RooMinimizerFcn: Minimized function has error status.
Returning maximum FCN so far (-704.329) to force MIGRAD to back out of this region. Error log follows
Parameter values: N_Bkg=196.603, b_Bkg=0.926133, fDF12=0.963667, fDFSS=1.00988, fDLIV=0.988235, fDSS12=0.281394, lambdaDDS_Bkg=0.0143845, lambdaDF_Bkg1=0.388746, lambdaDF_Bkg2=0.510324, lambdaDSS_Bkg1=0.8039, lambdaDSS_Bkg2=0.299924
PID1452223/RooRealMPFE::nll_pdfTot_Bkg_dataw_Bkg_5e8ec730db90_MPFE7[ arg=nll_pdfTot_Bkg_dataw_Bkg_GOF7 vars=(N_Bkg,b_Bkg,ctau1_CtauRes,ctau2_CtauRes,ctau3_CtauRes,f2_CtauRes,fDF12,fDFSS,fDLIV,fDSS12,f_CtauRes,lambdaDDS_Bkg,lambdaDF_Bkg1,lambdaDF_Bkg2,lambdaDSS_Bkg1,lambdaDSS_Bkg2,rS21_CtauRes,rS32_CtauRes,s1_CtauRes,zeroMean) ]
     p.d.f value is less than zero (-0.912291), forcing value to zero @ !refCoefNorm=(ctau3D = -0.0102005,ctau3DErr = 0.0142935), !pdfs=(pdfCTAUDSS = 4.00267e-07/1,pdfCTAUDF = 92.3586/1), !coefficients=(fDFSS = 1.00988)
     p.d.f value is less than zero (-0.883433), forcing value to zero @ !refCoefNorm=(ctau3D = -0.0227809,ctau3DErr = 0.0142457), !pdfs=(pdfCTAUDSS = 1.25245e-34/1,pdfCTAUDF = 89.437/1), !coefficients=(fDFSS = 1.00988)
     p.d.f value is less than zero (-0.684701), forcing value to zero @ !refCoefNorm=(ctau3D = -0.12254,ctau3DErr = 0.0166182), !pdfs=(pdfCTAUDSS = 0/1,pdfCTAUDF = 69.3178/1), !coefficients=(fDFSS = 1.00988)
     p.d.f value is less than zero (-0.898001), forcing value to zero @ !refCoefNorm=(ctau3D = -0.0163796,ctau3DErr = 0.0141411), !pdfs=(pdfCTAUDSS = 2.28793e-18/1,pdfCTAUDF = 90.9119/1), !coefficients=(fDFSS = 1.00988)
     p.d.f value is less than zero (-0.773673), forcing value to zero @ !refCoefNorm=(ctau3D = -0.00602107,ctau3DErr = 0.0179862), !pdfs=(pdfCTAUDSS = 0.145635/1,pdfCTAUDF = 93.2146/1), !coefficients=(fDFSS = 1.00988)
     p.d.f value is less than zero (-0.883406), forcing value to zero @ !refCoefNorm=(ctau3D = -0.0227926,ctau3DErr = 0.0131383), !pdfs=(pdfCTAUDSS = 1.15525e-40/1,pdfCTAUDF = 89.4343/1), !coefficients=(fDFSS = 1.00988)
     p.d.f value is less than zero (-0.706205), forcing value to zero @ !refCoefNorm=(ctau3D = -0.110432,ctau3DErr = 0.0143453), !pdfs=(pdfCTAUDSS = 0/1,pdfCTAUDF = 71.4949/1), !coefficients=(fDFSS = 1.00988)
     p.d.f value is less than zero (-0.819935), forcing value to zero @ !refCoefNorm=(ctau3D = -0.0519771,ctau3DErr = 0.0171097), !pdfs=(pdfCTAUDSS = 2.14487e-123/1,pdfCTAUDF = 83.0086/1), !coefficients=(fDFSS = 1.00988)
     p.d.f value is less than zero (-0.876375), forcing value to zero @ !refCoefNorm=(ctau3D = -0.0259205,ctau3DErr = 0.0151074), !pdfs=(pdfCTAUDSS = 8.72337e-40/1,pdfCTAUDF = 88.7225/1), !coefficients=(fDFSS = 1.00988)
     p.d.f value is less than zero (-0.902990), forcing value to zero @ !refCoefNorm=(ctau3D = -0.0142074,ctau3DErr = 0.0225732), !pdfs=(pdfCTAUDSS = 1.42585e-05/1,pdfCTAUDF = 91.4184/1), !coefficients=(fDFSS = 1.00988)
     p.d.f value is less than zero (-0.899527), forcing value to zero @ !refCoefNorm=(ctau3D = -0.00905505,ctau3DErr = 0.0213648), !pdfs=(pdfCTAUDSS = 0.0151533/1,pdfCTAUDF = 92.6156/1), !coefficients=(fDFSS = 1.00988)
     p.d.f value is less than zero (-0.765835), forcing value to zero @ !refCoefNorm=(ctau3D = -0.00469135,ctau3DErr = 0.0141454), !pdfs=(pdfCTAUDSS = 0.156406/1,pdfCTAUDF = 93.5222/1), !coefficients=(fDFSS = 1.00988)
    ... (remaining 3 messages suppressed)

[#0] WARNING:Minization -- RooMinimizerFcn: Minimized function has error status.
Returning maximum FCN so far (-704.329) to force MIGRAD to back out of this region. Error log follows
Parameter values: N_Bkg=308.17, b_Bkg=0.754378, fDF12=0.991436, fDFSS=1.00028, fDLIV=0.519266, fDSS12=0.00131194, lambdaDDS_Bkg=0.391565, lambdaDF_Bkg1=0.439365, lambdaDF_Bkg2=0.510052, lambdaDSS_Bkg1=0.934168, lambdaDSS_Bkg2=0.617898
PID1452223/RooRealMPFE::nll_pdfTot_Bkg_dataw_Bkg_5e8ec730db90_MPFE7[ arg=nll_pdfTot_Bkg_dataw_Bkg_GOF7 vars=(N_Bkg,b_Bkg,ctau1_CtauRes,ctau2_CtauRes,ctau3_CtauRes,f2_CtauRes,fDF12,fDFSS,fDLIV,fDSS12,f_CtauRes,lambdaDDS_Bkg,lambdaDF_Bkg1,lambdaDF_Bkg2,lambdaDSS_Bkg1,lambdaDSS_Bkg2,rS21_CtauRes,rS32_CtauRes,s1_CtauRes,zeroMean) ]
     p.d.f value is less than zero (-0.023050), forcing value to zero @ !refCoefNorm=(ctau3D = -0.0102005,ctau3DErr = 0.0142935), !pdfs=(pdfCTAUDSS = 2.35901e-07/1,pdfCTAUDF = 82.5762/1), !coefficients=(fDFSS = 1.00028)
     p.d.f value is less than zero (-0.022400), forcing value to zero @ !refCoefNorm=(ctau3D = -0.0227809,ctau3DErr = 0.0142457), !pdfs=(pdfCTAUDSS = 7.37964e-35/1,pdfCTAUDF = 80.2477/1), !coefficients=(fDFSS = 1.00028)
     p.d.f value is less than zero (-0.017854), forcing value to zero @ !refCoefNorm=(ctau3D = -0.12254,ctau3DErr = 0.0166182), !pdfs=(pdfCTAUDSS = 0/1,pdfCTAUDF = 63.9629/1), !coefficients=(fDFSS = 1.00028)
     p.d.f value is less than zero (-0.022728), forcing value to zero @ !refCoefNorm=(ctau3D = -0.0163796,ctau3DErr = 0.0141411), !pdfs=(pdfCTAUDSS = 1.34819e-18/1,pdfCTAUDF = 81.4242/1), !coefficients=(fDFSS = 1.00028)
     p.d.f value is less than zero (-0.022399), forcing value to zero @ !refCoefNorm=(ctau3D = -0.0227926,ctau3DErr = 0.0131383), !pdfs=(pdfCTAUDSS = 6.80672e-41/1,pdfCTAUDF = 80.2455/1), !coefficients=(fDFSS = 1.00028)
     p.d.f value is less than zero (-0.018353), forcing value to zero @ !refCoefNorm=(ctau3D = -0.110432,ctau3DErr = 0.0143453), !pdfs=(pdfCTAUDSS = 0/1,pdfCTAUDF = 65.7482/1), !coefficients=(fDFSS = 1.00028)
     p.d.f value is less than zero (-0.020961), forcing value to zero @ !refCoefNorm=(ctau3D = -0.0519771,ctau3DErr = 0.0171097), !pdfs=(pdfCTAUDSS = 1.2637e-123/1,pdfCTAUDF = 75.0937/1), !coefficients=(fDFSS = 1.00028)
     p.d.f value is less than zero (-0.022240), forcing value to zero @ !refCoefNorm=(ctau3D = -0.0259205,ctau3DErr = 0.0151074), !pdfs=(pdfCTAUDSS = 5.13996e-40/1,pdfCTAUDF = 79.6769/1), !coefficients=(fDFSS = 1.00028)
     p.d.f value is less than zero (-0.022832), forcing value to zero @ !refCoefNorm=(ctau3D = -0.0142074,ctau3DErr = 0.0225732), !pdfs=(pdfCTAUDSS = 8.40625e-06/1,pdfCTAUDF = 81.8277/1), !coefficients=(fDFSS = 1.00028)
     p.d.f value is less than zero (-0.014168), forcing value to zero @ !refCoefNorm=(ctau3D = -0.00905505,ctau3DErr = 0.0213648), !pdfs=(pdfCTAUDSS = 0.00893603/1,pdfCTAUDF = 82.7793/1), !coefficients=(fDFSS = 1.00028)
     p.d.f value is less than zero (-0.022928), forcing value to zero @ !refCoefNorm=(ctau3D = -0.0125222,ctau3DErr = 0.0182945), !pdfs=(pdfCTAUDSS = 8.52267e-07/1,pdfCTAUDF = 82.1416/1), !coefficients=(fDFSS = 1.00028)

[#0] WARNING:Minization -- RooMinimizerFcn: Minimized function has error status.
Returning maximum FCN so far (-704.329) to force MIGRAD to back out of this region. Error log follows
Parameter values: N_Bkg=127.452, b_Bkg=0.99648, fDF12=0.039485, fDFSS=1.00126, fDLIV=0.976922, fDSS12=0.466791, lambdaDDS_Bkg=0.760622, lambdaDF_Bkg1=0.489763, lambdaDF_Bkg2=0.512097, lambdaDSS_Bkg1=0.474456, lambdaDSS_Bkg2=0.0045844
PID1452223/RooRealMPFE::nll_pdfTot_Bkg_dataw_Bkg_5e8ec730db90_MPFE7[ arg=nll_pdfTot_Bkg_dataw_Bkg_GOF7 vars=(N_Bkg,b_Bkg,ctau1_CtauRes,ctau2_CtauRes,ctau3_CtauRes,f2_CtauRes,fDF12,fDFSS,fDLIV,fDSS12,f_CtauRes,lambdaDDS_Bkg,lambdaDF_Bkg1,lambdaDF_Bkg2,lambdaDSS_Bkg1,lambdaDSS_Bkg2,rS21_CtauRes,rS32_CtauRes,s1_CtauRes,zeroMean) ]
     p.d.f value is less than zero (-0.089877), forcing value to zero @ !refCoefNorm=(ctau3D = -0.0102005,ctau3DErr = 0.0142935), !pdfs=(pdfCTAUDSS = 1.60375e-05/1,pdfCTAUDF = 71.3108/1), !coefficients=(fDFSS = 1.00126)
     p.d.f value is less than zero (-0.087707), forcing value to zero @ !refCoefNorm=(ctau3D = -0.0227809,ctau3DErr = 0.0142457), !pdfs=(pdfCTAUDSS = 5.19019e-33/1,pdfCTAUDF = 69.577/1), !coefficients=(fDFSS = 1.00126)
     p.d.f value is less than zero (-0.072156), forcing value to zero @ !refCoefNorm=(ctau3D = -0.12254,ctau3DErr = 0.0166182), !pdfs=(pdfCTAUDSS = 0/1,pdfCTAUDF = 57.2408/1), !coefficients=(fDFSS = 1.00126)
     p.d.f value is less than zero (-0.088812), forcing value to zero @ !refCoefNorm=(ctau3D = -0.0163796,ctau3DErr = 0.0141411), !pdfs=(pdfCTAUDSS = 9.38187e-17/1,pdfCTAUDF = 70.4539/1), !coefficients=(fDFSS = 1.00126)
     p.d.f value is less than zero (-0.087705), forcing value to zero @ !refCoefNorm=(ctau3D = -0.0227926,ctau3DErr = 0.0131383), !pdfs=(pdfCTAUDSS = 4.80863e-39/1,pdfCTAUDF = 69.5754/1), !coefficients=(fDFSS = 1.00126)
     p.d.f value is less than zero (-0.073886), forcing value to zero @ !refCoefNorm=(ctau3D = -0.110432,ctau3DErr = 0.0143453), !pdfs=(pdfCTAUDSS = 0/1,pdfCTAUDF = 58.6129/1), !coefficients=(fDFSS = 1.00126)
     p.d.f value is less than zero (-0.082838), forcing value to zero @ !refCoefNorm=(ctau3D = -0.0519771,ctau3DErr = 0.0171097), !pdfs=(pdfCTAUDSS = 8.98532e-122/1,pdfCTAUDF = 65.7142/1), !coefficients=(fDFSS = 1.00126)
     p.d.f value is less than zero (-0.087170), forcing value to zero @ !refCoefNorm=(ctau3D = -0.0259205,ctau3DErr = 0.0151074), !pdfs=(pdfCTAUDSS = 3.61608e-38/1,pdfCTAUDF = 69.151/1), !coefficients=(fDFSS = 1.00126)
     p.d.f value is less than zero (-0.088645), forcing value to zero @ !refCoefNorm=(ctau3D = -0.0142074,ctau3DErr = 0.0225732), !pdfs=(pdfCTAUDSS = 0.000545418/1,pdfCTAUDF = 70.7541/1), !coefficients=(fDFSS = 1.00126)
     p.d.f value is less than zero (-0.089428), forcing value to zero @ !refCoefNorm=(ctau3D = -0.0125222,ctau3DErr = 0.0182945), !pdfs=(pdfCTAUDSS = 5.67762e-05/1,pdfCTAUDF = 70.9877/1), !coefficients=(fDFSS = 1.00126)

[#0] WARNING:Minization -- RooMinimizerFcn: Minimized function has error status.
Returning maximum FCN so far (-704.329) to force MIGRAD to back out of this region. Error log follows
Parameter values: N_Bkg=288.984, b_Bkg=0.789424, fDF12=0.896309, fDFSS=1.00357, fDLIV=0.551678, fDSS12=0.053322, lambdaDDS_Bkg=0.23786, lambdaDF_Bkg1=0.449394, lambdaDF_Bkg2=0.510295, lambdaDSS_Bkg1=0.970484, lambdaDSS_Bkg2=0.534441
PID1452223/RooRealMPFE::nll_pdfTot_Bkg_dataw_Bkg_5e8ec730db90_MPFE7[ arg=nll_pdfTot_Bkg_dataw_Bkg_GOF7 vars=(N_Bkg,b_Bkg,ctau1_CtauRes,ctau2_CtauRes,ctau3_CtauRes,f2_CtauRes,fDF12,fDFSS,fDLIV,fDSS12,f_CtauRes,lambdaDDS_Bkg,lambdaDF_Bkg1,lambdaDF_Bkg2,lambdaDSS_Bkg1,lambdaDSS_Bkg2,rS21_CtauRes,rS32_CtauRes,s1_CtauRes,zeroMean) ]
     p.d.f value is less than zero (-0.285578), forcing value to zero @ !refCoefNorm=(ctau3D = -0.0102005,ctau3DErr = 0.0142935), !pdfs=(pdfCTAUDSS = 2.66308e-07/1,pdfCTAUDF = 79.8922/1), !coefficients=(fDFSS = 1.00357)
     p.d.f value is less than zero (-0.277781), forcing value to zero @ !refCoefNorm=(ctau3D = -0.0227809,ctau3DErr = 0.0142457), !pdfs=(pdfCTAUDSS = 8.33116e-35/1,pdfCTAUDF = 77.7107/1), !coefficients=(fDFSS = 1.00357)
     p.d.f value is less than zero (-0.223038), forcing value to zero @ !refCoefNorm=(ctau3D = -0.12254,ctau3DErr = 0.0166182), !pdfs=(pdfCTAUDSS = 0/1,pdfCTAUDF = 62.3961/1), !coefficients=(fDFSS = 1.00357)
     p.d.f value is less than zero (-0.281722), forcing value to zero @ !refCoefNorm=(ctau3D = -0.0163796,ctau3DErr = 0.0141411), !pdfs=(pdfCTAUDSS = 1.522e-18/1,pdfCTAUDF = 78.8132/1), !coefficients=(fDFSS = 1.00357)
     p.d.f value is less than zero (-0.190510), forcing value to zero @ !refCoefNorm=(ctau3D = -0.00602107,ctau3DErr = 0.0179862), !pdfs=(pdfCTAUDSS = 0.0969432/1,pdfCTAUDF = 80.5135/1), !coefficients=(fDFSS = 1.00357)
     p.d.f value is less than zero (-0.277774), forcing value to zero @ !refCoefNorm=(ctau3D = -0.0227926,ctau3DErr = 0.0131383), !pdfs=(pdfCTAUDSS = 7.6844e-41/1,pdfCTAUDF = 77.7087/1), !coefficients=(fDFSS = 1.00357)
     p.d.f value is less than zero (-0.229059), forcing value to zero @ !refCoefNorm=(ctau3D = -0.110432,ctau3DErr = 0.0143453), !pdfs=(pdfCTAUDSS = 0/1,pdfCTAUDF = 64.0805/1), !coefficients=(fDFSS = 1.00357)
     p.d.f value is less than zero (-0.260497), forcing value to zero @ !refCoefNorm=(ctau3D = -0.0519771,ctau3DErr = 0.0171097), !pdfs=(pdfCTAUDSS = 1.42666e-123/1,pdfCTAUDF = 72.8754/1), !coefficients=(fDFSS = 1.00357)
     p.d.f value is less than zero (-0.275869), forcing value to zero @ !refCoefNorm=(ctau3D = -0.0259205,ctau3DErr = 0.0151074), !pdfs=(pdfCTAUDSS = 5.80269e-40/1,pdfCTAUDF = 77.1757/1), !coefficients=(fDFSS = 1.00357)
     p.d.f value is less than zero (-0.283063), forcing value to zero @ !refCoefNorm=(ctau3D = -0.0142074,ctau3DErr = 0.0225732), !pdfs=(pdfCTAUDSS = 9.48927e-06/1,pdfCTAUDF = 79.1911/1), !coefficients=(fDFSS = 1.00357)
     p.d.f value is less than zero (-0.276134), forcing value to zero @ !refCoefNorm=(ctau3D = -0.00905505,ctau3DErr = 0.0213648), !pdfs=(pdfCTAUDSS = 0.0100869/1,pdfCTAUDF = 80.0819/1), !coefficients=(fDFSS = 1.00357)
     p.d.f value is less than zero (-0.184147), forcing value to zero @ !refCoefNorm=(ctau3D = -0.00469135,ctau3DErr = 0.0141454), !pdfs=(pdfCTAUDSS = 0.104094/1,pdfCTAUDF = 80.741/1), !coefficients=(fDFSS = 1.00357)
    ... (remaining 3 messages suppressed)

[#0] WARNING:Minization -- RooMinimizerFcn: Minimized function has error status.
Returning maximum FCN so far (-704.329) to force MIGRAD to back out of this region. Error log follows
Parameter values: N_Bkg=178.436, b_Bkg=0.962927, fDF12=0.0809818, fDFSS=1.00829, fDLIV=0.894361, fDSS12=0.758551, lambdaDDS_Bkg=0.502066, lambdaDF_Bkg1=0.623385, lambdaDF_Bkg2=0.50902, lambdaDSS_Bkg1=0.990013, lambdaDSS_Bkg2=0.128326
PID1452223/RooRealMPFE::nll_pdfTot_Bkg_dataw_Bkg_5e8ec730db90_MPFE7[ arg=nll_pdfTot_Bkg_dataw_Bkg_GOF7 vars=(N_Bkg,b_Bkg,ctau1_CtauRes,ctau2_CtauRes,ctau3_CtauRes,f2_CtauRes,fDF12,fDFSS,fDLIV,fDSS12,f_CtauRes,lambdaDDS_Bkg,lambdaDF_Bkg1,lambdaDF_Bkg2,lambdaDSS_Bkg1,lambdaDSS_Bkg2,rS21_CtauRes,rS32_CtauRes,s1_CtauRes,zeroMean) ]
     p.d.f value is less than zero (-0.585258), forcing value to zero @ !refCoefNorm=(ctau3D = -0.0102005,ctau3DErr = 0.0142935), !pdfs=(pdfCTAUDSS = 3.85758e-07/1,pdfCTAUDF = 70.5654/1), !coefficients=(fDFSS = 1.00829)
     p.d.f value is less than zero (-0.571146), forcing value to zero @ !refCoefNorm=(ctau3D = -0.0227809,ctau3DErr = 0.0142457), !pdfs=(pdfCTAUDSS = 1.2076e-34/1,pdfCTAUDF = 68.8639/1), !coefficients=(fDFSS = 1.00829)
     p.d.f value is less than zero (-0.470662), forcing value to zero @ !refCoefNorm=(ctau3D = -0.12254,ctau3DErr = 0.0166182), !pdfs=(pdfCTAUDSS = 0/1,pdfCTAUDF = 56.7483/1), !coefficients=(fDFSS = 1.00829)
     p.d.f value is less than zero (-0.578284), forcing value to zero @ !refCoefNorm=(ctau3D = -0.0163796,ctau3DErr = 0.0141411), !pdfs=(pdfCTAUDSS = 2.20569e-18/1,pdfCTAUDF = 69.7245/1), !coefficients=(fDFSS = 1.00829)
     p.d.f value is less than zero (-0.447809), forcing value to zero @ !refCoefNorm=(ctau3D = -0.00602107,ctau3DErr = 0.0179862), !pdfs=(pdfCTAUDSS = 0.140198/1,pdfCTAUDF = 71.037/1), !coefficients=(fDFSS = 1.00829)
     p.d.f value is less than zero (-0.571133), forcing value to zero @ !refCoefNorm=(ctau3D = -0.0227926,ctau3DErr = 0.0131383), !pdfs=(pdfCTAUDSS = 1.11394e-40/1,pdfCTAUDF = 68.8623/1), !coefficients=(fDFSS = 1.00829)
     p.d.f value is less than zero (-0.481844), forcing value to zero @ !refCoefNorm=(ctau3D = -0.110432,ctau3DErr = 0.0143453), !pdfs=(pdfCTAUDSS = 0/1,pdfCTAUDF = 58.0966/1), !coefficients=(fDFSS = 1.00829)
     p.d.f value is less than zero (-0.539695), forcing value to zero @ !refCoefNorm=(ctau3D = -0.0519771,ctau3DErr = 0.0171097), !pdfs=(pdfCTAUDSS = 2.06836e-123/1,pdfCTAUDF = 65.0718/1), !coefficients=(fDFSS = 1.00829)
     p.d.f value is less than zero (-0.567678), forcing value to zero @ !refCoefNorm=(ctau3D = -0.0259205,ctau3DErr = 0.0151074), !pdfs=(pdfCTAUDSS = 8.41102e-40/1,pdfCTAUDF = 68.4457/1), !coefficients=(fDFSS = 1.00829)
     p.d.f value is less than zero (-0.580714), forcing value to zero @ !refCoefNorm=(ctau3D = -0.0142074,ctau3DErr = 0.0225732), !pdfs=(pdfCTAUDSS = 1.37327e-05/1,pdfCTAUDF = 70.0192/1), !coefficients=(fDFSS = 1.00829)
     p.d.f value is less than zero (-0.571765), forcing value to zero @ !refCoefNorm=(ctau3D = -0.00905505,ctau3DErr = 0.0213648), !pdfs=(pdfCTAUDSS = 0.0145877/1,pdfCTAUDF = 70.7119/1), !coefficients=(fDFSS = 1.00829)
     p.d.f value is less than zero (-0.438753), forcing value to zero @ !refCoefNorm=(ctau3D = -0.00469135,ctau3DErr = 0.0141454), !pdfs=(pdfCTAUDSS = 0.150629/1,pdfCTAUDF = 71.2132/1), !coefficients=(fDFSS = 1.00829)
    ... (remaining 3 messages suppressed)

[#0] WARNING:Minization -- RooMinimizerFcn: Minimized function has error status.
Returning maximum FCN so far (-704.329) to force MIGRAD to back out of this region. Error log follows
Parameter values: N_Bkg=300.662, b_Bkg=0.770266, fDF12=0.940965, fDFSS=1.00201, fDLIV=0.520463, fDSS12=0.00227856, lambdaDDS_Bkg=0.293338, lambdaDF_Bkg1=0.462358, lambdaDF_Bkg2=0.509938, lambdaDSS_Bkg1=0.929977, lambdaDSS_Bkg2=0.581668
PID1452223/RooRealMPFE::nll_pdfTot_Bkg_dataw_Bkg_5e8ec730db90_MPFE7[ arg=nll_pdfTot_Bkg_dataw_Bkg_GOF7 vars=(N_Bkg,b_Bkg,ctau1_CtauRes,ctau2_CtauRes,ctau3_CtauRes,f2_CtauRes,fDF12,fDFSS,fDLIV,fDSS12,f_CtauRes,lambdaDDS_Bkg,lambdaDF_Bkg1,lambdaDF_Bkg2,lambdaDSS_Bkg1,lambdaDSS_Bkg2,rS21_CtauRes,rS32_CtauRes,s1_CtauRes,zeroMean) ]
     p.d.f value is less than zero (-0.157344), forcing value to zero @ !refCoefNorm=(ctau3D = -0.0102005,ctau3DErr = 0.0142935), !pdfs=(pdfCTAUDSS = 2.50481e-07/1,pdfCTAUDF = 78.233/1), !coefficients=(fDFSS = 1.00201)
     p.d.f value is less than zero (-0.153141), forcing value to zero @ !refCoefNorm=(ctau3D = -0.0227809,ctau3DErr = 0.0142457), !pdfs=(pdfCTAUDSS = 7.83586e-35/1,pdfCTAUDF = 76.1434/1), !coefficients=(fDFSS = 1.00201)
     p.d.f value is less than zero (-0.123557), forcing value to zero @ !refCoefNorm=(ctau3D = -0.12254,ctau3DErr = 0.0166182), !pdfs=(pdfCTAUDSS = 0/1,pdfCTAUDF = 61.4336/1), !coefficients=(fDFSS = 1.00201)
     p.d.f value is less than zero (-0.155266), forcing value to zero @ !refCoefNorm=(ctau3D = -0.0163796,ctau3DErr = 0.0141411), !pdfs=(pdfCTAUDSS = 1.43153e-18/1,pdfCTAUDF = 77.1996/1), !coefficients=(fDFSS = 1.00201)
     p.d.f value is less than zero (-0.067165), forcing value to zero @ !refCoefNorm=(ctau3D = -0.00602107,ctau3DErr = 0.0179862), !pdfs=(pdfCTAUDSS = 0.0911865/1,pdfCTAUDF = 78.8253/1), !coefficients=(fDFSS = 1.00201)
     p.d.f value is less than zero (-0.153138), forcing value to zero @ !refCoefNorm=(ctau3D = -0.0227926,ctau3DErr = 0.0131383), !pdfs=(pdfCTAUDSS = 7.22754e-41/1,pdfCTAUDF = 76.1415/1), !coefficients=(fDFSS = 1.00201)
     p.d.f value is less than zero (-0.126818), forcing value to zero @ !refCoefNorm=(ctau3D = -0.110432,ctau3DErr = 0.0143453), !pdfs=(pdfCTAUDSS = 0/1,pdfCTAUDF = 63.0552/1), !coefficients=(fDFSS = 1.00201)
     p.d.f value is less than zero (-0.143816), forcing value to zero @ !refCoefNorm=(ctau3D = -0.0519771,ctau3DErr = 0.0171097), !pdfs=(pdfCTAUDSS = 1.34183e-123/1,pdfCTAUDF = 71.5068/1), !coefficients=(fDFSS = 1.00201)
     p.d.f value is less than zero (-0.152110), forcing value to zero @ !refCoefNorm=(ctau3D = -0.0259205,ctau3DErr = 0.0151074), !pdfs=(pdfCTAUDSS = 5.45772e-40/1,pdfCTAUDF = 75.6307/1), !coefficients=(fDFSS = 1.00201)
     p.d.f value is less than zero (-0.155985), forcing value to zero @ !refCoefNorm=(ctau3D = -0.0142074,ctau3DErr = 0.0225732), !pdfs=(pdfCTAUDSS = 8.92558e-06/1,pdfCTAUDF = 77.5616/1), !coefficients=(fDFSS = 1.00201)
     p.d.f value is less than zero (-0.148202), forcing value to zero @ !refCoefNorm=(ctau3D = -0.00905505,ctau3DErr = 0.0213648), !pdfs=(pdfCTAUDSS = 0.00948793/1,pdfCTAUDF = 78.4144/1), !coefficients=(fDFSS = 1.00201)
     p.d.f value is less than zero (-0.060866), forcing value to zero @ !refCoefNorm=(ctau3D = -0.00469135,ctau3DErr = 0.0141454), !pdfs=(pdfCTAUDSS = 0.0979104/1,pdfCTAUDF = 79.0431/1), !coefficients=(fDFSS = 1.00201)
    ... (remaining 3 messages suppressed)

[#0] WARNING:Minization -- RooMinimizerFcn: Minimized function has error status.
Returning maximum FCN so far (-704.329) to force MIGRAD to back out of this region. Error log follows
Parameter values: N_Bkg=226.453, b_Bkg=0.894096, fDF12=0.139487, fDFSS=1.00986, fDLIV=0.675225, fDSS12=0.357403, lambdaDDS_Bkg=0.0525982, lambdaDF_Bkg1=0.567598, lambdaDF_Bkg2=0.509583, lambdaDSS_Bkg1=0.965637, lambdaDSS_Bkg2=0.347052
PID1452223/RooRealMPFE::nll_pdfTot_Bkg_dataw_Bkg_5e8ec730db90_MPFE7[ arg=nll_pdfTot_Bkg_dataw_Bkg_GOF7 vars=(N_Bkg,b_Bkg,ctau1_CtauRes,ctau2_CtauRes,ctau3_CtauRes,f2_CtauRes,fDF12,fDFSS,fDLIV,fDSS12,f_CtauRes,lambdaDDS_Bkg,lambdaDF_Bkg1,lambdaDF_Bkg2,lambdaDSS_Bkg1,lambdaDSS_Bkg2,rS21_CtauRes,rS32_CtauRes,s1_CtauRes,zeroMean) ]
     p.d.f value is less than zero (-0.695399), forcing value to zero @ !refCoefNorm=(ctau3D = -0.0102005,ctau3DErr = 0.0142935), !pdfs=(pdfCTAUDSS = 3.23946e-07/1,pdfCTAUDF = 70.5315/1), !coefficients=(fDFSS = 1.00986)
     p.d.f value is less than zero (-0.678660), forcing value to zero @ !refCoefNorm=(ctau3D = -0.0227809,ctau3DErr = 0.0142457), !pdfs=(pdfCTAUDSS = 1.01355e-34/1,pdfCTAUDF = 68.8337/1), !coefficients=(fDFSS = 1.00986)
     p.d.f value is less than zero (-0.559436), forcing value to zero @ !refCoefNorm=(ctau3D = -0.12254,ctau3DErr = 0.0166182), !pdfs=(pdfCTAUDSS = 0/1,pdfCTAUDF = 56.7413/1), !coefficients=(fDFSS = 1.00986)
     p.d.f value is less than zero (-0.687126), forcing value to zero @ !refCoefNorm=(ctau3D = -0.0163796,ctau3DErr = 0.0141411), !pdfs=(pdfCTAUDSS = 1.85157e-18/1,pdfCTAUDF = 69.6924/1), !coefficients=(fDFSS = 1.00986)
     p.d.f value is less than zero (-0.580984), forcing value to zero @ !refCoefNorm=(ctau3D = -0.00602107,ctau3DErr = 0.0179862), !pdfs=(pdfCTAUDSS = 0.11789/1,pdfCTAUDF = 71.0018/1), !coefficients=(fDFSS = 1.00986)
     p.d.f value is less than zero (-0.678644), forcing value to zero @ !refCoefNorm=(ctau3D = -0.0227926,ctau3DErr = 0.0131383), !pdfs=(pdfCTAUDSS = 9.34884e-41/1,pdfCTAUDF = 68.8321/1), !coefficients=(fDFSS = 1.00986)
     p.d.f value is less than zero (-0.572708), forcing value to zero @ !refCoefNorm=(ctau3D = -0.110432,ctau3DErr = 0.0143453), !pdfs=(pdfCTAUDSS = 0/1,pdfCTAUDF = 58.0874/1), !coefficients=(fDFSS = 1.00986)
     p.d.f value is less than zero (-0.641350), forcing value to zero @ !refCoefNorm=(ctau3D = -0.0519771,ctau3DErr = 0.0171097), !pdfs=(pdfCTAUDSS = 1.73571e-123/1,pdfCTAUDF = 65.0495/1), !coefficients=(fDFSS = 1.00986)
     p.d.f value is less than zero (-0.674546), forcing value to zero @ !refCoefNorm=(ctau3D = -0.0259205,ctau3DErr = 0.0151074), !pdfs=(pdfCTAUDSS = 7.05946e-40/1,pdfCTAUDF = 68.4164/1), !coefficients=(fDFSS = 1.00986)
     p.d.f value is less than zero (-0.690014), forcing value to zero @ !refCoefNorm=(ctau3D = -0.0142074,ctau3DErr = 0.0225732), !pdfs=(pdfCTAUDSS = 1.15411e-05/1,pdfCTAUDF = 69.9864/1), !coefficients=(fDFSS = 1.00986)
     p.d.f value is less than zero (-0.684452), forcing value to zero @ !refCoefNorm=(ctau3D = -0.00905505,ctau3DErr = 0.0213648), !pdfs=(pdfCTAUDSS = 0.0122664/1,pdfCTAUDF = 70.6776/1), !coefficients=(fDFSS = 1.00986)
     p.d.f value is less than zero (-0.573922), forcing value to zero @ !refCoefNorm=(ctau3D = -0.00469135,ctau3DErr = 0.0141454), !pdfs=(pdfCTAUDSS = 0.126599/1,pdfCTAUDF = 71.1776/1), !coefficients=(fDFSS = 1.00986)
    ... (remaining 3 messages suppressed)

[#0] WARNING:Minization -- RooMinimizerFcn: Minimized function has error status.
Returning maximum FCN so far (-704.329) to force MIGRAD to back out of this region. Error log follows
Parameter values: N_Bkg=309.534, b_Bkg=0.753195, fDF12=0.959645, fDFSS=1.00049, fDLIV=0.486756, fDSS12=0.00025161, lambdaDDS_Bkg=0.373651, lambdaDF_Bkg1=0.452838, lambdaDF_Bkg2=0.510008, lambdaDSS_Bkg1=0.912708, lambdaDSS_Bkg2=0.616302
PID1452223/RooRealMPFE::nll_pdfTot_Bkg_dataw_Bkg_5e8ec730db90_MPFE7[ arg=nll_pdfTot_Bkg_dataw_Bkg_GOF7 vars=(N_Bkg,b_Bkg,ctau1_CtauRes,ctau2_CtauRes,ctau3_CtauRes,f2_CtauRes,fDF12,fDFSS,fDLIV,fDSS12,f_CtauRes,lambdaDDS_Bkg,lambdaDF_Bkg1,lambdaDF_Bkg2,lambdaDSS_Bkg1,lambdaDSS_Bkg2,rS21_CtauRes,rS32_CtauRes,s1_CtauRes,zeroMean) ]
     p.d.f value is less than zero (-0.038967), forcing value to zero @ !refCoefNorm=(ctau3D = -0.0102005,ctau3DErr = 0.0142935), !pdfs=(pdfCTAUDSS = 2.36597e-07/1,pdfCTAUDF = 79.9155/1), !coefficients=(fDFSS = 1.00049)
     p.d.f value is less than zero (-0.037903), forcing value to zero @ !refCoefNorm=(ctau3D = -0.0227809,ctau3DErr = 0.0142457), !pdfs=(pdfCTAUDSS = 7.40142e-35/1,pdfCTAUDF = 77.7347/1), !coefficients=(fDFSS = 1.00049)
     p.d.f value is less than zero (-0.030437), forcing value to zero @ !refCoefNorm=(ctau3D = -0.12254,ctau3DErr = 0.0166182), !pdfs=(pdfCTAUDSS = 0/1,pdfCTAUDF = 62.4215/1), !coefficients=(fDFSS = 1.00049)
     p.d.f value is less than zero (-0.038441), forcing value to zero @ !refCoefNorm=(ctau3D = -0.0163796,ctau3DErr = 0.0141411), !pdfs=(pdfCTAUDSS = 1.35217e-18/1,pdfCTAUDF = 78.8368/1), !coefficients=(fDFSS = 1.00049)
     p.d.f value is less than zero (-0.037902), forcing value to zero @ !refCoefNorm=(ctau3D = -0.0227926,ctau3DErr = 0.0131383), !pdfs=(pdfCTAUDSS = 6.8268e-41/1,pdfCTAUDF = 77.7326/1), !coefficients=(fDFSS = 1.00049)
     p.d.f value is less than zero (-0.031258), forcing value to zero @ !refCoefNorm=(ctau3D = -0.110432,ctau3DErr = 0.0143453), !pdfs=(pdfCTAUDSS = 0/1,pdfCTAUDF = 64.1059/1), !coefficients=(fDFSS = 1.00049)
     p.d.f value is less than zero (-0.035546), forcing value to zero @ !refCoefNorm=(ctau3D = -0.0519771,ctau3DErr = 0.0171097), !pdfs=(pdfCTAUDSS = 1.26743e-123/1,pdfCTAUDF = 72.9002/1), !coefficients=(fDFSS = 1.00049)
     p.d.f value is less than zero (-0.037643), forcing value to zero @ !refCoefNorm=(ctau3D = -0.0259205,ctau3DErr = 0.0151074), !pdfs=(pdfCTAUDSS = 5.15512e-40/1,pdfCTAUDF = 77.1998/1), !coefficients=(fDFSS = 1.00049)
     p.d.f value is less than zero (-0.038617), forcing value to zero @ !refCoefNorm=(ctau3D = -0.0142074,ctau3DErr = 0.0225732), !pdfs=(pdfCTAUDSS = 8.43104e-06/1,pdfCTAUDF = 79.2147/1), !coefficients=(fDFSS = 1.00049)
     p.d.f value is less than zero (-0.030093), forcing value to zero @ !refCoefNorm=(ctau3D = -0.00905505,ctau3DErr = 0.0213648), !pdfs=(pdfCTAUDSS = 0.00896238/1,pdfCTAUDF = 80.1052/1), !coefficients=(fDFSS = 1.00049)
     p.d.f value is less than zero (-0.038768), forcing value to zero @ !refCoefNorm=(ctau3D = -0.0125222,ctau3DErr = 0.0182945), !pdfs=(pdfCTAUDSS = 8.54781e-07/1,pdfCTAUDF = 79.5087/1), !coefficients=(fDFSS = 1.00049)

[#0] WARNING:Minization -- RooMinimizerFcn: Minimized function has error status.
Returning maximum FCN so far (-704.329) to force MIGRAD to back out of this region. Error log follows
Parameter values: N_Bkg=232.994, b_Bkg=0.883851, fDF12=0.158109, fDFSS=1.0096, fDLIV=0.645175, fDSS12=0.278019, lambdaDDS_Bkg=0.0289073, lambdaDF_Bkg1=0.556768, lambdaDF_Bkg2=0.509677, lambdaDSS_Bkg1=0.946194, lambdaDSS_Bkg2=0.394672
PID1452223/RooRealMPFE::nll_pdfTot_Bkg_dataw_Bkg_5e8ec730db90_MPFE7[ arg=nll_pdfTot_Bkg_dataw_Bkg_GOF7 vars=(N_Bkg,b_Bkg,ctau1_CtauRes,ctau2_CtauRes,ctau3_CtauRes,f2_CtauRes,fDF12,fDFSS,fDLIV,fDSS12,f_CtauRes,lambdaDDS_Bkg,lambdaDF_Bkg1,lambdaDF_Bkg2,lambdaDSS_Bkg1,lambdaDSS_Bkg2,rS21_CtauRes,rS32_CtauRes,s1_CtauRes,zeroMean) ]
     p.d.f value is less than zero (-0.677517), forcing value to zero @ !refCoefNorm=(ctau3D = -0.0102005,ctau3DErr = 0.0142935), !pdfs=(pdfCTAUDSS = 3.09581e-07/1,pdfCTAUDF = 70.5807/1), !coefficients=(fDFSS = 1.0096)
     p.d.f value is less than zero (-0.661202), forcing value to zero @ !refCoefNorm=(ctau3D = -0.0227809,ctau3DErr = 0.0142457), !pdfs=(pdfCTAUDSS = 9.6857e-35/1,pdfCTAUDF = 68.881/1), !coefficients=(fDFSS = 1.0096)
     p.d.f value is less than zero (-0.544999), forcing value to zero @ !refCoefNorm=(ctau3D = -0.12254,ctau3DErr = 0.0166182), !pdfs=(pdfCTAUDSS = 0/1,pdfCTAUDF = 56.7756/1), !coefficients=(fDFSS = 1.0096)
     p.d.f value is less than zero (-0.669454), forcing value to zero @ !refCoefNorm=(ctau3D = -0.0163796,ctau3DErr = 0.0141411), !pdfs=(pdfCTAUDSS = 1.76942e-18/1,pdfCTAUDF = 69.7407/1), !coefficients=(fDFSS = 1.0096)
     p.d.f value is less than zero (-0.568283), forcing value to zero @ !refCoefNorm=(ctau3D = -0.00602107,ctau3DErr = 0.0179862), !pdfs=(pdfCTAUDSS = 0.112674/1,pdfCTAUDF = 71.0516/1), !coefficients=(fDFSS = 1.0096)
     p.d.f value is less than zero (-0.661187), forcing value to zero @ !refCoefNorm=(ctau3D = -0.0227926,ctau3DErr = 0.0131383), !pdfs=(pdfCTAUDSS = 8.93388e-41/1,pdfCTAUDF = 68.8795/1), !coefficients=(fDFSS = 1.0096)
     p.d.f value is less than zero (-0.557934), forcing value to zero @ !refCoefNorm=(ctau3D = -0.110432,ctau3DErr = 0.0143453), !pdfs=(pdfCTAUDSS = 0/1,pdfCTAUDF = 58.1231/1), !coefficients=(fDFSS = 1.0096)
     p.d.f value is less than zero (-0.624837), forcing value to zero @ !refCoefNorm=(ctau3D = -0.0519771,ctau3DErr = 0.0171097), !pdfs=(pdfCTAUDSS = 1.65866e-123/1,pdfCTAUDF = 65.0927/1), !coefficients=(fDFSS = 1.0096)
     p.d.f value is less than zero (-0.657192), forcing value to zero @ !refCoefNorm=(ctau3D = -0.0259205,ctau3DErr = 0.0151074), !pdfs=(pdfCTAUDSS = 6.74615e-40/1,pdfCTAUDF = 68.4633/1), !coefficients=(fDFSS = 1.0096)
     p.d.f value is less than zero (-0.672269), forcing value to zero @ !refCoefNorm=(ctau3D = -0.0142074,ctau3DErr = 0.0225732), !pdfs=(pdfCTAUDSS = 1.103e-05/1,pdfCTAUDF = 70.0351/1), !coefficients=(fDFSS = 1.0096)
     p.d.f value is less than zero (-0.667086), forcing value to zero @ !refCoefNorm=(ctau3D = -0.00905505,ctau3DErr = 0.0213648), !pdfs=(pdfCTAUDSS = 0.0117237/1,pdfCTAUDF = 70.727/1), !coefficients=(fDFSS = 1.0096)
     p.d.f value is less than zero (-0.561572), forcing value to zero @ !refCoefNorm=(ctau3D = -0.00469135,ctau3DErr = 0.0141454), !pdfs=(pdfCTAUDSS = 0.120993/1,pdfCTAUDF = 71.2276/1), !coefficients=(fDFSS = 1.0096)
    ... (remaining 3 messages suppressed)

[#0] WARNING:Minization -- RooMinimizerFcn: Minimized function has error status.
Returning maximum FCN so far (-704.329) to force MIGRAD to back out of this region. Error log follows
Parameter values: N_Bkg=310.203, b_Bkg=0.751963, fDF12=0.961148, fDFSS=1.00035, fDLIV=0.484378, fDSS12=0.000509596, lambdaDDS_Bkg=0.379212, lambdaDF_Bkg1=0.451912, lambdaDF_Bkg2=0.510015, lambdaDSS_Bkg1=0.910909, lambdaDSS_Bkg2=0.619838
PID1452223/RooRealMPFE::nll_pdfTot_Bkg_dataw_Bkg_5e8ec730db90_MPFE7[ arg=nll_pdfTot_Bkg_dataw_Bkg_GOF7 vars=(N_Bkg,b_Bkg,ctau1_CtauRes,ctau2_CtauRes,ctau3_CtauRes,f2_CtauRes,fDF12,fDFSS,fDLIV,fDSS12,f_CtauRes,lambdaDDS_Bkg,lambdaDF_Bkg1,lambdaDF_Bkg2,lambdaDSS_Bkg1,lambdaDSS_Bkg2,rS21_CtauRes,rS32_CtauRes,s1_CtauRes,zeroMean) ]
     p.d.f value is less than zero (-0.028198), forcing value to zero @ !refCoefNorm=(ctau3D = -0.0102005,ctau3DErr = 0.0142935), !pdfs=(pdfCTAUDSS = 2.35229e-07/1,pdfCTAUDF = 80.0831/1), !coefficients=(fDFSS = 1.00035)
     p.d.f value is less than zero (-0.027428), forcing value to zero @ !refCoefNorm=(ctau3D = -0.0227809,ctau3DErr = 0.0142457), !pdfs=(pdfCTAUDSS = 7.35862e-35/1,pdfCTAUDF = 77.893/1), !coefficients=(fDFSS = 1.00035)
     p.d.f value is less than zero (-0.022014), forcing value to zero @ !refCoefNorm=(ctau3D = -0.12254,ctau3DErr = 0.0166182), !pdfs=(pdfCTAUDSS = 0/1,pdfCTAUDF = 62.5192/1), !coefficients=(fDFSS = 1.00035)
     p.d.f value is less than zero (-0.027817), forcing value to zero @ !refCoefNorm=(ctau3D = -0.0163796,ctau3DErr = 0.0141411), !pdfs=(pdfCTAUDSS = 1.34435e-18/1,pdfCTAUDF = 78.9998/1), !coefficients=(fDFSS = 1.00035)
     p.d.f value is less than zero (-0.027427), forcing value to zero @ !refCoefNorm=(ctau3D = -0.0227926,ctau3DErr = 0.0131383), !pdfs=(pdfCTAUDSS = 6.78733e-41/1,pdfCTAUDF = 77.891/1), !coefficients=(fDFSS = 1.00035)
     p.d.f value is less than zero (-0.022609), forcing value to zero @ !refCoefNorm=(ctau3D = -0.110432,ctau3DErr = 0.0143453), !pdfs=(pdfCTAUDSS = 0/1,pdfCTAUDF = 64.2099/1), !coefficients=(fDFSS = 1.00035)
     p.d.f value is less than zero (-0.025718), forcing value to zero @ !refCoefNorm=(ctau3D = -0.0519771,ctau3DErr = 0.0171097), !pdfs=(pdfCTAUDSS = 1.2601e-123/1,pdfCTAUDF = 73.0386/1), !coefficients=(fDFSS = 1.00035)
     p.d.f value is less than zero (-0.027238), forcing value to zero @ !refCoefNorm=(ctau3D = -0.0259205,ctau3DErr = 0.0151074), !pdfs=(pdfCTAUDSS = 5.12532e-40/1,pdfCTAUDF = 77.3559/1), !coefficients=(fDFSS = 1.00035)
     p.d.f value is less than zero (-0.027943), forcing value to zero @ !refCoefNorm=(ctau3D = -0.0142074,ctau3DErr = 0.0225732), !pdfs=(pdfCTAUDSS = 8.38232e-06/1,pdfCTAUDF = 79.3793/1), !coefficients=(fDFSS = 1.00035)
     p.d.f value is less than zero (-0.019352), forcing value to zero @ !refCoefNorm=(ctau3D = -0.00905505,ctau3DErr = 0.0213648), !pdfs=(pdfCTAUDSS = 0.0089106/1,pdfCTAUDF = 80.2736/1), !coefficients=(fDFSS = 1.00035)
     p.d.f value is less than zero (-0.028054), forcing value to zero @ !refCoefNorm=(ctau3D = -0.0125222,ctau3DErr = 0.0182945), !pdfs=(pdfCTAUDSS = 8.4984e-07/1,pdfCTAUDF = 79.6745/1), !coefficients=(fDFSS = 1.00035)

[#0] WARNING:Minization -- RooMinimizerFcn: Minimized function has error status.
Returning maximum FCN so far (-704.329) to force MIGRAD to back out of this region. Error log follows
Parameter values: N_Bkg=6989.45, b_Bkg=0.640102, fDF12=0.987402, fDFSS=1.00385, fDLIV=0.76027, fDSS12=0.143968, lambdaDDS_Bkg=0.413248, lambdaDF_Bkg1=0.937189, lambdaDF_Bkg2=0.501032, lambdaDSS_Bkg1=0.541028, lambdaDSS_Bkg2=0.835277
PID1452223/RooRealMPFE::nll_pdfTot_Bkg_dataw_Bkg_5e8ec730db90_MPFE7[ arg=nll_pdfTot_Bkg_dataw_Bkg_GOF7 vars=(N_Bkg,b_Bkg,ctau1_CtauRes,ctau2_CtauRes,ctau3_CtauRes,f2_CtauRes,fDF12,fDFSS,fDLIV,fDSS12,f_CtauRes,lambdaDDS_Bkg,lambdaDF_Bkg1,lambdaDF_Bkg2,lambdaDSS_Bkg1,lambdaDSS_Bkg2,rS21_CtauRes,rS32_CtauRes,s1_CtauRes,zeroMean) ]
     p.d.f value is less than zero (-0.154829), forcing value to zero @ !refCoefNorm=(ctau3D = -0.0102005,ctau3DErr = 0.0142935), !pdfs=(pdfCTAUDSS = 1.8833e-07/1,pdfCTAUDF = 40.2064/1), !coefficients=(fDFSS = 1.00385)
     p.d.f value is less than zero (-0.152724), forcing value to zero @ !refCoefNorm=(ctau3D = -0.0227809,ctau3DErr = 0.0142457), !pdfs=(pdfCTAUDSS = 5.8912e-35/1,pdfCTAUDF = 39.6598/1), !coefficients=(fDFSS = 1.00385)
     p.d.f value is less than zero (-0.137029), forcing value to zero @ !refCoefNorm=(ctau3D = -0.12254,ctau3DErr = 0.0166182), !pdfs=(pdfCTAUDSS = 0/1,pdfCTAUDF = 35.5841/1), !coefficients=(fDFSS = 1.00385)
     p.d.f value is less than zero (-0.153792), forcing value to zero @ !refCoefNorm=(ctau3D = -0.0163796,ctau3DErr = 0.0141411), !pdfs=(pdfCTAUDSS = 1.07628e-18/1,pdfCTAUDF = 39.937/1), !coefficients=(fDFSS = 1.00385)
     p.d.f value is less than zero (-0.086475), forcing value to zero @ !refCoefNorm=(ctau3D = -0.00602107,ctau3DErr = 0.0179862), !pdfs=(pdfCTAUDSS = 0.0685716/1,pdfCTAUDF = 40.3315/1), !coefficients=(fDFSS = 1.00385)
     p.d.f value is less than zero (-0.152722), forcing value to zero @ !refCoefNorm=(ctau3D = -0.0227926,ctau3DErr = 0.0131383), !pdfs=(pdfCTAUDSS = 5.4338e-41/1,pdfCTAUDF = 39.6593/1), !coefficients=(fDFSS = 1.00385)
     p.d.f value is less than zero (-0.138843), forcing value to zero @ !refCoefNorm=(ctau3D = -0.110432,ctau3DErr = 0.0143453), !pdfs=(pdfCTAUDSS = 0/1,pdfCTAUDF = 36.0552/1), !coefficients=(fDFSS = 1.00385)
     p.d.f value is less than zero (-0.147951), forcing value to zero @ !refCoefNorm=(ctau3D = -0.0519771,ctau3DErr = 0.0171097), !pdfs=(pdfCTAUDSS = 1.00881e-123/1,pdfCTAUDF = 38.4202/1), !coefficients=(fDFSS = 1.00385)
     p.d.f value is less than zero (-0.152204), forcing value to zero @ !refCoefNorm=(ctau3D = -0.0259205,ctau3DErr = 0.0151074), !pdfs=(pdfCTAUDSS = 4.10325e-40/1,pdfCTAUDF = 39.5246/1), !coefficients=(fDFSS = 1.00385)
     p.d.f value is less than zero (-0.154149), forcing value to zero @ !refCoefNorm=(ctau3D = -0.0142074,ctau3DErr = 0.0225732), !pdfs=(pdfCTAUDSS = 6.71153e-06/1,pdfCTAUDF = 40.0315/1), !coefficients=(fDFSS = 1.00385)
     p.d.f value is less than zero (-0.147837), forcing value to zero @ !refCoefNorm=(ctau3D = -0.00905505,ctau3DErr = 0.0213648), !pdfs=(pdfCTAUDSS = 0.00713485/1,pdfCTAUDF = 40.2505/1), !coefficients=(fDFSS = 1.00385)
     p.d.f value is less than zero (-0.081613), forcing value to zero @ !refCoefNorm=(ctau3D = -0.00469135,ctau3DErr = 0.0141454), !pdfs=(pdfCTAUDSS = 0.0736237/1,pdfCTAUDF = 40.3858/1), !coefficients=(fDFSS = 1.00385)
    ... (remaining 3 messages suppressed)

[#0] WARNING:Minization -- RooMinimizerFcn: Minimized function has error status.
Returning maximum FCN so far (-704.329) to force MIGRAD to back out of this region. Error log follows
Parameter values: N_Bkg=142.23, b_Bkg=0.989401, fDF12=0.629399, fDFSS=1.00214, fDLIV=0.824208, fDSS12=0.959703, lambdaDDS_Bkg=0.954013, lambdaDF_Bkg1=0.684515, lambdaDF_Bkg2=0.509517, lambdaDSS_Bkg1=0.977143, lambdaDSS_Bkg2=0.145714
PID1452223/RooRealMPFE::nll_pdfTot_Bkg_dataw_Bkg_5e8ec730db90_MPFE7[ arg=nll_pdfTot_Bkg_dataw_Bkg_GOF7 vars=(N_Bkg,b_Bkg,ctau1_CtauRes,ctau2_CtauRes,ctau3_CtauRes,f2_CtauRes,fDF12,fDFSS,fDLIV,fDSS12,f_CtauRes,lambdaDDS_Bkg,lambdaDF_Bkg1,lambdaDF_Bkg2,lambdaDSS_Bkg1,lambdaDSS_Bkg2,rS21_CtauRes,rS32_CtauRes,s1_CtauRes,zeroMean) ]
     p.d.f value is less than zero (-0.128795), forcing value to zero @ !refCoefNorm=(ctau3D = -0.0102005,ctau3DErr = 0.0142935), !pdfs=(pdfCTAUDSS = 1.83694e-07/1,pdfCTAUDF = 60.2834/1), !coefficients=(fDFSS = 1.00214)
     p.d.f value is less than zero (-0.126099), forcing value to zero @ !refCoefNorm=(ctau3D = -0.0227809,ctau3DErr = 0.0142457), !pdfs=(pdfCTAUDSS = 5.74712e-35/1,pdfCTAUDF = 59.0218/1), !coefficients=(fDFSS = 1.00214)
     p.d.f value is less than zero (-0.106666), forcing value to zero @ !refCoefNorm=(ctau3D = -0.12254,ctau3DErr = 0.0166182), !pdfs=(pdfCTAUDSS = 0/1,pdfCTAUDF = 49.9261/1), !coefficients=(fDFSS = 1.00214)
     p.d.f value is less than zero (-0.127464), forcing value to zero @ !refCoefNorm=(ctau3D = -0.0163796,ctau3DErr = 0.0141411), !pdfs=(pdfCTAUDSS = 1.04991e-18/1,pdfCTAUDF = 59.6604/1), !coefficients=(fDFSS = 1.00214)
     p.d.f value is less than zero (-0.062516), forcing value to zero @ !refCoefNorm=(ctau3D = -0.00602107,ctau3DErr = 0.0179862), !pdfs=(pdfCTAUDSS = 0.0668573/1,pdfCTAUDF = 60.6209/1), !coefficients=(fDFSS = 1.00214)
     p.d.f value is less than zero (-0.126097), forcing value to zero @ !refCoefNorm=(ctau3D = -0.0227926,ctau3DErr = 0.0131383), !pdfs=(pdfCTAUDSS = 5.30102e-41/1,pdfCTAUDF = 59.0206/1), !coefficients=(fDFSS = 1.00214)
     p.d.f value is less than zero (-0.108852), forcing value to zero @ !refCoefNorm=(ctau3D = -0.110432,ctau3DErr = 0.0143453), !pdfs=(pdfCTAUDSS = 0/1,pdfCTAUDF = 50.9489/1), !coefficients=(fDFSS = 1.00214)
     p.d.f value is less than zero (-0.120064), forcing value to zero @ !refCoefNorm=(ctau3D = -0.0519771,ctau3DErr = 0.0171097), !pdfs=(pdfCTAUDSS = 9.84182e-124/1,pdfCTAUDF = 56.1969/1), !coefficients=(fDFSS = 1.00214)
     p.d.f value is less than zero (-0.125436), forcing value to zero @ !refCoefNorm=(ctau3D = -0.0259205,ctau3DErr = 0.0151074), !pdfs=(pdfCTAUDSS = 4.0029e-40/1,pdfCTAUDF = 58.7112/1), !coefficients=(fDFSS = 1.00214)
     p.d.f value is less than zero (-0.127924), forcing value to zero @ !refCoefNorm=(ctau3D = -0.0142074,ctau3DErr = 0.0225732), !pdfs=(pdfCTAUDSS = 6.54483e-06/1,pdfCTAUDF = 59.8788/1), !coefficients=(fDFSS = 1.00214)
     p.d.f value is less than zero (-0.122052), forcing value to zero @ !refCoefNorm=(ctau3D = -0.00905505,ctau3DErr = 0.0213648), !pdfs=(pdfCTAUDSS = 0.00695649/1,pdfCTAUDF = 60.3906/1), !coefficients=(fDFSS = 1.00214)
     p.d.f value is less than zero (-0.057845), forcing value to zero @ !refCoefNorm=(ctau3D = -0.00469135,ctau3DErr = 0.0141454), !pdfs=(pdfCTAUDSS = 0.0717934/1,pdfCTAUDF = 60.7503/1), !coefficients=(fDFSS = 1.00214)
    ... (remaining 3 messages suppressed)

[#0] WARNING:Minization -- RooMinimizerFcn: Minimized function has error status.
Returning maximum FCN so far (-704.329) to force MIGRAD to back out of this region. Error log follows
Parameter values: N_Bkg=290.686, b_Bkg=0.786784, fDF12=0.83072, fDFSS=1.00363, fDLIV=0.520249, fDSS12=0.0131714, lambdaDDS_Bkg=0.200004, lambdaDF_Bkg1=0.474942, lambdaDF_Bkg2=0.509973, lambdaDSS_Bkg1=0.919068, lambdaDSS_Bkg2=0.570597
PID1452223/RooRealMPFE::nll_pdfTot_Bkg_dataw_Bkg_5e8ec730db90_MPFE7[ arg=nll_pdfTot_Bkg_dataw_Bkg_GOF7 vars=(N_Bkg,b_Bkg,ctau1_CtauRes,ctau2_CtauRes,ctau3_CtauRes,f2_CtauRes,fDF12,fDFSS,fDLIV,fDSS12,f_CtauRes,lambdaDDS_Bkg,lambdaDF_Bkg1,lambdaDF_Bkg2,lambdaDSS_Bkg1,lambdaDSS_Bkg2,rS21_CtauRes,rS32_CtauRes,s1_CtauRes,zeroMean) ]
     p.d.f value is less than zero (-0.274864), forcing value to zero @ !refCoefNorm=(ctau3D = -0.0102005,ctau3DErr = 0.0142935), !pdfs=(pdfCTAUDSS = 2.54281e-07/1,pdfCTAUDF = 75.7498/1), !coefficients=(fDFSS = 1.00363)
     p.d.f value is less than zero (-0.267757), forcing value to zero @ !refCoefNorm=(ctau3D = -0.0227809,ctau3DErr = 0.0142457), !pdfs=(pdfCTAUDSS = 7.95478e-35/1,pdfCTAUDF = 73.7911/1), !coefficients=(fDFSS = 1.00363)
     p.d.f value is less than zero (-0.217535), forcing value to zero @ !refCoefNorm=(ctau3D = -0.12254,ctau3DErr = 0.0166182), !pdfs=(pdfCTAUDSS = 0/1,pdfCTAUDF = 59.9503/1), !coefficients=(fDFSS = 1.00363)
     p.d.f value is less than zero (-0.271350), forcing value to zero @ !refCoefNorm=(ctau3D = -0.0163796,ctau3DErr = 0.0141411), !pdfs=(pdfCTAUDSS = 1.45325e-18/1,pdfCTAUDF = 74.7813/1), !coefficients=(fDFSS = 1.00363)
     p.d.f value is less than zero (-0.183961), forcing value to zero @ !refCoefNorm=(ctau3D = -0.00602107,ctau3DErr = 0.0179862), !pdfs=(pdfCTAUDSS = 0.0925689/1,pdfCTAUDF = 76.3012/1), !coefficients=(fDFSS = 1.00363)
     p.d.f value is less than zero (-0.267750), forcing value to zero @ !refCoefNorm=(ctau3D = -0.0227926,ctau3DErr = 0.0131383), !pdfs=(pdfCTAUDSS = 7.33723e-41/1,pdfCTAUDF = 73.7893/1), !coefficients=(fDFSS = 1.00363)
     p.d.f value is less than zero (-0.223088), forcing value to zero @ !refCoefNorm=(ctau3D = -0.110432,ctau3DErr = 0.0143453), !pdfs=(pdfCTAUDSS = 0/1,pdfCTAUDF = 61.4809/1), !coefficients=(fDFSS = 1.00363)
     p.d.f value is less than zero (-0.251964), forcing value to zero @ !refCoefNorm=(ctau3D = -0.0519771,ctau3DErr = 0.0171097), !pdfs=(pdfCTAUDSS = 1.3622e-123/1,pdfCTAUDF = 69.4386/1), !coefficients=(fDFSS = 1.00363)
     p.d.f value is less than zero (-0.266012), forcing value to zero @ !refCoefNorm=(ctau3D = -0.0259205,ctau3DErr = 0.0151074), !pdfs=(pdfCTAUDSS = 5.54055e-40/1,pdfCTAUDF = 73.3102/1), !coefficients=(fDFSS = 1.00363)
     p.d.f value is less than zero (-0.272572), forcing value to zero @ !refCoefNorm=(ctau3D = -0.0142074,ctau3DErr = 0.0225732), !pdfs=(pdfCTAUDSS = 9.06094e-06/1,pdfCTAUDF = 75.1206/1), !coefficients=(fDFSS = 1.00363)
     p.d.f value is less than zero (-0.265813), forcing value to zero @ !refCoefNorm=(ctau3D = -0.00905505,ctau3DErr = 0.0213648), !pdfs=(pdfCTAUDSS = 0.00963177/1,pdfCTAUDF = 75.9194/1), !coefficients=(fDFSS = 1.00363)
     p.d.f value is less than zero (-0.177849), forcing value to zero @ !refCoefNorm=(ctau3D = -0.00469135,ctau3DErr = 0.0141454), !pdfs=(pdfCTAUDSS = 0.0993951/1,pdfCTAUDF = 76.5049/1), !coefficients=(fDFSS = 1.00363)
    ... (remaining 3 messages suppressed)

[#0] WARNING:Minization -- RooMinimizerFcn: Minimized function has error status.
Returning maximum FCN so far (-704.329) to force MIGRAD to back out of this region. Error log follows
Parameter values: N_Bkg=314.085, b_Bkg=0.744907, fDF12=0.976751, fDFSS=1.00012, fDLIV=0.476605, fDSS12=0.00246292, lambdaDDS_Bkg=0.417395, lambdaDF_Bkg1=0.446919, lambdaDF_Bkg2=0.510032, lambdaDSS_Bkg1=0.909006, lambdaDSS_Bkg2=0.630332
PID1452223/RooRealMPFE::nll_pdfTot_Bkg_dataw_Bkg_5e8ec730db90_MPFE7[ arg=nll_pdfTot_Bkg_dataw_Bkg_GOF7 vars=(N_Bkg,b_Bkg,ctau1_CtauRes,ctau2_CtauRes,ctau3_CtauRes,f2_CtauRes,fDF12,fDFSS,fDLIV,fDSS12,f_CtauRes,lambdaDDS_Bkg,lambdaDF_Bkg1,lambdaDF_Bkg2,lambdaDSS_Bkg1,lambdaDSS_Bkg2,rS21_CtauRes,rS32_CtauRes,s1_CtauRes,zeroMean) ]
     p.d.f value is less than zero (-0.009789), forcing value to zero @ !refCoefNorm=(ctau3D = -0.0102005,ctau3DErr = 0.0142935), !pdfs=(pdfCTAUDSS = 2.31179e-07/1,pdfCTAUDF = 81.0794/1), !coefficients=(fDFSS = 1.00012)
     p.d.f value is less than zero (-0.009518), forcing value to zero @ !refCoefNorm=(ctau3D = -0.0227809,ctau3DErr = 0.0142457), !pdfs=(pdfCTAUDSS = 7.2319e-35/1,pdfCTAUDF = 78.8346/1), !coefficients=(fDFSS = 1.00012)
     p.d.f value is less than zero (-0.007618), forcing value to zero @ !refCoefNorm=(ctau3D = -0.12254,ctau3DErr = 0.0166182), !pdfs=(pdfCTAUDSS = 0/1,pdfCTAUDF = 63.0995/1), !coefficients=(fDFSS = 1.00012)
     p.d.f value is less than zero (-0.009655), forcing value to zero @ !refCoefNorm=(ctau3D = -0.0163796,ctau3DErr = 0.0141411), !pdfs=(pdfCTAUDSS = 1.3212e-18/1,pdfCTAUDF = 79.9689/1), !coefficients=(fDFSS = 1.00012)
     p.d.f value is less than zero (-0.009518), forcing value to zero @ !refCoefNorm=(ctau3D = -0.0227926,ctau3DErr = 0.0131383), !pdfs=(pdfCTAUDSS = 6.67044e-41/1,pdfCTAUDF = 78.8325/1), !coefficients=(fDFSS = 1.00012)
     p.d.f value is less than zero (-0.007827), forcing value to zero @ !refCoefNorm=(ctau3D = -0.110432,ctau3DErr = 0.0143453), !pdfs=(pdfCTAUDSS = 0/1,pdfCTAUDF = 64.8278/1), !coefficients=(fDFSS = 1.00012)
     p.d.f value is less than zero (-0.008918), forcing value to zero @ !refCoefNorm=(ctau3D = -0.0519771,ctau3DErr = 0.0171097), !pdfs=(pdfCTAUDSS = 1.2384e-123/1,pdfCTAUDF = 73.8615/1), !coefficients=(fDFSS = 1.00012)
     p.d.f value is less than zero (-0.009452), forcing value to zero @ !refCoefNorm=(ctau3D = -0.0259205,ctau3DErr = 0.0151074), !pdfs=(pdfCTAUDSS = 5.03705e-40/1,pdfCTAUDF = 78.2841/1), !coefficients=(fDFSS = 1.00012)
     p.d.f value is less than zero (-0.009694), forcing value to zero @ !refCoefNorm=(ctau3D = -0.0142074,ctau3DErr = 0.0225732), !pdfs=(pdfCTAUDSS = 8.23806e-06/1,pdfCTAUDF = 80.3579/1), !coefficients=(fDFSS = 1.00012)
     p.d.f value is less than zero (-0.001054), forcing value to zero @ !refCoefNorm=(ctau3D = -0.00905505,ctau3DErr = 0.0213648), !pdfs=(pdfCTAUDSS = 0.00875729/1,pdfCTAUDF = 81.2749/1), !coefficients=(fDFSS = 1.00012)
     p.d.f value is less than zero (-0.009738), forcing value to zero @ !refCoefNorm=(ctau3D = -0.0125222,ctau3DErr = 0.0182945), !pdfs=(pdfCTAUDSS = 8.35212e-07/1,pdfCTAUDF = 80.6605/1), !coefficients=(fDFSS = 1.00012)

[#0] WARNING:Minization -- RooMinimizerFcn: Minimized function has error status.
Returning maximum FCN so far (-704.329) to force MIGRAD to back out of this region. Error log follows
Parameter values: N_Bkg=314.085, b_Bkg=0.744907, fDF12=0.976751, fDFSS=1.00012, fDLIV=0.476605, fDSS12=0.00246292, lambdaDDS_Bkg=0.417395, lambdaDF_Bkg1=0.446919, lambdaDF_Bkg2=0.510032, lambdaDSS_Bkg1=0.909006, lambdaDSS_Bkg2=0.630332
PID1452223/RooRealMPFE::nll_pdfTot_Bkg_dataw_Bkg_5e8ec730db90_MPFE7[ arg=nll_pdfTot_Bkg_dataw_Bkg_GOF7 vars=(N_Bkg,b_Bkg,ctau1_CtauRes,ctau2_CtauRes,ctau3_CtauRes,f2_CtauRes,fDF12,fDFSS,fDLIV,fDSS12,f_CtauRes,lambdaDDS_Bkg,lambdaDF_Bkg1,lambdaDF_Bkg2,lambdaDSS_Bkg1,lambdaDSS_Bkg2,rS21_CtauRes,rS32_CtauRes,s1_CtauRes,zeroMean) ]
     p.d.f value is less than zero (-0.009574), forcing value to zero @ !refCoefNorm=(ctau3D = -0.0102005,ctau3DErr = 0.0142935), !pdfs=(pdfCTAUDSS = 2.31179e-07/1,pdfCTAUDF = 81.0794/1), !coefficients=(fDFSS = 1.00012)
     p.d.f value is less than zero (-0.009309), forcing value to zero @ !refCoefNorm=(ctau3D = -0.0227809,ctau3DErr = 0.0142457), !pdfs=(pdfCTAUDSS = 7.2319e-35/1,pdfCTAUDF = 78.8346/1), !coefficients=(fDFSS = 1.00012)
     p.d.f value is less than zero (-0.007451), forcing value to zero @ !refCoefNorm=(ctau3D = -0.12254,ctau3DErr = 0.0166182), !pdfs=(pdfCTAUDSS = 0/1,pdfCTAUDF = 63.0995/1), !coefficients=(fDFSS = 1.00012)
     p.d.f value is less than zero (-0.009443), forcing value to zero @ !refCoefNorm=(ctau3D = -0.0163796,ctau3DErr = 0.0141411), !pdfs=(pdfCTAUDSS = 1.3212e-18/1,pdfCTAUDF = 79.9689/1), !coefficients=(fDFSS = 1.00012)
     p.d.f value is less than zero (-0.009309), forcing value to zero @ !refCoefNorm=(ctau3D = -0.0227926,ctau3DErr = 0.0131383), !pdfs=(pdfCTAUDSS = 6.67044e-41/1,pdfCTAUDF = 78.8325/1), !coefficients=(fDFSS = 1.00012)
     p.d.f value is less than zero (-0.007655), forcing value to zero @ !refCoefNorm=(ctau3D = -0.110432,ctau3DErr = 0.0143453), !pdfs=(pdfCTAUDSS = 0/1,pdfCTAUDF = 64.8278/1), !coefficients=(fDFSS = 1.00012)
     p.d.f value is less than zero (-0.008722), forcing value to zero @ !refCoefNorm=(ctau3D = -0.0519771,ctau3DErr = 0.0171097), !pdfs=(pdfCTAUDSS = 1.2384e-123/1,pdfCTAUDF = 73.8615/1), !coefficients=(fDFSS = 1.00012)
     p.d.f value is less than zero (-0.009244), forcing value to zero @ !refCoefNorm=(ctau3D = -0.0259205,ctau3DErr = 0.0151074), !pdfs=(pdfCTAUDSS = 5.03705e-40/1,pdfCTAUDF = 78.2841/1), !coefficients=(fDFSS = 1.00012)
     p.d.f value is less than zero (-0.009481), forcing value to zero @ !refCoefNorm=(ctau3D = -0.0142074,ctau3DErr = 0.0225732), !pdfs=(pdfCTAUDSS = 8.23806e-06/1,pdfCTAUDF = 80.3579/1), !coefficients=(fDFSS = 1.00012)
     p.d.f value is less than zero (-0.000839), forcing value to zero @ !refCoefNorm=(ctau3D = -0.00905505,ctau3DErr = 0.0213648), !pdfs=(pdfCTAUDSS = 0.00875729/1,pdfCTAUDF = 81.2749/1), !coefficients=(fDFSS = 1.00012)
     p.d.f value is less than zero (-0.009524), forcing value to zero @ !refCoefNorm=(ctau3D = -0.0125222,ctau3DErr = 0.0182945), !pdfs=(pdfCTAUDSS = 8.35212e-07/1,pdfCTAUDF = 80.6605/1), !coefficients=(fDFSS = 1.00012)

[#0] WARNING:Minization -- RooMinimizerFcn: Minimized function has error status.
Returning maximum FCN so far (1198.69) to force MIGRAD to back out of this region. Error log follows
Parameter values: N_Bkg=224.561, b_Bkg=0.896431, fDF12=0.087402, fDFSS=1.00001, fDLIV=0.653083, fDSS12=0.335896, lambdaDDS_Bkg=0.0728546, lambdaDF_Bkg1=0.561295, lambdaDF_Bkg2=0.50981, lambdaDSS_Bkg1=0.947226, lambdaDSS_Bkg2=0.381622
PID1452223/RooRealMPFE::nll_pdfTot_Bkg_dataw_Bkg_5e8ec730db90_MPFE7[ arg=nll_pdfTot_Bkg_dataw_Bkg_GOF7 vars=(N_Bkg,b_Bkg,ctau1_CtauRes,ctau2_CtauRes,ctau3_CtauRes,f2_CtauRes,fDF12,fDFSS,fDLIV,fDSS12,f_CtauRes,lambdaDDS_Bkg,lambdaDF_Bkg1,lambdaDF_Bkg2,lambdaDSS_Bkg1,lambdaDSS_Bkg2,rS21_CtauRes,rS32_CtauRes,s1_CtauRes,zeroMean) ]
     p.d.f value is less than zero (-0.000535), forcing value to zero @ !refCoefNorm=(ctau3D = -0.0102005,ctau3DErr = 0.0142935), !pdfs=(pdfCTAUDSS = 3.05459e-07/1,pdfCTAUDF = 70.937/1), !coefficients=(fDFSS = 1.00001)
     p.d.f value is less than zero (-0.000522), forcing value to zero @ !refCoefNorm=(ctau3D = -0.0227809,ctau3DErr = 0.0142457), !pdfs=(pdfCTAUDSS = 9.55678e-35/1,pdfCTAUDF = 69.2205/1), !coefficients=(fDFSS = 1.00001)
     p.d.f value is less than zero (-0.000430), forcing value to zero @ !refCoefNorm=(ctau3D = -0.12254,ctau3DErr = 0.0166182), !pdfs=(pdfCTAUDSS = 0/1,pdfCTAUDF = 57.0013/1), !coefficients=(fDFSS = 1.00001)
     p.d.f value is less than zero (-0.000529), forcing value to zero @ !refCoefNorm=(ctau3D = -0.0163796,ctau3DErr = 0.0141411), !pdfs=(pdfCTAUDSS = 1.74587e-18/1,pdfCTAUDF = 70.0887/1), !coefficients=(fDFSS = 1.00001)
     p.d.f value is less than zero (-0.000522), forcing value to zero @ !refCoefNorm=(ctau3D = -0.0227926,ctau3DErr = 0.0131383), !pdfs=(pdfCTAUDSS = 8.81497e-41/1,pdfCTAUDF = 69.2189/1), !coefficients=(fDFSS = 1.00001)
     p.d.f value is less than zero (-0.000440), forcing value to zero @ !refCoefNorm=(ctau3D = -0.110432,ctau3DErr = 0.0143453), !pdfs=(pdfCTAUDSS = 0/1,pdfCTAUDF = 58.3609/1), !coefficients=(fDFSS = 1.00001)
     p.d.f value is less than zero (-0.000494), forcing value to zero @ !refCoefNorm=(ctau3D = -0.0519771,ctau3DErr = 0.0171097), !pdfs=(pdfCTAUDSS = 1.63658e-123/1,pdfCTAUDF = 65.3955/1), !coefficients=(fDFSS = 1.00001)
     p.d.f value is less than zero (-0.000519), forcing value to zero @ !refCoefNorm=(ctau3D = -0.0259205,ctau3DErr = 0.0151074), !pdfs=(pdfCTAUDSS = 6.65635e-40/1,pdfCTAUDF = 68.7987/1), !coefficients=(fDFSS = 1.00001)
     p.d.f value is less than zero (-0.000520), forcing value to zero @ !refCoefNorm=(ctau3D = -0.0142074,ctau3DErr = 0.0225732), !pdfs=(pdfCTAUDSS = 1.0883e-05/1,pdfCTAUDF = 70.386/1), !coefficients=(fDFSS = 1.00001)
     p.d.f value is less than zero (-0.000532), forcing value to zero @ !refCoefNorm=(ctau3D = -0.0125222,ctau3DErr = 0.0182945), !pdfs=(pdfCTAUDSS = 1.10349e-06/1,pdfCTAUDF = 70.6172/1), !coefficients=(fDFSS = 1.00001)

[#0] WARNING:Minization -- RooMinimizerFcn: Minimized function has error status.
Returning maximum FCN so far (1198.69) to force MIGRAD to back out of this region. Error log follows
Parameter values: N_Bkg=228.17, b_Bkg=0.895215, fDF12=0.098057, fDFSS=1, fDLIV=0.653386, fDSS12=0.24093, lambdaDDS_Bkg=0.0540371, lambdaDF_Bkg1=0.558766, lambdaDF_Bkg2=0.509624, lambdaDSS_Bkg1=0.850347, lambdaDSS_Bkg2=0.3861
PID1452223/RooRealMPFE::nll_pdfTot_Bkg_dataw_Bkg_5e8ec730db90_MPFE7[ arg=nll_pdfTot_Bkg_dataw_Bkg_GOF7 vars=(N_Bkg,b_Bkg,ctau1_CtauRes,ctau2_CtauRes,ctau3_CtauRes,f2_CtauRes,fDF12,fDFSS,fDLIV,fDSS12,f_CtauRes,lambdaDDS_Bkg,lambdaDF_Bkg1,lambdaDF_Bkg2,lambdaDSS_Bkg1,lambdaDSS_Bkg2,rS21_CtauRes,rS32_CtauRes,s1_CtauRes,zeroMean) ]
     p.d.f value is less than zero (-0.000105), forcing value to zero @ !refCoefNorm=(ctau3D = -0.0102005,ctau3DErr = 0.0142935), !pdfs=(pdfCTAUDSS = 3.27943e-07/1,pdfCTAUDF = 70.92/1), !coefficients=(fDFSS = 1)
     p.d.f value is less than zero (-0.000102), forcing value to zero @ !refCoefNorm=(ctau3D = -0.0227809,ctau3DErr = 0.0142457), !pdfs=(pdfCTAUDSS = 1.02603e-34/1,pdfCTAUDF = 69.2043/1), !coefficients=(fDFSS = 1)
     p.d.f value is less than zero (-0.000084), forcing value to zero @ !refCoefNorm=(ctau3D = -0.12254,ctau3DErr = 0.0166182), !pdfs=(pdfCTAUDSS = 0/1,pdfCTAUDF = 56.9905/1), !coefficients=(fDFSS = 1)
     p.d.f value is less than zero (-0.000104), forcing value to zero @ !refCoefNorm=(ctau3D = -0.0163796,ctau3DErr = 0.0141411), !pdfs=(pdfCTAUDSS = 1.87439e-18/1,pdfCTAUDF = 70.072/1), !coefficients=(fDFSS = 1)
     p.d.f value is less than zero (-0.000102), forcing value to zero @ !refCoefNorm=(ctau3D = -0.0227926,ctau3DErr = 0.0131383), !pdfs=(pdfCTAUDSS = 9.46392e-41/1,pdfCTAUDF = 69.2027/1), !coefficients=(fDFSS = 1)
     p.d.f value is less than zero (-0.000086), forcing value to zero @ !refCoefNorm=(ctau3D = -0.110432,ctau3DErr = 0.0143453), !pdfs=(pdfCTAUDSS = 0/1,pdfCTAUDF = 58.3495/1), !coefficients=(fDFSS = 1)
     p.d.f value is less than zero (-0.000097), forcing value to zero @ !refCoefNorm=(ctau3D = -0.0519771,ctau3DErr = 0.0171097), !pdfs=(pdfCTAUDSS = 1.75707e-123/1,pdfCTAUDF = 65.381/1), !coefficients=(fDFSS = 1)
     p.d.f value is less than zero (-0.000102), forcing value to zero @ !refCoefNorm=(ctau3D = -0.0259205,ctau3DErr = 0.0151074), !pdfs=(pdfCTAUDSS = 7.14637e-40/1,pdfCTAUDF = 68.7827/1), !coefficients=(fDFSS = 1)
     p.d.f value is less than zero (-0.000092), forcing value to zero @ !refCoefNorm=(ctau3D = -0.0142074,ctau3DErr = 0.0225732), !pdfs=(pdfCTAUDSS = 1.1684e-05/1,pdfCTAUDF = 70.3692/1), !coefficients=(fDFSS = 1)
     p.d.f value is less than zero (-0.000103), forcing value to zero @ !refCoefNorm=(ctau3D = -0.0125222,ctau3DErr = 0.0182945), !pdfs=(pdfCTAUDSS = 1.1847e-06/1,pdfCTAUDF = 70.6003/1), !coefficients=(fDFSS = 1)

[#0] WARNING:Minization -- RooMinimizerFcn: Minimized function has error status.
Returning maximum FCN so far (1198.69) to force MIGRAD to back out of this region. Error log follows
Parameter values: N_Bkg=273.386, b_Bkg=0.96346, fDF12=0.999914, fDFSS=1.00001, fDLIV=0.691647, fDSS12=0.00272185, lambdaDDS_Bkg=0.0271275, lambdaDF_Bkg1=0.820452, lambdaDF_Bkg2=0.478863, lambdaDSS_Bkg1=0.113977, lambdaDSS_Bkg2=0.348902
PID1452223/RooRealMPFE::nll_pdfTot_Bkg_dataw_Bkg_5e8ec730db90_MPFE7[ arg=nll_pdfTot_Bkg_dataw_Bkg_GOF7 vars=(N_Bkg,b_Bkg,ctau1_CtauRes,ctau2_CtauRes,ctau3_CtauRes,f2_CtauRes,fDF12,fDFSS,fDLIV,fDSS12,f_CtauRes,lambdaDDS_Bkg,lambdaDF_Bkg1,lambdaDF_Bkg2,lambdaDSS_Bkg1,lambdaDSS_Bkg2,rS21_CtauRes,rS32_CtauRes,s1_CtauRes,zeroMean) ]
     p.d.f value is less than zero (-0.000463), forcing value to zero @ !refCoefNorm=(ctau3D = -0.0102005,ctau3DErr = 0.0142935), !pdfs=(pdfCTAUDSS = 4.20126e-07/1,pdfCTAUDF = 45.094/1), !coefficients=(fDFSS = 1.00001)
     p.d.f value is less than zero (-0.000456), forcing value to zero @ !refCoefNorm=(ctau3D = -0.0227809,ctau3DErr = 0.0142457), !pdfs=(pdfCTAUDSS = 1.31455e-34/1,pdfCTAUDF = 44.4077/1), !coefficients=(fDFSS = 1.00001)
     p.d.f value is less than zero (-0.000404), forcing value to zero @ !refCoefNorm=(ctau3D = -0.12254,ctau3DErr = 0.0166182), !pdfs=(pdfCTAUDSS = 0/1,pdfCTAUDF = 39.3231/1), !coefficients=(fDFSS = 1.00001)
     p.d.f value is less than zero (-0.000459), forcing value to zero @ !refCoefNorm=(ctau3D = -0.0163796,ctau3DErr = 0.0141411), !pdfs=(pdfCTAUDSS = 2.4014e-18/1,pdfCTAUDF = 44.7556/1), !coefficients=(fDFSS = 1.00001)
     p.d.f value is less than zero (-0.000456), forcing value to zero @ !refCoefNorm=(ctau3D = -0.0227926,ctau3DErr = 0.0131383), !pdfs=(pdfCTAUDSS = 1.21253e-40/1,pdfCTAUDF = 44.4071/1), !coefficients=(fDFSS = 1.00001)
     p.d.f value is less than zero (-0.000410), forcing value to zero @ !refCoefNorm=(ctau3D = -0.110432,ctau3DErr = 0.0143453), !pdfs=(pdfCTAUDSS = 0/1,pdfCTAUDF = 39.9077/1), !coefficients=(fDFSS = 1.00001)
     p.d.f value is less than zero (-0.000440), forcing value to zero @ !refCoefNorm=(ctau3D = -0.0519771,ctau3DErr = 0.0171097), !pdfs=(pdfCTAUDSS = 2.25121e-123/1,pdfCTAUDF = 42.8551/1), !coefficients=(fDFSS = 1.00001)
     p.d.f value is less than zero (-0.000454), forcing value to zero @ !refCoefNorm=(ctau3D = -0.0259205,ctau3DErr = 0.0151074), !pdfs=(pdfCTAUDSS = 9.15594e-40/1,pdfCTAUDF = 44.2381/1), !coefficients=(fDFSS = 1.00001)
     p.d.f value is less than zero (-0.000446), forcing value to zero @ !refCoefNorm=(ctau3D = -0.0142074,ctau3DErr = 0.0225732), !pdfs=(pdfCTAUDSS = 1.49665e-05/1,pdfCTAUDF = 44.8743/1), !coefficients=(fDFSS = 1.00001)
     p.d.f value is less than zero (-0.000460), forcing value to zero @ !refCoefNorm=(ctau3D = -0.0125222,ctau3DErr = 0.0182945), !pdfs=(pdfCTAUDSS = 1.51764e-06/1,pdfCTAUDF = 44.9665/1), !coefficients=(fDFSS = 1.00001)

[#0] WARNING:Minization -- RooMinimizerFcn: Minimized function has error status.
Returning maximum FCN so far (1198.69) to force MIGRAD to back out of this region. Error log follows
Parameter values: N_Bkg=269.596, b_Bkg=0.964841, fDF12=0.426933, fDFSS=1.00001, fDLIV=0.711097, fDSS12=0.0259366, lambdaDDS_Bkg=0.0238932, lambdaDF_Bkg1=0.99265, lambdaDF_Bkg2=0.432984, lambdaDSS_Bkg1=0.182687, lambdaDSS_Bkg2=0.345355
PID1452223/RooRealMPFE::nll_pdfTot_Bkg_dataw_Bkg_5e8ec730db90_MPFE7[ arg=nll_pdfTot_Bkg_dataw_Bkg_GOF7 vars=(N_Bkg,b_Bkg,ctau1_CtauRes,ctau2_CtauRes,ctau3_CtauRes,f2_CtauRes,fDF12,fDFSS,fDLIV,fDSS12,f_CtauRes,lambdaDDS_Bkg,lambdaDF_Bkg1,lambdaDF_Bkg2,lambdaDSS_Bkg1,lambdaDSS_Bkg2,rS21_CtauRes,rS32_CtauRes,s1_CtauRes,zeroMean) ]
     p.d.f value is less than zero (-0.000769), forcing value to zero @ !refCoefNorm=(ctau3D = -0.0102005,ctau3DErr = 0.0142935), !pdfs=(pdfCTAUDSS = 4.31806e-07/1,pdfCTAUDF = 64.1684/1), !coefficients=(fDFSS = 1.00001)
     p.d.f value is less than zero (-0.000750), forcing value to zero @ !refCoefNorm=(ctau3D = -0.0227809,ctau3DErr = 0.0142457), !pdfs=(pdfCTAUDSS = 1.35112e-34/1,pdfCTAUDF = 62.5892/1), !coefficients=(fDFSS = 1.00001)
     p.d.f value is less than zero (-0.000617), forcing value to zero @ !refCoefNorm=(ctau3D = -0.12254,ctau3DErr = 0.0166182), !pdfs=(pdfCTAUDSS = 0/1,pdfCTAUDF = 51.462/1), !coefficients=(fDFSS = 1.00001)
     p.d.f value is less than zero (-0.000760), forcing value to zero @ !refCoefNorm=(ctau3D = -0.0163796,ctau3DErr = 0.0141411), !pdfs=(pdfCTAUDSS = 2.4682e-18/1,pdfCTAUDF = 63.3874/1), !coefficients=(fDFSS = 1.00001)
     p.d.f value is less than zero (-0.000750), forcing value to zero @ !refCoefNorm=(ctau3D = -0.0227926,ctau3DErr = 0.0131383), !pdfs=(pdfCTAUDSS = 1.24627e-40/1,pdfCTAUDF = 62.5877/1), !coefficients=(fDFSS = 1.00001)
     p.d.f value is less than zero (-0.000632), forcing value to zero @ !refCoefNorm=(ctau3D = -0.110432,ctau3DErr = 0.0143453), !pdfs=(pdfCTAUDSS = 0/1,pdfCTAUDF = 52.69/1), !coefficients=(fDFSS = 1.00001)
     p.d.f value is less than zero (-0.000708), forcing value to zero @ !refCoefNorm=(ctau3D = -0.0519771,ctau3DErr = 0.0171097), !pdfs=(pdfCTAUDSS = 2.31386e-123/1,pdfCTAUDF = 59.0842/1), !coefficients=(fDFSS = 1.00001)
     p.d.f value is less than zero (-0.000746), forcing value to zero @ !refCoefNorm=(ctau3D = -0.0259205,ctau3DErr = 0.0151074), !pdfs=(pdfCTAUDSS = 9.41066e-40/1,pdfCTAUDF = 62.2017/1), !coefficients=(fDFSS = 1.00001)
     p.d.f value is less than zero (-0.000748), forcing value to zero @ !refCoefNorm=(ctau3D = -0.0142074,ctau3DErr = 0.0225732), !pdfs=(pdfCTAUDSS = 1.53822e-05/1,pdfCTAUDF = 63.661/1), !coefficients=(fDFSS = 1.00001)
     p.d.f value is less than zero (-0.000764), forcing value to zero @ !refCoefNorm=(ctau3D = -0.0125222,ctau3DErr = 0.0182945), !pdfs=(pdfCTAUDSS = 1.55982e-06/1,pdfCTAUDF = 63.8738/1), !coefficients=(fDFSS = 1.00001)

[#0] WARNING:Minization -- RooMinimizerFcn: Minimized function has error status.
Returning maximum FCN so far (1198.69) to force MIGRAD to back out of this region. Error log follows
Parameter values: N_Bkg=269.596, b_Bkg=0.964841, fDF12=0.426933, fDFSS=1.00001, fDLIV=0.711097, fDSS12=0.0259366, lambdaDDS_Bkg=0.0238932, lambdaDF_Bkg1=0.99265, lambdaDF_Bkg2=0.432984, lambdaDSS_Bkg1=0.182687, lambdaDSS_Bkg2=0.345355
PID1452223/RooRealMPFE::nll_pdfTot_Bkg_dataw_Bkg_5e8ec730db90_MPFE7[ arg=nll_pdfTot_Bkg_dataw_Bkg_GOF7 vars=(N_Bkg,b_Bkg,ctau1_CtauRes,ctau2_CtauRes,ctau3_CtauRes,f2_CtauRes,fDF12,fDFSS,fDLIV,fDSS12,f_CtauRes,lambdaDDS_Bkg,lambdaDF_Bkg1,lambdaDF_Bkg2,lambdaDSS_Bkg1,lambdaDSS_Bkg2,rS21_CtauRes,rS32_CtauRes,s1_CtauRes,zeroMean) ]
     p.d.f value is less than zero (-0.000519), forcing value to zero @ !refCoefNorm=(ctau3D = -0.0102005,ctau3DErr = 0.0142935), !pdfs=(pdfCTAUDSS = 4.31806e-07/1,pdfCTAUDF = 64.1684/1), !coefficients=(fDFSS = 1.00001)
     p.d.f value is less than zero (-0.000507), forcing value to zero @ !refCoefNorm=(ctau3D = -0.0227809,ctau3DErr = 0.0142457), !pdfs=(pdfCTAUDSS = 1.35112e-34/1,pdfCTAUDF = 62.5892/1), !coefficients=(fDFSS = 1.00001)
     p.d.f value is less than zero (-0.000417), forcing value to zero @ !refCoefNorm=(ctau3D = -0.12254,ctau3DErr = 0.0166182), !pdfs=(pdfCTAUDSS = 0/1,pdfCTAUDF = 51.462/1), !coefficients=(fDFSS = 1.00001)
     p.d.f value is less than zero (-0.000513), forcing value to zero @ !refCoefNorm=(ctau3D = -0.0163796,ctau3DErr = 0.0141411), !pdfs=(pdfCTAUDSS = 2.4682e-18/1,pdfCTAUDF = 63.3874/1), !coefficients=(fDFSS = 1.00001)
     p.d.f value is less than zero (-0.000507), forcing value to zero @ !refCoefNorm=(ctau3D = -0.0227926,ctau3DErr = 0.0131383), !pdfs=(pdfCTAUDSS = 1.24627e-40/1,pdfCTAUDF = 62.5877/1), !coefficients=(fDFSS = 1.00001)
     p.d.f value is less than zero (-0.000427), forcing value to zero @ !refCoefNorm=(ctau3D = -0.110432,ctau3DErr = 0.0143453), !pdfs=(pdfCTAUDSS = 0/1,pdfCTAUDF = 52.69/1), !coefficients=(fDFSS = 1.00001)
     p.d.f value is less than zero (-0.000478), forcing value to zero @ !refCoefNorm=(ctau3D = -0.0519771,ctau3DErr = 0.0171097), !pdfs=(pdfCTAUDSS = 2.31386e-123/1,pdfCTAUDF = 59.0842/1), !coefficients=(fDFSS = 1.00001)
     p.d.f value is less than zero (-0.000504), forcing value to zero @ !refCoefNorm=(ctau3D = -0.0259205,ctau3DErr = 0.0151074), !pdfs=(pdfCTAUDSS = 9.41066e-40/1,pdfCTAUDF = 62.2017/1), !coefficients=(fDFSS = 1.00001)
     p.d.f value is less than zero (-0.000500), forcing value to zero @ !refCoefNorm=(ctau3D = -0.0142074,ctau3DErr = 0.0225732), !pdfs=(pdfCTAUDSS = 1.53822e-05/1,pdfCTAUDF = 63.661/1), !coefficients=(fDFSS = 1.00001)
     p.d.f value is less than zero (-0.000516), forcing value to zero @ !refCoefNorm=(ctau3D = -0.0125222,ctau3DErr = 0.0182945), !pdfs=(pdfCTAUDSS = 1.55982e-06/1,pdfCTAUDF = 63.8738/1), !coefficients=(fDFSS = 1.00001)

[#0] WARNING:Minization -- RooMinimizerFcn: Minimized function has error status.
Returning maximum FCN so far (1198.69) to force MIGRAD to back out of this region. Error log follows
Parameter values: N_Bkg=269.588, b_Bkg=0.964836, fDF12=0.428688, fDFSS=1.00001, fDLIV=0.711115, fDSS12=0.0259518, lambdaDDS_Bkg=0.0238901, lambdaDF_Bkg1=0.992719, lambdaDF_Bkg2=0.432906, lambdaDSS_Bkg1=0.18288, lambdaDSS_Bkg2=0.345355
PID1452223/RooRealMPFE::nll_pdfTot_Bkg_dataw_Bkg_5e8ec730db90_MPFE7[ arg=nll_pdfTot_Bkg_dataw_Bkg_GOF7 vars=(N_Bkg,b_Bkg,ctau1_CtauRes,ctau2_CtauRes,ctau3_CtauRes,f2_CtauRes,fDF12,fDFSS,fDLIV,fDSS12,f_CtauRes,lambdaDDS_Bkg,lambdaDF_Bkg1,lambdaDF_Bkg2,lambdaDSS_Bkg1,lambdaDSS_Bkg2,rS21_CtauRes,rS32_CtauRes,s1_CtauRes,zeroMean) ]
     p.d.f value is less than zero (-0.000511), forcing value to zero @ !refCoefNorm=(ctau3D = -0.0102005,ctau3DErr = 0.0142935), !pdfs=(pdfCTAUDSS = 4.3179e-07/1,pdfCTAUDF = 64.0948/1), !coefficients=(fDFSS = 1.00001)
     p.d.f value is less than zero (-0.000499), forcing value to zero @ !refCoefNorm=(ctau3D = -0.0227809,ctau3DErr = 0.0142457), !pdfs=(pdfCTAUDSS = 1.35107e-34/1,pdfCTAUDF = 62.5186/1), !coefficients=(fDFSS = 1.00001)
     p.d.f value is less than zero (-0.000410), forcing value to zero @ !refCoefNorm=(ctau3D = -0.12254,ctau3DErr = 0.0166182), !pdfs=(pdfCTAUDSS = 0/1,pdfCTAUDF = 51.4116/1), !coefficients=(fDFSS = 1.00001)
     p.d.f value is less than zero (-0.000505), forcing value to zero @ !refCoefNorm=(ctau3D = -0.0163796,ctau3DErr = 0.0141411), !pdfs=(pdfCTAUDSS = 2.4681e-18/1,pdfCTAUDF = 63.3153/1), !coefficients=(fDFSS = 1.00001)
     p.d.f value is less than zero (-0.000499), forcing value to zero @ !refCoefNorm=(ctau3D = -0.0227926,ctau3DErr = 0.0131383), !pdfs=(pdfCTAUDSS = 1.24622e-40/1,pdfCTAUDF = 62.5171/1), !coefficients=(fDFSS = 1.00001)
     p.d.f value is less than zero (-0.000420), forcing value to zero @ !refCoefNorm=(ctau3D = -0.110432,ctau3DErr = 0.0143453), !pdfs=(pdfCTAUDSS = 0/1,pdfCTAUDF = 52.6373/1), !coefficients=(fDFSS = 1.00001)
     p.d.f value is less than zero (-0.000471), forcing value to zero @ !refCoefNorm=(ctau3D = -0.0519771,ctau3DErr = 0.0171097), !pdfs=(pdfCTAUDSS = 2.31377e-123/1,pdfCTAUDF = 59.0201/1), !coefficients=(fDFSS = 1.00001)
     p.d.f value is less than zero (-0.000496), forcing value to zero @ !refCoefNorm=(ctau3D = -0.0259205,ctau3DErr = 0.0151074), !pdfs=(pdfCTAUDSS = 9.41031e-40/1,pdfCTAUDF = 62.1318/1), !coefficients=(fDFSS = 1.00001)
     p.d.f value is less than zero (-0.000492), forcing value to zero @ !refCoefNorm=(ctau3D = -0.0142074,ctau3DErr = 0.0225732), !pdfs=(pdfCTAUDSS = 1.53816e-05/1,pdfCTAUDF = 63.5884/1), !coefficients=(fDFSS = 1.00001)
     p.d.f value is less than zero (-0.000508), forcing value to zero @ !refCoefNorm=(ctau3D = -0.0125222,ctau3DErr = 0.0182945), !pdfs=(pdfCTAUDSS = 1.55976e-06/1,pdfCTAUDF = 63.8008/1), !coefficients=(fDFSS = 1.00001)

[#0] WARNING:Minization -- RooMinimizerFcn: Minimized function has error status.
Returning maximum FCN so far (1198.69) to force MIGRAD to back out of this region. Error log follows
Parameter values: N_Bkg=265.48, b_Bkg=0.968169, fDF12=0.386729, fDFSS=1.00001, fDLIV=0.715213, fDSS12=0.0435508, lambdaDDS_Bkg=0.0254755, lambdaDF_Bkg1=0.997684, lambdaDF_Bkg2=0.398738, lambdaDSS_Bkg1=0.213579, lambdaDSS_Bkg2=0.342236
PID1452223/RooRealMPFE::nll_pdfTot_Bkg_dataw_Bkg_5e8ec730db90_MPFE7[ arg=nll_pdfTot_Bkg_dataw_Bkg_GOF7 vars=(N_Bkg,b_Bkg,ctau1_CtauRes,ctau2_CtauRes,ctau3_CtauRes,f2_CtauRes,fDF12,fDFSS,fDLIV,fDSS12,f_CtauRes,lambdaDDS_Bkg,lambdaDF_Bkg1,lambdaDF_Bkg2,lambdaDSS_Bkg1,lambdaDSS_Bkg2,rS21_CtauRes,rS32_CtauRes,s1_CtauRes,zeroMean) ]
     p.d.f value is less than zero (-0.000560), forcing value to zero @ !refCoefNorm=(ctau3D = -0.0102005,ctau3DErr = 0.0142935), !pdfs=(pdfCTAUDSS = 4.37076e-07/1,pdfCTAUDF = 70.2566/1), !coefficients=(fDFSS = 1.00001)
     p.d.f value is less than zero (-0.000546), forcing value to zero @ !refCoefNorm=(ctau3D = -0.0227809,ctau3DErr = 0.0142457), !pdfs=(pdfCTAUDSS = 1.36762e-34/1,pdfCTAUDF = 68.3437/1), !coefficients=(fDFSS = 1.00001)
     p.d.f value is less than zero (-0.000439), forcing value to zero @ !refCoefNorm=(ctau3D = -0.12254,ctau3DErr = 0.0166182), !pdfs=(pdfCTAUDSS = 0/1,pdfCTAUDF = 55.0262/1), !coefficients=(fDFSS = 1.00001)
     p.d.f value is less than zero (-0.000553), forcing value to zero @ !refCoefNorm=(ctau3D = -0.0163796,ctau3DErr = 0.0141411), !pdfs=(pdfCTAUDSS = 2.49833e-18/1,pdfCTAUDF = 69.3099/1), !coefficients=(fDFSS = 1.00001)
     p.d.f value is less than zero (-0.000546), forcing value to zero @ !refCoefNorm=(ctau3D = -0.0227926,ctau3DErr = 0.0131383), !pdfs=(pdfCTAUDSS = 1.26148e-40/1,pdfCTAUDF = 68.3419/1), !coefficients=(fDFSS = 1.00001)
     p.d.f value is less than zero (-0.000451), forcing value to zero @ !refCoefNorm=(ctau3D = -0.110432,ctau3DErr = 0.0143453), !pdfs=(pdfCTAUDSS = 0/1,pdfCTAUDF = 56.4811/1), !coefficients=(fDFSS = 1.00001)
     p.d.f value is less than zero (-0.000512), forcing value to zero @ !refCoefNorm=(ctau3D = -0.0519771,ctau3DErr = 0.0171097), !pdfs=(pdfCTAUDSS = 2.34211e-123/1,pdfCTAUDF = 64.1174/1), !coefficients=(fDFSS = 1.00001)
     p.d.f value is less than zero (-0.000542), forcing value to zero @ !refCoefNorm=(ctau3D = -0.0259205,ctau3DErr = 0.0151074), !pdfs=(pdfCTAUDSS = 9.52555e-40/1,pdfCTAUDF = 67.8751/1), !coefficients=(fDFSS = 1.00001)
     p.d.f value is less than zero (-0.000540), forcing value to zero @ !refCoefNorm=(ctau3D = -0.0142074,ctau3DErr = 0.0225732), !pdfs=(pdfCTAUDSS = 1.55698e-05/1,pdfCTAUDF = 69.6414/1), !coefficients=(fDFSS = 1.00001)
     p.d.f value is less than zero (-0.000556), forcing value to zero @ !refCoefNorm=(ctau3D = -0.0125222,ctau3DErr = 0.0182945), !pdfs=(pdfCTAUDSS = 1.57885e-06/1,pdfCTAUDF = 69.8994/1), !coefficients=(fDFSS = 1.00001)

[#0] WARNING:Minization -- RooMinimizerFcn: Minimized function has error status.
Returning maximum FCN so far (1198.69) to force MIGRAD to back out of this region. Error log follows
Parameter values: N_Bkg=265.48, b_Bkg=0.968169, fDF12=0.386729, fDFSS=1.00001, fDLIV=0.715213, fDSS12=0.0435508, lambdaDDS_Bkg=0.0254755, lambdaDF_Bkg1=0.997684, lambdaDF_Bkg2=0.398738, lambdaDSS_Bkg1=0.213579, lambdaDSS_Bkg2=0.342236
PID1452223/RooRealMPFE::nll_pdfTot_Bkg_dataw_Bkg_5e8ec730db90_MPFE7[ arg=nll_pdfTot_Bkg_dataw_Bkg_GOF7 vars=(N_Bkg,b_Bkg,ctau1_CtauRes,ctau2_CtauRes,ctau3_CtauRes,f2_CtauRes,fDF12,fDFSS,fDLIV,fDSS12,f_CtauRes,lambdaDDS_Bkg,lambdaDF_Bkg1,lambdaDF_Bkg2,lambdaDSS_Bkg1,lambdaDSS_Bkg2,rS21_CtauRes,rS32_CtauRes,s1_CtauRes,zeroMean) ]
     p.d.f value is less than zero (-0.000560), forcing value to zero @ !refCoefNorm=(ctau3D = -0.0102005,ctau3DErr = 0.0142935), !pdfs=(pdfCTAUDSS = 4.37076e-07/1,pdfCTAUDF = 70.2566/1), !coefficients=(fDFSS = 1.00001)
     p.d.f value is less than zero (-0.000546), forcing value to zero @ !refCoefNorm=(ctau3D = -0.0227809,ctau3DErr = 0.0142457), !pdfs=(pdfCTAUDSS = 1.36762e-34/1,pdfCTAUDF = 68.3437/1), !coefficients=(fDFSS = 1.00001)
     p.d.f value is less than zero (-0.000439), forcing value to zero @ !refCoefNorm=(ctau3D = -0.12254,ctau3DErr = 0.0166182), !pdfs=(pdfCTAUDSS = 0/1,pdfCTAUDF = 55.0262/1), !coefficients=(fDFSS = 1.00001)
     p.d.f value is less than zero (-0.000553), forcing value to zero @ !refCoefNorm=(ctau3D = -0.0163796,ctau3DErr = 0.0141411), !pdfs=(pdfCTAUDSS = 2.49833e-18/1,pdfCTAUDF = 69.3099/1), !coefficients=(fDFSS = 1.00001)
     p.d.f value is less than zero (-0.000546), forcing value to zero @ !refCoefNorm=(ctau3D = -0.0227926,ctau3DErr = 0.0131383), !pdfs=(pdfCTAUDSS = 1.26148e-40/1,pdfCTAUDF = 68.3419/1), !coefficients=(fDFSS = 1.00001)
     p.d.f value is less than zero (-0.000451), forcing value to zero @ !refCoefNorm=(ctau3D = -0.110432,ctau3DErr = 0.0143453), !pdfs=(pdfCTAUDSS = 0/1,pdfCTAUDF = 56.4811/1), !coefficients=(fDFSS = 1.00001)
     p.d.f value is less than zero (-0.000512), forcing value to zero @ !refCoefNorm=(ctau3D = -0.0519771,ctau3DErr = 0.0171097), !pdfs=(pdfCTAUDSS = 2.34211e-123/1,pdfCTAUDF = 64.1174/1), !coefficients=(fDFSS = 1.00001)
     p.d.f value is less than zero (-0.000542), forcing value to zero @ !refCoefNorm=(ctau3D = -0.0259205,ctau3DErr = 0.0151074), !pdfs=(pdfCTAUDSS = 9.52555e-40/1,pdfCTAUDF = 67.8751/1), !coefficients=(fDFSS = 1.00001)
     p.d.f value is less than zero (-0.000540), forcing value to zero @ !refCoefNorm=(ctau3D = -0.0142074,ctau3DErr = 0.0225732), !pdfs=(pdfCTAUDSS = 1.55698e-05/1,pdfCTAUDF = 69.6414/1), !coefficients=(fDFSS = 1.00001)
     p.d.f value is less than zero (-0.000556), forcing value to zero @ !refCoefNorm=(ctau3D = -0.0125222,ctau3DErr = 0.0182945), !pdfs=(pdfCTAUDSS = 1.57885e-06/1,pdfCTAUDF = 69.8994/1), !coefficients=(fDFSS = 1.00001)

[#0] WARNING:Minization -- RooMinimizerFcn: Minimized function has error status.
Returning maximum FCN so far (1198.69) to force MIGRAD to back out of this region. Error log follows
Parameter values: N_Bkg=264.591, b_Bkg=0.969549, fDF12=0.0698612, fDFSS=1.00001, fDLIV=0.716535, fDSS12=0.0496153, lambdaDDS_Bkg=0.0241072, lambdaDF_Bkg1=0.971472, lambdaDF_Bkg2=0.368419, lambdaDSS_Bkg1=0.298691, lambdaDSS_Bkg2=0.345113
PID1452223/RooRealMPFE::nll_pdfTot_Bkg_dataw_Bkg_5e8ec730db90_MPFE7[ arg=nll_pdfTot_Bkg_dataw_Bkg_GOF7 vars=(N_Bkg,b_Bkg,ctau1_CtauRes,ctau2_CtauRes,ctau3_CtauRes,f2_CtauRes,fDF12,fDFSS,fDLIV,fDSS12,f_CtauRes,lambdaDDS_Bkg,lambdaDF_Bkg1,lambdaDF_Bkg2,lambdaDSS_Bkg1,lambdaDSS_Bkg2,rS21_CtauRes,rS32_CtauRes,s1_CtauRes,zeroMean) ]
     p.d.f value is less than zero (-0.000750), forcing value to zero @ !refCoefNorm=(ctau3D = -0.0102005,ctau3DErr = 0.0142935), !pdfs=(pdfCTAUDSS = 4.25625e-07/1,pdfCTAUDF = 93.9761/1), !coefficients=(fDFSS = 1.00001)
     p.d.f value is less than zero (-0.000725), forcing value to zero @ !refCoefNorm=(ctau3D = -0.0227809,ctau3DErr = 0.0142457), !pdfs=(pdfCTAUDSS = 1.33176e-34/1,pdfCTAUDF = 90.877/1), !coefficients=(fDFSS = 1.00001)
     p.d.f value is less than zero (-0.000556), forcing value to zero @ !refCoefNorm=(ctau3D = -0.12254,ctau3DErr = 0.0166182), !pdfs=(pdfCTAUDSS = 0/1,pdfCTAUDF = 69.6905/1), !coefficients=(fDFSS = 1.00001)
     p.d.f value is less than zero (-0.000738), forcing value to zero @ !refCoefNorm=(ctau3D = -0.0163796,ctau3DErr = 0.0141411), !pdfs=(pdfCTAUDSS = 2.43284e-18/1,pdfCTAUDF = 92.4408/1), !coefficients=(fDFSS = 1.00001)
     p.d.f value is less than zero (-0.000725), forcing value to zero @ !refCoefNorm=(ctau3D = -0.0227926,ctau3DErr = 0.0131383), !pdfs=(pdfCTAUDSS = 1.2284e-40/1,pdfCTAUDF = 90.8741/1), !coefficients=(fDFSS = 1.00001)
     p.d.f value is less than zero (-0.000574), forcing value to zero @ !refCoefNorm=(ctau3D = -0.110432,ctau3DErr = 0.0143453), !pdfs=(pdfCTAUDSS = 0/1,pdfCTAUDF = 71.9689/1), !coefficients=(fDFSS = 1.00001)
     p.d.f value is less than zero (-0.000671), forcing value to zero @ !refCoefNorm=(ctau3D = -0.0519771,ctau3DErr = 0.0171097), !pdfs=(pdfCTAUDSS = 2.28068e-123/1,pdfCTAUDF = 84.077/1), !coefficients=(fDFSS = 1.00001)
     p.d.f value is less than zero (-0.000719), forcing value to zero @ !refCoefNorm=(ctau3D = -0.0259205,ctau3DErr = 0.0151074), !pdfs=(pdfCTAUDSS = 9.27579e-40/1,pdfCTAUDF = 90.1198/1), !coefficients=(fDFSS = 1.00001)
     p.d.f value is less than zero (-0.000727), forcing value to zero @ !refCoefNorm=(ctau3D = -0.0142074,ctau3DErr = 0.0225732), !pdfs=(pdfCTAUDSS = 1.51623e-05/1,pdfCTAUDF = 92.9782/1), !coefficients=(fDFSS = 1.00001)
     p.d.f value is less than zero (-0.000744), forcing value to zero @ !refCoefNorm=(ctau3D = -0.0125222,ctau3DErr = 0.0182945), !pdfs=(pdfCTAUDSS = 1.5375e-06/1,pdfCTAUDF = 93.3965/1), !coefficients=(fDFSS = 1.00001)

[#0] WARNING:Minization -- RooMinimizerFcn: Minimized function has error status.
Returning maximum FCN so far (1198.69) to force MIGRAD to back out of this region. Error log follows
Parameter values: N_Bkg=264.177, b_Bkg=0.97283, fDF12=0.045861, fDFSS=1.00001, fDLIV=0.718911, fDSS12=0.0630222, lambdaDDS_Bkg=0.023988, lambdaDF_Bkg1=0.909791, lambdaDF_Bkg2=0.29967, lambdaDSS_Bkg1=0.390144, lambdaDSS_Bkg2=0.341655
PID1452223/RooRealMPFE::nll_pdfTot_Bkg_dataw_Bkg_5e8ec730db90_MPFE7[ arg=nll_pdfTot_Bkg_dataw_Bkg_GOF7 vars=(N_Bkg,b_Bkg,ctau1_CtauRes,ctau2_CtauRes,ctau3_CtauRes,f2_CtauRes,fDF12,fDFSS,fDLIV,fDSS12,f_CtauRes,lambdaDDS_Bkg,lambdaDF_Bkg1,lambdaDF_Bkg2,lambdaDSS_Bkg1,lambdaDSS_Bkg2,rS21_CtauRes,rS32_CtauRes,s1_CtauRes,zeroMean) ]
     p.d.f value is less than zero (-0.000927), forcing value to zero @ !refCoefNorm=(ctau3D = -0.0102005,ctau3DErr = 0.0142935), !pdfs=(pdfCTAUDSS = 4.23303e-07/1,pdfCTAUDF = 116.271/1), !coefficients=(fDFSS = 1.00001)
     p.d.f value is less than zero (-0.000890), forcing value to zero @ !refCoefNorm=(ctau3D = -0.0227809,ctau3DErr = 0.0142457), !pdfs=(pdfCTAUDSS = 1.32449e-34/1,pdfCTAUDF = 111.542/1), !coefficients=(fDFSS = 1.00001)
     p.d.f value is less than zero (-0.000641), forcing value to zero @ !refCoefNorm=(ctau3D = -0.12254,ctau3DErr = 0.0166182), !pdfs=(pdfCTAUDSS = 0/1,pdfCTAUDF = 80.2904/1), !coefficients=(fDFSS = 1.00001)
     p.d.f value is less than zero (-0.000909), forcing value to zero @ !refCoefNorm=(ctau3D = -0.0163796,ctau3DErr = 0.0141411), !pdfs=(pdfCTAUDSS = 2.41956e-18/1,pdfCTAUDF = 113.924/1), !coefficients=(fDFSS = 1.00001)
     p.d.f value is less than zero (-0.000890), forcing value to zero @ !refCoefNorm=(ctau3D = -0.0227926,ctau3DErr = 0.0131383), !pdfs=(pdfCTAUDSS = 1.2217e-40/1,pdfCTAUDF = 111.538/1), !coefficients=(fDFSS = 1.00001)
     p.d.f value is less than zero (-0.000667), forcing value to zero @ !refCoefNorm=(ctau3D = -0.110432,ctau3DErr = 0.0143453), !pdfs=(pdfCTAUDSS = 0/1,pdfCTAUDF = 83.5547/1), !coefficients=(fDFSS = 1.00001)
     p.d.f value is less than zero (-0.000808), forcing value to zero @ !refCoefNorm=(ctau3D = -0.0519771,ctau3DErr = 0.0171097), !pdfs=(pdfCTAUDSS = 2.26823e-123/1,pdfCTAUDF = 101.301/1), !coefficients=(fDFSS = 1.00001)
     p.d.f value is less than zero (-0.000881), forcing value to zero @ !refCoefNorm=(ctau3D = -0.0259205,ctau3DErr = 0.0151074), !pdfs=(pdfCTAUDSS = 9.22516e-40/1,pdfCTAUDF = 110.393/1), !coefficients=(fDFSS = 1.00001)
     p.d.f value is less than zero (-0.000900), forcing value to zero @ !refCoefNorm=(ctau3D = -0.0142074,ctau3DErr = 0.0225732), !pdfs=(pdfCTAUDSS = 1.50797e-05/1,pdfCTAUDF = 114.745/1), !coefficients=(fDFSS = 1.00001)
     p.d.f value is less than zero (-0.000919), forcing value to zero @ !refCoefNorm=(ctau3D = -0.0125222,ctau3DErr = 0.0182945), !pdfs=(pdfCTAUDSS = 1.52911e-06/1,pdfCTAUDF = 115.384/1), !coefficients=(fDFSS = 1.00001)

[#0] WARNING:Minization -- RooMinimizerFcn: Minimized function has error status.
Returning maximum FCN so far (1198.69) to force MIGRAD to back out of this region. Error log follows
Parameter values: N_Bkg=264.177, b_Bkg=0.97283, fDF12=0.045861, fDFSS=1, fDLIV=0.718911, fDSS12=0.0630222, lambdaDDS_Bkg=0.023988, lambdaDF_Bkg1=0.909791, lambdaDF_Bkg2=0.29967, lambdaDSS_Bkg1=0.390144, lambdaDSS_Bkg2=0.341655
PID1452223/RooRealMPFE::nll_pdfTot_Bkg_dataw_Bkg_5e8ec730db90_MPFE7[ arg=nll_pdfTot_Bkg_dataw_Bkg_GOF7 vars=(N_Bkg,b_Bkg,ctau1_CtauRes,ctau2_CtauRes,ctau3_CtauRes,f2_CtauRes,fDF12,fDFSS,fDLIV,fDSS12,f_CtauRes,lambdaDDS_Bkg,lambdaDF_Bkg1,lambdaDF_Bkg2,lambdaDSS_Bkg1,lambdaDSS_Bkg2,rS21_CtauRes,rS32_CtauRes,s1_CtauRes,zeroMean) ]
     p.d.f value is less than zero (-0.000293), forcing value to zero @ !refCoefNorm=(ctau3D = -0.0102005,ctau3DErr = 0.0142935), !pdfs=(pdfCTAUDSS = 4.23303e-07/1,pdfCTAUDF = 116.271/1), !coefficients=(fDFSS = 1)
     p.d.f value is less than zero (-0.000281), forcing value to zero @ !refCoefNorm=(ctau3D = -0.0227809,ctau3DErr = 0.0142457), !pdfs=(pdfCTAUDSS = 1.32449e-34/1,pdfCTAUDF = 111.542/1), !coefficients=(fDFSS = 1)
     p.d.f value is less than zero (-0.000202), forcing value to zero @ !refCoefNorm=(ctau3D = -0.12254,ctau3DErr = 0.0166182), !pdfs=(pdfCTAUDSS = 0/1,pdfCTAUDF = 80.2904/1), !coefficients=(fDFSS = 1)
     p.d.f value is less than zero (-0.000287), forcing value to zero @ !refCoefNorm=(ctau3D = -0.0163796,ctau3DErr = 0.0141411), !pdfs=(pdfCTAUDSS = 2.41956e-18/1,pdfCTAUDF = 113.924/1), !coefficients=(fDFSS = 1)
     p.d.f value is less than zero (-0.000281), forcing value to zero @ !refCoefNorm=(ctau3D = -0.0227926,ctau3DErr = 0.0131383), !pdfs=(pdfCTAUDSS = 1.2217e-40/1,pdfCTAUDF = 111.538/1), !coefficients=(fDFSS = 1)
     p.d.f value is less than zero (-0.000211), forcing value to zero @ !refCoefNorm=(ctau3D = -0.110432,ctau3DErr = 0.0143453), !pdfs=(pdfCTAUDSS = 0/1,pdfCTAUDF = 83.5547/1), !coefficients=(fDFSS = 1)
     p.d.f value is less than zero (-0.000255), forcing value to zero @ !refCoefNorm=(ctau3D = -0.0519771,ctau3DErr = 0.0171097), !pdfs=(pdfCTAUDSS = 2.26823e-123/1,pdfCTAUDF = 101.301/1), !coefficients=(fDFSS = 1)
     p.d.f value is less than zero (-0.000278), forcing value to zero @ !refCoefNorm=(ctau3D = -0.0259205,ctau3DErr = 0.0151074), !pdfs=(pdfCTAUDSS = 9.22516e-40/1,pdfCTAUDF = 110.393/1), !coefficients=(fDFSS = 1)
     p.d.f value is less than zero (-0.000274), forcing value to zero @ !refCoefNorm=(ctau3D = -0.0142074,ctau3DErr = 0.0225732), !pdfs=(pdfCTAUDSS = 1.50797e-05/1,pdfCTAUDF = 114.745/1), !coefficients=(fDFSS = 1)
     p.d.f value is less than zero (-0.000289), forcing value to zero @ !refCoefNorm=(ctau3D = -0.0125222,ctau3DErr = 0.0182945), !pdfs=(pdfCTAUDSS = 1.52911e-06/1,pdfCTAUDF = 115.384/1), !coefficients=(fDFSS = 1)

[#0] WARNING:Minization -- RooMinimizerFcn: Minimized function has error status.
Returning maximum FCN so far (1198.69) to force MIGRAD to back out of this region. Error log follows
Parameter values: N_Bkg=264.731, b_Bkg=0.97126, fDF12=0.641715, fDFSS=1, fDLIV=0.717425, fDSS12=0.0544565, lambdaDDS_Bkg=0.0244336, lambdaDF_Bkg1=0.951494, lambdaDF_Bkg2=0.315803, lambdaDSS_Bkg1=0.331412, lambdaDSS_Bkg2=0.341724
PID1452223/RooRealMPFE::nll_pdfTot_Bkg_dataw_Bkg_5e8ec730db90_MPFE7[ arg=nll_pdfTot_Bkg_dataw_Bkg_GOF7 vars=(N_Bkg,b_Bkg,ctau1_CtauRes,ctau2_CtauRes,ctau3_CtauRes,f2_CtauRes,fDF12,fDFSS,fDLIV,fDSS12,f_CtauRes,lambdaDDS_Bkg,lambdaDF_Bkg1,lambdaDF_Bkg2,lambdaDSS_Bkg1,lambdaDSS_Bkg2,rS21_CtauRes,rS32_CtauRes,s1_CtauRes,zeroMean) ]
     p.d.f value is less than zero (-0.000166), forcing value to zero @ !refCoefNorm=(ctau3D = -0.0102005,ctau3DErr = 0.0142935), !pdfs=(pdfCTAUDSS = 4.27278e-07/1,pdfCTAUDF = 66.0113/1), !coefficients=(fDFSS = 1)
     p.d.f value is less than zero (-0.000162), forcing value to zero @ !refCoefNorm=(ctau3D = -0.0227809,ctau3DErr = 0.0142457), !pdfs=(pdfCTAUDSS = 1.33694e-34/1,pdfCTAUDF = 64.0859/1), !coefficients=(fDFSS = 1)
     p.d.f value is less than zero (-0.000129), forcing value to zero @ !refCoefNorm=(ctau3D = -0.12254,ctau3DErr = 0.0166182), !pdfs=(pdfCTAUDSS = 0/1,pdfCTAUDF = 50.9847/1), !coefficients=(fDFSS = 1)
     p.d.f value is less than zero (-0.000164), forcing value to zero @ !refCoefNorm=(ctau3D = -0.0163796,ctau3DErr = 0.0141411), !pdfs=(pdfCTAUDSS = 2.44229e-18/1,pdfCTAUDF = 65.0571/1), !coefficients=(fDFSS = 1)
     p.d.f value is less than zero (-0.000162), forcing value to zero @ !refCoefNorm=(ctau3D = -0.0227926,ctau3DErr = 0.0131383), !pdfs=(pdfCTAUDSS = 1.23318e-40/1,pdfCTAUDF = 64.0842/1), !coefficients=(fDFSS = 1)
     p.d.f value is less than zero (-0.000132), forcing value to zero @ !refCoefNorm=(ctau3D = -0.110432,ctau3DErr = 0.0143453), !pdfs=(pdfCTAUDSS = 0/1,pdfCTAUDF = 52.3895/1), !coefficients=(fDFSS = 1)
     p.d.f value is less than zero (-0.000151), forcing value to zero @ !refCoefNorm=(ctau3D = -0.0519771,ctau3DErr = 0.0171097), !pdfs=(pdfCTAUDSS = 2.28955e-123/1,pdfCTAUDF = 59.8702/1), !coefficients=(fDFSS = 1)
     p.d.f value is less than zero (-0.000160), forcing value to zero @ !refCoefNorm=(ctau3D = -0.0259205,ctau3DErr = 0.0151074), !pdfs=(pdfCTAUDSS = 9.31184e-40/1,pdfCTAUDF = 63.616/1), !coefficients=(fDFSS = 1)
     p.d.f value is less than zero (-0.000150), forcing value to zero @ !refCoefNorm=(ctau3D = -0.0142074,ctau3DErr = 0.0225732), !pdfs=(pdfCTAUDSS = 1.52212e-05/1,pdfCTAUDF = 65.3911/1), !coefficients=(fDFSS = 1)
     p.d.f value is less than zero (-0.000164), forcing value to zero @ !refCoefNorm=(ctau3D = -0.0125222,ctau3DErr = 0.0182945), !pdfs=(pdfCTAUDSS = 1.54347e-06/1,pdfCTAUDF = 65.651/1), !coefficients=(fDFSS = 1)

[#0] WARNING:Minization -- RooMinimizerFcn: Minimized function has error status.
Returning maximum FCN so far (1198.69) to force MIGRAD to back out of this region. Error log follows
Parameter values: N_Bkg=265.162, b_Bkg=0.971133, fDF12=0.000910922, fDFSS=1, fDLIV=0.716705, fDSS12=0.0524646, lambdaDDS_Bkg=0.0246268, lambdaDF_Bkg1=0.957765, lambdaDF_Bkg2=0.302891, lambdaDSS_Bkg1=0.320745, lambdaDSS_Bkg2=0.340863
PID1452223/RooRealMPFE::nll_pdfTot_Bkg_dataw_Bkg_5e8ec730db90_MPFE7[ arg=nll_pdfTot_Bkg_dataw_Bkg_GOF7 vars=(N_Bkg,b_Bkg,ctau1_CtauRes,ctau2_CtauRes,ctau3_CtauRes,f2_CtauRes,fDF12,fDFSS,fDLIV,fDSS12,f_CtauRes,lambdaDDS_Bkg,lambdaDF_Bkg1,lambdaDF_Bkg2,lambdaDSS_Bkg1,lambdaDSS_Bkg2,rS21_CtauRes,rS32_CtauRes,s1_CtauRes,zeroMean) ]
     p.d.f value is less than zero (-0.000298), forcing value to zero @ !refCoefNorm=(ctau3D = -0.0102005,ctau3DErr = 0.0142935), !pdfs=(pdfCTAUDSS = 4.29038e-07/1,pdfCTAUDF = 118.589/1), !coefficients=(fDFSS = 1)
     p.d.f value is less than zero (-0.000287), forcing value to zero @ !refCoefNorm=(ctau3D = -0.0227809,ctau3DErr = 0.0142457), !pdfs=(pdfCTAUDSS = 1.34245e-34/1,pdfCTAUDF = 113.765/1), !coefficients=(fDFSS = 1)
     p.d.f value is less than zero (-0.000206), forcing value to zero @ !refCoefNorm=(ctau3D = -0.12254,ctau3DErr = 0.0166182), !pdfs=(pdfCTAUDSS = 0/1,pdfCTAUDF = 81.8476/1), !coefficients=(fDFSS = 1)
     p.d.f value is less than zero (-0.000293), forcing value to zero @ !refCoefNorm=(ctau3D = -0.0163796,ctau3DErr = 0.0141411), !pdfs=(pdfCTAUDSS = 2.45235e-18/1,pdfCTAUDF = 116.194/1), !coefficients=(fDFSS = 1)
     p.d.f value is less than zero (-0.000287), forcing value to zero @ !refCoefNorm=(ctau3D = -0.0227926,ctau3DErr = 0.0131383), !pdfs=(pdfCTAUDSS = 1.23826e-40/1,pdfCTAUDF = 113.76/1), !coefficients=(fDFSS = 1)
     p.d.f value is less than zero (-0.000215), forcing value to zero @ !refCoefNorm=(ctau3D = -0.110432,ctau3DErr = 0.0143453), !pdfs=(pdfCTAUDSS = 0/1,pdfCTAUDF = 85.1847/1), !coefficients=(fDFSS = 1)
     p.d.f value is less than zero (-0.000260), forcing value to zero @ !refCoefNorm=(ctau3D = -0.0519771,ctau3DErr = 0.0171097), !pdfs=(pdfCTAUDSS = 2.29899e-123/1,pdfCTAUDF = 103.313/1), !coefficients=(fDFSS = 1)
     p.d.f value is less than zero (-0.000284), forcing value to zero @ !refCoefNorm=(ctau3D = -0.0259205,ctau3DErr = 0.0151074), !pdfs=(pdfCTAUDSS = 9.35022e-40/1,pdfCTAUDF = 112.592/1), !coefficients=(fDFSS = 1)
     p.d.f value is less than zero (-0.000280), forcing value to zero @ !refCoefNorm=(ctau3D = -0.0142074,ctau3DErr = 0.0225732), !pdfs=(pdfCTAUDSS = 1.52838e-05/1,pdfCTAUDF = 117.032/1), !coefficients=(fDFSS = 1)
     p.d.f value is less than zero (-0.000295), forcing value to zero @ !refCoefNorm=(ctau3D = -0.0125222,ctau3DErr = 0.0182945), !pdfs=(pdfCTAUDSS = 1.54983e-06/1,pdfCTAUDF = 117.684/1), !coefficients=(fDFSS = 1)

[#0] WARNING:Minization -- RooMinimizerFcn: Minimized function has error status.
Returning maximum FCN so far (1198.69) to force MIGRAD to back out of this region. Error log follows
Parameter values: N_Bkg=265.162, b_Bkg=0.971133, fDF12=0.000910922, fDFSS=1, fDLIV=0.716705, fDSS12=0.0524646, lambdaDDS_Bkg=0.0246268, lambdaDF_Bkg1=0.957765, lambdaDF_Bkg2=0.302891, lambdaDSS_Bkg1=0.320745, lambdaDSS_Bkg2=0.340863
PID1452223/RooRealMPFE::nll_pdfTot_Bkg_dataw_Bkg_5e8ec730db90_MPFE7[ arg=nll_pdfTot_Bkg_dataw_Bkg_GOF7 vars=(N_Bkg,b_Bkg,ctau1_CtauRes,ctau2_CtauRes,ctau3_CtauRes,f2_CtauRes,fDF12,fDFSS,fDLIV,fDSS12,f_CtauRes,lambdaDDS_Bkg,lambdaDF_Bkg1,lambdaDF_Bkg2,lambdaDSS_Bkg1,lambdaDSS_Bkg2,rS21_CtauRes,rS32_CtauRes,s1_CtauRes,zeroMean) ]
     p.d.f value is less than zero (-0.000298), forcing value to zero @ !refCoefNorm=(ctau3D = -0.0102005,ctau3DErr = 0.0142935), !pdfs=(pdfCTAUDSS = 4.29038e-07/1,pdfCTAUDF = 118.589/1), !coefficients=(fDFSS = 1)
     p.d.f value is less than zero (-0.000287), forcing value to zero @ !refCoefNorm=(ctau3D = -0.0227809,ctau3DErr = 0.0142457), !pdfs=(pdfCTAUDSS = 1.34245e-34/1,pdfCTAUDF = 113.765/1), !coefficients=(fDFSS = 1)
     p.d.f value is less than zero (-0.000206), forcing value to zero @ !refCoefNorm=(ctau3D = -0.12254,ctau3DErr = 0.0166182), !pdfs=(pdfCTAUDSS = 0/1,pdfCTAUDF = 81.8476/1), !coefficients=(fDFSS = 1)
     p.d.f value is less than zero (-0.000293), forcing value to zero @ !refCoefNorm=(ctau3D = -0.0163796,ctau3DErr = 0.0141411), !pdfs=(pdfCTAUDSS = 2.45235e-18/1,pdfCTAUDF = 116.194/1), !coefficients=(fDFSS = 1)
     p.d.f value is less than zero (-0.000287), forcing value to zero @ !refCoefNorm=(ctau3D = -0.0227926,ctau3DErr = 0.0131383), !pdfs=(pdfCTAUDSS = 1.23826e-40/1,pdfCTAUDF = 113.76/1), !coefficients=(fDFSS = 1)
     p.d.f value is less than zero (-0.000215), forcing value to zero @ !refCoefNorm=(ctau3D = -0.110432,ctau3DErr = 0.0143453), !pdfs=(pdfCTAUDSS = 0/1,pdfCTAUDF = 85.1847/1), !coefficients=(fDFSS = 1)
     p.d.f value is less than zero (-0.000260), forcing value to zero @ !refCoefNorm=(ctau3D = -0.0519771,ctau3DErr = 0.0171097), !pdfs=(pdfCTAUDSS = 2.29899e-123/1,pdfCTAUDF = 103.313/1), !coefficients=(fDFSS = 1)
     p.d.f value is less than zero (-0.000284), forcing value to zero @ !refCoefNorm=(ctau3D = -0.0259205,ctau3DErr = 0.0151074), !pdfs=(pdfCTAUDSS = 9.35022e-40/1,pdfCTAUDF = 112.592/1), !coefficients=(fDFSS = 1)
     p.d.f value is less than zero (-0.000280), forcing value to zero @ !refCoefNorm=(ctau3D = -0.0142074,ctau3DErr = 0.0225732), !pdfs=(pdfCTAUDSS = 1.52838e-05/1,pdfCTAUDF = 117.032/1), !coefficients=(fDFSS = 1)
     p.d.f value is less than zero (-0.000295), forcing value to zero @ !refCoefNorm=(ctau3D = -0.0125222,ctau3DErr = 0.0182945), !pdfs=(pdfCTAUDSS = 1.54983e-06/1,pdfCTAUDF = 117.684/1), !coefficients=(fDFSS = 1)

[#0] WARNING:Minization -- RooMinimizerFcn: Minimized function has error status.
Returning maximum FCN so far (1198.69) to force MIGRAD to back out of this region. Error log follows
Parameter values: N_Bkg=264.747, b_Bkg=0.971372, fDF12=0.0830087, fDFSS=1, fDLIV=0.717376, fDSS12=0.0551292, lambdaDDS_Bkg=0.0245653, lambdaDF_Bkg1=0.947837, lambdaDF_Bkg2=0.285053, lambdaDSS_Bkg1=0.331897, lambdaDSS_Bkg2=0.340626
PID1452223/RooRealMPFE::nll_pdfTot_Bkg_dataw_Bkg_5e8ec730db90_MPFE7[ arg=nll_pdfTot_Bkg_dataw_Bkg_GOF7 vars=(N_Bkg,b_Bkg,ctau1_CtauRes,ctau2_CtauRes,ctau3_CtauRes,f2_CtauRes,fDF12,fDFSS,fDLIV,fDSS12,f_CtauRes,lambdaDDS_Bkg,lambdaDF_Bkg1,lambdaDF_Bkg2,lambdaDSS_Bkg1,lambdaDSS_Bkg2,rS21_CtauRes,rS32_CtauRes,s1_CtauRes,zeroMean) ]
     p.d.f value is less than zero (-0.000299), forcing value to zero @ !refCoefNorm=(ctau3D = -0.0102005,ctau3DErr = 0.0142935), !pdfs=(pdfCTAUDSS = 4.28549e-07/1,pdfCTAUDF = 118.646/1), !coefficients=(fDFSS = 1)
     p.d.f value is less than zero (-0.000286), forcing value to zero @ !refCoefNorm=(ctau3D = -0.0227809,ctau3DErr = 0.0142457), !pdfs=(pdfCTAUDSS = 1.34091e-34/1,pdfCTAUDF = 113.622/1), !coefficients=(fDFSS = 1)
     p.d.f value is less than zero (-0.000203), forcing value to zero @ !refCoefNorm=(ctau3D = -0.12254,ctau3DErr = 0.0166182), !pdfs=(pdfCTAUDSS = 0/1,pdfCTAUDF = 80.7008/1), !coefficients=(fDFSS = 1)
     p.d.f value is less than zero (-0.000293), forcing value to zero @ !refCoefNorm=(ctau3D = -0.0163796,ctau3DErr = 0.0141411), !pdfs=(pdfCTAUDSS = 2.44956e-18/1,pdfCTAUDF = 116.151/1), !coefficients=(fDFSS = 1)
     p.d.f value is less than zero (-0.000286), forcing value to zero @ !refCoefNorm=(ctau3D = -0.0227926,ctau3DErr = 0.0131383), !pdfs=(pdfCTAUDSS = 1.23685e-40/1,pdfCTAUDF = 113.617/1), !coefficients=(fDFSS = 1)
     p.d.f value is less than zero (-0.000212), forcing value to zero @ !refCoefNorm=(ctau3D = -0.110432,ctau3DErr = 0.0143453), !pdfs=(pdfCTAUDSS = 0/1,pdfCTAUDF = 84.1137/1), !coefficients=(fDFSS = 1)
     p.d.f value is less than zero (-0.000259), forcing value to zero @ !refCoefNorm=(ctau3D = -0.0519771,ctau3DErr = 0.0171097), !pdfs=(pdfCTAUDSS = 2.29636e-123/1,pdfCTAUDF = 102.777/1), !coefficients=(fDFSS = 1)
     p.d.f value is less than zero (-0.000283), forcing value to zero @ !refCoefNorm=(ctau3D = -0.0259205,ctau3DErr = 0.0151074), !pdfs=(pdfCTAUDSS = 9.33955e-40/1,pdfCTAUDF = 112.402/1), !coefficients=(fDFSS = 1)
     p.d.f value is less than zero (-0.000280), forcing value to zero @ !refCoefNorm=(ctau3D = -0.0142074,ctau3DErr = 0.0225732), !pdfs=(pdfCTAUDSS = 1.52664e-05/1,pdfCTAUDF = 117.023/1), !coefficients=(fDFSS = 1)
     p.d.f value is less than zero (-0.000295), forcing value to zero @ !refCoefNorm=(ctau3D = -0.0125222,ctau3DErr = 0.0182945), !pdfs=(pdfCTAUDSS = 1.54806e-06/1,pdfCTAUDF = 117.703/1), !coefficients=(fDFSS = 1)

[#0] WARNING:Minization -- RooMinimizerFcn: Minimized function has error status.
Returning maximum FCN so far (1198.69) to force MIGRAD to back out of this region. Error log follows
Parameter values: N_Bkg=263.849, b_Bkg=0.971854, fDF12=0.00312206, fDFSS=1, fDLIV=0.718766, fDSS12=0.0608538, lambdaDDS_Bkg=0.0244311, lambdaDF_Bkg1=0.924956, lambdaDF_Bkg2=0.253824, lambdaDSS_Bkg1=0.354154, lambdaDSS_Bkg2=0.340251
PID1452223/RooRealMPFE::nll_pdfTot_Bkg_dataw_Bkg_5e8ec730db90_MPFE7[ arg=nll_pdfTot_Bkg_dataw_Bkg_GOF7 vars=(N_Bkg,b_Bkg,ctau1_CtauRes,ctau2_CtauRes,ctau3_CtauRes,f2_CtauRes,fDF12,fDFSS,fDLIV,fDSS12,f_CtauRes,lambdaDDS_Bkg,lambdaDF_Bkg1,lambdaDF_Bkg2,lambdaDSS_Bkg1,lambdaDSS_Bkg2,rS21_CtauRes,rS32_CtauRes,s1_CtauRes,zeroMean) ]
     p.d.f value is less than zero (-0.000353), forcing value to zero @ !refCoefNorm=(ctau3D = -0.0102005,ctau3DErr = 0.0142935), !pdfs=(pdfCTAUDSS = 4.27378e-07/1,pdfCTAUDF = 140.368/1), !coefficients=(fDFSS = 1)
     p.d.f value is less than zero (-0.000337), forcing value to zero @ !refCoefNorm=(ctau3D = -0.0227809,ctau3DErr = 0.0142457), !pdfs=(pdfCTAUDSS = 1.33725e-34/1,pdfCTAUDF = 133.584/1), !coefficients=(fDFSS = 1)
     p.d.f value is less than zero (-0.000227), forcing value to zero @ !refCoefNorm=(ctau3D = -0.12254,ctau3DErr = 0.0166182), !pdfs=(pdfCTAUDSS = 0/1,pdfCTAUDF = 90.199/1), !coefficients=(fDFSS = 1)
     p.d.f value is less than zero (-0.000345), forcing value to zero @ !refCoefNorm=(ctau3D = -0.0163796,ctau3DErr = 0.0141411), !pdfs=(pdfCTAUDSS = 2.44286e-18/1,pdfCTAUDF = 136.994/1), !coefficients=(fDFSS = 1)
     p.d.f value is less than zero (-0.000337), forcing value to zero @ !refCoefNorm=(ctau3D = -0.0227926,ctau3DErr = 0.0131383), !pdfs=(pdfCTAUDSS = 1.23347e-40/1,pdfCTAUDF = 133.578/1), !coefficients=(fDFSS = 1)
     p.d.f value is less than zero (-0.000238), forcing value to zero @ !refCoefNorm=(ctau3D = -0.110432,ctau3DErr = 0.0143453), !pdfs=(pdfCTAUDSS = 0/1,pdfCTAUDF = 94.6019/1), !coefficients=(fDFSS = 1)
     p.d.f value is less than zero (-0.000300), forcing value to zero @ !refCoefNorm=(ctau3D = -0.0519771,ctau3DErr = 0.0171097), !pdfs=(pdfCTAUDSS = 2.29008e-123/1,pdfCTAUDF = 119.08/1), !coefficients=(fDFSS = 1)
     p.d.f value is less than zero (-0.000332), forcing value to zero @ !refCoefNorm=(ctau3D = -0.0259205,ctau3DErr = 0.0151074), !pdfs=(pdfCTAUDSS = 9.31402e-40/1,pdfCTAUDF = 131.943/1), !coefficients=(fDFSS = 1)
     p.d.f value is less than zero (-0.000333), forcing value to zero @ !refCoefNorm=(ctau3D = -0.0142074,ctau3DErr = 0.0225732), !pdfs=(pdfCTAUDSS = 1.52247e-05/1,pdfCTAUDF = 138.172/1), !coefficients=(fDFSS = 1)
     p.d.f value is less than zero (-0.000349), forcing value to zero @ !refCoefNorm=(ctau3D = -0.0125222,ctau3DErr = 0.0182945), !pdfs=(pdfCTAUDSS = 1.54383e-06/1,pdfCTAUDF = 139.091/1), !coefficients=(fDFSS = 1)

[#0] WARNING:Minization -- RooMinimizerFcn: Minimized function has error status.
Returning maximum FCN so far (1198.69) to force MIGRAD to back out of this region. Error log follows
Parameter values: N_Bkg=263.849, b_Bkg=0.971854, fDF12=0.00312206, fDFSS=1, fDLIV=0.718766, fDSS12=0.0608538, lambdaDDS_Bkg=0.0244311, lambdaDF_Bkg1=0.924956, lambdaDF_Bkg2=0.253824, lambdaDSS_Bkg1=0.354154, lambdaDSS_Bkg2=0.340251
PID1452223/RooRealMPFE::nll_pdfTot_Bkg_dataw_Bkg_5e8ec730db90_MPFE7[ arg=nll_pdfTot_Bkg_dataw_Bkg_GOF7 vars=(N_Bkg,b_Bkg,ctau1_CtauRes,ctau2_CtauRes,ctau3_CtauRes,f2_CtauRes,fDF12,fDFSS,fDLIV,fDSS12,f_CtauRes,lambdaDDS_Bkg,lambdaDF_Bkg1,lambdaDF_Bkg2,lambdaDSS_Bkg1,lambdaDSS_Bkg2,rS21_CtauRes,rS32_CtauRes,s1_CtauRes,zeroMean) ]
     p.d.f value is less than zero (-0.000353), forcing value to zero @ !refCoefNorm=(ctau3D = -0.0102005,ctau3DErr = 0.0142935), !pdfs=(pdfCTAUDSS = 4.27378e-07/1,pdfCTAUDF = 140.368/1), !coefficients=(fDFSS = 1)
     p.d.f value is less than zero (-0.000337), forcing value to zero @ !refCoefNorm=(ctau3D = -0.0227809,ctau3DErr = 0.0142457), !pdfs=(pdfCTAUDSS = 1.33725e-34/1,pdfCTAUDF = 133.584/1), !coefficients=(fDFSS = 1)
     p.d.f value is less than zero (-0.000227), forcing value to zero @ !refCoefNorm=(ctau3D = -0.12254,ctau3DErr = 0.0166182), !pdfs=(pdfCTAUDSS = 0/1,pdfCTAUDF = 90.199/1), !coefficients=(fDFSS = 1)
     p.d.f value is less than zero (-0.000345), forcing value to zero @ !refCoefNorm=(ctau3D = -0.0163796,ctau3DErr = 0.0141411), !pdfs=(pdfCTAUDSS = 2.44286e-18/1,pdfCTAUDF = 136.994/1), !coefficients=(fDFSS = 1)
     p.d.f value is less than zero (-0.000337), forcing value to zero @ !refCoefNorm=(ctau3D = -0.0227926,ctau3DErr = 0.0131383), !pdfs=(pdfCTAUDSS = 1.23347e-40/1,pdfCTAUDF = 133.578/1), !coefficients=(fDFSS = 1)
     p.d.f value is less than zero (-0.000238), forcing value to zero @ !refCoefNorm=(ctau3D = -0.110432,ctau3DErr = 0.0143453), !pdfs=(pdfCTAUDSS = 0/1,pdfCTAUDF = 94.6019/1), !coefficients=(fDFSS = 1)
     p.d.f value is less than zero (-0.000300), forcing value to zero @ !refCoefNorm=(ctau3D = -0.0519771,ctau3DErr = 0.0171097), !pdfs=(pdfCTAUDSS = 2.29008e-123/1,pdfCTAUDF = 119.08/1), !coefficients=(fDFSS = 1)
     p.d.f value is less than zero (-0.000332), forcing value to zero @ !refCoefNorm=(ctau3D = -0.0259205,ctau3DErr = 0.0151074), !pdfs=(pdfCTAUDSS = 9.31402e-40/1,pdfCTAUDF = 131.943/1), !coefficients=(fDFSS = 1)
     p.d.f value is less than zero (-0.000333), forcing value to zero @ !refCoefNorm=(ctau3D = -0.0142074,ctau3DErr = 0.0225732), !pdfs=(pdfCTAUDSS = 1.52247e-05/1,pdfCTAUDF = 138.172/1), !coefficients=(fDFSS = 1)
     p.d.f value is less than zero (-0.000349), forcing value to zero @ !refCoefNorm=(ctau3D = -0.0125222,ctau3DErr = 0.0182945), !pdfs=(pdfCTAUDSS = 1.54383e-06/1,pdfCTAUDF = 139.091/1), !coefficients=(fDFSS = 1)

[#0] WARNING:Minization -- RooMinimizerFcn: Minimized function has error status.
Returning maximum FCN so far (1198.69) to force MIGRAD to back out of this region. Error log follows
Parameter values: N_Bkg=263.401, b_Bkg=0.97237, fDF12=0.000898618, fDFSS=1.00004, fDLIV=0.719746, fDSS12=0.0680572, lambdaDDS_Bkg=0.0243645, lambdaDF_Bkg1=0.90914, lambdaDF_Bkg2=0.0896063, lambdaDSS_Bkg1=0.336593, lambdaDSS_Bkg2=0.339519
PID1452223/RooRealMPFE::nll_pdfTot_Bkg_dataw_Bkg_5e8ec730db90_MPFE7[ arg=nll_pdfTot_Bkg_dataw_Bkg_GOF7 vars=(N_Bkg,b_Bkg,ctau1_CtauRes,ctau2_CtauRes,ctau3_CtauRes,f2_CtauRes,fDF12,fDFSS,fDLIV,fDSS12,f_CtauRes,lambdaDDS_Bkg,lambdaDF_Bkg1,lambdaDF_Bkg2,lambdaDSS_Bkg1,lambdaDSS_Bkg2,rS21_CtauRes,rS32_CtauRes,s1_CtauRes,zeroMean) ]
     p.d.f value is less than zero (-0.014916), forcing value to zero @ !refCoefNorm=(ctau3D = -0.0102005,ctau3DErr = 0.0142935), !pdfs=(pdfCTAUDSS = 4.29578e-07/1,pdfCTAUDF = 369.934/1), !coefficients=(fDFSS = 1.00004)
     p.d.f value is less than zero (-0.012962), forcing value to zero @ !refCoefNorm=(ctau3D = -0.0227809,ctau3DErr = 0.0142457), !pdfs=(pdfCTAUDSS = 1.34413e-34/1,pdfCTAUDF = 321.482/1), !coefficients=(fDFSS = 1.00004)
     p.d.f value is less than zero (-0.004259), forcing value to zero @ !refCoefNorm=(ctau3D = -0.12254,ctau3DErr = 0.0166182), !pdfs=(pdfCTAUDSS = 0/1,pdfCTAUDF = 105.621/1), !coefficients=(fDFSS = 1.00004)
     p.d.f value is less than zero (-0.013922), forcing value to zero @ !refCoefNorm=(ctau3D = -0.0163796,ctau3DErr = 0.0141411), !pdfs=(pdfCTAUDSS = 2.45544e-18/1,pdfCTAUDF = 345.285/1), !coefficients=(fDFSS = 1.00004)
     p.d.f value is less than zero (-0.012961), forcing value to zero @ !refCoefNorm=(ctau3D = -0.0227926,ctau3DErr = 0.0131383), !pdfs=(pdfCTAUDSS = 1.23982e-40/1,pdfCTAUDF = 321.436/1), !coefficients=(fDFSS = 1.00004)
     p.d.f value is less than zero (-0.004875), forcing value to zero @ !refCoefNorm=(ctau3D = -0.110432,ctau3DErr = 0.0143453), !pdfs=(pdfCTAUDSS = 0/1,pdfCTAUDF = 120.895/1), !coefficients=(fDFSS = 1.00004)
     p.d.f value is less than zero (-0.009359), forcing value to zero @ !refCoefNorm=(ctau3D = -0.0519771,ctau3DErr = 0.0171097), !pdfs=(pdfCTAUDSS = 2.30188e-123/1,pdfCTAUDF = 232.104/1), !coefficients=(fDFSS = 1.00004)
     p.d.f value is less than zero (-0.012516), forcing value to zero @ !refCoefNorm=(ctau3D = -0.0259205,ctau3DErr = 0.0151074), !pdfs=(pdfCTAUDSS = 9.36198e-40/1,pdfCTAUDF = 310.417/1), !coefficients=(fDFSS = 1.00004)
     p.d.f value is less than zero (-0.014250), forcing value to zero @ !refCoefNorm=(ctau3D = -0.0142074,ctau3DErr = 0.0225732), !pdfs=(pdfCTAUDSS = 1.53031e-05/1,pdfCTAUDF = 353.796/1), !coefficients=(fDFSS = 1.00004)
     p.d.f value is less than zero (-0.014534), forcing value to zero @ !refCoefNorm=(ctau3D = -0.0125222,ctau3DErr = 0.0182945), !pdfs=(pdfCTAUDSS = 1.55178e-06/1,pdfCTAUDF = 360.49/1), !coefficients=(fDFSS = 1.00004)

[#0] WARNING:Minization -- RooMinimizerFcn: Minimized function has error status.
Returning maximum FCN so far (1198.69) to force MIGRAD to back out of this region. Error log follows
Parameter values: N_Bkg=263.401, b_Bkg=0.97237, fDF12=0.000898618, fDFSS=1.00003, fDLIV=0.719746, fDSS12=0.0680572, lambdaDDS_Bkg=0.0243645, lambdaDF_Bkg1=0.90914, lambdaDF_Bkg2=0.0896063, lambdaDSS_Bkg1=0.336593, lambdaDSS_Bkg2=0.339519
PID1452223/RooRealMPFE::nll_pdfTot_Bkg_dataw_Bkg_5e8ec730db90_MPFE7[ arg=nll_pdfTot_Bkg_dataw_Bkg_GOF7 vars=(N_Bkg,b_Bkg,ctau1_CtauRes,ctau2_CtauRes,ctau3_CtauRes,f2_CtauRes,fDF12,fDFSS,fDLIV,fDSS12,f_CtauRes,lambdaDDS_Bkg,lambdaDF_Bkg1,lambdaDF_Bkg2,lambdaDSS_Bkg1,lambdaDSS_Bkg2,rS21_CtauRes,rS32_CtauRes,s1_CtauRes,zeroMean) ]
     p.d.f value is less than zero (-0.012071), forcing value to zero @ !refCoefNorm=(ctau3D = -0.0102005,ctau3DErr = 0.0142935), !pdfs=(pdfCTAUDSS = 4.29578e-07/1,pdfCTAUDF = 369.934/1), !coefficients=(fDFSS = 1.00003)
     p.d.f value is less than zero (-0.010491), forcing value to zero @ !refCoefNorm=(ctau3D = -0.0227809,ctau3DErr = 0.0142457), !pdfs=(pdfCTAUDSS = 1.34413e-34/1,pdfCTAUDF = 321.482/1), !coefficients=(fDFSS = 1.00003)
     p.d.f value is less than zero (-0.003447), forcing value to zero @ !refCoefNorm=(ctau3D = -0.12254,ctau3DErr = 0.0166182), !pdfs=(pdfCTAUDSS = 0/1,pdfCTAUDF = 105.621/1), !coefficients=(fDFSS = 1.00003)
     p.d.f value is less than zero (-0.011267), forcing value to zero @ !refCoefNorm=(ctau3D = -0.0163796,ctau3DErr = 0.0141411), !pdfs=(pdfCTAUDSS = 2.45544e-18/1,pdfCTAUDF = 345.285/1), !coefficients=(fDFSS = 1.00003)
     p.d.f value is less than zero (-0.010489), forcing value to zero @ !refCoefNorm=(ctau3D = -0.0227926,ctau3DErr = 0.0131383), !pdfs=(pdfCTAUDSS = 1.23982e-40/1,pdfCTAUDF = 321.436/1), !coefficients=(fDFSS = 1.00003)
     p.d.f value is less than zero (-0.003945), forcing value to zero @ !refCoefNorm=(ctau3D = -0.110432,ctau3DErr = 0.0143453), !pdfs=(pdfCTAUDSS = 0/1,pdfCTAUDF = 120.895/1), !coefficients=(fDFSS = 1.00003)
     p.d.f value is less than zero (-0.007574), forcing value to zero @ !refCoefNorm=(ctau3D = -0.0519771,ctau3DErr = 0.0171097), !pdfs=(pdfCTAUDSS = 2.30188e-123/1,pdfCTAUDF = 232.104/1), !coefficients=(fDFSS = 1.00003)
     p.d.f value is less than zero (-0.010130), forcing value to zero @ !refCoefNorm=(ctau3D = -0.0259205,ctau3DErr = 0.0151074), !pdfs=(pdfCTAUDSS = 9.36198e-40/1,pdfCTAUDF = 310.417/1), !coefficients=(fDFSS = 1.00003)
     p.d.f value is less than zero (-0.011530), forcing value to zero @ !refCoefNorm=(ctau3D = -0.0142074,ctau3DErr = 0.0225732), !pdfs=(pdfCTAUDSS = 1.53031e-05/1,pdfCTAUDF = 353.796/1), !coefficients=(fDFSS = 1.00003)
     p.d.f value is less than zero (-0.011762), forcing value to zero @ !refCoefNorm=(ctau3D = -0.0125222,ctau3DErr = 0.0182945), !pdfs=(pdfCTAUDSS = 1.55178e-06/1,pdfCTAUDF = 360.49/1), !coefficients=(fDFSS = 1.00003)

[#0] WARNING:Minization -- RooMinimizerFcn: Minimized function has error status.
Returning maximum FCN so far (1198.69) to force MIGRAD to back out of this region. Error log follows
Parameter values: N_Bkg=263.687, b_Bkg=0.972192, fDF12=0.000969397, fDFSS=1.00003, fDLIV=0.719187, fDSS12=0.0653147, lambdaDDS_Bkg=0.0244239, lambdaDF_Bkg1=0.917915, lambdaDF_Bkg2=0.0850487, lambdaDSS_Bkg1=0.333216, lambdaDSS_Bkg2=0.339947
PID1452223/RooRealMPFE::nll_pdfTot_Bkg_dataw_Bkg_5e8ec730db90_MPFE7[ arg=nll_pdfTot_Bkg_dataw_Bkg_GOF7 vars=(N_Bkg,b_Bkg,ctau1_CtauRes,ctau2_CtauRes,ctau3_CtauRes,f2_CtauRes,fDF12,fDFSS,fDLIV,fDSS12,f_CtauRes,lambdaDDS_Bkg,lambdaDF_Bkg1,lambdaDF_Bkg2,lambdaDSS_Bkg1,lambdaDSS_Bkg2,rS21_CtauRes,rS32_CtauRes,s1_CtauRes,zeroMean) ]
     p.d.f value is less than zero (-0.012640), forcing value to zero @ !refCoefNorm=(ctau3D = -0.0102005,ctau3DErr = 0.0142935), !pdfs=(pdfCTAUDSS = 4.29349e-07/1,pdfCTAUDF = 387.364/1), !coefficients=(fDFSS = 1.00003)
     p.d.f value is less than zero (-0.010902), forcing value to zero @ !refCoefNorm=(ctau3D = -0.0227809,ctau3DErr = 0.0142457), !pdfs=(pdfCTAUDSS = 1.34342e-34/1,pdfCTAUDF = 334.106/1), !coefficients=(fDFSS = 1.00003)
     p.d.f value is less than zero (-0.003375), forcing value to zero @ !refCoefNorm=(ctau3D = -0.12254,ctau3DErr = 0.0166182), !pdfs=(pdfCTAUDSS = 0/1,pdfCTAUDF = 103.414/1), !coefficients=(fDFSS = 1.00003)
     p.d.f value is less than zero (-0.011755), forcing value to zero @ !refCoefNorm=(ctau3D = -0.0163796,ctau3DErr = 0.0141411), !pdfs=(pdfCTAUDSS = 2.45413e-18/1,pdfCTAUDF = 360.221/1), !coefficients=(fDFSS = 1.00003)
     p.d.f value is less than zero (-0.010901), forcing value to zero @ !refCoefNorm=(ctau3D = -0.0227926,ctau3DErr = 0.0131383), !pdfs=(pdfCTAUDSS = 1.23916e-40/1,pdfCTAUDF = 334.056/1), !coefficients=(fDFSS = 1.00003)
     p.d.f value is less than zero (-0.003891), forcing value to zero @ !refCoefNorm=(ctau3D = -0.110432,ctau3DErr = 0.0143453), !pdfs=(pdfCTAUDSS = 0/1,pdfCTAUDF = 119.229/1), !coefficients=(fDFSS = 1.00003)
     p.d.f value is less than zero (-0.007735), forcing value to zero @ !refCoefNorm=(ctau3D = -0.0519771,ctau3DErr = 0.0171097), !pdfs=(pdfCTAUDSS = 2.30065e-123/1,pdfCTAUDF = 237.045/1), !coefficients=(fDFSS = 1.00003)
     p.d.f value is less than zero (-0.010507), forcing value to zero @ !refCoefNorm=(ctau3D = -0.0259205,ctau3DErr = 0.0151074), !pdfs=(pdfCTAUDSS = 9.357e-40/1,pdfCTAUDF = 322.002/1), !coefficients=(fDFSS = 1.00003)
     p.d.f value is less than zero (-0.012045), forcing value to zero @ !refCoefNorm=(ctau3D = -0.0142074,ctau3DErr = 0.0225732), !pdfs=(pdfCTAUDSS = 1.52949e-05/1,pdfCTAUDF = 369.583/1), !coefficients=(fDFSS = 1.00003)
     p.d.f value is less than zero (-0.012299), forcing value to zero @ !refCoefNorm=(ctau3D = -0.0125222,ctau3DErr = 0.0182945), !pdfs=(pdfCTAUDSS = 1.55095e-06/1,pdfCTAUDF = 376.953/1), !coefficients=(fDFSS = 1.00003)

[#0] WARNING:Minization -- RooMinimizerFcn: Minimized function has error status.
Returning maximum FCN so far (1198.69) to force MIGRAD to back out of this region. Error log follows
Parameter values: N_Bkg=263.851, b_Bkg=0.972013, fDF12=5.73861e-05, fDFSS=1.00003, fDLIV=0.718968, fDSS12=0.0630284, lambdaDDS_Bkg=0.0244285, lambdaDF_Bkg1=0.921848, lambdaDF_Bkg2=0.0920951, lambdaDSS_Bkg1=0.33837, lambdaDSS_Bkg2=0.340202
PID1452223/RooRealMPFE::nll_pdfTot_Bkg_dataw_Bkg_5e8ec730db90_MPFE7[ arg=nll_pdfTot_Bkg_dataw_Bkg_GOF7 vars=(N_Bkg,b_Bkg,ctau1_CtauRes,ctau2_CtauRes,ctau3_CtauRes,f2_CtauRes,fDF12,fDFSS,fDLIV,fDSS12,f_CtauRes,lambdaDDS_Bkg,lambdaDF_Bkg1,lambdaDF_Bkg2,lambdaDSS_Bkg1,lambdaDSS_Bkg2,rS21_CtauRes,rS32_CtauRes,s1_CtauRes,zeroMean) ]
     p.d.f value is less than zero (-0.011790), forcing value to zero @ !refCoefNorm=(ctau3D = -0.0102005,ctau3DErr = 0.0142935), !pdfs=(pdfCTAUDSS = 4.28608e-07/1,pdfCTAUDF = 361.315/1), !coefficients=(fDFSS = 1.00003)
     p.d.f value is less than zero (-0.010285), forcing value to zero @ !refCoefNorm=(ctau3D = -0.0227809,ctau3DErr = 0.0142457), !pdfs=(pdfCTAUDSS = 1.3411e-34/1,pdfCTAUDF = 315.181/1), !coefficients=(fDFSS = 1.00003)
     p.d.f value is less than zero (-0.003482), forcing value to zero @ !refCoefNorm=(ctau3D = -0.12254,ctau3DErr = 0.0166182), !pdfs=(pdfCTAUDSS = 0/1,pdfCTAUDF = 106.694/1), !coefficients=(fDFSS = 1.00003)
     p.d.f value is less than zero (-0.011025), forcing value to zero @ !refCoefNorm=(ctau3D = -0.0163796,ctau3DErr = 0.0141411), !pdfs=(pdfCTAUDSS = 2.4499e-18/1,pdfCTAUDF = 337.868/1), !coefficients=(fDFSS = 1.00003)
     p.d.f value is less than zero (-0.010283), forcing value to zero @ !refCoefNorm=(ctau3D = -0.0227926,ctau3DErr = 0.0131383), !pdfs=(pdfCTAUDSS = 1.23702e-40/1,pdfCTAUDF = 315.138/1), !coefficients=(fDFSS = 1.00003)
     p.d.f value is less than zero (-0.003971), forcing value to zero @ !refCoefNorm=(ctau3D = -0.110432,ctau3DErr = 0.0143453), !pdfs=(pdfCTAUDSS = 0/1,pdfCTAUDF = 121.683/1), !coefficients=(fDFSS = 1.00003)
     p.d.f value is less than zero (-0.007491), forcing value to zero @ !refCoefNorm=(ctau3D = -0.0519771,ctau3DErr = 0.0171097), !pdfs=(pdfCTAUDSS = 2.29668e-123/1,pdfCTAUDF = 229.559/1), !coefficients=(fDFSS = 1.00003)
     p.d.f value is less than zero (-0.009940), forcing value to zero @ !refCoefNorm=(ctau3D = -0.0259205,ctau3DErr = 0.0151074), !pdfs=(pdfCTAUDSS = 9.34085e-40/1,pdfCTAUDF = 304.62/1), !coefficients=(fDFSS = 1.00003)
     p.d.f value is less than zero (-0.011274), forcing value to zero @ !refCoefNorm=(ctau3D = -0.0142074,ctau3DErr = 0.0225732), !pdfs=(pdfCTAUDSS = 1.52685e-05/1,pdfCTAUDF = 345.967/1), !coefficients=(fDFSS = 1.00003)
     p.d.f value is less than zero (-0.011496), forcing value to zero @ !refCoefNorm=(ctau3D = -0.0125222,ctau3DErr = 0.0182945), !pdfs=(pdfCTAUDSS = 1.54828e-06/1,pdfCTAUDF = 352.336/1), !coefficients=(fDFSS = 1.00003)

[#0] WARNING:Minization -- RooMinimizerFcn: Minimized function has error status.
Returning maximum FCN so far (1198.69) to force MIGRAD to back out of this region. Error log follows
Parameter values: N_Bkg=263.851, b_Bkg=0.972013, fDF12=5.73861e-05, fDFSS=1.00003, fDLIV=0.718968, fDSS12=0.0630284, lambdaDDS_Bkg=0.0244285, lambdaDF_Bkg1=0.921848, lambdaDF_Bkg2=0.0920951, lambdaDSS_Bkg1=0.33837, lambdaDSS_Bkg2=0.340202
PID1452223/RooRealMPFE::nll_pdfTot_Bkg_dataw_Bkg_5e8ec730db90_MPFE7[ arg=nll_pdfTot_Bkg_dataw_Bkg_GOF7 vars=(N_Bkg,b_Bkg,ctau1_CtauRes,ctau2_CtauRes,ctau3_CtauRes,f2_CtauRes,fDF12,fDFSS,fDLIV,fDSS12,f_CtauRes,lambdaDDS_Bkg,lambdaDF_Bkg1,lambdaDF_Bkg2,lambdaDSS_Bkg1,lambdaDSS_Bkg2,rS21_CtauRes,rS32_CtauRes,s1_CtauRes,zeroMean) ]
     p.d.f value is less than zero (-0.011319), forcing value to zero @ !refCoefNorm=(ctau3D = -0.0102005,ctau3DErr = 0.0142935), !pdfs=(pdfCTAUDSS = 4.28608e-07/1,pdfCTAUDF = 361.315/1), !coefficients=(fDFSS = 1.00003)
     p.d.f value is less than zero (-0.009874), forcing value to zero @ !refCoefNorm=(ctau3D = -0.0227809,ctau3DErr = 0.0142457), !pdfs=(pdfCTAUDSS = 1.3411e-34/1,pdfCTAUDF = 315.181/1), !coefficients=(fDFSS = 1.00003)
     p.d.f value is less than zero (-0.003343), forcing value to zero @ !refCoefNorm=(ctau3D = -0.12254,ctau3DErr = 0.0166182), !pdfs=(pdfCTAUDSS = 0/1,pdfCTAUDF = 106.694/1), !coefficients=(fDFSS = 1.00003)
     p.d.f value is less than zero (-0.010585), forcing value to zero @ !refCoefNorm=(ctau3D = -0.0163796,ctau3DErr = 0.0141411), !pdfs=(pdfCTAUDSS = 2.4499e-18/1,pdfCTAUDF = 337.868/1), !coefficients=(fDFSS = 1.00003)
     p.d.f value is less than zero (-0.009873), forcing value to zero @ !refCoefNorm=(ctau3D = -0.0227926,ctau3DErr = 0.0131383), !pdfs=(pdfCTAUDSS = 1.23702e-40/1,pdfCTAUDF = 315.138/1), !coefficients=(fDFSS = 1.00003)
     p.d.f value is less than zero (-0.003812), forcing value to zero @ !refCoefNorm=(ctau3D = -0.110432,ctau3DErr = 0.0143453), !pdfs=(pdfCTAUDSS = 0/1,pdfCTAUDF = 121.683/1), !coefficients=(fDFSS = 1.00003)
     p.d.f value is less than zero (-0.007192), forcing value to zero @ !refCoefNorm=(ctau3D = -0.0519771,ctau3DErr = 0.0171097), !pdfs=(pdfCTAUDSS = 2.29668e-123/1,pdfCTAUDF = 229.559/1), !coefficients=(fDFSS = 1.00003)
     p.d.f value is less than zero (-0.009543), forcing value to zero @ !refCoefNorm=(ctau3D = -0.0259205,ctau3DErr = 0.0151074), !pdfs=(pdfCTAUDSS = 9.34085e-40/1,pdfCTAUDF = 304.62/1), !coefficients=(fDFSS = 1.00003)
     p.d.f value is less than zero (-0.010823), forcing value to zero @ !refCoefNorm=(ctau3D = -0.0142074,ctau3DErr = 0.0225732), !pdfs=(pdfCTAUDSS = 1.52685e-05/1,pdfCTAUDF = 345.967/1), !coefficients=(fDFSS = 1.00003)
     p.d.f value is less than zero (-0.011036), forcing value to zero @ !refCoefNorm=(ctau3D = -0.0125222,ctau3DErr = 0.0182945), !pdfs=(pdfCTAUDSS = 1.54828e-06/1,pdfCTAUDF = 352.336/1), !coefficients=(fDFSS = 1.00003)

[#0] WARNING:Minization -- RooMinimizerFcn: Minimized function has error status.
Returning maximum FCN so far (1198.69) to force MIGRAD to back out of this region. Error log follows
Parameter values: N_Bkg=263.877, b_Bkg=0.971982, fDF12=0.000118221, fDFSS=1.00003, fDLIV=0.718937, fDSS12=0.062672, lambdaDDS_Bkg=0.0244288, lambdaDF_Bkg1=0.922455, lambdaDF_Bkg2=0.0927453, lambdaDSS_Bkg1=0.339132, lambdaDSS_Bkg2=0.340234
PID1452223/RooRealMPFE::nll_pdfTot_Bkg_dataw_Bkg_5e8ec730db90_MPFE7[ arg=nll_pdfTot_Bkg_dataw_Bkg_GOF7 vars=(N_Bkg,b_Bkg,ctau1_CtauRes,ctau2_CtauRes,ctau3_CtauRes,f2_CtauRes,fDF12,fDFSS,fDLIV,fDSS12,f_CtauRes,lambdaDDS_Bkg,lambdaDF_Bkg1,lambdaDF_Bkg2,lambdaDSS_Bkg1,lambdaDSS_Bkg2,rS21_CtauRes,rS32_CtauRes,s1_CtauRes,zeroMean) ]
     p.d.f value is less than zero (-0.010708), forcing value to zero @ !refCoefNorm=(ctau3D = -0.0102005,ctau3DErr = 0.0142935), !pdfs=(pdfCTAUDSS = 4.28509e-07/1,pdfCTAUDF = 359.041/1), !coefficients=(fDFSS = 1.00003)
     p.d.f value is less than zero (-0.009350), forcing value to zero @ !refCoefNorm=(ctau3D = -0.0227809,ctau3DErr = 0.0142457), !pdfs=(pdfCTAUDSS = 1.34079e-34/1,pdfCTAUDF = 313.498/1), !coefficients=(fDFSS = 1.00003)
     p.d.f value is less than zero (-0.003189), forcing value to zero @ !refCoefNorm=(ctau3D = -0.12254,ctau3DErr = 0.0166182), !pdfs=(pdfCTAUDSS = 0/1,pdfCTAUDF = 106.934/1), !coefficients=(fDFSS = 1.00003)
     p.d.f value is less than zero (-0.010018), forcing value to zero @ !refCoefNorm=(ctau3D = -0.0163796,ctau3DErr = 0.0141411), !pdfs=(pdfCTAUDSS = 2.44933e-18/1,pdfCTAUDF = 335.899/1), !coefficients=(fDFSS = 1.00003)
     p.d.f value is less than zero (-0.009349), forcing value to zero @ !refCoefNorm=(ctau3D = -0.0227926,ctau3DErr = 0.0131383), !pdfs=(pdfCTAUDSS = 1.23673e-40/1,pdfCTAUDF = 313.455/1), !coefficients=(fDFSS = 1.00003)
     p.d.f value is less than zero (-0.003634), forcing value to zero @ !refCoefNorm=(ctau3D = -0.110432,ctau3DErr = 0.0143453), !pdfs=(pdfCTAUDSS = 0/1,pdfCTAUDF = 121.844/1), !coefficients=(fDFSS = 1.00003)
     p.d.f value is less than zero (-0.006825), forcing value to zero @ !refCoefNorm=(ctau3D = -0.0519771,ctau3DErr = 0.0171097), !pdfs=(pdfCTAUDSS = 2.29615e-123/1,pdfCTAUDF = 228.841/1), !coefficients=(fDFSS = 1.00003)
     p.d.f value is less than zero (-0.009039), forcing value to zero @ !refCoefNorm=(ctau3D = -0.0259205,ctau3DErr = 0.0151074), !pdfs=(pdfCTAUDSS = 9.33868e-40/1,pdfCTAUDF = 303.066/1), !coefficients=(fDFSS = 1.00003)
     p.d.f value is less than zero (-0.010242), forcing value to zero @ !refCoefNorm=(ctau3D = -0.0142074,ctau3DErr = 0.0225732), !pdfs=(pdfCTAUDSS = 1.5265e-05/1,pdfCTAUDF = 343.894/1), !coefficients=(fDFSS = 1.00003)
     p.d.f value is less than zero (-0.010443), forcing value to zero @ !refCoefNorm=(ctau3D = -0.0125222,ctau3DErr = 0.0182945), !pdfs=(pdfCTAUDSS = 1.54792e-06/1,pdfCTAUDF = 350.18/1), !coefficients=(fDFSS = 1.00003)

RooArgSet::dependents = (ctau3D)
RooSetProxy::!refCoefNorm = (ctau3DErr,ctau3D)
RooArgSet::dependents = (ctau3D)
RooSetProxy::!refCoefNorm = (ctau3DErr,ctau3D)
RooArgSet:: = ()
RooSetProxy::!refCoefNorm = (ctau3DErr,ctau3D)
[#0] ERROR:Eval -- RooAbsReal::logEvalError(ctauRes32) evaluation error, 
 origin       : RooAddModel::ctauRes32[ x=ctau3D (f2_CtauRes * ctauRes3 + [%] * ctauRes2) ]
 message      : p.d.f value is Not-a-Number (-nan), forcing value to zero
 server values: x=ctau3D=0.142097, !refCoefNorm=(ctau3DErr = 0.0294906,ctau3D = 0.142097), !pdfs=(ctauRes3 = 0/0.0269019,ctauRes2 = 0/0.0269019), !coefficients=(f2_CtauRes = 0.762904 +/- 12.6501)
[#0] ERROR:Eval -- RooAbsReal::logEvalError(ctauRes32) evaluation error, 
 origin       : RooAddModel::ctauRes32[ x=ctau3D (f2_CtauRes * ctauRes3 + [%] * ctauRes2) ]
 message      : p.d.f value is Not-a-Number (-nan), forcing value to zero
 server values: x=ctau3D=0.142097, !refCoefNorm=(ctau3DErr = 0.0294906,ctau3D = 0.142097), !pdfs=(ctauRes3 = 0/0.0269019,ctauRes2 = 0/0.0269019), !coefficients=(f2_CtauRes = 0.762904 +/- 12.6501)
[#0] ERROR:Eval -- RooAbsReal::logEvalError(ctauRes32) evaluation error, 
 origin       : RooAddModel::ctauRes32[ x=ctau3D (f2_CtauRes * ctauRes3 + [%] * ctauRes2) ]
 message      : p.d.f value is Not-a-Number (-nan), forcing value to zero
 server values: x=ctau3D=0.142097, !refCoefNorm=(ctau3DErr = 0.0294906,ctau3D = 0.142097), !pdfs=(ctauRes3 = 0/0.0269019,ctauRes2 = 0/0.0269019), !coefficients=(f2_CtauRes = 0.762904 +/- 12.6501)
RooArgSet::dependents = (ctau3D)
RooSetProxy::!refCoefNorm = (ctau3DErr,ctau3D)
RooArgSet::dependents = (ctau3D)
RooSetProxy::!refCoefNorm = (ctau3DErr,ctau3D)
RooArgSet::dependents = (ctau3D)
RooArgSet::dependents = (ctau3D)
RooSetProxy::!refCoefNorm = (ctau3DErr,ctau3D)
RooSetProxy::!refCoefNorm = (ctau3DErr,ctau3D)
RooArgSet::dependents = (ctau3D)
RooSetProxy::!refCoefNorm = (ctau3DErr,ctau3D)
RooArgSet::dependents = (ctau3D)
RooArgSet::dependents = (ctau3D)
RooSetProxy::!refCoefNorm = (ctau3DErr,ctau3D)
RooSetProxy::!refCoefNorm = (ctau3DErr,ctau3D)
RooArgSet::dependents = (ctau3D)
RooSetProxy::!refCoefNorm = (ctau3DErr,ctau3D)
RooArgSet::dependents = (ctau3D)
RooSetProxy::!refCoefNorm = (ctau3DErr,ctau3D)
RooArgSet::dependents = (ctau3D)
RooSetProxy::!refCoefNorm = (ctau3DErr,ctau3D)
RooArgSet::dependents = (ctau3D)
RooArgSet::dependents = (ctau3D)
RooSetProxy::!refCoefNorm = (ctau3DErr,ctau3D)
RooSetProxy::!refCoefNorm = (ctau3DErr,ctau3D)
RooArgSet::dependents = (ctau3D)
RooSetProxy::!refCoefNorm = (ctau3DErr,ctau3D)
RooArgSet:: = ()
RooSetProxy::!refCoefNorm = (ctau3DErr,ctau3D)
RooArgSet::dependents = (ctau3D)
RooSetProxy::!refCoefNorm = (ctau3DErr,ctau3D)
RooArgSet::dependents = (ctau3D)
RooArgSet::dependents = (ctau3D)
RooSetProxy::!refCoefNorm = (ctau3DErr,ctau3D)
RooSetProxy::!refCoefNorm = (ctau3DErr,ctau3D)
RooArgSet:: = ()
RooSetProxy::!refCoefNorm = (ctau3DErr,ctau3D)
RooArgSet:: = ()
RooSetProxy::!refCoefNorm = (ctau3DErr,ctau3D)
RooArgSet:: = ()
RooSetProxy::!refCoefNorm = (ctau3DErr,ctau3D)
RooArgSet:: = ()
RooSetProxy::!refCoefNorm = (ctau3DErr,ctau3D)
[#0] ERROR:Eval -- RooAbsReal::logEvalError(ctauRes32) evaluation error, 
 origin       : RooAddModel::ctauRes32[ x=ctau3D (f2_CtauRes * ctauRes3 + [%] * ctauRes2) ]
 message      : p.d.f value is Not-a-Number (-nan), forcing value to zero
 server values: x=ctau3D=0.142097, !refCoefNorm=(ctau3DErr = 0.0294906,ctau3D = 0.142097), !pdfs=(ctauRes3 = 0/0.0269019,ctauRes2 = 0/0.0269019), !coefficients=(f2_CtauRes = 0.762904 +/- 12.6501)
[#0] ERROR:Eval -- RooAbsReal::logEvalError(ctauRes32) evaluation error, 
 origin       : RooAddModel::ctauRes32[ x=ctau3D (f2_CtauRes * ctauRes3 + [%] * ctauRes2) ]
 message      : p.d.f value is Not-a-Number (-nan), forcing value to zero
 server values: x=ctau3D=0.142097, !refCoefNorm=(ctau3DErr = 0.0294906,ctau3D = 0.142097), !pdfs=(ctauRes3 = 0/0.0269019,ctauRes2 = 0/0.0269019), !coefficients=(f2_CtauRes = 0.762904 +/- 12.6501)
[#0] ERROR:Eval -- RooAbsReal::logEvalError(ctauRes32) evaluation error, 
[#0] ERROR:Eval -- RooAbsReal::logEvalError(ctauRes32) evaluation error, 
 origin       : RooAddModel::ctauRes32[ x=ctau3D (f2_CtauRes * ctauRes3 + [%] * ctauRes2) ]
 origin       : RooAddModel::ctauRes32[ x=ctau3D (f2_CtauRes * ctauRes3 + [%] * ctauRes2) ]
 message      : p.d.f value is Not-a-Number (-nan), forcing value to zero
 message      : p.d.f value is Not-a-Number (-nan), forcing value to zero
[#0] ERROR:Eval -- RooAbsReal::logEvalError(ctauRes32) evaluation error, 
 server values: x=ctau3D=0.142097, !refCoefNorm=(ctau3DErr = 0.0294906,ctau3D = 0.142097), !pdfs=(ctauRes3 = 0/0.0269019,ctauRes2 = 0/0.0269019), !coefficients=(f2_CtauRes = 0.762904 +/- 12.6501)
 server values: x=ctau3D=0.142097, !refCoefNorm=(ctau3DErr = 0.0294906,ctau3D = 0.142097), !pdfs=(ctauRes3 = 0/0.0269019,ctauRes2 = 0/0.0269019), !coefficients=(f2_CtauRes = 0.762904 +/- 12.6501)
 origin       : RooAddModel::ctauRes32[ x=ctau3D (f2_CtauRes * ctauRes3 + [%] * ctauRes2) ]
 message      : p.d.f value is Not-a-Number (-nan), forcing value to zero
 server values: x=ctau3D=0.142097, !refCoefNorm=(ctau3DErr = 0.0294906,ctau3D = 0.142097), !pdfs=(ctauRes3 = 0/0.0269019,ctauRes2 = 0/0.0269019), !coefficients=(f2_CtauRes = 0.762904 +/- 12.6501)
RooArgSet:: = ()
RooSetProxy::!refCoefNorm = (ctau3DErr,ctau3D)
RooArgSet:: = ()
RooArgSet:: = ()
RooSetProxy::!refCoefNorm = (ctau3DErr,ctau3D)
RooSetProxy::!refCoefNorm = (ctau3DErr,ctau3D)
[#0] ERROR:Eval -- RooAbsReal::logEvalError(ctauRes32) evaluation error, 
 origin       : RooAddModel::ctauRes32[ x=ctau3D (f2_CtauRes * ctauRes3 + [%] * ctauRes2) ]
 message      : p.d.f value is Not-a-Number (-nan), forcing value to zero
 server values: x=ctau3D=0.142097, !refCoefNorm=(ctau3DErr = 0.0294906,ctau3D = 0.142097), !pdfs=(ctauRes3 = 0/0.0269019,ctauRes2 = 0/0.0269019), !coefficients=(f2_CtauRes = 0.762904 +/- 12.6501)
[#0] ERROR:Eval -- RooAbsReal::logEvalError(ctauRes32) evaluation error, 
 origin       : RooAddModel::ctauRes32[ x=ctau3D (f2_CtauRes * ctauRes3 + [%] * ctauRes2) ]
 message      : p.d.f value is Not-a-Number (-nan), forcing value to zero
[#0] ERROR:Eval -- RooAbsReal::logEvalError(ctauRes32) evaluation error, 
 server values: x=ctau3D=0.142097, !refCoefNorm=(ctau3DErr = 0.0294906,ctau3D = 0.142097), !pdfs=(ctauRes3 = 0/0.0269019,ctauRes2 = 0/0.0269019), !coefficients=(f2_CtauRes = 0.762904 +/- 12.6501)
 origin       : RooAddModel::ctauRes32[ x=ctau3D (f2_CtauRes * ctauRes3 + [%] * ctauRes2) ]
 message      : p.d.f value is Not-a-Number (-nan), forcing value to zero
 server values: x=ctau3D=0.142097, !refCoefNorm=(ctau3DErr = 0.0294906,ctau3D = 0.142097), !pdfs=(ctauRes3 = 0/0.0269019,ctauRes2 = 0/0.0269019), !coefficients=(f2_CtauRes = 0.762904 +/- 12.6501)
[#0] ERROR:Eval -- RooAbsReal::logEvalError(ctauRes32) evaluation error, 
[#0] ERROR:Eval -- RooAbsReal::logEvalError(ctauRes32) evaluation error, 
[#0] ERROR:Eval -- RooAbsReal::logEvalError(ctauRes32) evaluation error, 
 origin       : RooAddModel::ctauRes32[ x=ctau3D (f2_CtauRes * ctauRes3 + [%] * ctauRes2) ]
 origin       : RooAddModel::ctauRes32[ x=ctau3D (f2_CtauRes * ctauRes3 + [%] * ctauRes2) ]
 origin       : RooAddModel::ctauRes32[ x=ctau3D (f2_CtauRes * ctauRes3 + [%] * ctauRes2) ]
[#0] ERROR:Eval -- RooAbsReal::logEvalError(ctauRes32) evaluation error, 
 message      : p.d.f value is Not-a-Number (-nan), forcing value to zero
 message      : p.d.f value is Not-a-Number (-nan), forcing value to zero
[#0] ERROR:Eval -- RooAbsReal::logEvalError(ctauRes32) evaluation error, 
 message      : p.d.f value is Not-a-Number (-nan), forcing value to zero
 origin       : RooAddModel::ctauRes32[ x=ctau3D (f2_CtauRes * ctauRes3 + [%] * ctauRes2) ]
 server values: x=ctau3D=0.142097, !refCoefNorm=(ctau3DErr = 0.0294906,ctau3D = 0.142097), !pdfs=(ctauRes3 = 0/0.0269019,ctauRes2 = 0/0.0269019), !coefficients=(f2_CtauRes = 0.762904 +/- 12.6501)
 server values: x=ctau3D=0.142097, !refCoefNorm=(ctau3DErr = 0.0294906,ctau3D = 0.142097), !pdfs=(ctauRes3 = 0/0.0269019,ctauRes2 = 0/0.0269019), !coefficients=(f2_CtauRes = 0.762904 +/- 12.6501)
 origin       : RooAddModel::ctauRes32[ x=ctau3D (f2_CtauRes * ctauRes3 + [%] * ctauRes2) ]
 server values: x=ctau3D=0.142097, !refCoefNorm=(ctau3DErr = 0.0294906,ctau3D = 0.142097), !pdfs=(ctauRes3 = 0/0.0269019,ctauRes2 = 0/0.0269019), !coefficients=(f2_CtauRes = 0.762904 +/- 12.6501)
 message      : p.d.f value is Not-a-Number (-nan), forcing value to zero
 message      : p.d.f value is Not-a-Number (-nan), forcing value to zero
 server values: x=ctau3D=0.142097, !refCoefNorm=(ctau3DErr = 0.0294906,ctau3D = 0.142097), !pdfs=(ctauRes3 = 0/0.0269019,ctauRes2 = 0/0.0269019), !coefficients=(f2_CtauRes = 0.762904 +/- 12.6501)
 server values: x=ctau3D=0.142097, !refCoefNorm=(ctau3DErr = 0.0294906,ctau3D = 0.142097), !pdfs=(ctauRes3 = 0/0.0269019,ctauRes2 = 0/0.0269019), !coefficients=(f2_CtauRes = 0.762904 +/- 12.6501)
[#0] ERROR:Eval -- RooAbsReal::logEvalError(ctauRes32) evaluation error, 
 origin       : RooAddModel::ctauRes32[ x=ctau3D (f2_CtauRes * ctauRes3 + [%] * ctauRes2) ]
 message      : p.d.f value is Not-a-Number (-nan), forcing value to zero
 server values: x=ctau3D=0.142097, !refCoefNorm=(ctau3DErr = 0.0294906,ctau3D = 0.142097), !pdfs=(ctauRes3 = 0/0.0269019,ctauRes2 = 0/0.0269019), !coefficients=(f2_CtauRes = 0.762904 +/- 12.6501)
[#0] ERROR:Eval -- RooAbsReal::logEvalError(ctauRes32) evaluation error, 
 origin       : RooAddModel::ctauRes32[ x=ctau3D (f2_CtauRes * ctauRes3 + [%] * ctauRes2) ]
 message      : p.d.f value is Not-a-Number (-nan), forcing value to zero
 server values: x=ctau3D=0.142097, !refCoefNorm=(ctau3DErr = 0.0294906,ctau3D = 0.142097), !pdfs=(ctauRes3 = 0/0.0269019,ctauRes2 = 0/0.0269019), !coefficients=(f2_CtauRes = 0.762904 +/- 12.6501)
[#0] ERROR:Eval -- RooAbsReal::logEvalError(ctauRes32) evaluation error, 
 origin       : RooAddModel::ctauRes32[ x=ctau3D (f2_CtauRes * ctauRes3 + [%] * ctauRes2) ]
 message      : p.d.f value is Not-a-Number (-nan), forcing value to zero
 server values: x=ctau3D=0.142097, !refCoefNorm=(ctau3DErr = 0.0294906,ctau3D = 0.142097), !pdfs=(ctauRes3 = 0/0.0269019,ctauRes2 = 0/0.0269019), !coefficients=(f2_CtauRes = 0.762904 +/- 12.6501)
[#0] ERROR:Eval -- RooAbsReal::logEvalError(ctauRes32) evaluation error, 
 origin       : RooAddModel::ctauRes32[ x=ctau3D (f2_CtauRes * ctauRes3 + [%] * ctauRes2) ]
 message      : p.d.f value is Not-a-Number (-nan), forcing value to zero
 server values: x=ctau3D=0.142097, !refCoefNorm=(ctau3DErr = 0.0294906,ctau3D = 0.142097), !pdfs=(ctauRes3 = 0/0.0269019,ctauRes2 = 0/0.0269019), !coefficients=(f2_CtauRes = 0.762904 +/- 12.6501)
[#0] ERROR:Eval -- RooAbsReal::logEvalError(ctauRes32) evaluation error, 
 origin       : RooAddModel::ctauRes32[ x=ctau3D (f2_CtauRes * ctauRes3 + [%] * ctauRes2) ]
 message      : p.d.f value is Not-a-Number (-nan), forcing value to zero
 server values: x=ctau3D=0.142097, !refCoefNorm=(ctau3DErr = 0.0294906,ctau3D = 0.142097), !pdfs=(ctauRes3 = 0/0.0269019,ctauRes2 = 0/0.0269019), !coefficients=(f2_CtauRes = 0.762904 +/- 12.6501)
[#0] ERROR:Eval -- RooAbsReal::logEvalError(ctauRes32) evaluation error, 
 origin       : RooAddModel::ctauRes32[ x=ctau3D (f2_CtauRes * ctauRes3 + [%] * ctauRes2) ]
 message      : p.d.f value is Not-a-Number (-nan), forcing value to zero
 server values: x=ctau3D=0.142097, !refCoefNorm=(ctau3DErr = 0.0294906,ctau3D = 0.142097), !pdfs=(ctauRes3 = 0/0.0269019,ctauRes2 = 0/0.0269019), !coefficients=(f2_CtauRes = 0.762904 +/- 12.6501)
[#0] ERROR:Eval -- RooAbsReal::logEvalError(ctauRes32) evaluation error, 
 origin       : RooAddModel::ctauRes32[ x=ctau3D (f2_CtauRes * ctauRes3 + [%] * ctauRes2) ]
 message      : p.d.f value is Not-a-Number (-nan), forcing value to zero
 server values: x=ctau3D=0.142097, !refCoefNorm=(ctau3DErr = 0.0294906,ctau3D = 0.142097), !pdfs=(ctauRes3 = 0/0.0269019,ctauRes2 = 0/0.0269019), !coefficients=(f2_CtauRes = 0.762904 +/- 12.6501)
[#0] ERROR:Eval -- RooAbsReal::logEvalError(ctauRes32) evaluation error, 
[#0] ERROR:Eval -- RooAbsReal::logEvalError(ctauRes32) evaluation error, 
 origin       : RooAddModel::ctauRes32[ x=ctau3D (f2_CtauRes * ctauRes3 + [%] * ctauRes2) ]
 origin       : RooAddModel::ctauRes32[ x=ctau3D (f2_CtauRes * ctauRes3 + [%] * ctauRes2) ]
 message      : p.d.f value is Not-a-Number (-nan), forcing value to zero
 message      : p.d.f value is Not-a-Number (-nan), forcing value to zero
 server values: x=ctau3D=0.142097, !refCoefNorm=(ctau3DErr = 0.0294906,ctau3D = 0.142097), !pdfs=(ctauRes3 = 0/0.0269019,ctauRes2 = 0/0.0269019), !coefficients=(f2_CtauRes = 0.762904 +/- 12.6501)
 server values: x=ctau3D=0.142097, !refCoefNorm=(ctau3DErr = 0.0294906,ctau3D = 0.142097), !pdfs=(ctauRes3 = 0/0.0269019,ctauRes2 = 0/0.0269019), !coefficients=(f2_CtauRes = 0.762904 +/- 12.6501)
[#0] ERROR:Eval -- RooAbsReal::logEvalError(ctauRes32) evaluation error, 
 origin       : RooAddModel::ctauRes32[ x=ctau3D (f2_CtauRes * ctauRes3 + [%] * ctauRes2) ]
 message      : p.d.f value is Not-a-Number (-nan), forcing value to zero
 server values: x=ctau3D=0.142097, !refCoefNorm=(ctau3DErr = 0.0294906,ctau3D = 0.142097), !pdfs=(ctauRes3 = 0/0.0269019,ctauRes2 = 0/0.0269019), !coefficients=(f2_CtauRes = 0.762904 +/- 12.6501)
[#0] ERROR:Eval -- RooAbsReal::logEvalError(ctauRes32) evaluation error, 
 origin       : RooAddModel::ctauRes32[ x=ctau3D (f2_CtauRes * ctauRes3 + [%] * ctauRes2) ]
 message      : p.d.f value is Not-a-Number (-nan), forcing value to zero
 server values: x=ctau3D=0.142097, !refCoefNorm=(ctau3DErr = 0.0294906,ctau3D = 0.142097), !pdfs=(ctauRes3 = 0/0.0269019,ctauRes2 = 0/0.0269019), !coefficients=(f2_CtauRes = 0.762904 +/- 12.6501)
RooArgSet::dependents = (ctau3D)
RooSetProxy::!refCoefNorm = (ctau3DErr,ctau3D)
RooArgSet::dependents = (ctau3D)
RooSetProxy::!refCoefNorm = (ctau3DErr,ctau3D)
RooArgSet:: = ()
RooSetProxy::!refCoefNorm = (ctau3DErr,ctau3D)
[#0] ERROR:Eval -- RooAbsReal::logEvalError(ctauRes32) evaluation error, 
 origin       : RooAddModel::ctauRes32[ x=ctau3D (f2_CtauRes * ctauRes3 + [%] * ctauRes2) ]
 message      : p.d.f value is Not-a-Number (-nan), forcing value to zero
 server values: x=ctau3D=0.142097, !refCoefNorm=(ctau3DErr = 0.0294906,ctau3D = 0.142097), !pdfs=(ctauRes3 = 0/0.0269019,ctauRes2 = 0/0.0269019), !coefficients=(f2_CtauRes = 0.762904 +/- 12.6501)
[#0] ERROR:Eval -- RooAbsReal::logEvalError(ctauRes32) evaluation error, 
 origin       : RooAddModel::ctauRes32[ x=ctau3D (f2_CtauRes * ctauRes3 + [%] * ctauRes2) ]
 message      : p.d.f value is Not-a-Number (-nan), forcing value to zero
 server values: x=ctau3D=0.142097, !refCoefNorm=(ctau3DErr = 0.0294906,ctau3D = 0.142097), !pdfs=(ctauRes3 = 0/0.0269019,ctauRes2 = 0/0.0269019), !coefficients=(f2_CtauRes = 0.762904 +/- 12.6501)
[#0] ERROR:Eval -- RooAbsReal::logEvalError(ctauRes32) evaluation error, 
 origin       : RooAddModel::ctauRes32[ x=ctau3D (f2_CtauRes * ctauRes3 + [%] * ctauRes2) ]
 message      : p.d.f value is Not-a-Number (-nan), forcing value to zero
 server values: x=ctau3D=0.142097, !refCoefNorm=(ctau3DErr = 0.0294906,ctau3D = 0.142097), !pdfs=(ctauRes3 = 0/0.0269019,ctauRes2 = 0/0.0269019), !coefficients=(f2_CtauRes = 0.762904 +/- 12.6501)
RooArgSet::dependents = (ctau3D)
RooSetProxy::!refCoefNorm = (ctau3DErr,ctau3D)
RooArgSet::dependents = (ctau3D)
RooSetProxy::!refCoefNorm = (ctau3DErr,ctau3D)
RooArgSet::dependents = (ctau3D)
RooSetProxy::!refCoefNorm = (ctau3DErr,ctau3D)
RooArgSet::dependents = (ctau3D)
RooArgSet::dependents = (ctau3D)
RooSetProxy::!refCoefNorm = (ctau3DErr,ctau3D)
RooSetProxy::!refCoefNorm = (ctau3DErr,ctau3D)
RooArgSet:: = ()
RooSetProxy::!refCoefNorm = (ctau3DErr,ctau3D)
RooArgSet::dependents = (ctau3D)
RooSetProxy::!refCoefNorm = (ctau3DErr,ctau3D)
[#0] ERROR:Eval -- RooAbsReal::logEvalError(ctauRes32) evaluation error, 
 origin       : RooAddModel::ctauRes32[ x=ctau3D (f2_CtauRes * ctauRes3 + [%] * ctauRes2) ]
 message      : p.d.f value is Not-a-Number (-nan), forcing value to zero
 server values: x=ctau3D=0.142097, !refCoefNorm=(ctau3DErr = 0.0294906,ctau3D = 0.142097), !pdfs=(ctauRes3 = 0/0.0269019,ctauRes2 = 0/0.0269019), !coefficients=(f2_CtauRes = 0.762904 +/- 12.6501)
RooArgSet::dependents = (ctau3D)
RooArgSet::dependents = (ctau3D)
RooSetProxy::!refCoefNorm = (ctau3DErr,ctau3D)
RooSetProxy::!refCoefNorm = (ctau3DErr,ctau3D)
RooArgSet::dependents = (ctau3D)
RooArgSet:: = ()
RooSetProxy::!refCoefNorm = (ctau3DErr,ctau3D)
RooSetProxy::!refCoefNorm = (ctau3DErr,ctau3D)
RooArgSet::dependents = (ctau3D)
RooSetProxy::!refCoefNorm = (ctau3DErr,ctau3D)
[#0] ERROR:Eval -- RooAbsReal::logEvalError(ctauRes32) evaluation error, 
 origin       : RooAddModel::ctauRes32[ x=ctau3D (f2_CtauRes * ctauRes3 + [%] * ctauRes2) ]
 message      : p.d.f value is Not-a-Number (-nan), forcing value to zero
 server values: x=ctau3D=0.142097, !refCoefNorm=(ctau3DErr = 0.0294906,ctau3D = 0.142097), !pdfs=(ctauRes3 = 0/0.0269019,ctauRes2 = 0/0.0269019), !coefficients=(f2_CtauRes = 0.762904 +/- 12.6501)
[#0] ERROR:Eval -- RooAbsReal::logEvalError(ctauRes32) evaluation error, 
 origin       : RooAddModel::ctauRes32[ x=ctau3D (f2_CtauRes * ctauRes3 + [%] * ctauRes2) ]
 message      : p.d.f value is Not-a-Number (-nan), forcing value to zero
 server values: x=ctau3D=0.142097, !refCoefNorm=(ctau3DErr = 0.0294906,ctau3D = 0.142097), !pdfs=(ctauRes3 = 0/0.0269019,ctauRes2 = 0/0.0269019), !coefficients=(f2_CtauRes = 0.762904 +/- 12.6501)
[#0] ERROR:Eval -- RooAbsReal::logEvalError(ctauRes32) evaluation error, 
 origin       : RooAddModel::ctauRes32[ x=ctau3D (f2_CtauRes * ctauRes3 + [%] * ctauRes2) ]
 message      : p.d.f value is Not-a-Number (-nan), forcing value to zero
 server values: x=ctau3D=0.142097, !refCoefNorm=(ctau3DErr = 0.0294906,ctau3D = 0.142097), !pdfs=(ctauRes3 = 0/0.0269019,ctauRes2 = 0/0.0269019), !coefficients=(f2_CtauRes = 0.762904 +/- 12.6501)
RooArgSet::dependents = (ctau3D)
RooSetProxy::!refCoefNorm = (ctau3DErr,ctau3D)
RooArgSet::dependents = (ctau3D)
RooSetProxy::!refCoefNorm = (ctau3DErr,ctau3D)
RooArgSet::dependents = (ctau3D)
RooArgSet::dependents = (ctau3D)
RooSetProxy::!refCoefNorm = (ctau3DErr,ctau3D)
RooSetProxy::!refCoefNorm = (ctau3DErr,ctau3D)
RooArgSet::dependents = (ctau3D)
RooArgSet::dependents = (ctau3D)
RooSetProxy::!refCoefNorm = (ctau3DErr,ctau3D)
RooSetProxy::!refCoefNorm = (ctau3DErr,ctau3D)
RooArgSet:: = ()
RooArgSet:: = ()
RooSetProxy::!refCoefNorm = (ctau3DErr,ctau3D)
RooSetProxy::!refCoefNorm = (ctau3DErr,ctau3D)
RooArgSet:: = ()
RooArgSet:: = ()
RooSetProxy::!refCoefNorm = (ctau3DErr,ctau3D)
RooSetProxy::!refCoefNorm = (ctau3DErr,ctau3D)
[#0] ERROR:Eval -- RooAbsReal::logEvalError(ctauRes32) evaluation error, 
 origin       : RooAddModel::ctauRes32[ x=ctau3D (f2_CtauRes * ctauRes3 + [%] * ctauRes2) ]
 message      : p.d.f value is Not-a-Number (-nan), forcing value to zero
[#0] ERROR:Eval -- RooAbsReal::logEvalError(ctauRes32) evaluation error, 
 server values: x=ctau3D=0.142097, !refCoefNorm=(ctau3DErr = 0.0294906,ctau3D = 0.142097), !pdfs=(ctauRes3 = 0/0.0269019,ctauRes2 = 0/0.0269019), !coefficients=(f2_CtauRes = 0.762904 +/- 12.6501)
 origin       : RooAddModel::ctauRes32[ x=ctau3D (f2_CtauRes * ctauRes3 + [%] * ctauRes2) ]
 message      : p.d.f value is Not-a-Number (-nan), forcing value to zero
 server values: x=ctau3D=0.142097, !refCoefNorm=(ctau3DErr = 0.0294906,ctau3D = 0.142097), !pdfs=(ctauRes3 = 0/0.0269019,ctauRes2 = 0/0.0269019), !coefficients=(f2_CtauRes = 0.762904 +/- 12.6501)
RooArgSet:: = ()
RooArgSet:: = ()
RooSetProxy::!refCoefNorm = (ctau3DErr,ctau3D)
RooSetProxy::!refCoefNorm = (ctau3DErr,ctau3D)
[#0] ERROR:Eval -- RooAbsReal::logEvalError(ctauRes32) evaluation error, 
 origin       : RooAddModel::ctauRes32[ x=ctau3D (f2_CtauRes * ctauRes3 + [%] * ctauRes2) ]
 message      : p.d.f value is Not-a-Number (-nan), forcing value to zero
[#0] ERROR:Eval -- RooAbsReal::logEvalError(ctauRes32) evaluation error, 
 server values: x=ctau3D=0.142097, !refCoefNorm=(ctau3DErr = 0.0294906,ctau3D = 0.142097), !pdfs=(ctauRes3 = 0/0.0269019,ctauRes2 = 0/0.0269019), !coefficients=(f2_CtauRes = 0.762904 +/- 12.6501)
 origin       : RooAddModel::ctauRes32[ x=ctau3D (f2_CtauRes * ctauRes3 + [%] * ctauRes2) ]
 message      : p.d.f value is Not-a-Number (-nan), forcing value to zero
 server values: x=ctau3D=0.142097, !refCoefNorm=(ctau3DErr = 0.0294906,ctau3D = 0.142097), !pdfs=(ctauRes3 = 0/0.0269019,ctauRes2 = 0/0.0269019), !coefficients=(f2_CtauRes = 0.762904 +/- 12.6501)
[#0] ERROR:Eval -- RooAbsReal::logEvalError(ctauRes32) evaluation error, 
[#0] ERROR:Eval -- RooAbsReal::logEvalError(ctauRes32) evaluation error, 
[#0] ERROR:Eval -- RooAbsReal::logEvalError(ctauRes32) evaluation error, 
 origin       : RooAddModel::ctauRes32[ x=ctau3D (f2_CtauRes * ctauRes3 + [%] * ctauRes2) ]
 origin       : RooAddModel::ctauRes32[ x=ctau3D (f2_CtauRes * ctauRes3 + [%] * ctauRes2) ]
 origin       : RooAddModel::ctauRes32[ x=ctau3D (f2_CtauRes * ctauRes3 + [%] * ctauRes2) ]
 message      : p.d.f value is Not-a-Number (-nan), forcing value to zero
[#0] ERROR:Eval -- RooAbsReal::logEvalError(ctauRes32) evaluation error, 
 message      : p.d.f value is Not-a-Number (-nan), forcing value to zero
 message      : p.d.f value is Not-a-Number (-nan), forcing value to zero
 server values: x=ctau3D=0.142097, !refCoefNorm=(ctau3DErr = 0.0294906,ctau3D = 0.142097), !pdfs=(ctauRes3 = 0/0.0269019,ctauRes2 = 0/0.0269019), !coefficients=(f2_CtauRes = 0.762904 +/- 12.6501)
 origin       : RooAddModel::ctauRes32[ x=ctau3D (f2_CtauRes * ctauRes3 + [%] * ctauRes2) ]
 server values: x=ctau3D=0.142097, !refCoefNorm=(ctau3DErr = 0.0294906,ctau3D = 0.142097), !pdfs=(ctauRes3 = 0/0.0269019,ctauRes2 = 0/0.0269019), !coefficients=(f2_CtauRes = 0.762904 +/- 12.6501)
 server values: x=ctau3D=0.142097, !refCoefNorm=(ctau3DErr = 0.0294906,ctau3D = 0.142097), !pdfs=(ctauRes3 = 0/0.0269019,ctauRes2 = 0/0.0269019), !coefficients=(f2_CtauRes = 0.762904 +/- 12.6501)
 message      : p.d.f value is Not-a-Number (-nan), forcing value to zero
 server values: x=ctau3D=0.142097, !refCoefNorm=(ctau3DErr = 0.0294906,ctau3D = 0.142097), !pdfs=(ctauRes3 = 0/0.0269019,ctauRes2 = 0/0.0269019), !coefficients=(f2_CtauRes = 0.762904 +/- 12.6501)
[#0] ERROR:Eval -- RooAbsReal::logEvalError(ctauRes32) evaluation error, 
[#0] ERROR:Eval -- RooAbsReal::logEvalError(ctauRes32) evaluation error, 
 origin       : RooAddModel::ctauRes32[ x=ctau3D (f2_CtauRes * ctauRes3 + [%] * ctauRes2) ]
 origin       : RooAddModel::ctauRes32[ x=ctau3D (f2_CtauRes * ctauRes3 + [%] * ctauRes2) ]
 message      : p.d.f value is Not-a-Number (-nan), forcing value to zero
 message      : p.d.f value is Not-a-Number (-nan), forcing value to zero
 server values: x=ctau3D=0.142097, !refCoefNorm=(ctau3DErr = 0.0294906,ctau3D = 0.142097), !pdfs=(ctauRes3 = 0/0.0269019,ctauRes2 = 0/0.0269019), !coefficients=(f2_CtauRes = 0.762904 +/- 12.6501)
 server values: x=ctau3D=0.142097, !refCoefNorm=(ctau3DErr = 0.0294906,ctau3D = 0.142097), !pdfs=(ctauRes3 = 0/0.0269019,ctauRes2 = 0/0.0269019), !coefficients=(f2_CtauRes = 0.762904 +/- 12.6501)
[#0] ERROR:Eval -- RooAbsReal::logEvalError(ctauRes32) evaluation error, 
[#0] ERROR:Eval -- RooAbsReal::logEvalError(ctauRes32) evaluation error, 
 origin       : RooAddModel::ctauRes32[ x=ctau3D (f2_CtauRes * ctauRes3 + [%] * ctauRes2) ]
 origin       : RooAddModel::ctauRes32[ x=ctau3D (f2_CtauRes * ctauRes3 + [%] * ctauRes2) ]
 message      : p.d.f value is Not-a-Number (-nan), forcing value to zero
 message      : p.d.f value is Not-a-Number (-nan), forcing value to zero
 server values: x=ctau3D=0.142097, !refCoefNorm=(ctau3DErr = 0.0294906,ctau3D = 0.142097), !pdfs=(ctauRes3 = 0/0.0269019,ctauRes2 = 0/0.0269019), !coefficients=(f2_CtauRes = 0.762904 +/- 12.6501)
 server values: x=ctau3D=0.142097, !refCoefNorm=(ctau3DErr = 0.0294906,ctau3D = 0.142097), !pdfs=(ctauRes3 = 0/0.0269019,ctauRes2 = 0/0.0269019), !coefficients=(f2_CtauRes = 0.762904 +/- 12.6501)
[#0] ERROR:Eval -- RooAbsReal::logEvalError(ctauRes32) evaluation error, 
 origin       : RooAddModel::ctauRes32[ x=ctau3D (f2_CtauRes * ctauRes3 + [%] * ctauRes2) ]
 message      : p.d.f value is Not-a-Number (-nan), forcing value to zero
 server values: x=ctau3D=0.142097, !refCoefNorm=(ctau3DErr = 0.0294906,ctau3D = 0.142097), !pdfs=(ctauRes3 = 0/0.0269019,ctauRes2 = 0/0.0269019), !coefficients=(f2_CtauRes = 0.762904 +/- 12.6501)
[#0] ERROR:Eval -- RooAbsReal::logEvalError(ctauRes32) evaluation error, 
 origin       : RooAddModel::ctauRes32[ x=ctau3D (f2_CtauRes * ctauRes3 + [%] * ctauRes2) ]
 message      : p.d.f value is Not-a-Number (-nan), forcing value to zero
 server values: x=ctau3D=0.142097, !refCoefNorm=(ctau3DErr = 0.0294906,ctau3D = 0.142097), !pdfs=(ctauRes3 = 0/0.0269019,ctauRes2 = 0/0.0269019), !coefficients=(f2_CtauRes = 0.762904 +/- 12.6501)
[#0] ERROR:Eval -- RooAbsReal::logEvalError(ctauRes32) evaluation error, 
 origin       : RooAddModel::ctauRes32[ x=ctau3D (f2_CtauRes * ctauRes3 + [%] * ctauRes2) ]
 message      : p.d.f value is Not-a-Number (-nan), forcing value to zero
 server values: x=ctau3D=0.142097, !refCoefNorm=(ctau3DErr = 0.0294906,ctau3D = 0.142097), !pdfs=(ctauRes3 = 0/0.0269019,ctauRes2 = 0/0.0269019), !coefficients=(f2_CtauRes = 0.762904 +/- 12.6501)
[#0] ERROR:Eval -- RooAbsReal::logEvalError(ctauRes32) evaluation error, 
 origin       : RooAddModel::ctauRes32[ x=ctau3D (f2_CtauRes * ctauRes3 + [%] * ctauRes2) ]
 message      : p.d.f value is Not-a-Number (-nan), forcing value to zero
 server values: x=ctau3D=0.142097, !refCoefNorm=(ctau3DErr = 0.0294906,ctau3D = 0.142097), !pdfs=(ctauRes3 = 0/0.0269019,ctauRes2 = 0/0.0269019), !coefficients=(f2_CtauRes = 0.762904 +/- 12.6501)
[#0] ERROR:Eval -- RooAbsReal::logEvalError(ctauRes32) evaluation error, 
[#0] ERROR:Eval -- RooAbsReal::logEvalError(ctauRes32) evaluation error, 
 origin       : RooAddModel::ctauRes32[ x=ctau3D (f2_CtauRes * ctauRes3 + [%] * ctauRes2) ]
 origin       : RooAddModel::ctauRes32[ x=ctau3D (f2_CtauRes * ctauRes3 + [%] * ctauRes2) ]
 message      : p.d.f value is Not-a-Number (-nan), forcing value to zero
 message      : p.d.f value is Not-a-Number (-nan), forcing value to zero
 server values: x=ctau3D=0.142097, !refCoefNorm=(ctau3DErr = 0.0294906,ctau3D = 0.142097), !pdfs=(ctauRes3 = 0/0.0269019,ctauRes2 = 0/0.0269019), !coefficients=(f2_CtauRes = 0.762904 +/- 12.6501)
 server values: x=ctau3D=0.142097, !refCoefNorm=(ctau3DErr = 0.0294906,ctau3D = 0.142097), !pdfs=(ctauRes3 = 0/0.0269019,ctauRes2 = 0/0.0269019), !coefficients=(f2_CtauRes = 0.762904 +/- 12.6501)
[#0] ERROR:Eval -- RooAbsReal::logEvalError(ctauRes32) evaluation error, 
 origin       : RooAddModel::ctauRes32[ x=ctau3D (f2_CtauRes * ctauRes3 + [%] * ctauRes2) ]
 message      : p.d.f value is Not-a-Number (-nan), forcing value to zero
 server values: x=ctau3D=0.142097, !refCoefNorm=(ctau3DErr = 0.0294906,ctau3D = 0.142097), !pdfs=(ctauRes3 = 0/0.0269019,ctauRes2 = 0/0.0269019), !coefficients=(f2_CtauRes = 0.762904 +/- 12.6501)
[#0] ERROR:Eval -- RooAbsReal::logEvalError(ctauRes32) evaluation error, 
 origin       : RooAddModel::ctauRes32[ x=ctau3D (f2_CtauRes * ctauRes3 + [%] * ctauRes2) ]
 message      : p.d.f value is Not-a-Number (-nan), forcing value to zero
 server values: x=ctau3D=0.142097, !refCoefNorm=(ctau3DErr = 0.0294906,ctau3D = 0.142097), !pdfs=(ctauRes3 = 0/0.0269019,ctauRes2 = 0/0.0269019), !coefficients=(f2_CtauRes = 0.762904 +/- 12.6501)
RooArgSet::dependents = (ctau3D)
RooSetProxy::!refCoefNorm = (ctau3DErr,ctau3D)
RooArgSet::dependents = (ctau3D)
RooSetProxy::!refCoefNorm = (ctau3DErr,ctau3D)
RooArgSet:: = ()
RooSetProxy::!refCoefNorm = (ctau3DErr,ctau3D)
[#0] ERROR:Eval -- RooAbsReal::logEvalError(ctauRes32) evaluation error, 
 origin       : RooAddModel::ctauRes32[ x=ctau3D (f2_CtauRes * ctauRes3 + [%] * ctauRes2) ]
 message      : p.d.f value is Not-a-Number (-nan), forcing value to zero
 server values: x=ctau3D=0.142097, !refCoefNorm=(ctau3DErr = 0.0294906,ctau3D = 0.142097), !pdfs=(ctauRes3 = 0/0.0269019,ctauRes2 = 0/0.0269019), !coefficients=(f2_CtauRes = 0.762904 +/- 12.6501)
[#0] ERROR:Eval -- RooAbsReal::logEvalError(ctauRes32) evaluation error, 
 origin       : RooAddModel::ctauRes32[ x=ctau3D (f2_CtauRes * ctauRes3 + [%] * ctauRes2) ]
 message      : p.d.f value is Not-a-Number (-nan), forcing value to zero
 server values: x=ctau3D=0.142097, !refCoefNorm=(ctau3DErr = 0.0294906,ctau3D = 0.142097), !pdfs=(ctauRes3 = 0/0.0269019,ctauRes2 = 0/0.0269019), !coefficients=(f2_CtauRes = 0.762904 +/- 12.6501)
[#0] ERROR:Eval -- RooAbsReal::logEvalError(ctauRes32) evaluation error, 
 origin       : RooAddModel::ctauRes32[ x=ctau3D (f2_CtauRes * ctauRes3 + [%] * ctauRes2) ]
 message      : p.d.f value is Not-a-Number (-nan), forcing value to zero
 server values: x=ctau3D=0.142097, !refCoefNorm=(ctau3DErr = 0.0294906,ctau3D = 0.142097), !pdfs=(ctauRes3 = 0/0.0269019,ctauRes2 = 0/0.0269019), !coefficients=(f2_CtauRes = 0.762904 +/- 12.6501)
RooArgSet::dependents = (ctau3D)
RooSetProxy::!refCoefNorm = (ctau3DErr,ctau3D)
RooArgSet::dependents = (ctau3D)
RooSetProxy::!refCoefNorm = (ctau3DErr,ctau3D)
RooArgSet::dependents = (ctau3D)
RooSetProxy::!refCoefNorm = (ctau3DErr,ctau3D)
RooArgSet:: = ()
RooSetProxy::!refCoefNorm = (ctau3DErr,ctau3D)
RooArgSet::dependents = (ctau3D)
RooSetProxy::!refCoefNorm = (ctau3DErr,ctau3D)
[#0] ERROR:Eval -- RooAbsReal::logEvalError(ctauRes32) evaluation error, 
 origin       : RooAddModel::ctauRes32[ x=ctau3D (f2_CtauRes * ctauRes3 + [%] * ctauRes2) ]
 message      : p.d.f value is Not-a-Number (-nan), forcing value to zero
 server values: x=ctau3D=0.142097, !refCoefNorm=(ctau3DErr = 0.0294906,ctau3D = 0.142097), !pdfs=(ctauRes3 = 0/0.0269019,ctauRes2 = 0/0.0269019), !coefficients=(f2_CtauRes = 0.762904 +/- 12.6501)
RooArgSet::dependents = (ctau3D)
RooSetProxy::!refCoefNorm = (ctau3DErr,ctau3D)
RooArgSet::dependents = (ctau3D)
RooArgSet::dependents = (ctau3D)
RooSetProxy::!refCoefNorm = (ctau3DErr,ctau3D)
RooSetProxy::!refCoefNorm = (ctau3DErr,ctau3D)
RooArgSet::dependents = (ctau3D)
RooSetProxy::!refCoefNorm = (ctau3DErr,ctau3D)
RooArgSet::dependents = (ctau3D)
RooSetProxy::!refCoefNorm = (ctau3DErr,ctau3D)
[#0] ERROR:Eval -- RooAbsReal::logEvalError(ctauRes32) evaluation error, 
 origin       : RooAddModel::ctauRes32[ x=ctau3D (f2_CtauRes * ctauRes3 + [%] * ctauRes2) ]
 message      : p.d.f value is Not-a-Number (-nan), forcing value to zero
 server values: x=ctau3D=0.142097, !refCoefNorm=(ctau3DErr = 0.0294906,ctau3D = 0.142097), !pdfs=(ctauRes3 = 0/0.0269019,ctauRes2 = 0/0.0269019), !coefficients=(f2_CtauRes = 0.762904 +/- 12.6501)
RooArgSet::dependents = (ctau3D)
RooSetProxy::!refCoefNorm = (ctau3DErr,ctau3D)
RooArgSet::dependents = (ctau3D)
RooSetProxy::!refCoefNorm = (ctau3DErr,ctau3D)
RooArgSet::dependents = (ctau3D)
RooSetProxy::!refCoefNorm = (ctau3DErr,ctau3D)
RooArgSet::dependents = (ctau3D)
RooSetProxy::!refCoefNorm = (ctau3DErr,ctau3D)
RooArgSet::dependents = (ctau3D)
RooArgSet::dependents = (ctau3D)
RooArgSet::dependents = (ctau3D)
RooSetProxy::!refCoefNorm = (ctau3DErr,ctau3D)
RooSetProxy::!refCoefNorm = (ctau3DErr,ctau3D)
RooSetProxy::!refCoefNorm = (ctau3DErr,ctau3D)
RooArgSet:: = ()
RooArgSet:: = ()
RooSetProxy::!refCoefNorm = (ctau3DErr,ctau3D)
RooSetProxy::!refCoefNorm = (ctau3DErr,ctau3D)
[#0] ERROR:Eval -- RooAbsReal::logEvalError(ctauRes32) evaluation error, 
 origin       : RooAddModel::ctauRes32[ x=ctau3D (f2_CtauRes * ctauRes3 + [%] * ctauRes2) ]
[#0] ERROR:Eval -- RooAbsReal::logEvalError(ctauRes32) evaluation error, 
 message      : p.d.f value is Not-a-Number (-nan), forcing value to zero
 origin       : RooAddModel::ctauRes32[ x=ctau3D (f2_CtauRes * ctauRes3 + [%] * ctauRes2) ]
 message      : p.d.f value is Not-a-Number (-nan), forcing value to zero
 server values: x=ctau3D=0.142097, !refCoefNorm=(ctau3DErr = 0.0294906,ctau3D = 0.142097), !pdfs=(ctauRes3 = 0/0.0269019,ctauRes2 = 0/0.0269019), !coefficients=(f2_CtauRes = 0.762904 +/- 12.6501)
 server values: x=ctau3D=0.142097, !refCoefNorm=(ctau3DErr = 0.0294906,ctau3D = 0.142097), !pdfs=(ctauRes3 = 0/0.0269019,ctauRes2 = 0/0.0269019), !coefficients=(f2_CtauRes = 0.762904 +/- 12.6501)
RooArgSet:: = ()
RooSetProxy::!refCoefNorm = (ctau3DErr,ctau3D)
RooArgSet:: = ()
RooSetProxy::!refCoefNorm = (ctau3DErr,ctau3D)
RooArgSet:: = ()
RooArgSet:: = ()
RooSetProxy::!refCoefNorm = (ctau3DErr,ctau3D)
RooSetProxy::!refCoefNorm = (ctau3DErr,ctau3D)
RooArgSet:: = ()
RooSetProxy::!refCoefNorm = (ctau3DErr,ctau3D)
[#0] ERROR:Eval -- RooAbsReal::logEvalError(ctauRes32) evaluation error, 
 origin       : RooAddModel::ctauRes32[ x=ctau3D (f2_CtauRes * ctauRes3 + [%] * ctauRes2) ]
 message      : p.d.f value is Not-a-Number (-nan), forcing value to zero
 server values: x=ctau3D=0.142097, !refCoefNorm=(ctau3DErr = 0.0294906,ctau3D = 0.142097), !pdfs=(ctauRes3 = 0/0.0269019,ctauRes2 = 0/0.0269019), !coefficients=(f2_CtauRes = 0.762904 +/- 12.6501)
[#0] ERROR:Eval -- RooAbsReal::logEvalError(ctauRes32) evaluation error, 
 origin       : RooAddModel::ctauRes32[ x=ctau3D (f2_CtauRes * ctauRes3 + [%] * ctauRes2) ]
 message      : p.d.f value is Not-a-Number (-nan), forcing value to zero
[#0] ERROR:Eval -- RooAbsReal::logEvalError(ctauRes32) evaluation error, 
[#0] ERROR:Eval -- RooAbsReal::logEvalError(ctauRes32) evaluation error, 
[#0] ERROR:Eval -- RooAbsReal::logEvalError(ctauRes32) evaluation error, 
 server values: x=ctau3D=0.142097, !refCoefNorm=(ctau3DErr = 0.0294906,ctau3D = 0.142097), !pdfs=(ctauRes3 = 0/0.0269019,ctauRes2 = 0/0.0269019), !coefficients=(f2_CtauRes = 0.762904 +/- 12.6501)
 origin       : RooAddModel::ctauRes32[ x=ctau3D (f2_CtauRes * ctauRes3 + [%] * ctauRes2) ]
[#0] ERROR:Eval -- RooAbsReal::logEvalError(ctauRes32) evaluation error, 
 origin       : RooAddModel::ctauRes32[ x=ctau3D (f2_CtauRes * ctauRes3 + [%] * ctauRes2) ]
 origin       : RooAddModel::ctauRes32[ x=ctau3D (f2_CtauRes * ctauRes3 + [%] * ctauRes2) ]
 message      : p.d.f value is Not-a-Number (-nan), forcing value to zero
 origin       : RooAddModel::ctauRes32[ x=ctau3D (f2_CtauRes * ctauRes3 + [%] * ctauRes2) ]
[#0] ERROR:Eval -- RooAbsReal::logEvalError(ctauRes32) evaluation error, 
 message      : p.d.f value is Not-a-Number (-nan), forcing value to zero
 message      : p.d.f value is Not-a-Number (-nan), forcing value to zero
 server values: x=ctau3D=0.142097, !refCoefNorm=(ctau3DErr = 0.0294906,ctau3D = 0.142097), !pdfs=(ctauRes3 = 0/0.0269019,ctauRes2 = 0/0.0269019), !coefficients=(f2_CtauRes = 0.762904 +/- 12.6501)
 message      : p.d.f value is Not-a-Number (-nan), forcing value to zero
 origin       : RooAddModel::ctauRes32[ x=ctau3D (f2_CtauRes * ctauRes3 + [%] * ctauRes2) ]
 server values: x=ctau3D=0.142097, !refCoefNorm=(ctau3DErr = 0.0294906,ctau3D = 0.142097), !pdfs=(ctauRes3 = 0/0.0269019,ctauRes2 = 0/0.0269019), !coefficients=(f2_CtauRes = 0.762904 +/- 12.6501)
 server values: x=ctau3D=0.142097, !refCoefNorm=(ctau3DErr = 0.0294906,ctau3D = 0.142097), !pdfs=(ctauRes3 = 0/0.0269019,ctauRes2 = 0/0.0269019), !coefficients=(f2_CtauRes = 0.762904 +/- 12.6501)
 message      : p.d.f value is Not-a-Number (-nan), forcing value to zero
 server values: x=ctau3D=0.142097, !refCoefNorm=(ctau3DErr = 0.0294906,ctau3D = 0.142097), !pdfs=(ctauRes3 = 0/0.0269019,ctauRes2 = 0/0.0269019), !coefficients=(f2_CtauRes = 0.762904 +/- 12.6501)
 server values: x=ctau3D=0.142097, !refCoefNorm=(ctau3DErr = 0.0294906,ctau3D = 0.142097), !pdfs=(ctauRes3 = 0/0.0269019,ctauRes2 = 0/0.0269019), !coefficients=(f2_CtauRes = 0.762904 +/- 12.6501)
[#0] ERROR:Eval -- RooAbsReal::logEvalError(ctauRes32) evaluation error, 
 origin       : RooAddModel::ctauRes32[ x=ctau3D (f2_CtauRes * ctauRes3 + [%] * ctauRes2) ]
 message      : p.d.f value is Not-a-Number (-nan), forcing value to zero
 server values: x=ctau3D=0.142097, !refCoefNorm=(ctau3DErr = 0.0294906,ctau3D = 0.142097), !pdfs=(ctauRes3 = 0/0.0269019,ctauRes2 = 0/0.0269019), !coefficients=(f2_CtauRes = 0.762904 +/- 12.6501)
[#0] ERROR:Eval -- RooAbsReal::logEvalError(ctauRes32) evaluation error, 
 origin       : RooAddModel::ctauRes32[ x=ctau3D (f2_CtauRes * ctauRes3 + [%] * ctauRes2) ]
 message      : p.d.f value is Not-a-Number (-nan), forcing value to zero
 server values: x=ctau3D=0.142097, !refCoefNorm=(ctau3DErr = 0.0294906,ctau3D = 0.142097), !pdfs=(ctauRes3 = 0/0.0269019,ctauRes2 = 0/0.0269019), !coefficients=(f2_CtauRes = 0.762904 +/- 12.6501)
[#0] ERROR:Eval -- RooAbsReal::logEvalError(ctauRes32) evaluation error, 
 origin       : RooAddModel::ctauRes32[ x=ctau3D (f2_CtauRes * ctauRes3 + [%] * ctauRes2) ]
 message      : p.d.f value is Not-a-Number (-nan), forcing value to zero
 server values: x=ctau3D=0.142097, !refCoefNorm=(ctau3DErr = 0.0294906,ctau3D = 0.142097), !pdfs=(ctauRes3 = 0/0.0269019,ctauRes2 = 0/0.0269019), !coefficients=(f2_CtauRes = 0.762904 +/- 12.6501)
[#0] ERROR:Eval -- RooAbsReal::logEvalError(ctauRes32) evaluation error, 
 origin       : RooAddModel::ctauRes32[ x=ctau3D (f2_CtauRes * ctauRes3 + [%] * ctauRes2) ]
[#0] ERROR:Eval -- RooAbsReal::logEvalError(ctauRes32) evaluation error, 
 message      : p.d.f value is Not-a-Number (-nan), forcing value to zero
 origin       : RooAddModel::ctauRes32[ x=ctau3D (f2_CtauRes * ctauRes3 + [%] * ctauRes2) ]
 server values: x=ctau3D=0.142097, !refCoefNorm=(ctau3DErr = 0.0294906,ctau3D = 0.142097), !pdfs=(ctauRes3 = 0/0.0269019,ctauRes2 = 0/0.0269019), !coefficients=(f2_CtauRes = 0.762904 +/- 12.6501)
 message      : p.d.f value is Not-a-Number (-nan), forcing value to zero
 server values: x=ctau3D=0.142097, !refCoefNorm=(ctau3DErr = 0.0294906,ctau3D = 0.142097), !pdfs=(ctauRes3 = 0/0.0269019,ctauRes2 = 0/0.0269019), !coefficients=(f2_CtauRes = 0.762904 +/- 12.6501)
[#0] ERROR:Eval -- RooAbsReal::logEvalError(ctauRes32) evaluation error, 
 origin       : RooAddModel::ctauRes32[ x=ctau3D (f2_CtauRes * ctauRes3 + [%] * ctauRes2) ]
 message      : p.d.f value is Not-a-Number (-nan), forcing value to zero
 server values: x=ctau3D=0.142097, !refCoefNorm=(ctau3DErr = 0.0294906,ctau3D = 0.142097), !pdfs=(ctauRes3 = 0/0.0269019,ctauRes2 = 0/0.0269019), !coefficients=(f2_CtauRes = 0.762904 +/- 12.6501)
[#0] ERROR:Eval -- RooAbsReal::logEvalError(ctauRes32) evaluation error, 
 origin       : RooAddModel::ctauRes32[ x=ctau3D (f2_CtauRes * ctauRes3 + [%] * ctauRes2) ]
 message      : p.d.f value is Not-a-Number (-nan), forcing value to zero
 server values: x=ctau3D=0.142097, !refCoefNorm=(ctau3DErr = 0.0294906,ctau3D = 0.142097), !pdfs=(ctauRes3 = 0/0.0269019,ctauRes2 = 0/0.0269019), !coefficients=(f2_CtauRes = 0.762904 +/- 12.6501)
[#0] ERROR:Eval -- RooAbsReal::logEvalError(ctauRes32) evaluation error, 
[#0] ERROR:Eval -- RooAbsReal::logEvalError(ctauRes32) evaluation error, 
 origin       : RooAddModel::ctauRes32[ x=ctau3D (f2_CtauRes * ctauRes3 + [%] * ctauRes2) ]
 origin       : RooAddModel::ctauRes32[ x=ctau3D (f2_CtauRes * ctauRes3 + [%] * ctauRes2) ]
 message      : p.d.f value is Not-a-Number (-nan), forcing value to zero
 message      : p.d.f value is Not-a-Number (-nan), forcing value to zero
 server values: x=ctau3D=0.142097, !refCoefNorm=(ctau3DErr = 0.0294906,ctau3D = 0.142097), !pdfs=(ctauRes3 = 0/0.0269019,ctauRes2 = 0/0.0269019), !coefficients=(f2_CtauRes = 0.762904 +/- 12.6501)
 server values: x=ctau3D=0.142097, !refCoefNorm=(ctau3DErr = 0.0294906,ctau3D = 0.142097), !pdfs=(ctauRes3 = 0/0.0269019,ctauRes2 = 0/0.0269019), !coefficients=(f2_CtauRes = 0.762904 +/- 12.6501)
[#0] ERROR:Eval -- RooAbsReal::logEvalError(ctauRes32) evaluation error, 
 origin       : RooAddModel::ctauRes32[ x=ctau3D (f2_CtauRes * ctauRes3 + [%] * ctauRes2) ]
 message      : p.d.f value is Not-a-Number (-nan), forcing value to zero
 server values: x=ctau3D=0.142097, !refCoefNorm=(ctau3DErr = 0.0294906,ctau3D = 0.142097), !pdfs=(ctauRes3 = 0/0.0269019,ctauRes2 = 0/0.0269019), !coefficients=(f2_CtauRes = 0.762904 +/- 12.6501)
[#0] ERROR:Eval -- RooAbsReal::logEvalError(ctauRes32) evaluation error, 
 origin       : RooAddModel::ctauRes32[ x=ctau3D (f2_CtauRes * ctauRes3 + [%] * ctauRes2) ]
 message      : p.d.f value is Not-a-Number (-nan), forcing value to zero
 server values: x=ctau3D=0.142097, !refCoefNorm=(ctau3DErr = 0.0294906,ctau3D = 0.142097), !pdfs=(ctauRes3 = 0/0.0269019,ctauRes2 = 0/0.0269019), !coefficients=(f2_CtauRes = 0.762904 +/- 12.6501)
[#0] ERROR:Eval -- RooAbsReal::logEvalError(ctauRes32) evaluation error, 
 origin       : RooAddModel::ctauRes32[ x=ctau3D (f2_CtauRes * ctauRes3 + [%] * ctauRes2) ]
 message      : p.d.f value is Not-a-Number (-nan), forcing value to zero
 server values: x=ctau3D=0.142097, !refCoefNorm=(ctau3DErr = 0.0294906,ctau3D = 0.142097), !pdfs=(ctauRes3 = 0/0.0269019,ctauRes2 = 0/0.0269019), !coefficients=(f2_CtauRes = 0.762904 +/- 12.6501)
[#0] ERROR:Eval -- RooAbsReal::logEvalError(ctauRes32) evaluation error, 
 origin       : RooAddModel::ctauRes32[ x=ctau3D (f2_CtauRes * ctauRes3 + [%] * ctauRes2) ]
 message      : p.d.f value is Not-a-Number (-nan), forcing value to zero
 server values: x=ctau3D=0.142097, !refCoefNorm=(ctau3DErr = 0.0294906,ctau3D = 0.142097), !pdfs=(ctauRes3 = 0/0.0269019,ctauRes2 = 0/0.0269019), !coefficients=(f2_CtauRes = 0.762904 +/- 12.6501)
RooArgSet::dependents = (ctau3D)
RooSetProxy::!refCoefNorm = (ctau3DErr,ctau3D)
RooArgSet::dependents = (ctau3D)
RooSetProxy::!refCoefNorm = (ctau3DErr,ctau3D)
RooArgSet:: = ()
RooSetProxy::!refCoefNorm = (ctau3DErr,ctau3D)
[#0] ERROR:Eval -- RooAbsReal::logEvalError(ctauRes32) evaluation error, 
 origin       : RooAddModel::ctauRes32[ x=ctau3D (f2_CtauRes * ctauRes3 + [%] * ctauRes2) ]
 message      : p.d.f value is Not-a-Number (-nan), forcing value to zero
 server values: x=ctau3D=0.142097, !refCoefNorm=(ctau3DErr = 0.0294906,ctau3D = 0.142097), !pdfs=(ctauRes3 = 0/0.0269019,ctauRes2 = 0/0.0269019), !coefficients=(f2_CtauRes = 0.762904 +/- 12.6501)
[#0] ERROR:Eval -- RooAbsReal::logEvalError(ctauRes32) evaluation error, 
 origin       : RooAddModel::ctauRes32[ x=ctau3D (f2_CtauRes * ctauRes3 + [%] * ctauRes2) ]
 message      : p.d.f value is Not-a-Number (-nan), forcing value to zero
 server values: x=ctau3D=0.142097, !refCoefNorm=(ctau3DErr = 0.0294906,ctau3D = 0.142097), !pdfs=(ctauRes3 = 0/0.0269019,ctauRes2 = 0/0.0269019), !coefficients=(f2_CtauRes = 0.762904 +/- 12.6501)
[#0] ERROR:Eval -- RooAbsReal::logEvalError(ctauRes32) evaluation error, 
 origin       : RooAddModel::ctauRes32[ x=ctau3D (f2_CtauRes * ctauRes3 + [%] * ctauRes2) ]
 message      : p.d.f value is Not-a-Number (-nan), forcing value to zero
 server values: x=ctau3D=0.142097, !refCoefNorm=(ctau3DErr = 0.0294906,ctau3D = 0.142097), !pdfs=(ctauRes3 = 0/0.0269019,ctauRes2 = 0/0.0269019), !coefficients=(f2_CtauRes = 0.762904 +/- 12.6501)
RooArgSet::dependents = (ctau3D)
RooArgSet::dependents = (ctau3D)
RooSetProxy::!refCoefNorm = (ctau3DErr,ctau3D)
RooSetProxy::!refCoefNorm = (ctau3DErr,ctau3D)
RooArgSet::dependents = (ctau3D)
RooSetProxy::!refCoefNorm = (ctau3DErr,ctau3D)
RooArgSet::dependents = (ctau3D)
RooSetProxy::!refCoefNorm = (ctau3DErr,ctau3D)
RooArgSet::dependents = (ctau3D)
RooSetProxy::!refCoefNorm = (ctau3DErr,ctau3D)
RooArgSet::dependents = (ctau3D)
RooSetProxy::!refCoefNorm = (ctau3DErr,ctau3D)
RooArgSet:: = ()
RooSetProxy::!refCoefNorm = (ctau3DErr,ctau3D)
RooArgSet:: = ()
RooSetProxy::!refCoefNorm = (ctau3DErr,ctau3D)
RooArgSet::dependents = (ctau3D)
RooSetProxy::!refCoefNorm = (ctau3DErr,ctau3D)
[#0] ERROR:Eval -- RooAbsReal::logEvalError(ctauRes32) evaluation error, 
 origin       : RooAddModel::ctauRes32[ x=ctau3D (f2_CtauRes * ctauRes3 + [%] * ctauRes2) ]
 message      : p.d.f value is Not-a-Number (-nan), forcing value to zero
 server values: x=ctau3D=0.142097, !refCoefNorm=(ctau3DErr = 0.0294906,ctau3D = 0.142097), !pdfs=(ctauRes3 = 0/0.0269019,ctauRes2 = 0/0.0269019), !coefficients=(f2_CtauRes = 0.762904 +/- 12.6501)
RooArgSet::dependents = (ctau3D)
[#0] ERROR:Eval -- RooAbsReal::logEvalError(ctauRes32) evaluation error, 
 origin       : RooAddModel::ctauRes32[ x=ctau3D (f2_CtauRes * ctauRes3 + [%] * ctauRes2) ]
RooSetProxy::!refCoefNorm = (ctau3DErr,ctau3D)
 message      : p.d.f value is Not-a-Number (-nan), forcing value to zero
 server values: x=ctau3D=0.142097, !refCoefNorm=(ctau3DErr = 0.0294906,ctau3D = 0.142097), !pdfs=(ctauRes3 = 0/0.0269019,ctauRes2 = 0/0.0269019), !coefficients=(f2_CtauRes = 0.762904 +/- 12.6501)
RooArgSet::dependents = (ctau3D)
RooArgSet::dependents = (ctau3D)
RooSetProxy::!refCoefNorm = (ctau3DErr,ctau3D)
RooSetProxy::!refCoefNorm = (ctau3DErr,ctau3D)
[#0] ERROR:Eval -- RooAbsReal::logEvalError(ctauRes32) evaluation error, 
 origin       : RooAddModel::ctauRes32[ x=ctau3D (f2_CtauRes * ctauRes3 + [%] * ctauRes2) ]
 message      : p.d.f value is Not-a-Number (-nan), forcing value to zero
 server values: x=ctau3D=0.142097, !refCoefNorm=(ctau3DErr = 0.0294906,ctau3D = 0.142097), !pdfs=(ctauRes3 = 0/0.0269019,ctauRes2 = 0/0.0269019), !coefficients=(f2_CtauRes = 0.762904 +/- 12.6501)
[#0] ERROR:Eval -- RooAbsReal::logEvalError(ctauRes32) evaluation error, 
 origin       : RooAddModel::ctauRes32[ x=ctau3D (f2_CtauRes * ctauRes3 + [%] * ctauRes2) ]
 message      : p.d.f value is Not-a-Number (-nan), forcing value to zero
 server values: x=ctau3D=0.142097, !refCoefNorm=(ctau3DErr = 0.0294906,ctau3D = 0.142097), !pdfs=(ctauRes3 = 0/0.0269019,ctauRes2 = 0/0.0269019), !coefficients=(f2_CtauRes = 0.762904 +/- 12.6501)
RooArgSet::dependents = (ctau3D)
RooSetProxy::!refCoefNorm = (ctau3DErr,ctau3D)
RooArgSet::dependents = (ctau3D)
RooSetProxy::!refCoefNorm = (ctau3DErr,ctau3D)
RooArgSet::dependents = (ctau3D)
RooSetProxy::!refCoefNorm = (ctau3DErr,ctau3D)
RooArgSet::dependents = (ctau3D)
RooSetProxy::!refCoefNorm = (ctau3DErr,ctau3D)
RooArgSet:: = ()
RooSetProxy::!refCoefNorm = (ctau3DErr,ctau3D)
RooArgSet::dependents = (ctau3D)
RooArgSet::dependents = (ctau3D)
RooSetProxy::!refCoefNorm = (ctau3DErr,ctau3D)
RooSetProxy::!refCoefNorm = (ctau3DErr,ctau3D)
RooArgSet:: = ()
RooSetProxy::!refCoefNorm = (ctau3DErr,ctau3D)
[#0] ERROR:Eval -- RooAbsReal::logEvalError(ctauRes32) evaluation error, 
 origin       : RooAddModel::ctauRes32[ x=ctau3D (f2_CtauRes * ctauRes3 + [%] * ctauRes2) ]
 message      : p.d.f value is Not-a-Number (-nan), forcing value to zero
 server values: x=ctau3D=0.142097, !refCoefNorm=(ctau3DErr = 0.0294906,ctau3D = 0.142097), !pdfs=(ctauRes3 = 0/0.0269019,ctauRes2 = 0/0.0269019), !coefficients=(f2_CtauRes = 0.762904 +/- 12.6501)
RooArgSet:: = ()
RooSetProxy::!refCoefNorm = (ctau3DErr,ctau3D)
[#0] ERROR:Eval -- RooAbsReal::logEvalError(ctauRes32) evaluation error, 
RooArgSet:: = ()
 origin       : RooAddModel::ctauRes32[ x=ctau3D (f2_CtauRes * ctauRes3 + [%] * ctauRes2) ]
RooSetProxy::!refCoefNorm = (ctau3DErr,ctau3D)
RooArgSet:: = ()
 message      : p.d.f value is Not-a-Number (-nan), forcing value to zero
RooSetProxy::!refCoefNorm = (ctau3DErr,ctau3D)
 server values: x=ctau3D=0.142097, !refCoefNorm=(ctau3DErr = 0.0294906,ctau3D = 0.142097), !pdfs=(ctauRes3 = 0/0.0269019,ctauRes2 = 0/0.0269019), !coefficients=(f2_CtauRes = 0.762904 +/- 12.6501)
RooArgSet:: = ()
RooSetProxy::!refCoefNorm = (ctau3DErr,ctau3D)
[#0] ERROR:Eval -- RooAbsReal::logEvalError(ctauRes32) evaluation error, 
[#0] ERROR:Eval -- RooAbsReal::logEvalError(ctauRes32) evaluation error, 
 origin       : RooAddModel::ctauRes32[ x=ctau3D (f2_CtauRes * ctauRes3 + [%] * ctauRes2) ]
 origin       : RooAddModel::ctauRes32[ x=ctau3D (f2_CtauRes * ctauRes3 + [%] * ctauRes2) ]
 message      : p.d.f value is Not-a-Number (-nan), forcing value to zero
 message      : p.d.f value is Not-a-Number (-nan), forcing value to zero
 server values: x=ctau3D=0.142097, !refCoefNorm=(ctau3DErr = 0.0294906,ctau3D = 0.142097), !pdfs=(ctauRes3 = 0/0.0269019,ctauRes2 = 0/0.0269019), !coefficients=(f2_CtauRes = 0.762904 +/- 12.6501)
 server values: x=ctau3D=0.142097, !refCoefNorm=(ctau3DErr = 0.0294906,ctau3D = 0.142097), !pdfs=(ctauRes3 = 0/0.0269019,ctauRes2 = 0/0.0269019), !coefficients=(f2_CtauRes = 0.762904 +/- 12.6501)
[#0] ERROR:Eval -- RooAbsReal::logEvalError(ctauRes32) evaluation error, 
[#0] ERROR:Eval -- RooAbsReal::logEvalError(ctauRes32) evaluation error, 
[#0] ERROR:Eval -- RooAbsReal::logEvalError(ctauRes32) evaluation error, 
 origin       : RooAddModel::ctauRes32[ x=ctau3D (f2_CtauRes * ctauRes3 + [%] * ctauRes2) ]
 origin       : RooAddModel::ctauRes32[ x=ctau3D (f2_CtauRes * ctauRes3 + [%] * ctauRes2) ]
 origin       : RooAddModel::ctauRes32[ x=ctau3D (f2_CtauRes * ctauRes3 + [%] * ctauRes2) ]
 message      : p.d.f value is Not-a-Number (-nan), forcing value to zero
 message      : p.d.f value is Not-a-Number (-nan), forcing value to zero
 message      : p.d.f value is Not-a-Number (-nan), forcing value to zero
 server values: x=ctau3D=0.142097, !refCoefNorm=(ctau3DErr = 0.0294906,ctau3D = 0.142097), !pdfs=(ctauRes3 = 0/0.0269019,ctauRes2 = 0/0.0269019), !coefficients=(f2_CtauRes = 0.762904 +/- 12.6501)
 server values: x=ctau3D=0.142097, !refCoefNorm=(ctau3DErr = 0.0294906,ctau3D = 0.142097), !pdfs=(ctauRes3 = 0/0.0269019,ctauRes2 = 0/0.0269019), !coefficients=(f2_CtauRes = 0.762904 +/- 12.6501)
 server values: x=ctau3D=0.142097, !refCoefNorm=(ctau3DErr = 0.0294906,ctau3D = 0.142097), !pdfs=(ctauRes3 = 0/0.0269019,ctauRes2 = 0/0.0269019), !coefficients=(f2_CtauRes = 0.762904 +/- 12.6501)
[#0] ERROR:Eval -- RooAbsReal::logEvalError(ctauRes32) evaluation error, 
 origin       : RooAddModel::ctauRes32[ x=ctau3D (f2_CtauRes * ctauRes3 + [%] * ctauRes2) ]
 message      : p.d.f value is Not-a-Number (-nan), forcing value to zero
 server values: x=ctau3D=0.142097, !refCoefNorm=(ctau3DErr = 0.0294906,ctau3D = 0.142097), !pdfs=(ctauRes3 = 0/0.0269019,ctauRes2 = 0/0.0269019), !coefficients=(f2_CtauRes = 0.762904 +/- 12.6501)
[#0] ERROR:Eval -- RooAbsReal::logEvalError(ctauRes32) evaluation error, 
 origin       : RooAddModel::ctauRes32[ x=ctau3D (f2_CtauRes * ctauRes3 + [%] * ctauRes2) ]
 message      : p.d.f value is Not-a-Number (-nan), forcing value to zero
 server values: x=ctau3D=0.142097, !refCoefNorm=(ctau3DErr = 0.0294906,ctau3D = 0.142097), !pdfs=(ctauRes3 = 0/0.0269019,ctauRes2 = 0/0.0269019), !coefficients=(f2_CtauRes = 0.762904 +/- 12.6501)
[#0] ERROR:Eval -- RooAbsReal::logEvalError(ctauRes32) evaluation error, 
[#0] ERROR:Eval -- RooAbsReal::logEvalError(ctauRes32) evaluation error, 
 origin       : RooAddModel::ctauRes32[ x=ctau3D (f2_CtauRes * ctauRes3 + [%] * ctauRes2) ]
 origin       : RooAddModel::ctauRes32[ x=ctau3D (f2_CtauRes * ctauRes3 + [%] * ctauRes2) ]
[#0] ERROR:Eval -- RooAbsReal::logEvalError(ctauRes32) evaluation error, 
 message      : p.d.f value is Not-a-Number (-nan), forcing value to zero
 message      : p.d.f value is Not-a-Number (-nan), forcing value to zero
 origin       : RooAddModel::ctauRes32[ x=ctau3D (f2_CtauRes * ctauRes3 + [%] * ctauRes2) ]
 server values: x=ctau3D=0.142097, !refCoefNorm=(ctau3DErr = 0.0294906,ctau3D = 0.142097), !pdfs=(ctauRes3 = 0/0.0269019,ctauRes2 = 0/0.0269019), !coefficients=(f2_CtauRes = 0.762904 +/- 12.6501)
 server values: x=ctau3D=0.142097, !refCoefNorm=(ctau3DErr = 0.0294906,ctau3D = 0.142097), !pdfs=(ctauRes3 = 0/0.0269019,ctauRes2 = 0/0.0269019), !coefficients=(f2_CtauRes = 0.762904 +/- 12.6501)
 message      : p.d.f value is Not-a-Number (-nan), forcing value to zero
 server values: x=ctau3D=0.142097, !refCoefNorm=(ctau3DErr = 0.0294906,ctau3D = 0.142097), !pdfs=(ctauRes3 = 0/0.0269019,ctauRes2 = 0/0.0269019), !coefficients=(f2_CtauRes = 0.762904 +/- 12.6501)
[#0] ERROR:Eval -- RooAbsReal::logEvalError(ctauRes32) evaluation error, 
 origin       : RooAddModel::ctauRes32[ x=ctau3D (f2_CtauRes * ctauRes3 + [%] * ctauRes2) ]
 message      : p.d.f value is Not-a-Number (-nan), forcing value to zero
 server values: x=ctau3D=0.142097, !refCoefNorm=(ctau3DErr = 0.0294906,ctau3D = 0.142097), !pdfs=(ctauRes3 = 0/0.0269019,ctauRes2 = 0/0.0269019), !coefficients=(f2_CtauRes = 0.762904 +/- 12.6501)
[#0] ERROR:Eval -- RooAbsReal::logEvalError(ctauRes32) evaluation error, 
 origin       : RooAddModel::ctauRes32[ x=ctau3D (f2_CtauRes * ctauRes3 + [%] * ctauRes2) ]
 message      : p.d.f value is Not-a-Number (-nan), forcing value to zero
 server values: x=ctau3D=0.142097, !refCoefNorm=(ctau3DErr = 0.0294906,ctau3D = 0.142097), !pdfs=(ctauRes3 = 0/0.0269019,ctauRes2 = 0/0.0269019), !coefficients=(f2_CtauRes = 0.762904 +/- 12.6501)
[#0] ERROR:Eval -- RooAbsReal::logEvalError(ctauRes32) evaluation error, 
 origin       : RooAddModel::ctauRes32[ x=ctau3D (f2_CtauRes * ctauRes3 + [%] * ctauRes2) ]
 message      : p.d.f value is Not-a-Number (-nan), forcing value to zero
 server values: x=ctau3D=0.142097, !refCoefNorm=(ctau3DErr = 0.0294906,ctau3D = 0.142097), !pdfs=(ctauRes3 = 0/0.0269019,ctauRes2 = 0/0.0269019), !coefficients=(f2_CtauRes = 0.762904 +/- 12.6501)
[#0] ERROR:Eval -- RooAbsReal::logEvalError(ctauRes32) evaluation error, 
 origin       : RooAddModel::ctauRes32[ x=ctau3D (f2_CtauRes * ctauRes3 + [%] * ctauRes2) ]
 message      : p.d.f value is Not-a-Number (-nan), forcing value to zero
[#0] ERROR:Eval -- RooAbsReal::logEvalError(ctauRes32) evaluation error, 
 server values: x=ctau3D=0.142097, !refCoefNorm=(ctau3DErr = 0.0294906,ctau3D = 0.142097), !pdfs=(ctauRes3 = 0/0.0269019,ctauRes2 = 0/0.0269019), !coefficients=(f2_CtauRes = 0.762904 +/- 12.6501)
 origin       : RooAddModel::ctauRes32[ x=ctau3D (f2_CtauRes * ctauRes3 + [%] * ctauRes2) ]
 message      : p.d.f value is Not-a-Number (-nan), forcing value to zero
[#0] ERROR:Eval -- RooAbsReal::logEvalError(ctauRes32) evaluation error, 
 server values: x=ctau3D=0.142097, !refCoefNorm=(ctau3DErr = 0.0294906,ctau3D = 0.142097), !pdfs=(ctauRes3 = 0/0.0269019,ctauRes2 = 0/0.0269019), !coefficients=(f2_CtauRes = 0.762904 +/- 12.6501)
 origin       : RooAddModel::ctauRes32[ x=ctau3D (f2_CtauRes * ctauRes3 + [%] * ctauRes2) ]
 message      : p.d.f value is Not-a-Number (-nan), forcing value to zero
 server values: x=ctau3D=0.142097, !refCoefNorm=(ctau3DErr = 0.0294906,ctau3D = 0.142097), !pdfs=(ctauRes3 = 0/0.0269019,ctauRes2 = 0/0.0269019), !coefficients=(f2_CtauRes = 0.762904 +/- 12.6501)
[#0] ERROR:Eval -- RooAbsReal::logEvalError(ctauRes32) evaluation error, 
 origin       : RooAddModel::ctauRes32[ x=ctau3D (f2_CtauRes * ctauRes3 + [%] * ctauRes2) ]
 message      : p.d.f value is Not-a-Number (-nan), forcing value to zero
 server values: x=ctau3D=0.142097, !refCoefNorm=(ctau3DErr = 0.0294906,ctau3D = 0.142097), !pdfs=(ctauRes3 = 0/0.0269019,ctauRes2 = 0/0.0269019), !coefficients=(f2_CtauRes = 0.762904 +/- 12.6501)
[#0] ERROR:Eval -- RooAbsReal::logEvalError(ctauRes32) evaluation error, 
 origin       : RooAddModel::ctauRes32[ x=ctau3D (f2_CtauRes * ctauRes3 + [%] * ctauRes2) ]
 message      : p.d.f value is Not-a-Number (-nan), forcing value to zero
 server values: x=ctau3D=0.142097, !refCoefNorm=(ctau3DErr = 0.0294906,ctau3D = 0.142097), !pdfs=(ctauRes3 = 0/0.0269019,ctauRes2 = 0/0.0269019), !coefficients=(f2_CtauRes = 0.762904 +/- 12.6501)
Info in <TCanvas::Print>: pdf file figs/2DFit_No_Weight/CtauBkg/Bkg_pt22.5-25.0_y0.0-1.6_muPt0.0_centrality0-180_PRw_Effw0_Accw0_PtW0_TnP0.pdf has been created

  RooFitResult: minimized FCN value: -4886.22, estimated distance to minimum: 0.000340318
                covariance matrix quality: Unknown, matrix was externally provided
                Status : MINIMIZE=0 HESSE=0 HESSE=0 

    Floating Parameter    FinalValue +/-  Error   
  --------------------  --------------------------
                 N_Bkg    2.6390e+02 +/-  2.40e+01
                 b_Bkg    9.9007e-01 +/-  2.06e-02
                 fDF12    1.1366e-06 +/-  2.04e-04
                 fDFSS    9.3294e-01 +/-  4.24e-02
                 fDLIV    8.0398e-01 +/-  5.87e-02
                fDSS12    6.4709e-02 +/-  2.51e-01
         lambdaDDS_Bkg    8.4792e-03 +/-  3.36e-03
         lambdaDF_Bkg1    9.1954e-01 +/-  2.72e-01
         lambdaDF_Bkg2    5.1940e-02 +/-  2.90e-02
        lambdaDSS_Bkg1    3.2171e-01 +/-  3.69e-01
        lambdaDSS_Bkg2    3.2306e-01 +/-  4.45e-02

RooDataSet::dataw_Bkg[ctau3DErr,ctau3DRes,ctau3D,mass,weight:N_Bkg_sw] = 121 entries (263.9 weighted)

###### Fit Convergence Check ######
Hesse: 0	 edm: 0.000340318	 mll: -4886.22
[31m[Stuck] b_Bkg [0m // Final Value : 0.99007 (0.001 ~ 1)

[31m[Stuck] fDF12 [0m // Final Value : 1.13664e-06 (1e-06 ~ 1)

[31m[Stuck] fDSS12 [0m // Final Value : 0.0647088 (1e-06 ~ 1)

[31m[Stuck] lambdaDF_Bkg1 [0m // Final Value : 0.919544 (0.0001 ~ 1)

[31m[Stuck] lambdaDSS_Bkg1 [0m // Final Value : 0.321709 (0.0001 ~ 1)

RealTime=17.887603 seconds, CpuTime=7.840000 seconds
# STAGE: ctauBkg
# CMD: /opt/conda/envs/root618/bin/root -l -b -q 'CtauBkg_2exp.C(22.5,25,0,1.6,0,180)'

