
Processing CtauBkg_2exp.C(27.5,30,0,1.6,0,180)...

[1mRooFit v3.60 -- Developed by Wouter Verkerke and David Kirkby[0m 
                Copyright (C) 2000-2013 NIKHEF, University of California & Stanford University
                All rights reserved, please read http://roofit.sourceforge.net/license.txt

####################################
pt: 27.5-30, y: 0-1.6
******** New Combined Dataset ***********
RooRealVar::ctau3D = 0.229831  L(-4 - 6.5) // [mm]
RooRealVar::ctau3DErr = 0.0142626  L(0.00929491 - 0.03312) // [mm]

************** Start BKG Ctau Fit *****************

N_Bkg : 730.087+/-38.3365
ctau1_CtauRes : 0
s1_CtauRes : 0.68633
f_CtauRes : 0.503596+/-15.5532
f2_CtauRes : 0.066185+/-7.92355
RooArgSet::dependents = (ctau3D,ctau3DErr)
RooSetProxy::!refCoefNorm = (ctau3D,ctau3DErr)
RooArgSet::dependents = (ctau3D,ctau3DErr)
RooSetProxy::!refCoefNorm = (ctau3D,ctau3DErr)
RooArgSet::dependents = (ctau3D,ctau3DErr)
RooArgSet::dependents = (ctau3D,ctau3DErr)
RooArgSet::dependents = (ctau3D,ctau3DErr)
RooSetProxy::!refCoefNorm = (ctau3D,ctau3DErr)
RooSetProxy::!refCoefNorm = (ctau3D,ctau3DErr)
RooArgSet::dependents = (ctau3D,ctau3DErr)
RooSetProxy::!refCoefNorm = (ctau3D,ctau3DErr)
RooArgSet::dependents = (ctau3D,ctau3DErr)
RooSetProxy::!refCoefNorm = (ctau3D,ctau3DErr)
RooSetProxy::!refCoefNorm = (ctau3D,ctau3DErr)
RooArgSet::dependents = (ctau3D,ctau3DErr)
RooArgSet::dependents = (ctau3D,ctau3DErr)
RooSetProxy::!refCoefNorm = (ctau3D,ctau3DErr)
RooSetProxy::!refCoefNorm = (ctau3D,ctau3DErr)
RooArgSet::dependents = (ctau3D,ctau3DErr)
RooSetProxy::!refCoefNorm = (ctau3D,ctau3DErr)
RooArgSet::dependents = (ctau3D,ctau3DErr)
RooArgSet::dependents = (ctau3D,ctau3DErr)
RooSetProxy::!refCoefNorm = (ctau3D,ctau3DErr)
RooSetProxy::!refCoefNorm = (ctau3D,ctau3DErr)
RooArgSet::dependents = (ctau3D,ctau3DErr)
RooSetProxy::!refCoefNorm = (ctau3D,ctau3DErr)
RooArgSet::dependents = (ctau3D,ctau3DErr)
RooSetProxy::!refCoefNorm = (ctau3D,ctau3DErr)
RooArgSet::dependents = (ctau3D,ctau3DErr)
RooSetProxy::!refCoefNorm = (ctau3D,ctau3DErr)
RooArgSet::dependents = (ctau3D,ctau3DErr)
RooSetProxy::!refCoefNorm = (ctau3D,ctau3DErr)
RooArgSet::dependents = (ctau3D,ctau3DErr)
RooSetProxy::!refCoefNorm = (ctau3D,ctau3DErr)
RooArgSet::dependents = (ctau3D,ctau3DErr)
RooSetProxy::!refCoefNorm = (ctau3D,ctau3DErr)
RooArgSet::dependents = (ctau3D,ctau3DErr)
RooSetProxy::!refCoefNorm = (ctau3D,ctau3DErr)
RooArgSet::dependents = (ctau3D,ctau3DErr)
RooSetProxy::!refCoefNorm = (ctau3D,ctau3DErr)
RooArgSet::dependents = (ctau3D,ctau3DErr)
RooSetProxy::!refCoefNorm = (ctau3D,ctau3DErr)
RooArgSet::dependents = (ctau3D,ctau3DErr)
RooArgSet::dependents = (ctau3D,ctau3DErr)
RooSetProxy::!refCoefNorm = (ctau3D,ctau3DErr)
RooSetProxy::!refCoefNorm = (ctau3D,ctau3DErr)
RooArgSet::dependents = (ctau3D,ctau3DErr)
RooArgSet::dependents = (ctau3D,ctau3DErr)
RooSetProxy::!refCoefNorm = (ctau3D,ctau3DErr)
RooSetProxy::!refCoefNorm = (ctau3D,ctau3DErr)
RooArgSet::dependents = (ctau3D,ctau3DErr)
RooArgSet::dependents = (ctau3D,ctau3DErr)
RooSetProxy::!refCoefNorm = (ctau3D,ctau3DErr)
RooSetProxy::!refCoefNorm = (ctau3D,ctau3DErr)
RooArgSet::dependents = (ctau3D,ctau3DErr)
RooSetProxy::!refCoefNorm = (ctau3D,ctau3DErr)
RooArgSet::dependents = (ctau3D,ctau3DErr)
RooSetProxy::!refCoefNorm = (ctau3D,ctau3DErr)
RooArgSet::dependents = (ctau3D,ctau3DErr)
RooSetProxy::!refCoefNorm = (ctau3D,ctau3DErr)
RooArgSet::dependents = (ctau3D,ctau3DErr)
RooSetProxy::!refCoefNorm = (ctau3D,ctau3DErr)
RooArgSet::dependents = (ctau3D,ctau3DErr)
RooSetProxy::!refCoefNorm = (ctau3D,ctau3DErr)
RooArgSet::dependents = (ctau3D,ctau3DErr)
RooSetProxy::!refCoefNorm = (ctau3D,ctau3DErr)
RooArgSet::dependents = (ctau3D,ctau3DErr)
RooSetProxy::!refCoefNorm = (ctau3D,ctau3DErr)
[#0] WARNING:Eval -- RooAddPdf::updateCoefCache(pdfCTAU1 WARNING: sum of PDF coefficients not in range [0-1], value=1.01[#0] WARNING:Eval -- RooAddPdf::updateCoefCache(pdfCTAU1 WARNING: sum of PDF coefficients not in range [0-1], value=1.01[#0] WARNING:Eval -- RooAddPdf::updateCoefCache(pdfCTAU1 WARNING: sum of PDF coefficients not in range [0-1], value=1.01[#0] WARNING:Eval -- RooAddPdf::updateCoefCache(pdfCTAU1 WARNING: sum of PDF coefficients not in range [0-1], value=1.01[#0] WARNING:Eval -- RooAddPdf::updateCoefCache(pdfCTAU1 WARNING: sum of PDF coefficients not in range [0-1], value=1.01[#0] WARNING:Eval -- RooAddPdf::updateCoefCache(pdfCTAU1 WARNING: sum of PDF coefficients not in range [0-1], value=1.01[#0] WARNING:Eval -- 
[#0] WARNING:Eval -- 
[#0] WARNING:Eval -- RooAddPdf::updateCoefCache(pdfCTAU1 WARNING: sum of PDF coefficients not in range [0-1], value=1.01[#0] WARNING:Eval -- RooAddPdf::updateCoefCache(pdfCTAU1 WARNING: sum of PDF coefficients not in range [0-1], value=1.01[#0] WARNING:Eval -- 
[#0] WARNING:Eval -- 
[#0] WARNING:Eval -- 
[#0] WARNING:Eval -- 
[#0] WARNING:Eval -- RooAddPdf::updateCoefCache(pdfCTAU1 WARNING: sum of PDF coefficients not in range [0-1], value=1.01[#0] WARNING:Eval -- RooAddPdf::updateCoefCache(pdfCTAU1 WARNING: sum of PDF coefficients not in range [0-1], value=1.01[#0] WARNING:Eval -- 
[#0] WARNING:Eval -- 
[#0] WARNING:Eval -- RooAddPdf::updateCoefCache(pdfCTAU1 WARNING: sum of PDF coefficients not in range [0-1], value=1.01[#0] WARNING:Eval -- RooAddPdf::updateCoefCache(pdfCTAU1 WARNING: sum of PDF coefficients not in range [0-1], value=1.01[#0] WARNING:Eval -- RooAddPdf::updateCoefCache(pdfCTAU1 WARNING: sum of PDF coefficients not in range [0-1], value=1.01[#0] WARNING:Eval -- RooAddPdf::updateCoefCache(pdfCTAU1 WARNING: sum of PDF coefficients not in range [0-1], value=1.01[#0] WARNING:Eval -- 
[#0] WARNING:Eval -- 
[#0] WARNING:Eval -- RooAddPdf::updateCoefCache(pdfCTAU1 WARNING: sum of PDF coefficients not in range [0-1], value=1.01[#0] WARNING:Eval -- RooAddPdf::updateCoefCache(pdfCTAU1 WARNING: sum of PDF coefficients not in range [0-1], value=1.01[#0] WARNING:Eval -- 
[#0] WARNING:Eval -- 
[#0] WARNING:Eval -- 
[#0] WARNING:Eval -- 
[#0] WARNING:Eval -- RooAddPdf::updateCoefCache(pdfCTAU1 WARNING: sum of PDF coefficients not in range [0-1], value=1.01[#0] WARNING:Eval -- RooAddPdf::updateCoefCache(pdfCTAU1 WARNING: sum of PDF coefficients not in range [0-1], value=1.01[#0] WARNING:Eval -- RooAddPdf::updateCoefCache(pdfCTAU1 WARNING: sum of PDF coefficients not in range [0-1], value=1.01[#0] WARNING:Eval -- 
[#0] WARNING:Eval -- 
[#0] WARNING:Eval -- RooAddPdf::updateCoefCache(pdfCTAU1 WARNING: sum of PDF coefficients not in range [0-1], value=1.01[#0] WARNING:Eval -- RooAddPdf::updateCoefCache(pdfCTAU1 WARNING: sum of PDF coefficients not in range [0-1], value=1.01[#0] WARNING:Eval -- RooAddPdf::updateCoefCache(pdfCTAU1 WARNING: sum of PDF coefficients not in range [0-1], value=1.01[#0] WARNING:Eval -- 
[#0] WARNING:Eval -- 
[#0] WARNING:Eval -- RooAddPdf::updateCoefCache(pdfCTAU1 WARNING: sum of PDF coefficients not in range [0-1], value=1.01[#0] WARNING:Eval -- 
[#0] WARNING:Eval -- RooAddPdf::updateCoefCache(pdfCTAU1 WARNING: sum of PDF coefficients not in range [0-1], value=1.01[#0] WARNING:Eval -- RooAddPdf::updateCoefCache(pdfCTAU1 WARNING: sum of PDF coefficients not in range [0-1], value=1.01[#0] WARNING:Eval -- RooAddPdf::updateCoefCache(pdfCTAU1 WARNING: sum of PDF coefficients not in range [0-1], value=1.01[#0] WARNING:Eval -- 
[#0] WARNING:Eval -- 
[#0] WARNING:Eval -- 
[#0] WARNING:Eval -- RooAddPdf::updateCoefCache(pdfCTAU1 WARNING: sum of PDF coefficients not in range [0-1], value=1.01[#0] WARNING:Eval -- 
[#0] WARNING:Eval -- 
[#0] WARNING:Eval -- 
[#0] WARNING:Eval -- 
[#0] WARNING:Eval -- RooAddPdf::updateCoefCache(pdfCTAU1 WARNING: sum of PDF coefficients not in range [0-1], value=1.01[#0] WARNING:Eval -- RooAddPdf::updateCoefCache(pdfCTAU1 WARNING: sum of PDF coefficients not in range [0-1], value=1.01[#0] WARNING:Eval -- RooAddPdf::updateCoefCache(pdfCTAU1 WARNING: sum of PDF coefficients not in range [0-1], value=1.01[#0] WARNING:Eval -- 
[#0] WARNING:Eval -- RooAddPdf::updateCoefCache(pdfCTAU1 WARNING: sum of PDF coefficients not in range [0-1], value=1.01[#0] WARNING:Eval -- RooAddPdf::updateCoefCache(pdfCTAU1 WARNING: sum of PDF coefficients not in range [0-1], value=1.01[#0] WARNING:Eval -- RooAddPdf::updateCoefCache(pdfCTAU1 WARNING: sum of PDF coefficients not in range [0-1], value=1.01[#0] WARNING:Eval -- RooAddPdf::updateCoefCache(pdfCTAU1 WARNING: sum of PDF coefficients not in range [0-1], value=1.01[#0] WARNING:Eval -- 
[#0] WARNING:Eval -- 
[#0] WARNING:Eval -- 
[#0] WARNING:Eval -- RooAddPdf::updateCoefCache(pdfCTAU1 WARNING: sum of PDF coefficients not in range [0-1], value=1.01[#0] WARNING:Eval -- 
[#0] WARNING:Eval -- 
[#0] WARNING:Eval -- 
[#0] WARNING:Eval -- 
[#0] WARNING:Eval -- RooAddPdf::updateCoefCache(pdfCTAU1 WARNING: sum of PDF coefficients not in range [0-1], value=1.01[#0] WARNING:Eval -- RooAddPdf::updateCoefCache(pdfCTAU1 WARNING: sum of PDF coefficients not in range [0-1], value=1.01[#0] WARNING:Eval -- RooAddPdf::updateCoefCache(pdfCTAU1 WARNING: sum of PDF coefficients not in range [0-1], value=1.01[#0] WARNING:Eval -- RooAddPdf::updateCoefCache(pdfCTAU1 WARNING: sum of PDF coefficients not in range [0-1], value=1.01[#0] WARNING:Eval -- 
[#0] WARNING:Eval -- RooAddPdf::updateCoefCache(pdfCTAU1 WARNING: sum of PDF coefficients not in range [0-1], value=1.01[#0] WARNING:Eval -- RooAddPdf::updateCoefCache(pdfCTAU1 WARNING: sum of PDF coefficients not in range [0-1], value=1.01[#0] WARNING:Eval -- RooAddPdf::updateCoefCache(pdfCTAU1 WARNING: sum of PDF coefficients not in range [0-1], value=1.01[#0] WARNING:Eval -- RooAddPdf::updateCoefCache(pdfCTAU1 WARNING: sum of PDF coefficients not in range [0-1], value=1.01[#0] WARNING:Eval -- 
[#0] WARNING:Eval -- 
[#0] WARNING:Eval -- 
[#0] WARNING:Eval -- 
[#0] WARNING:Eval -- 
[#0] WARNING:Eval -- 
[#0] WARNING:Eval -- 
[#0] WARNING:Eval -- 
[#0] WARNING:Eval -- RooAddPdf::updateCoefCache(pdfCTAU1 WARNING: sum of PDF coefficients not in range [0-1], value=1.01[#0] WARNING:Eval -- RooAddPdf::updateCoefCache(pdfCTAU1 WARNING: sum of PDF coefficients not in range [0-1], value=1.01[#0] WARNING:Eval -- RooAddPdf::updateCoefCache(pdfCTAU1 WARNING: sum of PDF coefficients not in range [0-1], value=1.01[#0] WARNING:Eval -- RooAddPdf::updateCoefCache(pdfCTAU1 WARNING: sum of PDF coefficients not in range [0-1], value=1.01[#0] WARNING:Eval -- RooAddPdf::updateCoefCache(pdfCTAU1 WARNING: sum of PDF coefficients not in range [0-1], value=1.01[#0] WARNING:Eval -- RooAddPdf::updateCoefCache(pdfCTAU1 WARNING: sum of PDF coefficients not in range [0-1], value=1.01[#0] WARNING:Eval -- RooAddPdf::updateCoefCache(pdfCTAU1 WARNING: sum of PDF coefficients not in range [0-1], value=1.01[#0] WARNING:Eval -- RooAddPdf::updateCoefCache(pdfCTAU1 WARNING: sum of PDF coefficients not in range [0-1], value=1.01[#0] WARNING:Eval -- 
[#0] WARNING:Eval -- 
[#0] WARNING:Eval -- 
[#0] WARNING:Eval -- 
[#0] WARNING:Eval -- 
[#0] WARNING:Eval -- RooAddPdf::updateCoefCache(pdfCTAU1 WARNING: sum of PDF coefficients not in range [0-1], value=1.01[#0] WARNING:Eval -- RooAddPdf::updateCoefCache(pdfCTAU1 WARNING: sum of PDF coefficients not in range [0-1], value=1.01[#0] WARNING:Eval -- 
[#0] WARNING:Eval -- 
[#0] WARNING:Eval -- 
[#0] WARNING:Eval -- RooAddPdf::updateCoefCache(pdfCTAU1 WARNING: sum of PDF coefficients not in range [0-1], value=1.01[#0] WARNING:Eval -- RooAddPdf::updateCoefCache(pdfCTAU1 WARNING: sum of PDF coefficients not in range [0-1], value=1.01[#0] WARNING:Eval -- RooAddPdf::updateCoefCache(pdfCTAU1 WARNING: sum of PDF coefficients not in range [0-1], value=1.01[#0] WARNING:Eval -- 
[#0] WARNING:Eval -- 
[#0] WARNING:Eval -- 
[#0] WARNING:Eval -- 
[#0] WARNING:Eval -- 
[#0] WARNING:Eval -- RooAddPdf::updateCoefCache(pdfCTAU1 WARNING: sum of PDF coefficients not in range [0-1], value=1.01[#0] WARNING:Eval -- RooAddPdf::updateCoefCache(pdfCTAU1 WARNING: sum of PDF coefficients not in range [0-1], value=1.01[#0] WARNING:Eval -- 
[#0] WARNING:Eval -- 
[#0] WARNING:Eval -- RooAddPdf::updateCoefCache(pdfCTAU1 WARNING: sum of PDF coefficients not in range [0-1], value=1.01[#0] WARNING:Eval -- RooAddPdf::updateCoefCache(pdfCTAU1 WARNING: sum of PDF coefficients not in range [0-1], value=1.01[#0] WARNING:Eval -- 
[#0] WARNING:Eval -- RooAddPdf::updateCoefCache(pdfCTAU1 WARNING: sum of PDF coefficients not in range [0-1], value=1.01[#0] WARNING:Eval -- 
[#0] WARNING:Eval -- RooAddPdf::updateCoefCache(pdfCTAU1 WARNING: sum of PDF coefficients not in range [0-1], value=1.01[#0] WARNING:Eval -- RooAddPdf::updateCoefCache(pdfCTAU1 WARNING: sum of PDF coefficients not in range [0-1], value=1.01[#0] WARNING:Eval -- RooAddPdf::updateCoefCache(pdfCTAU1 WARNING: sum of PDF coefficients not in range [0-1], value=1.01[#0] WARNING:Eval -- 
[#0] WARNING:Eval -- RooAddPdf::updateCoefCache(pdfCTAU1 WARNING: sum of PDF coefficients not in range [0-1], value=1.01[#0] WARNING:Eval -- RooAddPdf::updateCoefCache(pdfCTAU1 WARNING: sum of PDF coefficients not in range [0-1], value=1.01[#0] WARNING:Eval -- RooAddPdf::updateCoefCache(pdfCTAU1 WARNING: sum of PDF coefficients not in range [0-1], value=1.01[#0] WARNING:Eval -- 
[#0] WARNING:Eval -- RooAddPdf::updateCoefCache(pdfCTAU1 WARNING: sum of PDF coefficients not in range [0-1], value=1.01[#0] WARNING:Eval -- RooAddPdf::updateCoefCache(pdfCTAU1 WARNING: sum of PDF coefficients not in range [0-1], value=1.01[#0] WARNING:Eval -- 
[#0] WARNING:Eval -- RooAddPdf::updateCoefCache(pdfCTAU1 WARNING: sum of PDF coefficients not in range [0-1], value=1.01[#0] WARNING:Eval -- 
[#0] WARNING:Eval -- 
[#0] WARNING:Eval -- 
[#0] WARNING:Eval -- 
[#0] WARNING:Eval -- 
[#0] WARNING:Eval -- RooAddPdf::updateCoefCache(pdfCTAU1 WARNING: sum of PDF coefficients not in range [0-1], value=1.01[#0] WARNING:Eval --  (no more will be printed)[#0] WARNING:Eval -- RooAddPdf::updateCoefCache(pdfCTAU1 WARNING: sum of PDF coefficients not in range [0-1], value=1.01[#0] WARNING:Eval -- 
[#0] WARNING:Eval -- RooAddPdf::updateCoefCache(pdfCTAU1 WARNING: sum of PDF coefficients not in range [0-1], value=1.01[#0] WARNING:Eval -- RooAddPdf::updateCoefCache(pdfCTAU1 WARNING: sum of PDF coefficients not in range [0-1], value=1.01[#0] WARNING:Eval -- RooAddPdf::updateCoefCache(pdfCTAU1 WARNING: sum of PDF coefficients not in range [0-1], value=1.01[#0] WARNING:Eval -- RooAddPdf::updateCoefCache(pdfCTAU1 WARNING: sum of PDF coefficients not in range [0-1], value=1.01[#0] WARNING:Eval --  (no more will be printed)[#0] WARNING:Eval -- 
[#0] WARNING:Eval --  (no more will be printed)[#0] WARNING:Eval -- RooAddPdf::updateCoefCache(pdfCTAU1 WARNING: sum of PDF coefficients not in range [0-1], value=1.01[#0] WARNING:Eval -- 
[#0] WARNING:Eval -- 
[#0] WARNING:Eval --  (no more will be printed)[#0] WARNING:Eval -- 
[#0] WARNING:Eval -- 
[#0] WARNING:Eval -- 
[#0] WARNING:Eval --  (no more will be printed)[#0] WARNING:Eval -- RooAddPdf::updateCoefCache(pdfCTAU1 WARNING: sum of PDF coefficients not in range [0-1], value=1.01[#0] WARNING:Eval -- RooAddPdf::updateCoefCache(pdfCTAU1 WARNING: sum of PDF coefficients not in range [0-1], value=1.01[#0] WARNING:Eval -- 
[#0] WARNING:Eval -- RooAddPdf::updateCoefCache(pdfCTAU1 WARNING: sum of PDF coefficients not in range [0-1], value=1.01[#0] WARNING:Eval -- 
[#0] WARNING:Eval --  (no more will be printed)[#0] WARNING:Eval --  (no more will be printed)[#0] WARNING:Eval --  (no more will be printed)[#0] WARNING:Eval -- 
[#0] WARNING:Eval -- 
[#0] WARNING:Eval -- 
[#0] WARNING:Eval -- RooAddPdf::updateCoefCache(pdfCTAU1 WARNING: sum of PDF coefficients not in range [0-1], value=1.01[#0] WARNING:Eval -- 
[#0] WARNING:Eval -- RooAddPdf::updateCoefCache(pdfCTAU1 WARNING: sum of PDF coefficients not in range [0-1], value=1.01[#0] WARNING:Eval -- 
[#0] WARNING:Eval -- RooAddPdf::updateCoefCache(pdfCTAU1 WARNING: sum of PDF coefficients not in range [0-1], value=1.01[#0] WARNING:Eval -- 
[#0] WARNING:Eval -- RooAddPdf::updateCoefCache(pdfCTAU1 WARNING: sum of PDF coefficients not in range [0-1], value=1.01[#0] WARNING:Eval -- 
[#0] WARNING:Eval -- RooAddPdf::updateCoefCache(pdfCTAU1 WARNING: sum of PDF coefficients not in range [0-1], value=1.01[#0] WARNING:Eval -- 
[#0] WARNING:Eval -- RooAddPdf::updateCoefCache(pdfCTAU1 WARNING: sum of PDF coefficients not in range [0-1], value=1.01[#0] WARNING:Eval -- 
[#0] WARNING:Eval -- RooAddPdf::updateCoefCache(pdfCTAU1 WARNING: sum of PDF coefficients not in range [0-1], value=1.01[#0] WARNING:Eval -- 
RooArgSet::dependents = (ctau3D)
RooSetProxy::!refCoefNorm = (ctau3DErr,ctau3D)
RooArgSet::dependents = (ctau3D)
RooSetProxy::!refCoefNorm = (ctau3DErr,ctau3D)
RooArgSet:: = ()
RooSetProxy::!refCoefNorm = (ctau3DErr,ctau3D)
[#0] WARNING:Eval -- RooAddPdf::updateCoefCache(pdfCTAU1 WARNING: sum of PDF coefficients not in range [0-1], value=1.01[#0] WARNING:Eval -- 
[#0] WARNING:Eval -- RooAddPdf::updateCoefCache(pdfCTAU1 WARNING: sum of PDF coefficients not in range [0-1], value=1.01[#0] WARNING:Eval -- 
[#0] WARNING:Eval -- RooAddPdf::updateCoefCache(pdfCTAU1 WARNING: sum of PDF coefficients not in range [0-1], value=1.01[#0] WARNING:Eval -- 
[#0] WARNING:Eval -- RooAddPdf::updateCoefCache(pdfCTAU1 WARNING: sum of PDF coefficients not in range [0-1], value=1.01[#0] WARNING:Eval -- 
[#0] WARNING:Eval -- RooAddPdf::updateCoefCache(pdfCTAU1 WARNING: sum of PDF coefficients not in range [0-1], value=1.01[#0] WARNING:Eval -- 
[#0] WARNING:Eval -- RooAddPdf::updateCoefCache(pdfCTAU1 WARNING: sum of PDF coefficients not in range [0-1], value=1.01[#0] WARNING:Eval --  (no more will be printed)[#0] WARNING:Eval -- 
RooArgSet::dependents = (ctau3D)
RooArgSet::dependents = (ctau3D)
RooArgSet::dependents = (ctau3D)
RooArgSet::dependents = (ctau3D)
RooArgSet::dependents = (ctau3D)
RooArgSet::dependents = (ctau3D)
RooSetProxy::!refCoefNorm = (ctau3DErr,ctau3D)
RooSetProxy::!refCoefNorm = (ctau3DErr,ctau3D)
RooSetProxy::!refCoefNorm = (ctau3DErr,ctau3D)
RooSetProxy::!refCoefNorm = (ctau3DErr,ctau3D)
RooSetProxy::!refCoefNorm = (ctau3DErr,ctau3D)
RooSetProxy::!refCoefNorm = (ctau3DErr,ctau3D)
RooArgSet::dependents = (ctau3D)
RooSetProxy::!refCoefNorm = (ctau3DErr,ctau3D)
RooArgSet::dependents = (ctau3D)
RooSetProxy::!refCoefNorm = (ctau3DErr,ctau3D)
RooArgSet::dependents = (ctau3D)
RooArgSet::dependents = (ctau3D)
RooArgSet::dependents = (ctau3D)
RooSetProxy::!refCoefNorm = (ctau3DErr,ctau3D)
RooSetProxy::!refCoefNorm = (ctau3DErr,ctau3D)
RooSetProxy::!refCoefNorm = (ctau3DErr,ctau3D)
RooArgSet::dependents = (ctau3D)
RooArgSet::dependents = (ctau3D)
RooSetProxy::!refCoefNorm = (ctau3DErr,ctau3D)
RooSetProxy::!refCoefNorm = (ctau3DErr,ctau3D)
RooArgSet::dependents = (ctau3D)
RooSetProxy::!refCoefNorm = (ctau3DErr,ctau3D)
RooArgSet::dependents = (ctau3D)
RooSetProxy::!refCoefNorm = (ctau3DErr,ctau3D)
RooArgSet::dependents = (ctau3D)
RooSetProxy::!refCoefNorm = (ctau3DErr,ctau3D)
RooArgSet:: = ()
RooArgSet:: = ()
RooArgSet:: = ()
RooSetProxy::!refCoefNorm = (ctau3DErr,ctau3D)
RooSetProxy::!refCoefNorm = (ctau3DErr,ctau3D)
RooSetProxy::!refCoefNorm = (ctau3DErr,ctau3D)
RooArgSet:: = ()
RooSetProxy::!refCoefNorm = (ctau3DErr,ctau3D)
RooArgSet:: = ()
RooSetProxy::!refCoefNorm = (ctau3DErr,ctau3D)
RooArgSet:: = ()
RooSetProxy::!refCoefNorm = (ctau3DErr,ctau3D)
RooArgSet:: = ()
RooSetProxy::!refCoefNorm = (ctau3DErr,ctau3D)
RooArgSet:: = ()
RooSetProxy::!refCoefNorm = (ctau3DErr,ctau3D)
[#0] ERROR:Eval -- RooAbsReal::logEvalError(pdfCTAU1) evaluation error, 
 origin       : RooAddPdf::pdfCTAU1[ fDFSS * pdfCTAUDSS + [%] * pdfCTAUDF ]
 message      : p.d.f value is less than zero (-0.000186), forcing value to zero
 server values: !refCoefNorm=(ctau3DErr = 0.0213266,ctau3D = -4), !pdfs=(pdfCTAUDSS = 0/1,pdfCTAUDF = 0.0186398/1), !coefficients=(fDFSS = 1.01 +/- 2.29271e-07)
[#0] ERROR:Eval -- RooAbsReal::logEvalError(pdfCTAU1) evaluation error, 
 origin       : RooAddPdf::pdfCTAU1[ fDFSS * pdfCTAUDSS + [%] * pdfCTAUDF ]
 message      : p.d.f value is less than zero (-0.000186), forcing value to zero
 server values: !refCoefNorm=(ctau3DErr = 0.0215648,ctau3D = -4), !pdfs=(pdfCTAUDSS = 0/1,pdfCTAUDF = 0.0186399/1), !coefficients=(fDFSS = 1.01 +/- 2.29271e-07)
[#0] ERROR:Eval -- RooAbsReal::logEvalError(pdfCTAU1) evaluation error, 
 origin       : RooAddPdf::pdfCTAU1[ fDFSS * pdfCTAUDSS + [%] * pdfCTAUDF ]
 message      : p.d.f value is less than zero (-0.000186), forcing value to zero
 server values: !refCoefNorm=(ctau3DErr = 0.0218031,ctau3D = -4), !pdfs=(pdfCTAUDSS = 0/1,pdfCTAUDF = 0.01864/1), !coefficients=(fDFSS = 1.01 +/- 2.29271e-07)
[#0] ERROR:Eval -- RooAbsReal::logEvalError(pdfCTAU1) evaluation error, 
 origin       : RooAddPdf::pdfCTAU1[ fDFSS * pdfCTAUDSS + [%] * pdfCTAUDF ]
 message      : p.d.f value is less than zero (-0.000186), forcing value to zero
 server values: !refCoefNorm=(ctau3DErr = 0.0220413,ctau3D = -4), !pdfs=(pdfCTAUDSS = 0/1,pdfCTAUDF = 0.0186401/1), !coefficients=(fDFSS = 1.01 +/- 2.29271e-07)
[#0] ERROR:Eval -- RooAbsReal::logEvalError(pdfCTAU1) evaluation error, 
 origin       : RooAddPdf::pdfCTAU1[ fDFSS * pdfCTAUDSS + [%] * pdfCTAUDF ]
 message      : p.d.f value is less than zero (-0.000186), forcing value to zero
 server values: !refCoefNorm=(ctau3DErr = 0.0222796,ctau3D = -4), !pdfs=(pdfCTAUDSS = 0/1,pdfCTAUDF = 0.0186402/1), !coefficients=(fDFSS = 1.01 +/- 2.29271e-07)
[#0] ERROR:Eval -- RooAbsReal::logEvalError(pdfCTAU1) evaluation error, 
 origin       : RooAddPdf::pdfCTAU1[ fDFSS * pdfCTAUDSS + [%] * pdfCTAUDF ]
 message      : p.d.f value is less than zero (-0.000186), forcing value to zero
 server values: !refCoefNorm=(ctau3DErr = 0.0225178,ctau3D = -4), !pdfs=(pdfCTAUDSS = 0/1,pdfCTAUDF = 0.0186403/1), !coefficients=(fDFSS = 1.01 +/- 2.29271e-07)
[#0] ERROR:Eval -- RooAbsReal::logEvalError(pdfCTAU1) evaluation error, 
 origin       : RooAddPdf::pdfCTAU1[ fDFSS * pdfCTAUDSS + [%] * pdfCTAUDF ]
 message      : p.d.f value is less than zero (-0.000186), forcing value to zero
 server values: !refCoefNorm=(ctau3DErr = 0.0227561,ctau3D = -4), !pdfs=(pdfCTAUDSS = 0/1,pdfCTAUDF = 0.0186404/1), !coefficients=(fDFSS = 1.01 +/- 2.29271e-07)
[#0] ERROR:Eval -- RooAbsReal::logEvalError(pdfCTAU1) evaluation error, 
 origin       : RooAddPdf::pdfCTAU1[ fDFSS * pdfCTAUDSS + [%] * pdfCTAUDF ]
 message      : p.d.f value is less than zero (-0.000186), forcing value to zero
 server values: !refCoefNorm=(ctau3DErr = 0.0229943,ctau3D = -4), !pdfs=(pdfCTAUDSS = 0/1,pdfCTAUDF = 0.0186405/1), !coefficients=(fDFSS = 1.01 +/- 2.29271e-07)
[#0] ERROR:Eval -- RooAbsReal::logEvalError(pdfCTAU1) evaluation error, 
 origin       : RooAddPdf::pdfCTAU1[ fDFSS * pdfCTAUDSS + [%] * pdfCTAUDF ]
 message      : p.d.f value is less than zero (-0.000186), forcing value to zero
 server values: !refCoefNorm=(ctau3DErr = 0.0234708,ctau3D = -4), !pdfs=(pdfCTAUDSS = 0/1,pdfCTAUDF = 0.0186407/1), !coefficients=(fDFSS = 1.01 +/- 2.29271e-07)
[#0] ERROR:Eval -- RooAbsReal::logEvalError(pdfCTAU1) evaluation error, 
 origin       : RooAddPdf::pdfCTAU1[ fDFSS * pdfCTAUDSS + [%] * pdfCTAUDF ]
 message      : p.d.f value is less than zero (-0.000186), forcing value to zero
 server values: !refCoefNorm=(ctau3DErr = 0.0237091,ctau3D = -4), !pdfs=(pdfCTAUDSS = 0/1,pdfCTAUDF = 0.0186408/1), !coefficients=(fDFSS = 1.01 +/- 2.29271e-07)
[#0] ERROR:Eval -- RooAbsReal::logEvalError(pdfCTAU1) evaluation error, 
 origin       : RooAddPdf::pdfCTAU1[ fDFSS * pdfCTAUDSS + [%] * pdfCTAUDF ]
 message      : p.d.f value is less than zero (-0.000186), forcing value to zero
 server values: !refCoefNorm=(ctau3DErr = 0.0239473,ctau3D = -4), !pdfs=(pdfCTAUDSS = 0/1,pdfCTAUDF = 0.0186409/1), !coefficients=(fDFSS = 1.01 +/- 2.29271e-07)
[#0] ERROR:Eval -- RooAbsReal::logEvalError(pdfCTAU1) evaluation error, 
 origin       : RooAddPdf::pdfCTAU1[ fDFSS * pdfCTAUDSS + [%] * pdfCTAUDF ]
 message      : p.d.f value is less than zero (-0.000186), forcing value to zero
 server values: !refCoefNorm=(ctau3DErr = 0.012273,ctau3D = -4), !pdfs=(pdfCTAUDSS = 0/1,pdfCTAUDF = 0.0186371/1), !coefficients=(fDFSS = 1.01 +/- 2.29271e-07)
[#0] ERROR:Eval -- RooAbsReal::logEvalError(pdfCTAU1) evaluation error, 
 origin       : RooAddPdf::pdfCTAU1[ fDFSS * pdfCTAUDSS + [%] * pdfCTAUDF ]
 message      : p.d.f value is less than zero (-0.000186), forcing value to zero
 server values: !refCoefNorm=(ctau3DErr = 0.0125113,ctau3D = -4), !pdfs=(pdfCTAUDSS = 0/1,pdfCTAUDF = 0.0186372/1), !coefficients=(fDFSS = 1.01 +/- 2.29271e-07)
[#0] ERROR:Eval -- RooAbsReal::logEvalError(pdfCTAU1) evaluation error, 
 origin       : RooAddPdf::pdfCTAU1[ fDFSS * pdfCTAUDSS + [%] * pdfCTAUDF ]
 message      : p.d.f value is less than zero (-0.000186), forcing value to zero
 server values: !refCoefNorm=(ctau3DErr = 0.0127496,ctau3D = -4), !pdfs=(pdfCTAUDSS = 0/1,pdfCTAUDF = 0.0186372/1), !coefficients=(fDFSS = 1.01 +/- 2.29271e-07)
[#0] ERROR:Eval -- RooAbsReal::logEvalError(pdfCTAU1) evaluation error, 
 origin       : RooAddPdf::pdfCTAU1[ fDFSS * pdfCTAUDSS + [%] * pdfCTAUDF ]
 message      : p.d.f value is less than zero (-0.000186), forcing value to zero
 server values: !refCoefNorm=(ctau3DErr = 0.0129878,ctau3D = -4), !pdfs=(pdfCTAUDSS = 0/1,pdfCTAUDF = 0.0186373/1), !coefficients=(fDFSS = 1.01 +/- 2.29271e-07)
[#0] ERROR:Eval -- RooAbsReal::logEvalError(pdfCTAU1) evaluation error, 
 origin       : RooAddPdf::pdfCTAU1[ fDFSS * pdfCTAUDSS + [%] * pdfCTAUDF ]
 message      : p.d.f value is less than zero (-0.000186), forcing value to zero
 server values: !refCoefNorm=(ctau3DErr = 0.0132261,ctau3D = -4), !pdfs=(pdfCTAUDSS = 0/1,pdfCTAUDF = 0.0186373/1), !coefficients=(fDFSS = 1.01 +/- 2.29271e-07)
[#0] ERROR:Eval -- RooAbsReal::logEvalError(pdfCTAU1) evaluation error, 
 origin       : RooAddPdf::pdfCTAU1[ fDFSS * pdfCTAUDSS + [%] * pdfCTAUDF ]
 message      : p.d.f value is less than zero (-0.000186), forcing value to zero
 server values: !refCoefNorm=(ctau3DErr = 0.0134643,ctau3D = -4), !pdfs=(pdfCTAUDSS = 0/1,pdfCTAUDF = 0.0186374/1), !coefficients=(fDFSS = 1.01 +/- 2.29271e-07)
[#0] ERROR:Eval -- RooAbsReal::logEvalError(pdfCTAU1) evaluation error, 
 origin       : RooAddPdf::pdfCTAU1[ fDFSS * pdfCTAUDSS + [%] * pdfCTAUDF ]
 message      : p.d.f value is less than zero (-0.000186), forcing value to zero
 server values: !refCoefNorm=(ctau3DErr = 0.0137026,ctau3D = -4), !pdfs=(pdfCTAUDSS = 0/1,pdfCTAUDF = 0.0186375/1), !coefficients=(fDFSS = 1.01 +/- 2.29271e-07)
[#0] ERROR:Eval -- RooAbsReal::logEvalError(pdfCTAU1) evaluation error, 
 origin       : RooAddPdf::pdfCTAU1[ fDFSS * pdfCTAUDSS + [%] * pdfCTAUDF ]
 message      : p.d.f value is less than zero (-0.000186), forcing value to zero
 server values: !refCoefNorm=(ctau3DErr = 0.0139408,ctau3D = -4), !pdfs=(pdfCTAUDSS = 0/1,pdfCTAUDF = 0.0186375/1), !coefficients=(fDFSS = 1.01 +/- 2.29271e-07)
[#0] ERROR:Eval -- RooAbsReal::logEvalError(pdfCTAU1) evaluation error, 
 origin       : RooAddPdf::pdfCTAU1[ fDFSS * pdfCTAUDSS + [%] * pdfCTAUDF ]
 message      : p.d.f value is less than zero (-0.000186), forcing value to zero
 server values: !refCoefNorm=(ctau3DErr = 0.0141791,ctau3D = -4), !pdfs=(pdfCTAUDSS = 0/1,pdfCTAUDF = 0.0186376/1), !coefficients=(fDFSS = 1.01 +/- 2.29271e-07)
[#0] ERROR:Eval -- RooAbsReal::logEvalError(pdfCTAU1) evaluation error, 
 origin       : RooAddPdf::pdfCTAU1[ fDFSS * pdfCTAUDSS + [%] * pdfCTAUDF ]
 message      : p.d.f value is less than zero (-0.000186), forcing value to zero
 server values: !refCoefNorm=(ctau3DErr = 0.0144173,ctau3D = -4), !pdfs=(pdfCTAUDSS = 0/1,pdfCTAUDF = 0.0186376/1), !coefficients=(fDFSS = 1.01 +/- 2.29271e-07)
[#0] ERROR:Eval -- RooAbsReal::logEvalError(pdfCTAU1) evaluation error, 
 origin       : RooAddPdf::pdfCTAU1[ fDFSS * pdfCTAUDSS + [%] * pdfCTAUDF ]
 message      : p.d.f value is less than zero (-0.000186), forcing value to zero
 server values: !refCoefNorm=(ctau3DErr = 0.0146556,ctau3D = -4), !pdfs=(pdfCTAUDSS = 0/1,pdfCTAUDF = 0.0186377/1), !coefficients=(fDFSS = 1.01 +/- 2.29271e-07)
[#0] ERROR:Eval -- RooAbsReal::logEvalError(pdfCTAU1) evaluation error, 
 origin       : RooAddPdf::pdfCTAU1[ fDFSS * pdfCTAUDSS + [%] * pdfCTAUDF ]
 message      : p.d.f value is less than zero (-0.000186), forcing value to zero
 server values: !refCoefNorm=(ctau3DErr = 0.0148938,ctau3D = -4), !pdfs=(pdfCTAUDSS = 0/1,pdfCTAUDF = 0.0186378/1), !coefficients=(fDFSS = 1.01 +/- 2.29271e-07)
[#0] ERROR:Eval -- RooAbsReal::logEvalError(pdfCTAU1) evaluation error, 
 origin       : RooAddPdf::pdfCTAU1[ fDFSS * pdfCTAUDSS + [%] * pdfCTAUDF ]
 message      : p.d.f value is less than zero (-0.000186), forcing value to zero
 server values: !refCoefNorm=(ctau3DErr = 0.0151321,ctau3D = -4), !pdfs=(pdfCTAUDSS = 0/1,pdfCTAUDF = 0.0186378/1), !coefficients=(fDFSS = 1.01 +/- 2.29271e-07)
[#0] ERROR:Eval -- RooAbsReal::logEvalError(pdfCTAU1) evaluation error, 
 origin       : RooAddPdf::pdfCTAU1[ fDFSS * pdfCTAUDSS + [%] * pdfCTAUDF ]
 message      : p.d.f value is less than zero (-0.000186), forcing value to zero
 server values: !refCoefNorm=(ctau3DErr = 0.0277594,ctau3D = -4), !pdfs=(pdfCTAUDSS = 0/1,pdfCTAUDF = 0.0186427/1), !coefficients=(fDFSS = 1.01 +/- 2.29271e-07)
[#0] ERROR:Eval -- RooAbsReal::logEvalError(pdfCTAU1) evaluation error, 
 origin       : RooAddPdf::pdfCTAU1[ fDFSS * pdfCTAUDSS + [%] * pdfCTAUDF ]
 message      : p.d.f value is less than zero (-0.000186), forcing value to zero
 server values: !refCoefNorm=(ctau3DErr = 0.0279976,ctau3D = -4), !pdfs=(pdfCTAUDSS = 0/1,pdfCTAUDF = 0.0186428/1), !coefficients=(fDFSS = 1.01 +/- 2.29271e-07)
[#0] ERROR:Eval -- RooAbsReal::logEvalError(pdfCTAU1) evaluation error, 
 origin       : RooAddPdf::pdfCTAU1[ fDFSS * pdfCTAUDSS + [%] * pdfCTAUDF ]
 message      : p.d.f value is less than zero (-0.000186), forcing value to zero
 server values: !refCoefNorm=(ctau3DErr = 0.0289506,ctau3D = -4), !pdfs=(pdfCTAUDSS = 0/1,pdfCTAUDF = 0.0186433/1), !coefficients=(fDFSS = 1.01 +/- 2.29271e-07)
[#0] ERROR:Eval -- RooAbsReal::logEvalError(pdfCTAU1) evaluation error, 
 origin       : RooAddPdf::pdfCTAU1[ fDFSS * pdfCTAUDSS + [%] * pdfCTAUDF ]
 message      : p.d.f value is less than zero (-0.000186), forcing value to zero
 server values: !refCoefNorm=(ctau3DErr = 0.0291889,ctau3D = -4), !pdfs=(pdfCTAUDSS = 0/1,pdfCTAUDF = 0.0186434/1), !coefficients=(fDFSS = 1.01 +/- 2.29271e-07)
[#0] ERROR:Eval -- RooAbsReal::logEvalError(pdfCTAU1) evaluation error, 
 origin       : RooAddPdf::pdfCTAU1[ fDFSS * pdfCTAUDSS + [%] * pdfCTAUDF ]
 message      : p.d.f value is less than zero (-0.000186), forcing value to zero
 server values: !refCoefNorm=(ctau3DErr = 0.0294271,ctau3D = -4), !pdfs=(pdfCTAUDSS = 0/1,pdfCTAUDF = 0.0186435/1), !coefficients=(fDFSS = 1.01 +/- 2.29271e-07)
[#0] ERROR:Eval -- RooAbsReal::logEvalError(pdfCTAU1) evaluation error, 
 origin       : RooAddPdf::pdfCTAU1[ fDFSS * pdfCTAUDSS + [%] * pdfCTAUDF ]
 message      : p.d.f value is less than zero (-0.000186), forcing value to zero
 server values: !refCoefNorm=(ctau3DErr = 0.0299036,ctau3D = -4), !pdfs=(pdfCTAUDSS = 0/1,pdfCTAUDF = 0.0186438/1), !coefficients=(fDFSS = 1.01 +/- 2.29271e-07)
[#0] ERROR:Eval -- RooAbsReal::logEvalError(pdfCTAU1) evaluation error, 
 origin       : RooAddPdf::pdfCTAU1[ fDFSS * pdfCTAUDSS + [%] * pdfCTAUDF ]
 message      : p.d.f value is less than zero (-0.000186), forcing value to zero
 server values: !refCoefNorm=(ctau3DErr = 0.0241856,ctau3D = -4), !pdfs=(pdfCTAUDSS = 0/1,pdfCTAUDF = 0.018641/1), !coefficients=(fDFSS = 1.01 +/- 2.29271e-07)
[#0] ERROR:Eval -- RooAbsReal::logEvalError(pdfCTAU1) evaluation error, 
 origin       : RooAddPdf::pdfCTAU1[ fDFSS * pdfCTAUDSS + [%] * pdfCTAUDF ]
 message      : p.d.f value is less than zero (-0.000186), forcing value to zero
 server values: !refCoefNorm=(ctau3DErr = 0.0244239,ctau3D = -4), !pdfs=(pdfCTAUDSS = 0/1,pdfCTAUDF = 0.0186411/1), !coefficients=(fDFSS = 1.01 +/- 2.29271e-07)
[#0] ERROR:Eval -- RooAbsReal::logEvalError(pdfCTAU1) evaluation error, 
 origin       : RooAddPdf::pdfCTAU1[ fDFSS * pdfCTAUDSS + [%] * pdfCTAUDF ]
 message      : p.d.f value is less than zero (-0.000186), forcing value to zero
 server values: !refCoefNorm=(ctau3DErr = 0.0246621,ctau3D = -4), !pdfs=(pdfCTAUDSS = 0/1,pdfCTAUDF = 0.0186412/1), !coefficients=(fDFSS = 1.01 +/- 2.29271e-07)
[#0] ERROR:Eval -- RooAbsReal::logEvalError(pdfCTAU1) evaluation error, 
 origin       : RooAddPdf::pdfCTAU1[ fDFSS * pdfCTAUDSS + [%] * pdfCTAUDF ]
 message      : p.d.f value is less than zero (-0.000186), forcing value to zero
 server values: !refCoefNorm=(ctau3DErr = 0.0249004,ctau3D = -4), !pdfs=(pdfCTAUDSS = 0/1,pdfCTAUDF = 0.0186413/1), !coefficients=(fDFSS = 1.01 +/- 2.29271e-07)
[#0] ERROR:Eval -- RooAbsReal::logEvalError(pdfCTAU1) evaluation error, 
 origin       : RooAddPdf::pdfCTAU1[ fDFSS * pdfCTAUDSS + [%] * pdfCTAUDF ]
 message      : p.d.f value is less than zero (-0.000186), forcing value to zero
 server values: !refCoefNorm=(ctau3DErr = 0.0251386,ctau3D = -4), !pdfs=(pdfCTAUDSS = 0/1,pdfCTAUDF = 0.0186414/1), !coefficients=(fDFSS = 1.01 +/- 2.29271e-07)
[#0] ERROR:Eval -- RooAbsReal::logEvalError(pdfCTAU1) evaluation error, 
 origin       : RooAddPdf::pdfCTAU1[ fDFSS * pdfCTAUDSS + [%] * pdfCTAUDF ]
 message      : p.d.f value is less than zero (-0.000186), forcing value to zero
 server values: !refCoefNorm=(ctau3DErr = 0.0256151,ctau3D = -4), !pdfs=(pdfCTAUDSS = 0/1,pdfCTAUDF = 0.0186417/1), !coefficients=(fDFSS = 1.01 +/- 2.29271e-07)
[#0] ERROR:Eval -- RooAbsReal::logEvalError(pdfCTAU1) evaluation error, 
 origin       : RooAddPdf::pdfCTAU1[ fDFSS * pdfCTAUDSS + [%] * pdfCTAUDF ]
 message      : p.d.f value is less than zero (-0.000186), forcing value to zero
 server values: !refCoefNorm=(ctau3DErr = 0.0258534,ctau3D = -4), !pdfs=(pdfCTAUDSS = 0/1,pdfCTAUDF = 0.0186418/1), !coefficients=(fDFSS = 1.01 +/- 2.29271e-07)
[#0] ERROR:Eval -- RooAbsReal::logEvalError(pdfCTAU1) evaluation error, 
 origin       : RooAddPdf::pdfCTAU1[ fDFSS * pdfCTAUDSS + [%] * pdfCTAUDF ]
 message      : p.d.f value is less than zero (-0.000186), forcing value to zero
 server values: !refCoefNorm=(ctau3DErr = 0.0260916,ctau3D = -4), !pdfs=(pdfCTAUDSS = 0/1,pdfCTAUDF = 0.0186419/1), !coefficients=(fDFSS = 1.01 +/- 2.29271e-07)
[#0] ERROR:Eval -- RooAbsReal::logEvalError(pdfCTAU1) evaluation error, 
 origin       : RooAddPdf::pdfCTAU1[ fDFSS * pdfCTAUDSS + [%] * pdfCTAUDF ]
 message      : p.d.f value is less than zero (-0.000186), forcing value to zero
 server values: !refCoefNorm=(ctau3DErr = 0.0263299,ctau3D = -4), !pdfs=(pdfCTAUDSS = 0/1,pdfCTAUDF = 0.018642/1), !coefficients=(fDFSS = 1.01 +/- 2.29271e-07)
[#0] ERROR:Eval -- RooAbsReal::logEvalError(pdfCTAU1) evaluation error, 
 origin       : RooAddPdf::pdfCTAU1[ fDFSS * pdfCTAUDSS + [%] * pdfCTAUDF ]
 message      : p.d.f value is less than zero (-0.000186), forcing value to zero
 server values: !refCoefNorm=(ctau3DErr = 0.0268064,ctau3D = -4), !pdfs=(pdfCTAUDSS = 0/1,pdfCTAUDF = 0.0186422/1), !coefficients=(fDFSS = 1.01 +/- 2.29271e-07)
[#0] ERROR:Eval -- RooAbsReal::logEvalError(pdfCTAU1) evaluation error, 
 origin       : RooAddPdf::pdfCTAU1[ fDFSS * pdfCTAUDSS + [%] * pdfCTAUDF ]
 message      : p.d.f value is less than zero (-0.000186), forcing value to zero
 server values: !refCoefNorm=(ctau3DErr = 0.0270446,ctau3D = -4), !pdfs=(pdfCTAUDSS = 0/1,pdfCTAUDF = 0.0186423/1), !coefficients=(fDFSS = 1.01 +/- 2.29271e-07)
[#0] ERROR:Eval -- RooAbsReal::logEvalError(pdfCTAU1) evaluation error, 
 origin       : RooAddPdf::pdfCTAU1[ fDFSS * pdfCTAUDSS + [%] * pdfCTAUDF ]
 message      : p.d.f value is less than zero (-0.000186), forcing value to zero
 server values: !refCoefNorm=(ctau3DErr = 0.0182293,ctau3D = -4), !pdfs=(pdfCTAUDSS = 0/1,pdfCTAUDF = 0.0186388/1), !coefficients=(fDFSS = 1.01 +/- 2.29271e-07)
[#0] ERROR:Eval -- RooAbsReal::logEvalError(pdfCTAU1) evaluation error, 
 origin       : RooAddPdf::pdfCTAU1[ fDFSS * pdfCTAUDSS + [%] * pdfCTAUDF ]
 message      : p.d.f value is less than zero (-0.000186), forcing value to zero
 server values: !refCoefNorm=(ctau3DErr = 0.0184676,ctau3D = -4), !pdfs=(pdfCTAUDSS = 0/1,pdfCTAUDF = 0.0186388/1), !coefficients=(fDFSS = 1.01 +/- 2.29271e-07)
[#0] ERROR:Eval -- RooAbsReal::logEvalError(pdfCTAU1) evaluation error, 
 origin       : RooAddPdf::pdfCTAU1[ fDFSS * pdfCTAUDSS + [%] * pdfCTAUDF ]
 message      : p.d.f value is less than zero (-0.000186), forcing value to zero
 server values: !refCoefNorm=(ctau3DErr = 0.0187058,ctau3D = -4), !pdfs=(pdfCTAUDSS = 0/1,pdfCTAUDF = 0.0186389/1), !coefficients=(fDFSS = 1.01 +/- 2.29271e-07)
[#0] ERROR:Eval -- RooAbsReal::logEvalError(pdfCTAU1) evaluation error, 
 origin       : RooAddPdf::pdfCTAU1[ fDFSS * pdfCTAUDSS + [%] * pdfCTAUDF ]
 message      : p.d.f value is less than zero (-0.000186), forcing value to zero
 server values: !refCoefNorm=(ctau3DErr = 0.0189441,ctau3D = -4), !pdfs=(pdfCTAUDSS = 0/1,pdfCTAUDF = 0.018639/1), !coefficients=(fDFSS = 1.01 +/- 2.29271e-07)
[#0] ERROR:Eval -- RooAbsReal::logEvalError(pdfCTAU1) evaluation error, 
 origin       : RooAddPdf::pdfCTAU1[ fDFSS * pdfCTAUDSS + [%] * pdfCTAUDF ]
 message      : p.d.f value is less than zero (-0.000186), forcing value to zero
 server values: !refCoefNorm=(ctau3DErr = 0.0191823,ctau3D = -4), !pdfs=(pdfCTAUDSS = 0/1,pdfCTAUDF = 0.0186391/1), !coefficients=(fDFSS = 1.01 +/- 2.29271e-07)
[#0] ERROR:Eval -- RooAbsReal::logEvalError(pdfCTAU1) evaluation error, 
 origin       : RooAddPdf::pdfCTAU1[ fDFSS * pdfCTAUDSS + [%] * pdfCTAUDF ]
 message      : p.d.f value is less than zero (-0.000186), forcing value to zero
 server values: !refCoefNorm=(ctau3DErr = 0.0194206,ctau3D = -4), !pdfs=(pdfCTAUDSS = 0/1,pdfCTAUDF = 0.0186392/1), !coefficients=(fDFSS = 1.01 +/- 2.29271e-07)
[#0] ERROR:Eval -- RooAbsReal::logEvalError(pdfCTAU1) evaluation error, 
 origin       : RooAddPdf::pdfCTAU1[ fDFSS * pdfCTAUDSS + [%] * pdfCTAUDF ]
 message      : p.d.f value is less than zero (-0.000186), forcing value to zero
 server values: !refCoefNorm=(ctau3DErr = 0.0196588,ctau3D = -4), !pdfs=(pdfCTAUDSS = 0/1,pdfCTAUDF = 0.0186392/1), !coefficients=(fDFSS = 1.01 +/- 2.29271e-07)
[#0] ERROR:Eval -- RooAbsReal::logEvalError(pdfCTAU1) evaluation error, 
 origin       : RooAddPdf::pdfCTAU1[ fDFSS * pdfCTAUDSS + [%] * pdfCTAUDF ]
 message      : p.d.f value is less than zero (-0.000186), forcing value to zero
 server values: !refCoefNorm=(ctau3DErr = 0.0198971,ctau3D = -4), !pdfs=(pdfCTAUDSS = 0/1,pdfCTAUDF = 0.0186393/1), !coefficients=(fDFSS = 1.01 +/- 2.29271e-07)
[#0] ERROR:Eval -- RooAbsReal::logEvalError(pdfCTAU1) evaluation error, 
 origin       : RooAddPdf::pdfCTAU1[ fDFSS * pdfCTAUDSS + [%] * pdfCTAUDF ]
 message      : p.d.f value is less than zero (-0.000186), forcing value to zero
 server values: !refCoefNorm=(ctau3DErr = 0.0201353,ctau3D = -4), !pdfs=(pdfCTAUDSS = 0/1,pdfCTAUDF = 0.0186394/1), !coefficients=(fDFSS = 1.01 +/- 2.29271e-07)
[#0] ERROR:Eval -- RooAbsReal::logEvalError(pdfCTAU1) evaluation error, 
 origin       : RooAddPdf::pdfCTAU1[ fDFSS * pdfCTAUDSS + [%] * pdfCTAUDF ]
 message      : p.d.f value is less than zero (-0.000186), forcing value to zero
 server values: !refCoefNorm=(ctau3DErr = 0.0203736,ctau3D = -4), !pdfs=(pdfCTAUDSS = 0/1,pdfCTAUDF = 0.0186395/1), !coefficients=(fDFSS = 1.01 +/- 2.29271e-07)
[#0] ERROR:Eval -- RooAbsReal::logEvalError(pdfCTAU1) evaluation error, 
 origin       : RooAddPdf::pdfCTAU1[ fDFSS * pdfCTAUDSS + [%] * pdfCTAUDF ]
 message      : p.d.f value is less than zero (-0.000186), forcing value to zero
 server values: !refCoefNorm=(ctau3DErr = 0.0206118,ctau3D = -4), !pdfs=(pdfCTAUDSS = 0/1,pdfCTAUDF = 0.0186396/1), !coefficients=(fDFSS = 1.01 +/- 2.29271e-07)
[#0] ERROR:Eval -- RooAbsReal::logEvalError(pdfCTAU1) evaluation error, 
 origin       : RooAddPdf::pdfCTAU1[ fDFSS * pdfCTAUDSS + [%] * pdfCTAUDF ]
 message      : p.d.f value is less than zero (-0.000186), forcing value to zero
 server values: !refCoefNorm=(ctau3DErr = 0.0208501,ctau3D = -4), !pdfs=(pdfCTAUDSS = 0/1,pdfCTAUDF = 0.0186397/1), !coefficients=(fDFSS = 1.01 +/- 2.29271e-07)
[#0] ERROR:Eval -- RooAbsReal::logEvalError(pdfCTAU1) evaluation error, 
 origin       : RooAddPdf::pdfCTAU1[ fDFSS * pdfCTAUDSS + [%] * pdfCTAUDF ]
 message      : p.d.f value is less than zero (-0.000186), forcing value to zero
 server values: !refCoefNorm=(ctau3DErr = 0.0210883,ctau3D = -4), !pdfs=(pdfCTAUDSS = 0/1,pdfCTAUDF = 0.0186398/1), !coefficients=(fDFSS = 1.01 +/- 2.29271e-07)
[#0] ERROR:Eval -- RooAbsReal::logEvalError(pdfCTAU1) evaluation error, 
 origin       : RooAddPdf::pdfCTAU1[ fDFSS * pdfCTAUDSS + [%] * pdfCTAUDF ]
 message      : p.d.f value is less than zero (-0.000186), forcing value to zero
 server values: !refCoefNorm=(ctau3DErr = 0.00941404,ctau3D = -4), !pdfs=(pdfCTAUDSS = 0/1,pdfCTAUDF = 0.0186366/1), !coefficients=(fDFSS = 1.01 +/- 2.29271e-07)
[#0] ERROR:Eval -- RooAbsReal::logEvalError(pdfCTAU1) evaluation error, 
 origin       : RooAddPdf::pdfCTAU1[ fDFSS * pdfCTAUDSS + [%] * pdfCTAUDF ]
 message      : p.d.f value is less than zero (-0.000186), forcing value to zero
 server values: !refCoefNorm=(ctau3DErr = 0.00989054,ctau3D = -4), !pdfs=(pdfCTAUDSS = 0/1,pdfCTAUDF = 0.0186366/1), !coefficients=(fDFSS = 1.01 +/- 2.29271e-07)
[#0] ERROR:Eval -- RooAbsReal::logEvalError(pdfCTAU1) evaluation error, 
 origin       : RooAddPdf::pdfCTAU1[ fDFSS * pdfCTAUDSS + [%] * pdfCTAUDF ]
 message      : p.d.f value is less than zero (-0.000186), forcing value to zero
 server values: !refCoefNorm=(ctau3DErr = 0.0101288,ctau3D = -4), !pdfs=(pdfCTAUDSS = 0/1,pdfCTAUDF = 0.0186367/1), !coefficients=(fDFSS = 1.01 +/- 2.29271e-07)
[#0] ERROR:Eval -- RooAbsReal::logEvalError(pdfCTAU1) evaluation error, 
 origin       : RooAddPdf::pdfCTAU1[ fDFSS * pdfCTAUDSS + [%] * pdfCTAUDF ]
 message      : p.d.f value is less than zero (-0.000186), forcing value to zero
 server values: !refCoefNorm=(ctau3DErr = 0.010367,ctau3D = -4), !pdfs=(pdfCTAUDSS = 0/1,pdfCTAUDF = 0.0186367/1), !coefficients=(fDFSS = 1.01 +/- 2.29271e-07)
[#0] ERROR:Eval -- RooAbsReal::logEvalError(pdfCTAU1) evaluation error, 
 origin       : RooAddPdf::pdfCTAU1[ fDFSS * pdfCTAUDSS + [%] * pdfCTAUDF ]
 message      : p.d.f value is less than zero (-0.000186), forcing value to zero
 server values: !refCoefNorm=(ctau3DErr = 0.0106053,ctau3D = -4), !pdfs=(pdfCTAUDSS = 0/1,pdfCTAUDF = 0.0186368/1), !coefficients=(fDFSS = 1.01 +/- 2.29271e-07)
[#0] ERROR:Eval -- RooAbsReal::logEvalError(pdfCTAU1) evaluation error, 
 origin       : RooAddPdf::pdfCTAU1[ fDFSS * pdfCTAUDSS + [%] * pdfCTAUDF ]
 message      : p.d.f value is less than zero (-0.000186), forcing value to zero
 server values: !refCoefNorm=(ctau3DErr = 0.0108435,ctau3D = -4), !pdfs=(pdfCTAUDSS = 0/1,pdfCTAUDF = 0.0186368/1), !coefficients=(fDFSS = 1.01 +/- 2.29271e-07)
[#0] ERROR:Eval -- RooAbsReal::logEvalError(pdfCTAU1) evaluation error, 
 origin       : RooAddPdf::pdfCTAU1[ fDFSS * pdfCTAUDSS + [%] * pdfCTAUDF ]
 message      : p.d.f value is less than zero (-0.000186), forcing value to zero
 server values: !refCoefNorm=(ctau3DErr = 0.0110818,ctau3D = -4), !pdfs=(pdfCTAUDSS = 0/1,pdfCTAUDF = 0.0186369/1), !coefficients=(fDFSS = 1.01 +/- 2.29271e-07)
[#0] ERROR:Eval -- RooAbsReal::logEvalError(pdfCTAU1) evaluation error, 
 origin       : RooAddPdf::pdfCTAU1[ fDFSS * pdfCTAUDSS + [%] * pdfCTAUDF ]
 message      : p.d.f value is less than zero (-0.000186), forcing value to zero
 server values: !refCoefNorm=(ctau3DErr = 0.01132,ctau3D = -4), !pdfs=(pdfCTAUDSS = 0/1,pdfCTAUDF = 0.0186369/1), !coefficients=(fDFSS = 1.01 +/- 2.29271e-07)
[#0] ERROR:Eval -- RooAbsReal::logEvalError(pdfCTAU1) evaluation error, 
 origin       : RooAddPdf::pdfCTAU1[ fDFSS * pdfCTAUDSS + [%] * pdfCTAUDF ]
 message      : p.d.f value is less than zero (-0.000186), forcing value to zero
 server values: !refCoefNorm=(ctau3DErr = 0.0115583,ctau3D = -4), !pdfs=(pdfCTAUDSS = 0/1,pdfCTAUDF = 0.018637/1), !coefficients=(fDFSS = 1.01 +/- 2.29271e-07)
[#0] ERROR:Eval -- RooAbsReal::logEvalError(pdfCTAU1) evaluation error, 
 origin       : RooAddPdf::pdfCTAU1[ fDFSS * pdfCTAUDSS + [%] * pdfCTAUDF ]
 message      : p.d.f value is less than zero (-0.000186), forcing value to zero
 server values: !refCoefNorm=(ctau3DErr = 0.0117965,ctau3D = -4), !pdfs=(pdfCTAUDSS = 0/1,pdfCTAUDF = 0.018637/1), !coefficients=(fDFSS = 1.01 +/- 2.29271e-07)
[#0] ERROR:Eval -- RooAbsReal::logEvalError(pdfCTAU1) evaluation error, 
 origin       : RooAddPdf::pdfCTAU1[ fDFSS * pdfCTAUDSS + [%] * pdfCTAUDF ]
 message      : p.d.f value is less than zero (-0.000186), forcing value to zero
 server values: !refCoefNorm=(ctau3DErr = 0.0120348,ctau3D = -4), !pdfs=(pdfCTAUDSS = 0/1,pdfCTAUDF = 0.0186371/1), !coefficients=(fDFSS = 1.01 +/- 2.29271e-07)
[#0] ERROR:Eval -- RooAbsReal::logEvalError(pdfCTAU1) evaluation error, 
 origin       : RooAddPdf::pdfCTAU1[ fDFSS * pdfCTAUDSS + [%] * pdfCTAUDF ]
 message      : p.d.f value is less than zero (-0.000186), forcing value to zero
 server values: !refCoefNorm=(ctau3DErr = 0.0301419,ctau3D = -4), !pdfs=(pdfCTAUDSS = 0/1,pdfCTAUDF = 0.0186439/1), !coefficients=(fDFSS = 1.01 +/- 2.29271e-07)
[#0] ERROR:Eval -- RooAbsReal::logEvalError(pdfCTAU1) evaluation error, 
 origin       : RooAddPdf::pdfCTAU1[ fDFSS * pdfCTAUDSS + [%] * pdfCTAUDF ]
 message      : p.d.f value is less than zero (-0.000186), forcing value to zero
 server values: !refCoefNorm=(ctau3DErr = 0.0303801,ctau3D = -4), !pdfs=(pdfCTAUDSS = 0/1,pdfCTAUDF = 0.0186441/1), !coefficients=(fDFSS = 1.01 +/- 2.29271e-07)
[#0] ERROR:Eval -- RooAbsReal::logEvalError(pdfCTAU1) evaluation error, 
 origin       : RooAddPdf::pdfCTAU1[ fDFSS * pdfCTAUDSS + [%] * pdfCTAUDF ]
 message      : p.d.f value is less than zero (-0.000186), forcing value to zero
 server values: !refCoefNorm=(ctau3DErr = 0.0330009,ctau3D = -4), !pdfs=(pdfCTAUDSS = 0/1,pdfCTAUDF = 0.0186455/1), !coefficients=(fDFSS = 1.01 +/- 2.29271e-07)
[#0] ERROR:Eval -- RooAbsReal::logEvalError(pdfCTAU1) evaluation error, 
 origin       : RooAddPdf::pdfCTAU1[ fDFSS * pdfCTAUDSS + [%] * pdfCTAUDF ]
 message      : p.d.f value is less than zero (-0.000186), forcing value to zero
 server values: !refCoefNorm=(ctau3DErr = 0.0153703,ctau3D = -4), !pdfs=(pdfCTAUDSS = 0/1,pdfCTAUDF = 0.0186379/1), !coefficients=(fDFSS = 1.01 +/- 2.29271e-07)
[#0] ERROR:Eval -- RooAbsReal::logEvalError(pdfCTAU1) evaluation error, 
 origin       : RooAddPdf::pdfCTAU1[ fDFSS * pdfCTAUDSS + [%] * pdfCTAUDF ]
 message      : p.d.f value is less than zero (-0.000186), forcing value to zero
 server values: !refCoefNorm=(ctau3DErr = 0.0156086,ctau3D = -4), !pdfs=(pdfCTAUDSS = 0/1,pdfCTAUDF = 0.018638/1), !coefficients=(fDFSS = 1.01 +/- 2.29271e-07)
[#0] ERROR:Eval -- RooAbsReal::logEvalError(pdfCTAU1) evaluation error, 
 origin       : RooAddPdf::pdfCTAU1[ fDFSS * pdfCTAUDSS + [%] * pdfCTAUDF ]
 message      : p.d.f value is less than zero (-0.000186), forcing value to zero
 server values: !refCoefNorm=(ctau3DErr = 0.0158468,ctau3D = -4), !pdfs=(pdfCTAUDSS = 0/1,pdfCTAUDF = 0.018638/1), !coefficients=(fDFSS = 1.01 +/- 2.29271e-07)
[#0] ERROR:Eval -- RooAbsReal::logEvalError(pdfCTAU1) evaluation error, 
 origin       : RooAddPdf::pdfCTAU1[ fDFSS * pdfCTAUDSS + [%] * pdfCTAUDF ]
 message      : p.d.f value is less than zero (-0.000186), forcing value to zero
 server values: !refCoefNorm=(ctau3DErr = 0.0160851,ctau3D = -4), !pdfs=(pdfCTAUDSS = 0/1,pdfCTAUDF = 0.0186381/1), !coefficients=(fDFSS = 1.01 +/- 2.29271e-07)
[#0] ERROR:Eval -- RooAbsReal::logEvalError(pdfCTAU1) evaluation error, 
 origin       : RooAddPdf::pdfCTAU1[ fDFSS * pdfCTAUDSS + [%] * pdfCTAUDF ]
 message      : p.d.f value is less than zero (-0.000186), forcing value to zero
 server values: !refCoefNorm=(ctau3DErr = 0.0163233,ctau3D = -4), !pdfs=(pdfCTAUDSS = 0/1,pdfCTAUDF = 0.0186382/1), !coefficients=(fDFSS = 1.01 +/- 2.29271e-07)
[#0] ERROR:Eval -- RooAbsReal::logEvalError(pdfCTAU1) evaluation error, 
 origin       : RooAddPdf::pdfCTAU1[ fDFSS * pdfCTAUDSS + [%] * pdfCTAUDF ]
 message      : p.d.f value is less than zero (-0.000186), forcing value to zero
 server values: !refCoefNorm=(ctau3DErr = 0.0165616,ctau3D = -4), !pdfs=(pdfCTAUDSS = 0/1,pdfCTAUDF = 0.0186382/1), !coefficients=(fDFSS = 1.01 +/- 2.29271e-07)
[#0] ERROR:Eval -- RooAbsReal::logEvalError(pdfCTAU1) evaluation error, 
 origin       : RooAddPdf::pdfCTAU1[ fDFSS * pdfCTAUDSS + [%] * pdfCTAUDF ]
 message      : p.d.f value is less than zero (-0.000186), forcing value to zero
 server values: !refCoefNorm=(ctau3DErr = 0.0167998,ctau3D = -4), !pdfs=(pdfCTAUDSS = 0/1,pdfCTAUDF = 0.0186383/1), !coefficients=(fDFSS = 1.01 +/- 2.29271e-07)
[#0] ERROR:Eval -- RooAbsReal::logEvalError(pdfCTAU1) evaluation error, 
 origin       : RooAddPdf::pdfCTAU1[ fDFSS * pdfCTAUDSS + [%] * pdfCTAUDF ]
 message      : p.d.f value is less than zero (-0.000186), forcing value to zero
 server values: !refCoefNorm=(ctau3DErr = 0.0170381,ctau3D = -4), !pdfs=(pdfCTAUDSS = 0/1,pdfCTAUDF = 0.0186384/1), !coefficients=(fDFSS = 1.01 +/- 2.29271e-07)
[#0] ERROR:Eval -- RooAbsReal::logEvalError(pdfCTAU1) evaluation error, 
 origin       : RooAddPdf::pdfCTAU1[ fDFSS * pdfCTAUDSS + [%] * pdfCTAUDF ]
 message      : p.d.f value is less than zero (-0.000186), forcing value to zero
 server values: !refCoefNorm=(ctau3DErr = 0.0172763,ctau3D = -4), !pdfs=(pdfCTAUDSS = 0/1,pdfCTAUDF = 0.0186384/1), !coefficients=(fDFSS = 1.01 +/- 2.29271e-07)
[#0] ERROR:Eval -- RooAbsReal::logEvalError(pdfCTAU1) evaluation error, 
 origin       : RooAddPdf::pdfCTAU1[ fDFSS * pdfCTAUDSS + [%] * pdfCTAUDF ]
 message      : p.d.f value is less than zero (-0.000186), forcing value to zero
 server values: !refCoefNorm=(ctau3DErr = 0.0175146,ctau3D = -4), !pdfs=(pdfCTAUDSS = 0/1,pdfCTAUDF = 0.0186385/1), !coefficients=(fDFSS = 1.01 +/- 2.29271e-07)
[#0] ERROR:Eval -- RooAbsReal::logEvalError(pdfCTAU1) evaluation error, 
 origin       : RooAddPdf::pdfCTAU1[ fDFSS * pdfCTAUDSS + [%] * pdfCTAUDF ]
 message      : p.d.f value is less than zero (-0.000186), forcing value to zero
 server values: !refCoefNorm=(ctau3DErr = 0.0177528,ctau3D = -4), !pdfs=(pdfCTAUDSS = 0/1,pdfCTAUDF = 0.0186386/1), !coefficients=(fDFSS = 1.01 +/- 2.29271e-07)
[#0] ERROR:Eval -- RooAbsReal::logEvalError(pdfCTAU1) evaluation error, 
 origin       : RooAddPdf::pdfCTAU1[ fDFSS * pdfCTAUDSS + [%] * pdfCTAUDF ]
 message      : p.d.f value is less than zero (-0.000186), forcing value to zero
 server values: !refCoefNorm=(ctau3DErr = 0.0179911,ctau3D = -4), !pdfs=(pdfCTAUDSS = 0/1,pdfCTAUDF = 0.0186387/1), !coefficients=(fDFSS = 1.01 +/- 2.29271e-07)
[#0] WARNING:Eval -- RooAddPdf::updateCoefCache(pdfCTAU1 WARNING: sum of PDF coefficients not in range [0-1], value=1.01[#0] WARNING:Eval -- 
[#0] WARNING:Eval -- RooAddPdf::updateCoefCache(pdfCTAU1 WARNING: sum of PDF coefficients not in range [0-1], value=1.01[#0] WARNING:Eval -- 
[#0] WARNING:Eval -- RooAddPdf::updateCoefCache(pdfCTAU1 WARNING: sum of PDF coefficients not in range [0-1], value=1.01[#0] WARNING:Eval -- 
[#0] WARNING:Eval -- RooAddPdf::updateCoefCache(pdfCTAU1 WARNING: sum of PDF coefficients not in range [0-1], value=1.01[#0] WARNING:Eval -- 
[#0] WARNING:Eval -- RooAddPdf::updateCoefCache(pdfCTAU1 WARNING: sum of PDF coefficients not in range [0-1], value=1.01[#0] WARNING:Eval -- 
[#0] WARNING:Eval -- RooAddPdf::updateCoefCache(pdfCTAU1 WARNING: sum of PDF coefficients not in range [0-1], value=1.01[#0] WARNING:Eval -- 
[#0] WARNING:Eval -- RooAddPdf::updateCoefCache(pdfCTAU1 WARNING: sum of PDF coefficients not in range [0-1], value=1.01[#0] WARNING:Eval -- 
RooArgSet::dependents = (ctau3D)
RooSetProxy::!refCoefNorm = (ctau3DErr,ctau3D)
RooArgSet::dependents = (ctau3D)
RooSetProxy::!refCoefNorm = (ctau3DErr,ctau3D)
RooArgSet:: = ()
RooSetProxy::!refCoefNorm = (ctau3DErr,ctau3D)
[#0] WARNING:Eval -- RooAddPdf::updateCoefCache(pdfCTAU1 WARNING: sum of PDF coefficients not in range [0-1], value=1.01[#0] WARNING:Eval -- 
[#0] WARNING:Eval -- RooAddPdf::updateCoefCache(pdfCTAU1 WARNING: sum of PDF coefficients not in range [0-1], value=1.01[#0] WARNING:Eval -- 
[#0] WARNING:Eval -- RooAddPdf::updateCoefCache(pdfCTAU1 WARNING: sum of PDF coefficients not in range [0-1], value=1.01[#0] WARNING:Eval -- 
[#0] WARNING:Eval -- RooAddPdf::updateCoefCache(pdfCTAU1 WARNING: sum of PDF coefficients not in range [0-1], value=1.01[#0] WARNING:Eval -- 
[#0] WARNING:Eval -- RooAddPdf::updateCoefCache(pdfCTAU1 WARNING: sum of PDF coefficients not in range [0-1], value=1.01[#0] WARNING:Eval -- 
[#0] WARNING:Eval -- RooAddPdf::updateCoefCache(pdfCTAU1 WARNING: sum of PDF coefficients not in range [0-1], value=1.01[#0] WARNING:Eval --  (no more will be printed)[#0] WARNING:Eval -- 
RooArgSet::dependents = (ctau3D)
RooSetProxy::!refCoefNorm = (ctau3DErr,ctau3D)
RooArgSet::dependents = (ctau3D)
RooSetProxy::!refCoefNorm = (ctau3DErr,ctau3D)
RooArgSet::dependents = (ctau3D)
RooArgSet::dependents = (ctau3D)
RooSetProxy::!refCoefNorm = (ctau3DErr,ctau3D)
RooArgSet::dependents = (ctau3D)
RooSetProxy::!refCoefNorm = (ctau3DErr,ctau3D)
RooSetProxy::!refCoefNorm = (ctau3DErr,ctau3D)
RooArgSet::dependents = (ctau3D)
RooArgSet::dependents = (ctau3D)
RooSetProxy::!refCoefNorm = (ctau3DErr,ctau3D)
RooSetProxy::!refCoefNorm = (ctau3DErr,ctau3D)
RooArgSet::dependents = (ctau3D)
RooSetProxy::!refCoefNorm = (ctau3DErr,ctau3D)
RooArgSet::dependents = (ctau3D)
RooSetProxy::!refCoefNorm = (ctau3DErr,ctau3D)
RooArgSet:: = ()
RooSetProxy::!refCoefNorm = (ctau3DErr,ctau3D)
RooArgSet::dependents = (ctau3D)
RooSetProxy::!refCoefNorm = (ctau3DErr,ctau3D)
RooArgSet::dependents = (ctau3D)
RooArgSet::dependents = (ctau3D)
RooArgSet::dependents = (ctau3D)
RooSetProxy::!refCoefNorm = (ctau3DErr,ctau3D)
RooSetProxy::!refCoefNorm = (ctau3DErr,ctau3D)
RooSetProxy::!refCoefNorm = (ctau3DErr,ctau3D)
RooArgSet::dependents = (ctau3D)
RooArgSet::dependents = (ctau3D)
RooSetProxy::!refCoefNorm = (ctau3DErr,ctau3D)
RooSetProxy::!refCoefNorm = (ctau3DErr,ctau3D)
RooArgSet:: = ()
RooSetProxy::!refCoefNorm = (ctau3DErr,ctau3D)
RooArgSet::dependents = (ctau3D)
RooSetProxy::!refCoefNorm = (ctau3DErr,ctau3D)
RooArgSet:: = ()
RooArgSet:: = ()
RooSetProxy::!refCoefNorm = (ctau3DErr,ctau3D)
RooSetProxy::!refCoefNorm = (ctau3DErr,ctau3D)
RooArgSet:: = ()
RooSetProxy::!refCoefNorm = (ctau3DErr,ctau3D)
RooArgSet:: = ()
RooArgSet:: = ()
RooSetProxy::!refCoefNorm = (ctau3DErr,ctau3D)
RooSetProxy::!refCoefNorm = (ctau3DErr,ctau3D)
RooArgSet:: = ()
RooSetProxy::!refCoefNorm = (ctau3DErr,ctau3D)
[#0] WARNING:Eval -- RooAddPdf::updateCoefCache(pdfCTAU1 WARNING: sum of PDF coefficients not in range [0-1], value=1.01[#0] WARNING:Eval -- 
[#0] WARNING:Eval -- RooAddPdf::updateCoefCache(pdfCTAU1 WARNING: sum of PDF coefficients not in range [0-1], value=1.01[#0] WARNING:Eval -- 
[#0] WARNING:Eval -- RooAddPdf::updateCoefCache(pdfCTAU1 WARNING: sum of PDF coefficients not in range [0-1], value=1.01[#0] WARNING:Eval -- 
[#0] WARNING:Eval -- RooAddPdf::updateCoefCache(pdfCTAU1 WARNING: sum of PDF coefficients not in range [0-1], value=1.01[#0] WARNING:Eval -- 
[#0] WARNING:Eval -- RooAddPdf::updateCoefCache(pdfCTAU1 WARNING: sum of PDF coefficients not in range [0-1], value=1.01[#0] WARNING:Eval -- 
[#0] WARNING:Eval -- RooAddPdf::updateCoefCache(pdfCTAU1 WARNING: sum of PDF coefficients not in range [0-1], value=1.01[#0] WARNING:Eval -- 
[#0] WARNING:Eval -- RooAddPdf::updateCoefCache(pdfCTAU1 WARNING: sum of PDF coefficients not in range [0-1], value=1.01[#0] WARNING:Eval -- 
RooArgSet::dependents = (ctau3D)
RooSetProxy::!refCoefNorm = (ctau3DErr,ctau3D)
RooArgSet::dependents = (ctau3D)
RooSetProxy::!refCoefNorm = (ctau3DErr,ctau3D)
RooArgSet:: = ()
RooSetProxy::!refCoefNorm = (ctau3DErr,ctau3D)
[#0] WARNING:Eval -- RooAddPdf::updateCoefCache(pdfCTAU1 WARNING: sum of PDF coefficients not in range [0-1], value=1.01[#0] WARNING:Eval -- 
[#0] WARNING:Eval -- RooAddPdf::updateCoefCache(pdfCTAU1 WARNING: sum of PDF coefficients not in range [0-1], value=1.01[#0] WARNING:Eval -- 
[#0] WARNING:Eval -- RooAddPdf::updateCoefCache(pdfCTAU1 WARNING: sum of PDF coefficients not in range [0-1], value=1.01[#0] WARNING:Eval -- 
[#0] WARNING:Eval -- RooAddPdf::updateCoefCache(pdfCTAU1 WARNING: sum of PDF coefficients not in range [0-1], value=1.01[#0] WARNING:Eval -- 
[#0] WARNING:Eval -- RooAddPdf::updateCoefCache(pdfCTAU1 WARNING: sum of PDF coefficients not in range [0-1], value=1.01[#0] WARNING:Eval -- 
[#0] WARNING:Eval -- RooAddPdf::updateCoefCache(pdfCTAU1 WARNING: sum of PDF coefficients not in range [0-1], value=1.01[#0] WARNING:Eval --  (no more will be printed)[#0] WARNING:Eval -- 
RooArgSet::dependents = (ctau3D)
RooArgSet::dependents = (ctau3D)
RooArgSet::dependents = (ctau3D)
RooSetProxy::!refCoefNorm = (ctau3DErr,ctau3D)
RooArgSet::dependents = (ctau3D)
RooSetProxy::!refCoefNorm = (ctau3DErr,ctau3D)
RooArgSet::dependents = (ctau3D)
RooSetProxy::!refCoefNorm = (ctau3DErr,ctau3D)
RooSetProxy::!refCoefNorm = (ctau3DErr,ctau3D)
RooSetProxy::!refCoefNorm = (ctau3DErr,ctau3D)
RooArgSet::dependents = (ctau3D)
RooArgSet::dependents = (ctau3D)
RooSetProxy::!refCoefNorm = (ctau3DErr,ctau3D)
RooSetProxy::!refCoefNorm = (ctau3DErr,ctau3D)
RooArgSet::dependents = (ctau3D)
RooSetProxy::!refCoefNorm = (ctau3DErr,ctau3D)
RooArgSet::dependents = (ctau3D)
RooSetProxy::!refCoefNorm = (ctau3DErr,ctau3D)
RooArgSet::dependents = (ctau3D)
RooSetProxy::!refCoefNorm = (ctau3DErr,ctau3D)
RooArgSet::dependents = (ctau3D)
RooSetProxy::!refCoefNorm = (ctau3DErr,ctau3D)
RooArgSet::dependents = (ctau3D)
RooSetProxy::!refCoefNorm = (ctau3DErr,ctau3D)
RooArgSet::dependents = (ctau3D)
RooSetProxy::!refCoefNorm = (ctau3DErr,ctau3D)
RooArgSet::dependents = (ctau3D)
RooArgSet::dependents = (ctau3D)
RooSetProxy::!refCoefNorm = (ctau3DErr,ctau3D)
RooSetProxy::!refCoefNorm = (ctau3DErr,ctau3D)
RooArgSet::dependents = (ctau3D)
RooSetProxy::!refCoefNorm = (ctau3DErr,ctau3D)
RooArgSet:: = ()
RooSetProxy::!refCoefNorm = (ctau3DErr,ctau3D)
RooArgSet:: = ()
RooSetProxy::!refCoefNorm = (ctau3DErr,ctau3D)
RooArgSet:: = ()
RooSetProxy::!refCoefNorm = (ctau3DErr,ctau3D)
RooArgSet:: = ()
RooSetProxy::!refCoefNorm = (ctau3DErr,ctau3D)
RooArgSet:: = ()
RooSetProxy::!refCoefNorm = (ctau3DErr,ctau3D)
RooArgSet:: = ()
RooArgSet:: = ()
RooSetProxy::!refCoefNorm = (ctau3DErr,ctau3D)
RooSetProxy::!refCoefNorm = (ctau3DErr,ctau3D)
RooArgSet:: = ()
RooSetProxy::!refCoefNorm = (ctau3DErr,ctau3D)
[#0] ERROR:Eval -- RooAbsReal::logEvalError(pdfCTAU1) evaluation error, 
 origin       : RooAddPdf::pdfCTAU1[ fDFSS * pdfCTAUDSS + [%] * pdfCTAUDF ]
 message      : p.d.f value is less than zero (-0.000186), forcing value to zero
 server values: !refCoefNorm=(ctau3DErr = 0.0301419,ctau3D = -4), !pdfs=(pdfCTAUDSS = 0/1,pdfCTAUDF = 0.0186439/1), !coefficients=(fDFSS = 1.01 +/- 2.29271e-07)
[#0] ERROR:Eval -- RooAbsReal::logEvalError(pdfCTAU1) evaluation error, 
 origin       : RooAddPdf::pdfCTAU1[ fDFSS * pdfCTAUDSS + [%] * pdfCTAUDF ]
 message      : p.d.f value is less than zero (-0.000186), forcing value to zero
 server values: !refCoefNorm=(ctau3DErr = 0.0303801,ctau3D = -4), !pdfs=(pdfCTAUDSS = 0/1,pdfCTAUDF = 0.0186441/1), !coefficients=(fDFSS = 1.01 +/- 2.29271e-07)
[#0] ERROR:Eval -- RooAbsReal::logEvalError(pdfCTAU1) evaluation error, 
 origin       : RooAddPdf::pdfCTAU1[ fDFSS * pdfCTAUDSS + [%] * pdfCTAUDF ]
 message      : p.d.f value is less than zero (-0.000186), forcing value to zero
 server values: !refCoefNorm=(ctau3DErr = 0.0330009,ctau3D = -4), !pdfs=(pdfCTAUDSS = 0/1,pdfCTAUDF = 0.0186455/1), !coefficients=(fDFSS = 1.01 +/- 2.29271e-07)
[#0] ERROR:Eval -- RooAbsReal::logEvalError(pdfCTAU1) evaluation error, 
 origin       : RooAddPdf::pdfCTAU1[ fDFSS * pdfCTAUDSS + [%] * pdfCTAUDF ]
 message      : p.d.f value is less than zero (-0.000186), forcing value to zero
 server values: !refCoefNorm=(ctau3DErr = 0.012273,ctau3D = -4), !pdfs=(pdfCTAUDSS = 0/1,pdfCTAUDF = 0.0186371/1), !coefficients=(fDFSS = 1.01 +/- 2.29271e-07)
[#0] ERROR:Eval -- RooAbsReal::logEvalError(pdfCTAU1) evaluation error, 
 origin       : RooAddPdf::pdfCTAU1[ fDFSS * pdfCTAUDSS + [%] * pdfCTAUDF ]
 message      : p.d.f value is less than zero (-0.000186), forcing value to zero
 server values: !refCoefNorm=(ctau3DErr = 0.0125113,ctau3D = -4), !pdfs=(pdfCTAUDSS = 0/1,pdfCTAUDF = 0.0186372/1), !coefficients=(fDFSS = 1.01 +/- 2.29271e-07)
[#0] ERROR:Eval -- RooAbsReal::logEvalError(pdfCTAU1) evaluation error, 
 origin       : RooAddPdf::pdfCTAU1[ fDFSS * pdfCTAUDSS + [%] * pdfCTAUDF ]
 message      : p.d.f value is less than zero (-0.000186), forcing value to zero
 server values: !refCoefNorm=(ctau3DErr = 0.0127496,ctau3D = -4), !pdfs=(pdfCTAUDSS = 0/1,pdfCTAUDF = 0.0186372/1), !coefficients=(fDFSS = 1.01 +/- 2.29271e-07)
[#0] ERROR:Eval -- RooAbsReal::logEvalError(pdfCTAU1) evaluation error, 
 origin       : RooAddPdf::pdfCTAU1[ fDFSS * pdfCTAUDSS + [%] * pdfCTAUDF ]
 message      : p.d.f value is less than zero (-0.000186), forcing value to zero
 server values: !refCoefNorm=(ctau3DErr = 0.0129878,ctau3D = -4), !pdfs=(pdfCTAUDSS = 0/1,pdfCTAUDF = 0.0186373/1), !coefficients=(fDFSS = 1.01 +/- 2.29271e-07)
[#0] ERROR:Eval -- RooAbsReal::logEvalError(pdfCTAU1) evaluation error, 
 origin       : RooAddPdf::pdfCTAU1[ fDFSS * pdfCTAUDSS + [%] * pdfCTAUDF ]
 message      : p.d.f value is less than zero (-0.000186), forcing value to zero
 server values: !refCoefNorm=(ctau3DErr = 0.0132261,ctau3D = -4), !pdfs=(pdfCTAUDSS = 0/1,pdfCTAUDF = 0.0186373/1), !coefficients=(fDFSS = 1.01 +/- 2.29271e-07)
[#0] ERROR:Eval -- RooAbsReal::logEvalError(pdfCTAU1) evaluation error, 
 origin       : RooAddPdf::pdfCTAU1[ fDFSS * pdfCTAUDSS + [%] * pdfCTAUDF ]
 message      : p.d.f value is less than zero (-0.000186), forcing value to zero
 server values: !refCoefNorm=(ctau3DErr = 0.0134643,ctau3D = -4), !pdfs=(pdfCTAUDSS = 0/1,pdfCTAUDF = 0.0186374/1), !coefficients=(fDFSS = 1.01 +/- 2.29271e-07)
[#0] ERROR:Eval -- RooAbsReal::logEvalError(pdfCTAU1) evaluation error, 
 origin       : RooAddPdf::pdfCTAU1[ fDFSS * pdfCTAUDSS + [%] * pdfCTAUDF ]
 message      : p.d.f value is less than zero (-0.000186), forcing value to zero
 server values: !refCoefNorm=(ctau3DErr = 0.0137026,ctau3D = -4), !pdfs=(pdfCTAUDSS = 0/1,pdfCTAUDF = 0.0186375/1), !coefficients=(fDFSS = 1.01 +/- 2.29271e-07)
[#0] ERROR:Eval -- RooAbsReal::logEvalError(pdfCTAU1) evaluation error, 
 origin       : RooAddPdf::pdfCTAU1[ fDFSS * pdfCTAUDSS + [%] * pdfCTAUDF ]
 message      : p.d.f value is less than zero (-0.000186), forcing value to zero
 server values: !refCoefNorm=(ctau3DErr = 0.0139408,ctau3D = -4), !pdfs=(pdfCTAUDSS = 0/1,pdfCTAUDF = 0.0186375/1), !coefficients=(fDFSS = 1.01 +/- 2.29271e-07)
[#0] ERROR:Eval -- RooAbsReal::logEvalError(pdfCTAU1) evaluation error, 
 origin       : RooAddPdf::pdfCTAU1[ fDFSS * pdfCTAUDSS + [%] * pdfCTAUDF ]
 message      : p.d.f value is less than zero (-0.000186), forcing value to zero
 server values: !refCoefNorm=(ctau3DErr = 0.0141791,ctau3D = -4), !pdfs=(pdfCTAUDSS = 0/1,pdfCTAUDF = 0.0186376/1), !coefficients=(fDFSS = 1.01 +/- 2.29271e-07)
[#0] ERROR:Eval -- RooAbsReal::logEvalError(pdfCTAU1) evaluation error, 
 origin       : RooAddPdf::pdfCTAU1[ fDFSS * pdfCTAUDSS + [%] * pdfCTAUDF ]
 message      : p.d.f value is less than zero (-0.000186), forcing value to zero
 server values: !refCoefNorm=(ctau3DErr = 0.0144173,ctau3D = -4), !pdfs=(pdfCTAUDSS = 0/1,pdfCTAUDF = 0.0186376/1), !coefficients=(fDFSS = 1.01 +/- 2.29271e-07)
[#0] ERROR:Eval -- RooAbsReal::logEvalError(pdfCTAU1) evaluation error, 
 origin       : RooAddPdf::pdfCTAU1[ fDFSS * pdfCTAUDSS + [%] * pdfCTAUDF ]
 message      : p.d.f value is less than zero (-0.000186), forcing value to zero
 server values: !refCoefNorm=(ctau3DErr = 0.0146556,ctau3D = -4), !pdfs=(pdfCTAUDSS = 0/1,pdfCTAUDF = 0.0186377/1), !coefficients=(fDFSS = 1.01 +/- 2.29271e-07)
[#0] ERROR:Eval -- RooAbsReal::logEvalError(pdfCTAU1) evaluation error, 
 origin       : RooAddPdf::pdfCTAU1[ fDFSS * pdfCTAUDSS + [%] * pdfCTAUDF ]
 message      : p.d.f value is less than zero (-0.000186), forcing value to zero
 server values: !refCoefNorm=(ctau3DErr = 0.0148938,ctau3D = -4), !pdfs=(pdfCTAUDSS = 0/1,pdfCTAUDF = 0.0186378/1), !coefficients=(fDFSS = 1.01 +/- 2.29271e-07)
[#0] ERROR:Eval -- RooAbsReal::logEvalError(pdfCTAU1) evaluation error, 
 origin       : RooAddPdf::pdfCTAU1[ fDFSS * pdfCTAUDSS + [%] * pdfCTAUDF ]
 message      : p.d.f value is less than zero (-0.000186), forcing value to zero
 server values: !refCoefNorm=(ctau3DErr = 0.0151321,ctau3D = -4), !pdfs=(pdfCTAUDSS = 0/1,pdfCTAUDF = 0.0186378/1), !coefficients=(fDFSS = 1.01 +/- 2.29271e-07)
[#0] ERROR:Eval -- RooAbsReal::logEvalError(pdfCTAU1) evaluation error, 
 origin       : RooAddPdf::pdfCTAU1[ fDFSS * pdfCTAUDSS + [%] * pdfCTAUDF ]
 message      : p.d.f value is less than zero (-0.000186), forcing value to zero
 server values: !refCoefNorm=(ctau3DErr = 0.0213266,ctau3D = -4), !pdfs=(pdfCTAUDSS = 0/1,pdfCTAUDF = 0.0186398/1), !coefficients=(fDFSS = 1.01 +/- 2.29271e-07)
[#0] ERROR:Eval -- RooAbsReal::logEvalError(pdfCTAU1) evaluation error, 
 origin       : RooAddPdf::pdfCTAU1[ fDFSS * pdfCTAUDSS + [%] * pdfCTAUDF ]
 message      : p.d.f value is less than zero (-0.000186), forcing value to zero
 server values: !refCoefNorm=(ctau3DErr = 0.0215648,ctau3D = -4), !pdfs=(pdfCTAUDSS = 0/1,pdfCTAUDF = 0.0186399/1), !coefficients=(fDFSS = 1.01 +/- 2.29271e-07)
[#0] ERROR:Eval -- RooAbsReal::logEvalError(pdfCTAU1) evaluation error, 
 origin       : RooAddPdf::pdfCTAU1[ fDFSS * pdfCTAUDSS + [%] * pdfCTAUDF ]
 message      : p.d.f value is less than zero (-0.000186), forcing value to zero
 server values: !refCoefNorm=(ctau3DErr = 0.0218031,ctau3D = -4), !pdfs=(pdfCTAUDSS = 0/1,pdfCTAUDF = 0.01864/1), !coefficients=(fDFSS = 1.01 +/- 2.29271e-07)
[#0] ERROR:Eval -- RooAbsReal::logEvalError(pdfCTAU1) evaluation error, 
 origin       : RooAddPdf::pdfCTAU1[ fDFSS * pdfCTAUDSS + [%] * pdfCTAUDF ]
 message      : p.d.f value is less than zero (-0.000186), forcing value to zero
 server values: !refCoefNorm=(ctau3DErr = 0.0220413,ctau3D = -4), !pdfs=(pdfCTAUDSS = 0/1,pdfCTAUDF = 0.0186401/1), !coefficients=(fDFSS = 1.01 +/- 2.29271e-07)
[#0] ERROR:Eval -- RooAbsReal::logEvalError(pdfCTAU1) evaluation error, 
 origin       : RooAddPdf::pdfCTAU1[ fDFSS * pdfCTAUDSS + [%] * pdfCTAUDF ]
 message      : p.d.f value is less than zero (-0.000186), forcing value to zero
 server values: !refCoefNorm=(ctau3DErr = 0.0222796,ctau3D = -4), !pdfs=(pdfCTAUDSS = 0/1,pdfCTAUDF = 0.0186402/1), !coefficients=(fDFSS = 1.01 +/- 2.29271e-07)
[#0] ERROR:Eval -- RooAbsReal::logEvalError(pdfCTAU1) evaluation error, 
 origin       : RooAddPdf::pdfCTAU1[ fDFSS * pdfCTAUDSS + [%] * pdfCTAUDF ]
 message      : p.d.f value is less than zero (-0.000186), forcing value to zero
 server values: !refCoefNorm=(ctau3DErr = 0.0225178,ctau3D = -4), !pdfs=(pdfCTAUDSS = 0/1,pdfCTAUDF = 0.0186403/1), !coefficients=(fDFSS = 1.01 +/- 2.29271e-07)
[#0] ERROR:Eval -- RooAbsReal::logEvalError(pdfCTAU1) evaluation error, 
 origin       : RooAddPdf::pdfCTAU1[ fDFSS * pdfCTAUDSS + [%] * pdfCTAUDF ]
 message      : p.d.f value is less than zero (-0.000186), forcing value to zero
 server values: !refCoefNorm=(ctau3DErr = 0.0227561,ctau3D = -4), !pdfs=(pdfCTAUDSS = 0/1,pdfCTAUDF = 0.0186404/1), !coefficients=(fDFSS = 1.01 +/- 2.29271e-07)
[#0] ERROR:Eval -- RooAbsReal::logEvalError(pdfCTAU1) evaluation error, 
 origin       : RooAddPdf::pdfCTAU1[ fDFSS * pdfCTAUDSS + [%] * pdfCTAUDF ]
 message      : p.d.f value is less than zero (-0.000186), forcing value to zero
 server values: !refCoefNorm=(ctau3DErr = 0.0229943,ctau3D = -4), !pdfs=(pdfCTAUDSS = 0/1,pdfCTAUDF = 0.0186405/1), !coefficients=(fDFSS = 1.01 +/- 2.29271e-07)
[#0] ERROR:Eval -- RooAbsReal::logEvalError(pdfCTAU1) evaluation error, 
 origin       : RooAddPdf::pdfCTAU1[ fDFSS * pdfCTAUDSS + [%] * pdfCTAUDF ]
 message      : p.d.f value is less than zero (-0.000186), forcing value to zero
 server values: !refCoefNorm=(ctau3DErr = 0.0234708,ctau3D = -4), !pdfs=(pdfCTAUDSS = 0/1,pdfCTAUDF = 0.0186407/1), !coefficients=(fDFSS = 1.01 +/- 2.29271e-07)
[#0] ERROR:Eval -- RooAbsReal::logEvalError(pdfCTAU1) evaluation error, 
 origin       : RooAddPdf::pdfCTAU1[ fDFSS * pdfCTAUDSS + [%] * pdfCTAUDF ]
 message      : p.d.f value is less than zero (-0.000186), forcing value to zero
 server values: !refCoefNorm=(ctau3DErr = 0.0237091,ctau3D = -4), !pdfs=(pdfCTAUDSS = 0/1,pdfCTAUDF = 0.0186408/1), !coefficients=(fDFSS = 1.01 +/- 2.29271e-07)
[#0] ERROR:Eval -- RooAbsReal::logEvalError(pdfCTAU1) evaluation error, 
 origin       : RooAddPdf::pdfCTAU1[ fDFSS * pdfCTAUDSS + [%] * pdfCTAUDF ]
 message      : p.d.f value is less than zero (-0.000186), forcing value to zero
 server values: !refCoefNorm=(ctau3DErr = 0.0239473,ctau3D = -4), !pdfs=(pdfCTAUDSS = 0/1,pdfCTAUDF = 0.0186409/1), !coefficients=(fDFSS = 1.01 +/- 2.29271e-07)
[#0] ERROR:Eval -- RooAbsReal::logEvalError(pdfCTAU1) evaluation error, 
 origin       : RooAddPdf::pdfCTAU1[ fDFSS * pdfCTAUDSS + [%] * pdfCTAUDF ]
 message      : p.d.f value is less than zero (-0.000186), forcing value to zero
 server values: !refCoefNorm=(ctau3DErr = 0.0153703,ctau3D = -4), !pdfs=(pdfCTAUDSS = 0/1,pdfCTAUDF = 0.0186379/1), !coefficients=(fDFSS = 1.01 +/- 2.29271e-07)
[#0] ERROR:Eval -- RooAbsReal::logEvalError(pdfCTAU1) evaluation error, 
 origin       : RooAddPdf::pdfCTAU1[ fDFSS * pdfCTAUDSS + [%] * pdfCTAUDF ]
 message      : p.d.f value is less than zero (-0.000186), forcing value to zero
 server values: !refCoefNorm=(ctau3DErr = 0.0156086,ctau3D = -4), !pdfs=(pdfCTAUDSS = 0/1,pdfCTAUDF = 0.018638/1), !coefficients=(fDFSS = 1.01 +/- 2.29271e-07)
[#0] ERROR:Eval -- RooAbsReal::logEvalError(pdfCTAU1) evaluation error, 
 origin       : RooAddPdf::pdfCTAU1[ fDFSS * pdfCTAUDSS + [%] * pdfCTAUDF ]
 message      : p.d.f value is less than zero (-0.000186), forcing value to zero
 server values: !refCoefNorm=(ctau3DErr = 0.0158468,ctau3D = -4), !pdfs=(pdfCTAUDSS = 0/1,pdfCTAUDF = 0.018638/1), !coefficients=(fDFSS = 1.01 +/- 2.29271e-07)
[#0] ERROR:Eval -- RooAbsReal::logEvalError(pdfCTAU1) evaluation error, 
 origin       : RooAddPdf::pdfCTAU1[ fDFSS * pdfCTAUDSS + [%] * pdfCTAUDF ]
 message      : p.d.f value is less than zero (-0.000186), forcing value to zero
 server values: !refCoefNorm=(ctau3DErr = 0.0160851,ctau3D = -4), !pdfs=(pdfCTAUDSS = 0/1,pdfCTAUDF = 0.0186381/1), !coefficients=(fDFSS = 1.01 +/- 2.29271e-07)
[#0] ERROR:Eval -- RooAbsReal::logEvalError(pdfCTAU1) evaluation error, 
 origin       : RooAddPdf::pdfCTAU1[ fDFSS * pdfCTAUDSS + [%] * pdfCTAUDF ]
 message      : p.d.f value is less than zero (-0.000186), forcing value to zero
 server values: !refCoefNorm=(ctau3DErr = 0.0163233,ctau3D = -4), !pdfs=(pdfCTAUDSS = 0/1,pdfCTAUDF = 0.0186382/1), !coefficients=(fDFSS = 1.01 +/- 2.29271e-07)
[#0] ERROR:Eval -- RooAbsReal::logEvalError(pdfCTAU1) evaluation error, 
 origin       : RooAddPdf::pdfCTAU1[ fDFSS * pdfCTAUDSS + [%] * pdfCTAUDF ]
 message      : p.d.f value is less than zero (-0.000186), forcing value to zero
 server values: !refCoefNorm=(ctau3DErr = 0.0165616,ctau3D = -4), !pdfs=(pdfCTAUDSS = 0/1,pdfCTAUDF = 0.0186382/1), !coefficients=(fDFSS = 1.01 +/- 2.29271e-07)
[#0] ERROR:Eval -- RooAbsReal::logEvalError(pdfCTAU1) evaluation error, 
 origin       : RooAddPdf::pdfCTAU1[ fDFSS * pdfCTAUDSS + [%] * pdfCTAUDF ]
 message      : p.d.f value is less than zero (-0.000186), forcing value to zero
 server values: !refCoefNorm=(ctau3DErr = 0.0167998,ctau3D = -4), !pdfs=(pdfCTAUDSS = 0/1,pdfCTAUDF = 0.0186383/1), !coefficients=(fDFSS = 1.01 +/- 2.29271e-07)
[#0] ERROR:Eval -- RooAbsReal::logEvalError(pdfCTAU1) evaluation error, 
 origin       : RooAddPdf::pdfCTAU1[ fDFSS * pdfCTAUDSS + [%] * pdfCTAUDF ]
 message      : p.d.f value is less than zero (-0.000186), forcing value to zero
 server values: !refCoefNorm=(ctau3DErr = 0.0170381,ctau3D = -4), !pdfs=(pdfCTAUDSS = 0/1,pdfCTAUDF = 0.0186384/1), !coefficients=(fDFSS = 1.01 +/- 2.29271e-07)
[#0] ERROR:Eval -- RooAbsReal::logEvalError(pdfCTAU1) evaluation error, 
 origin       : RooAddPdf::pdfCTAU1[ fDFSS * pdfCTAUDSS + [%] * pdfCTAUDF ]
 message      : p.d.f value is less than zero (-0.000186), forcing value to zero
 server values: !refCoefNorm=(ctau3DErr = 0.0172763,ctau3D = -4), !pdfs=(pdfCTAUDSS = 0/1,pdfCTAUDF = 0.0186384/1), !coefficients=(fDFSS = 1.01 +/- 2.29271e-07)
[#0] ERROR:Eval -- RooAbsReal::logEvalError(pdfCTAU1) evaluation error, 
 origin       : RooAddPdf::pdfCTAU1[ fDFSS * pdfCTAUDSS + [%] * pdfCTAUDF ]
 message      : p.d.f value is less than zero (-0.000186), forcing value to zero
 server values: !refCoefNorm=(ctau3DErr = 0.0175146,ctau3D = -4), !pdfs=(pdfCTAUDSS = 0/1,pdfCTAUDF = 0.0186385/1), !coefficients=(fDFSS = 1.01 +/- 2.29271e-07)
[#0] ERROR:Eval -- RooAbsReal::logEvalError(pdfCTAU1) evaluation error, 
 origin       : RooAddPdf::pdfCTAU1[ fDFSS * pdfCTAUDSS + [%] * pdfCTAUDF ]
 message      : p.d.f value is less than zero (-0.000186), forcing value to zero
 server values: !refCoefNorm=(ctau3DErr = 0.0177528,ctau3D = -4), !pdfs=(pdfCTAUDSS = 0/1,pdfCTAUDF = 0.0186386/1), !coefficients=(fDFSS = 1.01 +/- 2.29271e-07)
[#0] ERROR:Eval -- RooAbsReal::logEvalError(pdfCTAU1) evaluation error, 
 origin       : RooAddPdf::pdfCTAU1[ fDFSS * pdfCTAUDSS + [%] * pdfCTAUDF ]
 message      : p.d.f value is less than zero (-0.000186), forcing value to zero
 server values: !refCoefNorm=(ctau3DErr = 0.0179911,ctau3D = -4), !pdfs=(pdfCTAUDSS = 0/1,pdfCTAUDF = 0.0186387/1), !coefficients=(fDFSS = 1.01 +/- 2.29271e-07)
[#0] ERROR:Eval -- RooAbsReal::logEvalError(pdfCTAU1) evaluation error, 
 origin       : RooAddPdf::pdfCTAU1[ fDFSS * pdfCTAUDSS + [%] * pdfCTAUDF ]
 message      : p.d.f value is less than zero (-0.000186), forcing value to zero
 server values: !refCoefNorm=(ctau3DErr = 0.00941404,ctau3D = -4), !pdfs=(pdfCTAUDSS = 0/1,pdfCTAUDF = 0.0186366/1), !coefficients=(fDFSS = 1.01 +/- 2.29271e-07)
[#0] ERROR:Eval -- RooAbsReal::logEvalError(pdfCTAU1) evaluation error, 
 origin       : RooAddPdf::pdfCTAU1[ fDFSS * pdfCTAUDSS + [%] * pdfCTAUDF ]
 message      : p.d.f value is less than zero (-0.000186), forcing value to zero
 server values: !refCoefNorm=(ctau3DErr = 0.00989054,ctau3D = -4), !pdfs=(pdfCTAUDSS = 0/1,pdfCTAUDF = 0.0186366/1), !coefficients=(fDFSS = 1.01 +/- 2.29271e-07)
[#0] ERROR:Eval -- RooAbsReal::logEvalError(pdfCTAU1) evaluation error, 
 origin       : RooAddPdf::pdfCTAU1[ fDFSS * pdfCTAUDSS + [%] * pdfCTAUDF ]
 message      : p.d.f value is less than zero (-0.000186), forcing value to zero
 server values: !refCoefNorm=(ctau3DErr = 0.0101288,ctau3D = -4), !pdfs=(pdfCTAUDSS = 0/1,pdfCTAUDF = 0.0186367/1), !coefficients=(fDFSS = 1.01 +/- 2.29271e-07)
[#0] ERROR:Eval -- RooAbsReal::logEvalError(pdfCTAU1) evaluation error, 
 origin       : RooAddPdf::pdfCTAU1[ fDFSS * pdfCTAUDSS + [%] * pdfCTAUDF ]
 message      : p.d.f value is less than zero (-0.000186), forcing value to zero
 server values: !refCoefNorm=(ctau3DErr = 0.010367,ctau3D = -4), !pdfs=(pdfCTAUDSS = 0/1,pdfCTAUDF = 0.0186367/1), !coefficients=(fDFSS = 1.01 +/- 2.29271e-07)
[#0] ERROR:Eval -- RooAbsReal::logEvalError(pdfCTAU1) evaluation error, 
 origin       : RooAddPdf::pdfCTAU1[ fDFSS * pdfCTAUDSS + [%] * pdfCTAUDF ]
 message      : p.d.f value is less than zero (-0.000186), forcing value to zero
 server values: !refCoefNorm=(ctau3DErr = 0.0106053,ctau3D = -4), !pdfs=(pdfCTAUDSS = 0/1,pdfCTAUDF = 0.0186368/1), !coefficients=(fDFSS = 1.01 +/- 2.29271e-07)
[#0] ERROR:Eval -- RooAbsReal::logEvalError(pdfCTAU1) evaluation error, 
 origin       : RooAddPdf::pdfCTAU1[ fDFSS * pdfCTAUDSS + [%] * pdfCTAUDF ]
 message      : p.d.f value is less than zero (-0.000186), forcing value to zero
 server values: !refCoefNorm=(ctau3DErr = 0.0108435,ctau3D = -4), !pdfs=(pdfCTAUDSS = 0/1,pdfCTAUDF = 0.0186368/1), !coefficients=(fDFSS = 1.01 +/- 2.29271e-07)
[#0] ERROR:Eval -- RooAbsReal::logEvalError(pdfCTAU1) evaluation error, 
 origin       : RooAddPdf::pdfCTAU1[ fDFSS * pdfCTAUDSS + [%] * pdfCTAUDF ]
 message      : p.d.f value is less than zero (-0.000186), forcing value to zero
 server values: !refCoefNorm=(ctau3DErr = 0.0110818,ctau3D = -4), !pdfs=(pdfCTAUDSS = 0/1,pdfCTAUDF = 0.0186369/1), !coefficients=(fDFSS = 1.01 +/- 2.29271e-07)
[#0] ERROR:Eval -- RooAbsReal::logEvalError(pdfCTAU1) evaluation error, 
 origin       : RooAddPdf::pdfCTAU1[ fDFSS * pdfCTAUDSS + [%] * pdfCTAUDF ]
 message      : p.d.f value is less than zero (-0.000186), forcing value to zero
 server values: !refCoefNorm=(ctau3DErr = 0.01132,ctau3D = -4), !pdfs=(pdfCTAUDSS = 0/1,pdfCTAUDF = 0.0186369/1), !coefficients=(fDFSS = 1.01 +/- 2.29271e-07)
[#0] ERROR:Eval -- RooAbsReal::logEvalError(pdfCTAU1) evaluation error, 
 origin       : RooAddPdf::pdfCTAU1[ fDFSS * pdfCTAUDSS + [%] * pdfCTAUDF ]
 message      : p.d.f value is less than zero (-0.000186), forcing value to zero
 server values: !refCoefNorm=(ctau3DErr = 0.0115583,ctau3D = -4), !pdfs=(pdfCTAUDSS = 0/1,pdfCTAUDF = 0.018637/1), !coefficients=(fDFSS = 1.01 +/- 2.29271e-07)
[#0] ERROR:Eval -- RooAbsReal::logEvalError(pdfCTAU1) evaluation error, 
 origin       : RooAddPdf::pdfCTAU1[ fDFSS * pdfCTAUDSS + [%] * pdfCTAUDF ]
 message      : p.d.f value is less than zero (-0.000186), forcing value to zero
 server values: !refCoefNorm=(ctau3DErr = 0.0117965,ctau3D = -4), !pdfs=(pdfCTAUDSS = 0/1,pdfCTAUDF = 0.018637/1), !coefficients=(fDFSS = 1.01 +/- 2.29271e-07)
[#0] ERROR:Eval -- RooAbsReal::logEvalError(pdfCTAU1) evaluation error, 
 origin       : RooAddPdf::pdfCTAU1[ fDFSS * pdfCTAUDSS + [%] * pdfCTAUDF ]
 message      : p.d.f value is less than zero (-0.000186), forcing value to zero
 server values: !refCoefNorm=(ctau3DErr = 0.0120348,ctau3D = -4), !pdfs=(pdfCTAUDSS = 0/1,pdfCTAUDF = 0.0186371/1), !coefficients=(fDFSS = 1.01 +/- 2.29271e-07)
[#0] ERROR:Eval -- RooAbsReal::logEvalError(pdfCTAU1) evaluation error, 
 origin       : RooAddPdf::pdfCTAU1[ fDFSS * pdfCTAUDSS + [%] * pdfCTAUDF ]
 message      : p.d.f value is less than zero (-0.000186), forcing value to zero
 server values: !refCoefNorm=(ctau3DErr = 0.0241856,ctau3D = -4), !pdfs=(pdfCTAUDSS = 0/1,pdfCTAUDF = 0.018641/1), !coefficients=(fDFSS = 1.01 +/- 2.29271e-07)
[#0] ERROR:Eval -- RooAbsReal::logEvalError(pdfCTAU1) evaluation error, 
 origin       : RooAddPdf::pdfCTAU1[ fDFSS * pdfCTAUDSS + [%] * pdfCTAUDF ]
 message      : p.d.f value is less than zero (-0.000186), forcing value to zero
 server values: !refCoefNorm=(ctau3DErr = 0.0244239,ctau3D = -4), !pdfs=(pdfCTAUDSS = 0/1,pdfCTAUDF = 0.0186411/1), !coefficients=(fDFSS = 1.01 +/- 2.29271e-07)
[#0] ERROR:Eval -- RooAbsReal::logEvalError(pdfCTAU1) evaluation error, 
 origin       : RooAddPdf::pdfCTAU1[ fDFSS * pdfCTAUDSS + [%] * pdfCTAUDF ]
 message      : p.d.f value is less than zero (-0.000186), forcing value to zero
 server values: !refCoefNorm=(ctau3DErr = 0.0246621,ctau3D = -4), !pdfs=(pdfCTAUDSS = 0/1,pdfCTAUDF = 0.0186412/1), !coefficients=(fDFSS = 1.01 +/- 2.29271e-07)
[#0] ERROR:Eval -- RooAbsReal::logEvalError(pdfCTAU1) evaluation error, 
 origin       : RooAddPdf::pdfCTAU1[ fDFSS * pdfCTAUDSS + [%] * pdfCTAUDF ]
 message      : p.d.f value is less than zero (-0.000186), forcing value to zero
 server values: !refCoefNorm=(ctau3DErr = 0.0249004,ctau3D = -4), !pdfs=(pdfCTAUDSS = 0/1,pdfCTAUDF = 0.0186413/1), !coefficients=(fDFSS = 1.01 +/- 2.29271e-07)
[#0] ERROR:Eval -- RooAbsReal::logEvalError(pdfCTAU1) evaluation error, 
 origin       : RooAddPdf::pdfCTAU1[ fDFSS * pdfCTAUDSS + [%] * pdfCTAUDF ]
 message      : p.d.f value is less than zero (-0.000186), forcing value to zero
 server values: !refCoefNorm=(ctau3DErr = 0.0251386,ctau3D = -4), !pdfs=(pdfCTAUDSS = 0/1,pdfCTAUDF = 0.0186414/1), !coefficients=(fDFSS = 1.01 +/- 2.29271e-07)
[#0] ERROR:Eval -- RooAbsReal::logEvalError(pdfCTAU1) evaluation error, 
 origin       : RooAddPdf::pdfCTAU1[ fDFSS * pdfCTAUDSS + [%] * pdfCTAUDF ]
 message      : p.d.f value is less than zero (-0.000186), forcing value to zero
 server values: !refCoefNorm=(ctau3DErr = 0.0256151,ctau3D = -4), !pdfs=(pdfCTAUDSS = 0/1,pdfCTAUDF = 0.0186417/1), !coefficients=(fDFSS = 1.01 +/- 2.29271e-07)
[#0] ERROR:Eval -- RooAbsReal::logEvalError(pdfCTAU1) evaluation error, 
 origin       : RooAddPdf::pdfCTAU1[ fDFSS * pdfCTAUDSS + [%] * pdfCTAUDF ]
 message      : p.d.f value is less than zero (-0.000186), forcing value to zero
 server values: !refCoefNorm=(ctau3DErr = 0.0258534,ctau3D = -4), !pdfs=(pdfCTAUDSS = 0/1,pdfCTAUDF = 0.0186418/1), !coefficients=(fDFSS = 1.01 +/- 2.29271e-07)
[#0] ERROR:Eval -- RooAbsReal::logEvalError(pdfCTAU1) evaluation error, 
 origin       : RooAddPdf::pdfCTAU1[ fDFSS * pdfCTAUDSS + [%] * pdfCTAUDF ]
 message      : p.d.f value is less than zero (-0.000186), forcing value to zero
 server values: !refCoefNorm=(ctau3DErr = 0.0260916,ctau3D = -4), !pdfs=(pdfCTAUDSS = 0/1,pdfCTAUDF = 0.0186419/1), !coefficients=(fDFSS = 1.01 +/- 2.29271e-07)
[#0] ERROR:Eval -- RooAbsReal::logEvalError(pdfCTAU1) evaluation error, 
 origin       : RooAddPdf::pdfCTAU1[ fDFSS * pdfCTAUDSS + [%] * pdfCTAUDF ]
 message      : p.d.f value is less than zero (-0.000186), forcing value to zero
 server values: !refCoefNorm=(ctau3DErr = 0.0263299,ctau3D = -4), !pdfs=(pdfCTAUDSS = 0/1,pdfCTAUDF = 0.018642/1), !coefficients=(fDFSS = 1.01 +/- 2.29271e-07)
[#0] ERROR:Eval -- RooAbsReal::logEvalError(pdfCTAU1) evaluation error, 
 origin       : RooAddPdf::pdfCTAU1[ fDFSS * pdfCTAUDSS + [%] * pdfCTAUDF ]
 message      : p.d.f value is less than zero (-0.000186), forcing value to zero
 server values: !refCoefNorm=(ctau3DErr = 0.0268064,ctau3D = -4), !pdfs=(pdfCTAUDSS = 0/1,pdfCTAUDF = 0.0186422/1), !coefficients=(fDFSS = 1.01 +/- 2.29271e-07)
[#0] ERROR:Eval -- RooAbsReal::logEvalError(pdfCTAU1) evaluation error, 
 origin       : RooAddPdf::pdfCTAU1[ fDFSS * pdfCTAUDSS + [%] * pdfCTAUDF ]
 message      : p.d.f value is less than zero (-0.000186), forcing value to zero
 server values: !refCoefNorm=(ctau3DErr = 0.0270446,ctau3D = -4), !pdfs=(pdfCTAUDSS = 0/1,pdfCTAUDF = 0.0186423/1), !coefficients=(fDFSS = 1.01 +/- 2.29271e-07)
[#0] ERROR:Eval -- RooAbsReal::logEvalError(pdfCTAU1) evaluation error, 
 origin       : RooAddPdf::pdfCTAU1[ fDFSS * pdfCTAUDSS + [%] * pdfCTAUDF ]
 message      : p.d.f value is less than zero (-0.000186), forcing value to zero
 server values: !refCoefNorm=(ctau3DErr = 0.0182293,ctau3D = -4), !pdfs=(pdfCTAUDSS = 0/1,pdfCTAUDF = 0.0186388/1), !coefficients=(fDFSS = 1.01 +/- 2.29271e-07)
[#0] ERROR:Eval -- RooAbsReal::logEvalError(pdfCTAU1) evaluation error, 
 origin       : RooAddPdf::pdfCTAU1[ fDFSS * pdfCTAUDSS + [%] * pdfCTAUDF ]
 message      : p.d.f value is less than zero (-0.000186), forcing value to zero
 server values: !refCoefNorm=(ctau3DErr = 0.0184676,ctau3D = -4), !pdfs=(pdfCTAUDSS = 0/1,pdfCTAUDF = 0.0186388/1), !coefficients=(fDFSS = 1.01 +/- 2.29271e-07)
[#0] ERROR:Eval -- RooAbsReal::logEvalError(pdfCTAU1) evaluation error, 
 origin       : RooAddPdf::pdfCTAU1[ fDFSS * pdfCTAUDSS + [%] * pdfCTAUDF ]
 message      : p.d.f value is less than zero (-0.000186), forcing value to zero
 server values: !refCoefNorm=(ctau3DErr = 0.0187058,ctau3D = -4), !pdfs=(pdfCTAUDSS = 0/1,pdfCTAUDF = 0.0186389/1), !coefficients=(fDFSS = 1.01 +/- 2.29271e-07)
[#0] ERROR:Eval -- RooAbsReal::logEvalError(pdfCTAU1) evaluation error, 
 origin       : RooAddPdf::pdfCTAU1[ fDFSS * pdfCTAUDSS + [%] * pdfCTAUDF ]
 message      : p.d.f value is less than zero (-0.000186), forcing value to zero
 server values: !refCoefNorm=(ctau3DErr = 0.0189441,ctau3D = -4), !pdfs=(pdfCTAUDSS = 0/1,pdfCTAUDF = 0.018639/1), !coefficients=(fDFSS = 1.01 +/- 2.29271e-07)
[#0] ERROR:Eval -- RooAbsReal::logEvalError(pdfCTAU1) evaluation error, 
 origin       : RooAddPdf::pdfCTAU1[ fDFSS * pdfCTAUDSS + [%] * pdfCTAUDF ]
 message      : p.d.f value is less than zero (-0.000186), forcing value to zero
 server values: !refCoefNorm=(ctau3DErr = 0.0191823,ctau3D = -4), !pdfs=(pdfCTAUDSS = 0/1,pdfCTAUDF = 0.0186391/1), !coefficients=(fDFSS = 1.01 +/- 2.29271e-07)
[#0] ERROR:Eval -- RooAbsReal::logEvalError(pdfCTAU1) evaluation error, 
 origin       : RooAddPdf::pdfCTAU1[ fDFSS * pdfCTAUDSS + [%] * pdfCTAUDF ]
 message      : p.d.f value is less than zero (-0.000186), forcing value to zero
 server values: !refCoefNorm=(ctau3DErr = 0.0194206,ctau3D = -4), !pdfs=(pdfCTAUDSS = 0/1,pdfCTAUDF = 0.0186392/1), !coefficients=(fDFSS = 1.01 +/- 2.29271e-07)
[#0] ERROR:Eval -- RooAbsReal::logEvalError(pdfCTAU1) evaluation error, 
 origin       : RooAddPdf::pdfCTAU1[ fDFSS * pdfCTAUDSS + [%] * pdfCTAUDF ]
 message      : p.d.f value is less than zero (-0.000186), forcing value to zero
 server values: !refCoefNorm=(ctau3DErr = 0.0196588,ctau3D = -4), !pdfs=(pdfCTAUDSS = 0/1,pdfCTAUDF = 0.0186392/1), !coefficients=(fDFSS = 1.01 +/- 2.29271e-07)
[#0] ERROR:Eval -- RooAbsReal::logEvalError(pdfCTAU1) evaluation error, 
 origin       : RooAddPdf::pdfCTAU1[ fDFSS * pdfCTAUDSS + [%] * pdfCTAUDF ]
 message      : p.d.f value is less than zero (-0.000186), forcing value to zero
 server values: !refCoefNorm=(ctau3DErr = 0.0198971,ctau3D = -4), !pdfs=(pdfCTAUDSS = 0/1,pdfCTAUDF = 0.0186393/1), !coefficients=(fDFSS = 1.01 +/- 2.29271e-07)
[#0] ERROR:Eval -- RooAbsReal::logEvalError(pdfCTAU1) evaluation error, 
 origin       : RooAddPdf::pdfCTAU1[ fDFSS * pdfCTAUDSS + [%] * pdfCTAUDF ]
 message      : p.d.f value is less than zero (-0.000186), forcing value to zero
 server values: !refCoefNorm=(ctau3DErr = 0.0201353,ctau3D = -4), !pdfs=(pdfCTAUDSS = 0/1,pdfCTAUDF = 0.0186394/1), !coefficients=(fDFSS = 1.01 +/- 2.29271e-07)
[#0] ERROR:Eval -- RooAbsReal::logEvalError(pdfCTAU1) evaluation error, 
 origin       : RooAddPdf::pdfCTAU1[ fDFSS * pdfCTAUDSS + [%] * pdfCTAUDF ]
 message      : p.d.f value is less than zero (-0.000186), forcing value to zero
 server values: !refCoefNorm=(ctau3DErr = 0.0203736,ctau3D = -4), !pdfs=(pdfCTAUDSS = 0/1,pdfCTAUDF = 0.0186395/1), !coefficients=(fDFSS = 1.01 +/- 2.29271e-07)
[#0] ERROR:Eval -- RooAbsReal::logEvalError(pdfCTAU1) evaluation error, 
 origin       : RooAddPdf::pdfCTAU1[ fDFSS * pdfCTAUDSS + [%] * pdfCTAUDF ]
 message      : p.d.f value is less than zero (-0.000186), forcing value to zero
 server values: !refCoefNorm=(ctau3DErr = 0.0206118,ctau3D = -4), !pdfs=(pdfCTAUDSS = 0/1,pdfCTAUDF = 0.0186396/1), !coefficients=(fDFSS = 1.01 +/- 2.29271e-07)
[#0] ERROR:Eval -- RooAbsReal::logEvalError(pdfCTAU1) evaluation error, 
 origin       : RooAddPdf::pdfCTAU1[ fDFSS * pdfCTAUDSS + [%] * pdfCTAUDF ]
 message      : p.d.f value is less than zero (-0.000186), forcing value to zero
 server values: !refCoefNorm=(ctau3DErr = 0.0208501,ctau3D = -4), !pdfs=(pdfCTAUDSS = 0/1,pdfCTAUDF = 0.0186397/1), !coefficients=(fDFSS = 1.01 +/- 2.29271e-07)
[#0] ERROR:Eval -- RooAbsReal::logEvalError(pdfCTAU1) evaluation error, 
 origin       : RooAddPdf::pdfCTAU1[ fDFSS * pdfCTAUDSS + [%] * pdfCTAUDF ]
 message      : p.d.f value is less than zero (-0.000186), forcing value to zero
 server values: !refCoefNorm=(ctau3DErr = 0.0210883,ctau3D = -4), !pdfs=(pdfCTAUDSS = 0/1,pdfCTAUDF = 0.0186398/1), !coefficients=(fDFSS = 1.01 +/- 2.29271e-07)
[#0] ERROR:Eval -- RooAbsReal::logEvalError(pdfCTAU1) evaluation error, 
 origin       : RooAddPdf::pdfCTAU1[ fDFSS * pdfCTAUDSS + [%] * pdfCTAUDF ]
 message      : p.d.f value is less than zero (-0.000186), forcing value to zero
 server values: !refCoefNorm=(ctau3DErr = 0.0277594,ctau3D = -4), !pdfs=(pdfCTAUDSS = 0/1,pdfCTAUDF = 0.0186427/1), !coefficients=(fDFSS = 1.01 +/- 2.29271e-07)
[#0] ERROR:Eval -- RooAbsReal::logEvalError(pdfCTAU1) evaluation error, 
 origin       : RooAddPdf::pdfCTAU1[ fDFSS * pdfCTAUDSS + [%] * pdfCTAUDF ]
 message      : p.d.f value is less than zero (-0.000186), forcing value to zero
 server values: !refCoefNorm=(ctau3DErr = 0.0279976,ctau3D = -4), !pdfs=(pdfCTAUDSS = 0/1,pdfCTAUDF = 0.0186428/1), !coefficients=(fDFSS = 1.01 +/- 2.29271e-07)
[#0] ERROR:Eval -- RooAbsReal::logEvalError(pdfCTAU1) evaluation error, 
 origin       : RooAddPdf::pdfCTAU1[ fDFSS * pdfCTAUDSS + [%] * pdfCTAUDF ]
 message      : p.d.f value is less than zero (-0.000186), forcing value to zero
 server values: !refCoefNorm=(ctau3DErr = 0.0289506,ctau3D = -4), !pdfs=(pdfCTAUDSS = 0/1,pdfCTAUDF = 0.0186433/1), !coefficients=(fDFSS = 1.01 +/- 2.29271e-07)
[#0] ERROR:Eval -- RooAbsReal::logEvalError(pdfCTAU1) evaluation error, 
 origin       : RooAddPdf::pdfCTAU1[ fDFSS * pdfCTAUDSS + [%] * pdfCTAUDF ]
 message      : p.d.f value is less than zero (-0.000186), forcing value to zero
 server values: !refCoefNorm=(ctau3DErr = 0.0291889,ctau3D = -4), !pdfs=(pdfCTAUDSS = 0/1,pdfCTAUDF = 0.0186434/1), !coefficients=(fDFSS = 1.01 +/- 2.29271e-07)
[#0] ERROR:Eval -- RooAbsReal::logEvalError(pdfCTAU1) evaluation error, 
 origin       : RooAddPdf::pdfCTAU1[ fDFSS * pdfCTAUDSS + [%] * pdfCTAUDF ]
 message      : p.d.f value is less than zero (-0.000186), forcing value to zero
 server values: !refCoefNorm=(ctau3DErr = 0.0294271,ctau3D = -4), !pdfs=(pdfCTAUDSS = 0/1,pdfCTAUDF = 0.0186435/1), !coefficients=(fDFSS = 1.01 +/- 2.29271e-07)
[#0] ERROR:Eval -- RooAbsReal::logEvalError(pdfCTAU1) evaluation error, 
 origin       : RooAddPdf::pdfCTAU1[ fDFSS * pdfCTAUDSS + [%] * pdfCTAUDF ]
 message      : p.d.f value is less than zero (-0.000186), forcing value to zero
 server values: !refCoefNorm=(ctau3DErr = 0.0299036,ctau3D = -4), !pdfs=(pdfCTAUDSS = 0/1,pdfCTAUDF = 0.0186438/1), !coefficients=(fDFSS = 1.01 +/- 2.29271e-07)
[#0] WARNING:Eval -- RooAddPdf::updateCoefCache(pdfCTAU1 WARNING: sum of PDF coefficients not in range [0-1], value=1.01[#0] WARNING:Eval -- 
[#0] WARNING:Eval -- RooAddPdf::updateCoefCache(pdfCTAU1 WARNING: sum of PDF coefficients not in range [0-1], value=1.01[#0] WARNING:Eval -- 
[#0] WARNING:Eval -- RooAddPdf::updateCoefCache(pdfCTAU1 WARNING: sum of PDF coefficients not in range [0-1], value=1.01[#0] WARNING:Eval -- 
[#0] WARNING:Eval -- RooAddPdf::updateCoefCache(pdfCTAU1 WARNING: sum of PDF coefficients not in range [0-1], value=1.01[#0] WARNING:Eval -- 
[#0] WARNING:Eval -- RooAddPdf::updateCoefCache(pdfCTAU1 WARNING: sum of PDF coefficients not in range [0-1], value=1.01[#0] WARNING:Eval -- 
[#0] WARNING:Eval -- RooAddPdf::updateCoefCache(pdfCTAU1 WARNING: sum of PDF coefficients not in range [0-1], value=1.01[#0] WARNING:Eval -- 
[#0] WARNING:Eval -- RooAddPdf::updateCoefCache(pdfCTAU1 WARNING: sum of PDF coefficients not in range [0-1], value=1.01[#0] WARNING:Eval -- 
RooArgSet::dependents = (ctau3D)
RooSetProxy::!refCoefNorm = (ctau3DErr,ctau3D)
RooArgSet::dependents = (ctau3D)
RooSetProxy::!refCoefNorm = (ctau3DErr,ctau3D)
RooArgSet:: = ()
RooSetProxy::!refCoefNorm = (ctau3DErr,ctau3D)
[#0] WARNING:Eval -- RooAddPdf::updateCoefCache(pdfCTAU1 WARNING: sum of PDF coefficients not in range [0-1], value=1.01[#0] WARNING:Eval -- 
[#0] WARNING:Eval -- RooAddPdf::updateCoefCache(pdfCTAU1 WARNING: sum of PDF coefficients not in range [0-1], value=1.01[#0] WARNING:Eval -- 
[#0] WARNING:Eval -- RooAddPdf::updateCoefCache(pdfCTAU1 WARNING: sum of PDF coefficients not in range [0-1], value=1.01[#0] WARNING:Eval -- 
[#0] WARNING:Eval -- RooAddPdf::updateCoefCache(pdfCTAU1 WARNING: sum of PDF coefficients not in range [0-1], value=1.01[#0] WARNING:Eval -- 
[#0] WARNING:Eval -- RooAddPdf::updateCoefCache(pdfCTAU1 WARNING: sum of PDF coefficients not in range [0-1], value=1.01[#0] WARNING:Eval -- 
[#0] WARNING:Eval -- RooAddPdf::updateCoefCache(pdfCTAU1 WARNING: sum of PDF coefficients not in range [0-1], value=1.01[#0] WARNING:Eval --  (no more will be printed)[#0] WARNING:Eval -- 
RooArgSet::dependents = (ctau3D)
RooSetProxy::!refCoefNorm = (ctau3DErr,ctau3D)
RooArgSet::dependents = (ctau3D)
RooSetProxy::!refCoefNorm = (ctau3DErr,ctau3D)
RooArgSet::dependents = (ctau3D)
RooArgSet::dependents = (ctau3D)
RooArgSet::dependents = (ctau3D)
RooSetProxy::!refCoefNorm = (ctau3DErr,ctau3D)
RooArgSet::dependents = (ctau3D)
RooSetProxy::!refCoefNorm = (ctau3DErr,ctau3D)
RooArgSet::dependents = (ctau3D)
RooArgSet::dependents = (ctau3D)
RooSetProxy::!refCoefNorm = (ctau3DErr,ctau3D)
RooSetProxy::!refCoefNorm = (ctau3DErr,ctau3D)
RooSetProxy::!refCoefNorm = (ctau3DErr,ctau3D)
RooSetProxy::!refCoefNorm = (ctau3DErr,ctau3D)
RooArgSet::dependents = (ctau3D)
RooSetProxy::!refCoefNorm = (ctau3DErr,ctau3D)
RooArgSet::dependents = (ctau3D)
RooSetProxy::!refCoefNorm = (ctau3DErr,ctau3D)
RooArgSet::dependents = (ctau3D)
RooSetProxy::!refCoefNorm = (ctau3DErr,ctau3D)
RooArgSet::dependents = (ctau3D)
RooArgSet::dependents = (ctau3D)
RooSetProxy::!refCoefNorm = (ctau3DErr,ctau3D)
RooSetProxy::!refCoefNorm = (ctau3DErr,ctau3D)
RooArgSet::dependents = (ctau3D)
RooSetProxy::!refCoefNorm = (ctau3DErr,ctau3D)
RooArgSet::dependents = (ctau3D)
RooSetProxy::!refCoefNorm = (ctau3DErr,ctau3D)
RooArgSet::dependents = (ctau3D)
RooSetProxy::!refCoefNorm = (ctau3DErr,ctau3D)
RooArgSet:: = ()
RooSetProxy::!refCoefNorm = (ctau3DErr,ctau3D)
RooArgSet:: = ()
RooSetProxy::!refCoefNorm = (ctau3DErr,ctau3D)
RooArgSet:: = ()
RooSetProxy::!refCoefNorm = (ctau3DErr,ctau3D)
RooArgSet:: = ()
RooArgSet:: = ()
RooSetProxy::!refCoefNorm = (ctau3DErr,ctau3D)
RooArgSet:: = ()
RooSetProxy::!refCoefNorm = (ctau3DErr,ctau3D)
RooSetProxy::!refCoefNorm = (ctau3DErr,ctau3D)
RooArgSet:: = ()
RooSetProxy::!refCoefNorm = (ctau3DErr,ctau3D)
RooArgSet:: = ()
RooSetProxy::!refCoefNorm = (ctau3DErr,ctau3D)
[#0] ERROR:Eval -- RooAbsReal::logEvalError(pdfCTAU1) evaluation error, 
 origin       : RooAddPdf::pdfCTAU1[ fDFSS * pdfCTAUDSS + [%] * pdfCTAUDF ]
 message      : p.d.f value is less than zero (-0.000186), forcing value to zero
 server values: !refCoefNorm=(ctau3DErr = 0.0277594,ctau3D = -4), !pdfs=(pdfCTAUDSS = 0/1,pdfCTAUDF = 0.0186427/1), !coefficients=(fDFSS = 1.01 +/- 2.29271e-07)
[#0] ERROR:Eval -- RooAbsReal::logEvalError(pdfCTAU1) evaluation error, 
 origin       : RooAddPdf::pdfCTAU1[ fDFSS * pdfCTAUDSS + [%] * pdfCTAUDF ]
 message      : p.d.f value is less than zero (-0.000186), forcing value to zero
 server values: !refCoefNorm=(ctau3DErr = 0.0279976,ctau3D = -4), !pdfs=(pdfCTAUDSS = 0/1,pdfCTAUDF = 0.0186428/1), !coefficients=(fDFSS = 1.01 +/- 2.29271e-07)
[#0] ERROR:Eval -- RooAbsReal::logEvalError(pdfCTAU1) evaluation error, 
 origin       : RooAddPdf::pdfCTAU1[ fDFSS * pdfCTAUDSS + [%] * pdfCTAUDF ]
 message      : p.d.f value is less than zero (-0.000186), forcing value to zero
 server values: !refCoefNorm=(ctau3DErr = 0.0289506,ctau3D = -4), !pdfs=(pdfCTAUDSS = 0/1,pdfCTAUDF = 0.0186433/1), !coefficients=(fDFSS = 1.01 +/- 2.29271e-07)
[#0] ERROR:Eval -- RooAbsReal::logEvalError(pdfCTAU1) evaluation error, 
 origin       : RooAddPdf::pdfCTAU1[ fDFSS * pdfCTAUDSS + [%] * pdfCTAUDF ]
 message      : p.d.f value is less than zero (-0.000186), forcing value to zero
 server values: !refCoefNorm=(ctau3DErr = 0.0291889,ctau3D = -4), !pdfs=(pdfCTAUDSS = 0/1,pdfCTAUDF = 0.0186434/1), !coefficients=(fDFSS = 1.01 +/- 2.29271e-07)
[#0] ERROR:Eval -- RooAbsReal::logEvalError(pdfCTAU1) evaluation error, 
 origin       : RooAddPdf::pdfCTAU1[ fDFSS * pdfCTAUDSS + [%] * pdfCTAUDF ]
 message      : p.d.f value is less than zero (-0.000186), forcing value to zero
 server values: !refCoefNorm=(ctau3DErr = 0.0294271,ctau3D = -4), !pdfs=(pdfCTAUDSS = 0/1,pdfCTAUDF = 0.0186435/1), !coefficients=(fDFSS = 1.01 +/- 2.29271e-07)
[#0] ERROR:Eval -- RooAbsReal::logEvalError(pdfCTAU1) evaluation error, 
 origin       : RooAddPdf::pdfCTAU1[ fDFSS * pdfCTAUDSS + [%] * pdfCTAUDF ]
 message      : p.d.f value is less than zero (-0.000186), forcing value to zero
 server values: !refCoefNorm=(ctau3DErr = 0.0299036,ctau3D = -4), !pdfs=(pdfCTAUDSS = 0/1,pdfCTAUDF = 0.0186438/1), !coefficients=(fDFSS = 1.01 +/- 2.29271e-07)
[#0] ERROR:Eval -- RooAbsReal::logEvalError(pdfCTAU1) evaluation error, 
 origin       : RooAddPdf::pdfCTAU1[ fDFSS * pdfCTAUDSS + [%] * pdfCTAUDF ]
 message      : p.d.f value is less than zero (-0.000186), forcing value to zero
 server values: !refCoefNorm=(ctau3DErr = 0.00941404,ctau3D = -4), !pdfs=(pdfCTAUDSS = 0/1,pdfCTAUDF = 0.0186366/1), !coefficients=(fDFSS = 1.01 +/- 2.29271e-07)
[#0] ERROR:Eval -- RooAbsReal::logEvalError(pdfCTAU1) evaluation error, 
 origin       : RooAddPdf::pdfCTAU1[ fDFSS * pdfCTAUDSS + [%] * pdfCTAUDF ]
 message      : p.d.f value is less than zero (-0.000186), forcing value to zero
 server values: !refCoefNorm=(ctau3DErr = 0.00989054,ctau3D = -4), !pdfs=(pdfCTAUDSS = 0/1,pdfCTAUDF = 0.0186366/1), !coefficients=(fDFSS = 1.01 +/- 2.29271e-07)
[#0] ERROR:Eval -- RooAbsReal::logEvalError(pdfCTAU1) evaluation error, 
 origin       : RooAddPdf::pdfCTAU1[ fDFSS * pdfCTAUDSS + [%] * pdfCTAUDF ]
 message      : p.d.f value is less than zero (-0.000186), forcing value to zero
 server values: !refCoefNorm=(ctau3DErr = 0.0101288,ctau3D = -4), !pdfs=(pdfCTAUDSS = 0/1,pdfCTAUDF = 0.0186367/1), !coefficients=(fDFSS = 1.01 +/- 2.29271e-07)
[#0] ERROR:Eval -- RooAbsReal::logEvalError(pdfCTAU1) evaluation error, 
 origin       : RooAddPdf::pdfCTAU1[ fDFSS * pdfCTAUDSS + [%] * pdfCTAUDF ]
 message      : p.d.f value is less than zero (-0.000186), forcing value to zero
 server values: !refCoefNorm=(ctau3DErr = 0.010367,ctau3D = -4), !pdfs=(pdfCTAUDSS = 0/1,pdfCTAUDF = 0.0186367/1), !coefficients=(fDFSS = 1.01 +/- 2.29271e-07)
[#0] ERROR:Eval -- RooAbsReal::logEvalError(pdfCTAU1) evaluation error, 
 origin       : RooAddPdf::pdfCTAU1[ fDFSS * pdfCTAUDSS + [%] * pdfCTAUDF ]
 message      : p.d.f value is less than zero (-0.000186), forcing value to zero
 server values: !refCoefNorm=(ctau3DErr = 0.0106053,ctau3D = -4), !pdfs=(pdfCTAUDSS = 0/1,pdfCTAUDF = 0.0186368/1), !coefficients=(fDFSS = 1.01 +/- 2.29271e-07)
[#0] ERROR:Eval -- RooAbsReal::logEvalError(pdfCTAU1) evaluation error, 
 origin       : RooAddPdf::pdfCTAU1[ fDFSS * pdfCTAUDSS + [%] * pdfCTAUDF ]
 message      : p.d.f value is less than zero (-0.000186), forcing value to zero
 server values: !refCoefNorm=(ctau3DErr = 0.0108435,ctau3D = -4), !pdfs=(pdfCTAUDSS = 0/1,pdfCTAUDF = 0.0186368/1), !coefficients=(fDFSS = 1.01 +/- 2.29271e-07)
[#0] ERROR:Eval -- RooAbsReal::logEvalError(pdfCTAU1) evaluation error, 
 origin       : RooAddPdf::pdfCTAU1[ fDFSS * pdfCTAUDSS + [%] * pdfCTAUDF ]
 message      : p.d.f value is less than zero (-0.000186), forcing value to zero
 server values: !refCoefNorm=(ctau3DErr = 0.0110818,ctau3D = -4), !pdfs=(pdfCTAUDSS = 0/1,pdfCTAUDF = 0.0186369/1), !coefficients=(fDFSS = 1.01 +/- 2.29271e-07)
[#0] ERROR:Eval -- RooAbsReal::logEvalError(pdfCTAU1) evaluation error, 
 origin       : RooAddPdf::pdfCTAU1[ fDFSS * pdfCTAUDSS + [%] * pdfCTAUDF ]
 message      : p.d.f value is less than zero (-0.000186), forcing value to zero
 server values: !refCoefNorm=(ctau3DErr = 0.01132,ctau3D = -4), !pdfs=(pdfCTAUDSS = 0/1,pdfCTAUDF = 0.0186369/1), !coefficients=(fDFSS = 1.01 +/- 2.29271e-07)
[#0] ERROR:Eval -- RooAbsReal::logEvalError(pdfCTAU1) evaluation error, 
 origin       : RooAddPdf::pdfCTAU1[ fDFSS * pdfCTAUDSS + [%] * pdfCTAUDF ]
 message      : p.d.f value is less than zero (-0.000186), forcing value to zero
 server values: !refCoefNorm=(ctau3DErr = 0.0115583,ctau3D = -4), !pdfs=(pdfCTAUDSS = 0/1,pdfCTAUDF = 0.018637/1), !coefficients=(fDFSS = 1.01 +/- 2.29271e-07)
[#0] ERROR:Eval -- RooAbsReal::logEvalError(pdfCTAU1) evaluation error, 
 origin       : RooAddPdf::pdfCTAU1[ fDFSS * pdfCTAUDSS + [%] * pdfCTAUDF ]
 message      : p.d.f value is less than zero (-0.000186), forcing value to zero
 server values: !refCoefNorm=(ctau3DErr = 0.0117965,ctau3D = -4), !pdfs=(pdfCTAUDSS = 0/1,pdfCTAUDF = 0.018637/1), !coefficients=(fDFSS = 1.01 +/- 2.29271e-07)
[#0] ERROR:Eval -- RooAbsReal::logEvalError(pdfCTAU1) evaluation error, 
 origin       : RooAddPdf::pdfCTAU1[ fDFSS * pdfCTAUDSS + [%] * pdfCTAUDF ]
 message      : p.d.f value is less than zero (-0.000186), forcing value to zero
 server values: !refCoefNorm=(ctau3DErr = 0.0120348,ctau3D = -4), !pdfs=(pdfCTAUDSS = 0/1,pdfCTAUDF = 0.0186371/1), !coefficients=(fDFSS = 1.01 +/- 2.29271e-07)
[#0] ERROR:Eval -- RooAbsReal::logEvalError(pdfCTAU1) evaluation error, 
 origin       : RooAddPdf::pdfCTAU1[ fDFSS * pdfCTAUDSS + [%] * pdfCTAUDF ]
 message      : p.d.f value is less than zero (-0.000186), forcing value to zero
 server values: !refCoefNorm=(ctau3DErr = 0.0182293,ctau3D = -4), !pdfs=(pdfCTAUDSS = 0/1,pdfCTAUDF = 0.0186388/1), !coefficients=(fDFSS = 1.01 +/- 2.29271e-07)
[#0] ERROR:Eval -- RooAbsReal::logEvalError(pdfCTAU1) evaluation error, 
 origin       : RooAddPdf::pdfCTAU1[ fDFSS * pdfCTAUDSS + [%] * pdfCTAUDF ]
 message      : p.d.f value is less than zero (-0.000186), forcing value to zero
 server values: !refCoefNorm=(ctau3DErr = 0.0184676,ctau3D = -4), !pdfs=(pdfCTAUDSS = 0/1,pdfCTAUDF = 0.0186388/1), !coefficients=(fDFSS = 1.01 +/- 2.29271e-07)
[#0] ERROR:Eval -- RooAbsReal::logEvalError(pdfCTAU1) evaluation error, 
 origin       : RooAddPdf::pdfCTAU1[ fDFSS * pdfCTAUDSS + [%] * pdfCTAUDF ]
 message      : p.d.f value is less than zero (-0.000186), forcing value to zero
 server values: !refCoefNorm=(ctau3DErr = 0.0187058,ctau3D = -4), !pdfs=(pdfCTAUDSS = 0/1,pdfCTAUDF = 0.0186389/1), !coefficients=(fDFSS = 1.01 +/- 2.29271e-07)
[#0] ERROR:Eval -- RooAbsReal::logEvalError(pdfCTAU1) evaluation error, 
 origin       : RooAddPdf::pdfCTAU1[ fDFSS * pdfCTAUDSS + [%] * pdfCTAUDF ]
 message      : p.d.f value is less than zero (-0.000186), forcing value to zero
 server values: !refCoefNorm=(ctau3DErr = 0.0189441,ctau3D = -4), !pdfs=(pdfCTAUDSS = 0/1,pdfCTAUDF = 0.018639/1), !coefficients=(fDFSS = 1.01 +/- 2.29271e-07)
[#0] ERROR:Eval -- RooAbsReal::logEvalError(pdfCTAU1) evaluation error, 
 origin       : RooAddPdf::pdfCTAU1[ fDFSS * pdfCTAUDSS + [%] * pdfCTAUDF ]
 message      : p.d.f value is less than zero (-0.000186), forcing value to zero
 server values: !refCoefNorm=(ctau3DErr = 0.0191823,ctau3D = -4), !pdfs=(pdfCTAUDSS = 0/1,pdfCTAUDF = 0.0186391/1), !coefficients=(fDFSS = 1.01 +/- 2.29271e-07)
[#0] ERROR:Eval -- RooAbsReal::logEvalError(pdfCTAU1) evaluation error, 
 origin       : RooAddPdf::pdfCTAU1[ fDFSS * pdfCTAUDSS + [%] * pdfCTAUDF ]
 message      : p.d.f value is less than zero (-0.000186), forcing value to zero
 server values: !refCoefNorm=(ctau3DErr = 0.0194206,ctau3D = -4), !pdfs=(pdfCTAUDSS = 0/1,pdfCTAUDF = 0.0186392/1), !coefficients=(fDFSS = 1.01 +/- 2.29271e-07)
[#0] ERROR:Eval -- RooAbsReal::logEvalError(pdfCTAU1) evaluation error, 
 origin       : RooAddPdf::pdfCTAU1[ fDFSS * pdfCTAUDSS + [%] * pdfCTAUDF ]
 message      : p.d.f value is less than zero (-0.000186), forcing value to zero
 server values: !refCoefNorm=(ctau3DErr = 0.0196588,ctau3D = -4), !pdfs=(pdfCTAUDSS = 0/1,pdfCTAUDF = 0.0186392/1), !coefficients=(fDFSS = 1.01 +/- 2.29271e-07)
[#0] ERROR:Eval -- RooAbsReal::logEvalError(pdfCTAU1) evaluation error, 
 origin       : RooAddPdf::pdfCTAU1[ fDFSS * pdfCTAUDSS + [%] * pdfCTAUDF ]
 message      : p.d.f value is less than zero (-0.000186), forcing value to zero
 server values: !refCoefNorm=(ctau3DErr = 0.0198971,ctau3D = -4), !pdfs=(pdfCTAUDSS = 0/1,pdfCTAUDF = 0.0186393/1), !coefficients=(fDFSS = 1.01 +/- 2.29271e-07)
[#0] ERROR:Eval -- RooAbsReal::logEvalError(pdfCTAU1) evaluation error, 
 origin       : RooAddPdf::pdfCTAU1[ fDFSS * pdfCTAUDSS + [%] * pdfCTAUDF ]
 message      : p.d.f value is less than zero (-0.000186), forcing value to zero
 server values: !refCoefNorm=(ctau3DErr = 0.0201353,ctau3D = -4), !pdfs=(pdfCTAUDSS = 0/1,pdfCTAUDF = 0.0186394/1), !coefficients=(fDFSS = 1.01 +/- 2.29271e-07)
[#0] ERROR:Eval -- RooAbsReal::logEvalError(pdfCTAU1) evaluation error, 
 origin       : RooAddPdf::pdfCTAU1[ fDFSS * pdfCTAUDSS + [%] * pdfCTAUDF ]
 message      : p.d.f value is less than zero (-0.000186), forcing value to zero
 server values: !refCoefNorm=(ctau3DErr = 0.0203736,ctau3D = -4), !pdfs=(pdfCTAUDSS = 0/1,pdfCTAUDF = 0.0186395/1), !coefficients=(fDFSS = 1.01 +/- 2.29271e-07)
[#0] ERROR:Eval -- RooAbsReal::logEvalError(pdfCTAU1) evaluation error, 
 origin       : RooAddPdf::pdfCTAU1[ fDFSS * pdfCTAUDSS + [%] * pdfCTAUDF ]
 message      : p.d.f value is less than zero (-0.000186), forcing value to zero
 server values: !refCoefNorm=(ctau3DErr = 0.0206118,ctau3D = -4), !pdfs=(pdfCTAUDSS = 0/1,pdfCTAUDF = 0.0186396/1), !coefficients=(fDFSS = 1.01 +/- 2.29271e-07)
[#0] ERROR:Eval -- RooAbsReal::logEvalError(pdfCTAU1) evaluation error, 
 origin       : RooAddPdf::pdfCTAU1[ fDFSS * pdfCTAUDSS + [%] * pdfCTAUDF ]
 message      : p.d.f value is less than zero (-0.000186), forcing value to zero
 server values: !refCoefNorm=(ctau3DErr = 0.0208501,ctau3D = -4), !pdfs=(pdfCTAUDSS = 0/1,pdfCTAUDF = 0.0186397/1), !coefficients=(fDFSS = 1.01 +/- 2.29271e-07)
[#0] ERROR:Eval -- RooAbsReal::logEvalError(pdfCTAU1) evaluation error, 
 origin       : RooAddPdf::pdfCTAU1[ fDFSS * pdfCTAUDSS + [%] * pdfCTAUDF ]
 message      : p.d.f value is less than zero (-0.000186), forcing value to zero
 server values: !refCoefNorm=(ctau3DErr = 0.0210883,ctau3D = -4), !pdfs=(pdfCTAUDSS = 0/1,pdfCTAUDF = 0.0186398/1), !coefficients=(fDFSS = 1.01 +/- 2.29271e-07)
[#0] ERROR:Eval -- RooAbsReal::logEvalError(pdfCTAU1) evaluation error, 
 origin       : RooAddPdf::pdfCTAU1[ fDFSS * pdfCTAUDSS + [%] * pdfCTAUDF ]
 message      : p.d.f value is less than zero (-0.000186), forcing value to zero
 server values: !refCoefNorm=(ctau3DErr = 0.0301419,ctau3D = -4), !pdfs=(pdfCTAUDSS = 0/1,pdfCTAUDF = 0.0186439/1), !coefficients=(fDFSS = 1.01 +/- 2.29271e-07)
[#0] ERROR:Eval -- RooAbsReal::logEvalError(pdfCTAU1) evaluation error, 
 origin       : RooAddPdf::pdfCTAU1[ fDFSS * pdfCTAUDSS + [%] * pdfCTAUDF ]
 message      : p.d.f value is less than zero (-0.000186), forcing value to zero
 server values: !refCoefNorm=(ctau3DErr = 0.0303801,ctau3D = -4), !pdfs=(pdfCTAUDSS = 0/1,pdfCTAUDF = 0.0186441/1), !coefficients=(fDFSS = 1.01 +/- 2.29271e-07)
[#0] ERROR:Eval -- RooAbsReal::logEvalError(pdfCTAU1) evaluation error, 
 origin       : RooAddPdf::pdfCTAU1[ fDFSS * pdfCTAUDSS + [%] * pdfCTAUDF ]
 message      : p.d.f value is less than zero (-0.000186), forcing value to zero
 server values: !refCoefNorm=(ctau3DErr = 0.0330009,ctau3D = -4), !pdfs=(pdfCTAUDSS = 0/1,pdfCTAUDF = 0.0186455/1), !coefficients=(fDFSS = 1.01 +/- 2.29271e-07)
[#0] ERROR:Eval -- RooAbsReal::logEvalError(pdfCTAU1) evaluation error, 
 origin       : RooAddPdf::pdfCTAU1[ fDFSS * pdfCTAUDSS + [%] * pdfCTAUDF ]
 message      : p.d.f value is less than zero (-0.000186), forcing value to zero
 server values: !refCoefNorm=(ctau3DErr = 0.012273,ctau3D = -4), !pdfs=(pdfCTAUDSS = 0/1,pdfCTAUDF = 0.0186371/1), !coefficients=(fDFSS = 1.01 +/- 2.29271e-07)
[#0] ERROR:Eval -- RooAbsReal::logEvalError(pdfCTAU1) evaluation error, 
 origin       : RooAddPdf::pdfCTAU1[ fDFSS * pdfCTAUDSS + [%] * pdfCTAUDF ]
 message      : p.d.f value is less than zero (-0.000186), forcing value to zero
 server values: !refCoefNorm=(ctau3DErr = 0.0125113,ctau3D = -4), !pdfs=(pdfCTAUDSS = 0/1,pdfCTAUDF = 0.0186372/1), !coefficients=(fDFSS = 1.01 +/- 2.29271e-07)
[#0] ERROR:Eval -- RooAbsReal::logEvalError(pdfCTAU1) evaluation error, 
 origin       : RooAddPdf::pdfCTAU1[ fDFSS * pdfCTAUDSS + [%] * pdfCTAUDF ]
 message      : p.d.f value is less than zero (-0.000186), forcing value to zero
 server values: !refCoefNorm=(ctau3DErr = 0.0127496,ctau3D = -4), !pdfs=(pdfCTAUDSS = 0/1,pdfCTAUDF = 0.0186372/1), !coefficients=(fDFSS = 1.01 +/- 2.29271e-07)
[#0] ERROR:Eval -- RooAbsReal::logEvalError(pdfCTAU1) evaluation error, 
 origin       : RooAddPdf::pdfCTAU1[ fDFSS * pdfCTAUDSS + [%] * pdfCTAUDF ]
 message      : p.d.f value is less than zero (-0.000186), forcing value to zero
 server values: !refCoefNorm=(ctau3DErr = 0.0129878,ctau3D = -4), !pdfs=(pdfCTAUDSS = 0/1,pdfCTAUDF = 0.0186373/1), !coefficients=(fDFSS = 1.01 +/- 2.29271e-07)
[#0] ERROR:Eval -- RooAbsReal::logEvalError(pdfCTAU1) evaluation error, 
 origin       : RooAddPdf::pdfCTAU1[ fDFSS * pdfCTAUDSS + [%] * pdfCTAUDF ]
 message      : p.d.f value is less than zero (-0.000186), forcing value to zero
 server values: !refCoefNorm=(ctau3DErr = 0.0132261,ctau3D = -4), !pdfs=(pdfCTAUDSS = 0/1,pdfCTAUDF = 0.0186373/1), !coefficients=(fDFSS = 1.01 +/- 2.29271e-07)
[#0] ERROR:Eval -- RooAbsReal::logEvalError(pdfCTAU1) evaluation error, 
 origin       : RooAddPdf::pdfCTAU1[ fDFSS * pdfCTAUDSS + [%] * pdfCTAUDF ]
 message      : p.d.f value is less than zero (-0.000186), forcing value to zero
 server values: !refCoefNorm=(ctau3DErr = 0.0134643,ctau3D = -4), !pdfs=(pdfCTAUDSS = 0/1,pdfCTAUDF = 0.0186374/1), !coefficients=(fDFSS = 1.01 +/- 2.29271e-07)
[#0] ERROR:Eval -- RooAbsReal::logEvalError(pdfCTAU1) evaluation error, 
 origin       : RooAddPdf::pdfCTAU1[ fDFSS * pdfCTAUDSS + [%] * pdfCTAUDF ]
 message      : p.d.f value is less than zero (-0.000186), forcing value to zero
 server values: !refCoefNorm=(ctau3DErr = 0.0137026,ctau3D = -4), !pdfs=(pdfCTAUDSS = 0/1,pdfCTAUDF = 0.0186375/1), !coefficients=(fDFSS = 1.01 +/- 2.29271e-07)
[#0] ERROR:Eval -- RooAbsReal::logEvalError(pdfCTAU1) evaluation error, 
 origin       : RooAddPdf::pdfCTAU1[ fDFSS * pdfCTAUDSS + [%] * pdfCTAUDF ]
 message      : p.d.f value is less than zero (-0.000186), forcing value to zero
 server values: !refCoefNorm=(ctau3DErr = 0.0139408,ctau3D = -4), !pdfs=(pdfCTAUDSS = 0/1,pdfCTAUDF = 0.0186375/1), !coefficients=(fDFSS = 1.01 +/- 2.29271e-07)
[#0] ERROR:Eval -- RooAbsReal::logEvalError(pdfCTAU1) evaluation error, 
 origin       : RooAddPdf::pdfCTAU1[ fDFSS * pdfCTAUDSS + [%] * pdfCTAUDF ]
 message      : p.d.f value is less than zero (-0.000186), forcing value to zero
 server values: !refCoefNorm=(ctau3DErr = 0.0141791,ctau3D = -4), !pdfs=(pdfCTAUDSS = 0/1,pdfCTAUDF = 0.0186376/1), !coefficients=(fDFSS = 1.01 +/- 2.29271e-07)
[#0] ERROR:Eval -- RooAbsReal::logEvalError(pdfCTAU1) evaluation error, 
 origin       : RooAddPdf::pdfCTAU1[ fDFSS * pdfCTAUDSS + [%] * pdfCTAUDF ]
 message      : p.d.f value is less than zero (-0.000186), forcing value to zero
 server values: !refCoefNorm=(ctau3DErr = 0.0144173,ctau3D = -4), !pdfs=(pdfCTAUDSS = 0/1,pdfCTAUDF = 0.0186376/1), !coefficients=(fDFSS = 1.01 +/- 2.29271e-07)
[#0] ERROR:Eval -- RooAbsReal::logEvalError(pdfCTAU1) evaluation error, 
 origin       : RooAddPdf::pdfCTAU1[ fDFSS * pdfCTAUDSS + [%] * pdfCTAUDF ]
 message      : p.d.f value is less than zero (-0.000186), forcing value to zero
 server values: !refCoefNorm=(ctau3DErr = 0.0146556,ctau3D = -4), !pdfs=(pdfCTAUDSS = 0/1,pdfCTAUDF = 0.0186377/1), !coefficients=(fDFSS = 1.01 +/- 2.29271e-07)
[#0] ERROR:Eval -- RooAbsReal::logEvalError(pdfCTAU1) evaluation error, 
 origin       : RooAddPdf::pdfCTAU1[ fDFSS * pdfCTAUDSS + [%] * pdfCTAUDF ]
 message      : p.d.f value is less than zero (-0.000186), forcing value to zero
 server values: !refCoefNorm=(ctau3DErr = 0.0148938,ctau3D = -4), !pdfs=(pdfCTAUDSS = 0/1,pdfCTAUDF = 0.0186378/1), !coefficients=(fDFSS = 1.01 +/- 2.29271e-07)
[#0] ERROR:Eval -- RooAbsReal::logEvalError(pdfCTAU1) evaluation error, 
 origin       : RooAddPdf::pdfCTAU1[ fDFSS * pdfCTAUDSS + [%] * pdfCTAUDF ]
 message      : p.d.f value is less than zero (-0.000186), forcing value to zero
 server values: !refCoefNorm=(ctau3DErr = 0.0151321,ctau3D = -4), !pdfs=(pdfCTAUDSS = 0/1,pdfCTAUDF = 0.0186378/1), !coefficients=(fDFSS = 1.01 +/- 2.29271e-07)
[#0] ERROR:Eval -- RooAbsReal::logEvalError(pdfCTAU1) evaluation error, 
 origin       : RooAddPdf::pdfCTAU1[ fDFSS * pdfCTAUDSS + [%] * pdfCTAUDF ]
 message      : p.d.f value is less than zero (-0.000186), forcing value to zero
 server values: !refCoefNorm=(ctau3DErr = 0.0213266,ctau3D = -4), !pdfs=(pdfCTAUDSS = 0/1,pdfCTAUDF = 0.0186398/1), !coefficients=(fDFSS = 1.01 +/- 2.29271e-07)
[#0] ERROR:Eval -- RooAbsReal::logEvalError(pdfCTAU1) evaluation error, 
 origin       : RooAddPdf::pdfCTAU1[ fDFSS * pdfCTAUDSS + [%] * pdfCTAUDF ]
 message      : p.d.f value is less than zero (-0.000186), forcing value to zero
 server values: !refCoefNorm=(ctau3DErr = 0.0215648,ctau3D = -4), !pdfs=(pdfCTAUDSS = 0/1,pdfCTAUDF = 0.0186399/1), !coefficients=(fDFSS = 1.01 +/- 2.29271e-07)
[#0] ERROR:Eval -- RooAbsReal::logEvalError(pdfCTAU1) evaluation error, 
 origin       : RooAddPdf::pdfCTAU1[ fDFSS * pdfCTAUDSS + [%] * pdfCTAUDF ]
 message      : p.d.f value is less than zero (-0.000186), forcing value to zero
 server values: !refCoefNorm=(ctau3DErr = 0.0218031,ctau3D = -4), !pdfs=(pdfCTAUDSS = 0/1,pdfCTAUDF = 0.01864/1), !coefficients=(fDFSS = 1.01 +/- 2.29271e-07)
[#0] ERROR:Eval -- RooAbsReal::logEvalError(pdfCTAU1) evaluation error, 
 origin       : RooAddPdf::pdfCTAU1[ fDFSS * pdfCTAUDSS + [%] * pdfCTAUDF ]
 message      : p.d.f value is less than zero (-0.000186), forcing value to zero
 server values: !refCoefNorm=(ctau3DErr = 0.0220413,ctau3D = -4), !pdfs=(pdfCTAUDSS = 0/1,pdfCTAUDF = 0.0186401/1), !coefficients=(fDFSS = 1.01 +/- 2.29271e-07)
[#0] ERROR:Eval -- RooAbsReal::logEvalError(pdfCTAU1) evaluation error, 
 origin       : RooAddPdf::pdfCTAU1[ fDFSS * pdfCTAUDSS + [%] * pdfCTAUDF ]
 message      : p.d.f value is less than zero (-0.000186), forcing value to zero
 server values: !refCoefNorm=(ctau3DErr = 0.0222796,ctau3D = -4), !pdfs=(pdfCTAUDSS = 0/1,pdfCTAUDF = 0.0186402/1), !coefficients=(fDFSS = 1.01 +/- 2.29271e-07)
[#0] ERROR:Eval -- RooAbsReal::logEvalError(pdfCTAU1) evaluation error, 
 origin       : RooAddPdf::pdfCTAU1[ fDFSS * pdfCTAUDSS + [%] * pdfCTAUDF ]
 message      : p.d.f value is less than zero (-0.000186), forcing value to zero
 server values: !refCoefNorm=(ctau3DErr = 0.0225178,ctau3D = -4), !pdfs=(pdfCTAUDSS = 0/1,pdfCTAUDF = 0.0186403/1), !coefficients=(fDFSS = 1.01 +/- 2.29271e-07)
[#0] ERROR:Eval -- RooAbsReal::logEvalError(pdfCTAU1) evaluation error, 
 origin       : RooAddPdf::pdfCTAU1[ fDFSS * pdfCTAUDSS + [%] * pdfCTAUDF ]
 message      : p.d.f value is less than zero (-0.000186), forcing value to zero
 server values: !refCoefNorm=(ctau3DErr = 0.0227561,ctau3D = -4), !pdfs=(pdfCTAUDSS = 0/1,pdfCTAUDF = 0.0186404/1), !coefficients=(fDFSS = 1.01 +/- 2.29271e-07)
[#0] ERROR:Eval -- RooAbsReal::logEvalError(pdfCTAU1) evaluation error, 
 origin       : RooAddPdf::pdfCTAU1[ fDFSS * pdfCTAUDSS + [%] * pdfCTAUDF ]
 message      : p.d.f value is less than zero (-0.000186), forcing value to zero
 server values: !refCoefNorm=(ctau3DErr = 0.0229943,ctau3D = -4), !pdfs=(pdfCTAUDSS = 0/1,pdfCTAUDF = 0.0186405/1), !coefficients=(fDFSS = 1.01 +/- 2.29271e-07)
[#0] ERROR:Eval -- RooAbsReal::logEvalError(pdfCTAU1) evaluation error, 
 origin       : RooAddPdf::pdfCTAU1[ fDFSS * pdfCTAUDSS + [%] * pdfCTAUDF ]
 message      : p.d.f value is less than zero (-0.000186), forcing value to zero
 server values: !refCoefNorm=(ctau3DErr = 0.0234708,ctau3D = -4), !pdfs=(pdfCTAUDSS = 0/1,pdfCTAUDF = 0.0186407/1), !coefficients=(fDFSS = 1.01 +/- 2.29271e-07)
[#0] ERROR:Eval -- RooAbsReal::logEvalError(pdfCTAU1) evaluation error, 
 origin       : RooAddPdf::pdfCTAU1[ fDFSS * pdfCTAUDSS + [%] * pdfCTAUDF ]
 message      : p.d.f value is less than zero (-0.000186), forcing value to zero
 server values: !refCoefNorm=(ctau3DErr = 0.0237091,ctau3D = -4), !pdfs=(pdfCTAUDSS = 0/1,pdfCTAUDF = 0.0186408/1), !coefficients=(fDFSS = 1.01 +/- 2.29271e-07)
[#0] ERROR:Eval -- RooAbsReal::logEvalError(pdfCTAU1) evaluation error, 
 origin       : RooAddPdf::pdfCTAU1[ fDFSS * pdfCTAUDSS + [%] * pdfCTAUDF ]
 message      : p.d.f value is less than zero (-0.000186), forcing value to zero
 server values: !refCoefNorm=(ctau3DErr = 0.0239473,ctau3D = -4), !pdfs=(pdfCTAUDSS = 0/1,pdfCTAUDF = 0.0186409/1), !coefficients=(fDFSS = 1.01 +/- 2.29271e-07)
[#0] ERROR:Eval -- RooAbsReal::logEvalError(pdfCTAU1) evaluation error, 
 origin       : RooAddPdf::pdfCTAU1[ fDFSS * pdfCTAUDSS + [%] * pdfCTAUDF ]
 message      : p.d.f value is less than zero (-0.000186), forcing value to zero
 server values: !refCoefNorm=(ctau3DErr = 0.0153703,ctau3D = -4), !pdfs=(pdfCTAUDSS = 0/1,pdfCTAUDF = 0.0186379/1), !coefficients=(fDFSS = 1.01 +/- 2.29271e-07)
[#0] ERROR:Eval -- RooAbsReal::logEvalError(pdfCTAU1) evaluation error, 
 origin       : RooAddPdf::pdfCTAU1[ fDFSS * pdfCTAUDSS + [%] * pdfCTAUDF ]
 message      : p.d.f value is less than zero (-0.000186), forcing value to zero
 server values: !refCoefNorm=(ctau3DErr = 0.0156086,ctau3D = -4), !pdfs=(pdfCTAUDSS = 0/1,pdfCTAUDF = 0.018638/1), !coefficients=(fDFSS = 1.01 +/- 2.29271e-07)
[#0] ERROR:Eval -- RooAbsReal::logEvalError(pdfCTAU1) evaluation error, 
 origin       : RooAddPdf::pdfCTAU1[ fDFSS * pdfCTAUDSS + [%] * pdfCTAUDF ]
 message      : p.d.f value is less than zero (-0.000186), forcing value to zero
 server values: !refCoefNorm=(ctau3DErr = 0.0158468,ctau3D = -4), !pdfs=(pdfCTAUDSS = 0/1,pdfCTAUDF = 0.018638/1), !coefficients=(fDFSS = 1.01 +/- 2.29271e-07)
[#0] ERROR:Eval -- RooAbsReal::logEvalError(pdfCTAU1) evaluation error, 
 origin       : RooAddPdf::pdfCTAU1[ fDFSS * pdfCTAUDSS + [%] * pdfCTAUDF ]
 message      : p.d.f value is less than zero (-0.000186), forcing value to zero
 server values: !refCoefNorm=(ctau3DErr = 0.0160851,ctau3D = -4), !pdfs=(pdfCTAUDSS = 0/1,pdfCTAUDF = 0.0186381/1), !coefficients=(fDFSS = 1.01 +/- 2.29271e-07)
[#0] ERROR:Eval -- RooAbsReal::logEvalError(pdfCTAU1) evaluation error, 
 origin       : RooAddPdf::pdfCTAU1[ fDFSS * pdfCTAUDSS + [%] * pdfCTAUDF ]
 message      : p.d.f value is less than zero (-0.000186), forcing value to zero
 server values: !refCoefNorm=(ctau3DErr = 0.0163233,ctau3D = -4), !pdfs=(pdfCTAUDSS = 0/1,pdfCTAUDF = 0.0186382/1), !coefficients=(fDFSS = 1.01 +/- 2.29271e-07)
[#0] ERROR:Eval -- RooAbsReal::logEvalError(pdfCTAU1) evaluation error, 
 origin       : RooAddPdf::pdfCTAU1[ fDFSS * pdfCTAUDSS + [%] * pdfCTAUDF ]
 message      : p.d.f value is less than zero (-0.000186), forcing value to zero
 server values: !refCoefNorm=(ctau3DErr = 0.0165616,ctau3D = -4), !pdfs=(pdfCTAUDSS = 0/1,pdfCTAUDF = 0.0186382/1), !coefficients=(fDFSS = 1.01 +/- 2.29271e-07)
[#0] ERROR:Eval -- RooAbsReal::logEvalError(pdfCTAU1) evaluation error, 
 origin       : RooAddPdf::pdfCTAU1[ fDFSS * pdfCTAUDSS + [%] * pdfCTAUDF ]
 message      : p.d.f value is less than zero (-0.000186), forcing value to zero
 server values: !refCoefNorm=(ctau3DErr = 0.0167998,ctau3D = -4), !pdfs=(pdfCTAUDSS = 0/1,pdfCTAUDF = 0.0186383/1), !coefficients=(fDFSS = 1.01 +/- 2.29271e-07)
[#0] ERROR:Eval -- RooAbsReal::logEvalError(pdfCTAU1) evaluation error, 
 origin       : RooAddPdf::pdfCTAU1[ fDFSS * pdfCTAUDSS + [%] * pdfCTAUDF ]
 message      : p.d.f value is less than zero (-0.000186), forcing value to zero
 server values: !refCoefNorm=(ctau3DErr = 0.0170381,ctau3D = -4), !pdfs=(pdfCTAUDSS = 0/1,pdfCTAUDF = 0.0186384/1), !coefficients=(fDFSS = 1.01 +/- 2.29271e-07)
[#0] ERROR:Eval -- RooAbsReal::logEvalError(pdfCTAU1) evaluation error, 
 origin       : RooAddPdf::pdfCTAU1[ fDFSS * pdfCTAUDSS + [%] * pdfCTAUDF ]
 message      : p.d.f value is less than zero (-0.000186), forcing value to zero
 server values: !refCoefNorm=(ctau3DErr = 0.0172763,ctau3D = -4), !pdfs=(pdfCTAUDSS = 0/1,pdfCTAUDF = 0.0186384/1), !coefficients=(fDFSS = 1.01 +/- 2.29271e-07)
[#0] ERROR:Eval -- RooAbsReal::logEvalError(pdfCTAU1) evaluation error, 
 origin       : RooAddPdf::pdfCTAU1[ fDFSS * pdfCTAUDSS + [%] * pdfCTAUDF ]
 message      : p.d.f value is less than zero (-0.000186), forcing value to zero
 server values: !refCoefNorm=(ctau3DErr = 0.0175146,ctau3D = -4), !pdfs=(pdfCTAUDSS = 0/1,pdfCTAUDF = 0.0186385/1), !coefficients=(fDFSS = 1.01 +/- 2.29271e-07)
[#0] ERROR:Eval -- RooAbsReal::logEvalError(pdfCTAU1) evaluation error, 
 origin       : RooAddPdf::pdfCTAU1[ fDFSS * pdfCTAUDSS + [%] * pdfCTAUDF ]
 message      : p.d.f value is less than zero (-0.000186), forcing value to zero
 server values: !refCoefNorm=(ctau3DErr = 0.0177528,ctau3D = -4), !pdfs=(pdfCTAUDSS = 0/1,pdfCTAUDF = 0.0186386/1), !coefficients=(fDFSS = 1.01 +/- 2.29271e-07)
[#0] ERROR:Eval -- RooAbsReal::logEvalError(pdfCTAU1) evaluation error, 
 origin       : RooAddPdf::pdfCTAU1[ fDFSS * pdfCTAUDSS + [%] * pdfCTAUDF ]
 message      : p.d.f value is less than zero (-0.000186), forcing value to zero
 server values: !refCoefNorm=(ctau3DErr = 0.0179911,ctau3D = -4), !pdfs=(pdfCTAUDSS = 0/1,pdfCTAUDF = 0.0186387/1), !coefficients=(fDFSS = 1.01 +/- 2.29271e-07)
[#0] ERROR:Eval -- RooAbsReal::logEvalError(pdfCTAU1) evaluation error, 
 origin       : RooAddPdf::pdfCTAU1[ fDFSS * pdfCTAUDSS + [%] * pdfCTAUDF ]
 message      : p.d.f value is less than zero (-0.000186), forcing value to zero
 server values: !refCoefNorm=(ctau3DErr = 0.0241856,ctau3D = -4), !pdfs=(pdfCTAUDSS = 0/1,pdfCTAUDF = 0.018641/1), !coefficients=(fDFSS = 1.01 +/- 2.29271e-07)
[#0] ERROR:Eval -- RooAbsReal::logEvalError(pdfCTAU1) evaluation error, 
 origin       : RooAddPdf::pdfCTAU1[ fDFSS * pdfCTAUDSS + [%] * pdfCTAUDF ]
 message      : p.d.f value is less than zero (-0.000186), forcing value to zero
 server values: !refCoefNorm=(ctau3DErr = 0.0244239,ctau3D = -4), !pdfs=(pdfCTAUDSS = 0/1,pdfCTAUDF = 0.0186411/1), !coefficients=(fDFSS = 1.01 +/- 2.29271e-07)
[#0] ERROR:Eval -- RooAbsReal::logEvalError(pdfCTAU1) evaluation error, 
 origin       : RooAddPdf::pdfCTAU1[ fDFSS * pdfCTAUDSS + [%] * pdfCTAUDF ]
 message      : p.d.f value is less than zero (-0.000186), forcing value to zero
 server values: !refCoefNorm=(ctau3DErr = 0.0246621,ctau3D = -4), !pdfs=(pdfCTAUDSS = 0/1,pdfCTAUDF = 0.0186412/1), !coefficients=(fDFSS = 1.01 +/- 2.29271e-07)
[#0] ERROR:Eval -- RooAbsReal::logEvalError(pdfCTAU1) evaluation error, 
 origin       : RooAddPdf::pdfCTAU1[ fDFSS * pdfCTAUDSS + [%] * pdfCTAUDF ]
 message      : p.d.f value is less than zero (-0.000186), forcing value to zero
 server values: !refCoefNorm=(ctau3DErr = 0.0249004,ctau3D = -4), !pdfs=(pdfCTAUDSS = 0/1,pdfCTAUDF = 0.0186413/1), !coefficients=(fDFSS = 1.01 +/- 2.29271e-07)
[#0] ERROR:Eval -- RooAbsReal::logEvalError(pdfCTAU1) evaluation error, 
 origin       : RooAddPdf::pdfCTAU1[ fDFSS * pdfCTAUDSS + [%] * pdfCTAUDF ]
 message      : p.d.f value is less than zero (-0.000186), forcing value to zero
 server values: !refCoefNorm=(ctau3DErr = 0.0251386,ctau3D = -4), !pdfs=(pdfCTAUDSS = 0/1,pdfCTAUDF = 0.0186414/1), !coefficients=(fDFSS = 1.01 +/- 2.29271e-07)
[#0] ERROR:Eval -- RooAbsReal::logEvalError(pdfCTAU1) evaluation error, 
 origin       : RooAddPdf::pdfCTAU1[ fDFSS * pdfCTAUDSS + [%] * pdfCTAUDF ]
 message      : p.d.f value is less than zero (-0.000186), forcing value to zero
 server values: !refCoefNorm=(ctau3DErr = 0.0256151,ctau3D = -4), !pdfs=(pdfCTAUDSS = 0/1,pdfCTAUDF = 0.0186417/1), !coefficients=(fDFSS = 1.01 +/- 2.29271e-07)
[#0] ERROR:Eval -- RooAbsReal::logEvalError(pdfCTAU1) evaluation error, 
 origin       : RooAddPdf::pdfCTAU1[ fDFSS * pdfCTAUDSS + [%] * pdfCTAUDF ]
 message      : p.d.f value is less than zero (-0.000186), forcing value to zero
 server values: !refCoefNorm=(ctau3DErr = 0.0258534,ctau3D = -4), !pdfs=(pdfCTAUDSS = 0/1,pdfCTAUDF = 0.0186418/1), !coefficients=(fDFSS = 1.01 +/- 2.29271e-07)
[#0] ERROR:Eval -- RooAbsReal::logEvalError(pdfCTAU1) evaluation error, 
 origin       : RooAddPdf::pdfCTAU1[ fDFSS * pdfCTAUDSS + [%] * pdfCTAUDF ]
 message      : p.d.f value is less than zero (-0.000186), forcing value to zero
 server values: !refCoefNorm=(ctau3DErr = 0.0260916,ctau3D = -4), !pdfs=(pdfCTAUDSS = 0/1,pdfCTAUDF = 0.0186419/1), !coefficients=(fDFSS = 1.01 +/- 2.29271e-07)
[#0] ERROR:Eval -- RooAbsReal::logEvalError(pdfCTAU1) evaluation error, 
 origin       : RooAddPdf::pdfCTAU1[ fDFSS * pdfCTAUDSS + [%] * pdfCTAUDF ]
 message      : p.d.f value is less than zero (-0.000186), forcing value to zero
 server values: !refCoefNorm=(ctau3DErr = 0.0263299,ctau3D = -4), !pdfs=(pdfCTAUDSS = 0/1,pdfCTAUDF = 0.018642/1), !coefficients=(fDFSS = 1.01 +/- 2.29271e-07)
[#0] ERROR:Eval -- RooAbsReal::logEvalError(pdfCTAU1) evaluation error, 
 origin       : RooAddPdf::pdfCTAU1[ fDFSS * pdfCTAUDSS + [%] * pdfCTAUDF ]
 message      : p.d.f value is less than zero (-0.000186), forcing value to zero
 server values: !refCoefNorm=(ctau3DErr = 0.0268064,ctau3D = -4), !pdfs=(pdfCTAUDSS = 0/1,pdfCTAUDF = 0.0186422/1), !coefficients=(fDFSS = 1.01 +/- 2.29271e-07)
[#0] ERROR:Eval -- RooAbsReal::logEvalError(pdfCTAU1) evaluation error, 
 origin       : RooAddPdf::pdfCTAU1[ fDFSS * pdfCTAUDSS + [%] * pdfCTAUDF ]
 message      : p.d.f value is less than zero (-0.000186), forcing value to zero
 server values: !refCoefNorm=(ctau3DErr = 0.0270446,ctau3D = -4), !pdfs=(pdfCTAUDSS = 0/1,pdfCTAUDF = 0.0186423/1), !coefficients=(fDFSS = 1.01 +/- 2.29271e-07)
Info in <TCanvas::Print>: pdf file figs/2DFit_No_Weight/CtauBkg/Bkg_pt27.5-30.0_y0.0-1.6_muPt0.0_centrality0-180_PRw_Effw0_Accw0_PtW0_TnP0.pdf has been created

  RooFitResult: minimized FCN value: -4639.44, estimated distance to minimum: 0.000201654
                covariance matrix quality: Unknown, matrix was externally provided
                Status : MINIMIZE=0 HESSE=0 HESSE=0 

    Floating Parameter    FinalValue +/-  Error   
  --------------------  --------------------------
                 N_Bkg    1.7910e+02 +/-  3.44e+01
                 b_Bkg    7.2876e-01 +/-  9.76e-02
                 fDF12    1.8182e-03 +/-  4.32e+03
                 fDFSS    1.0100e+00 +/-  2.29e-07
                 fDLIV    1.0000e+00 +/-  6.76e-06
                fDSS12    3.5163e-03 +/-  3.02e+00
         lambdaDDS_Bkg    4.3833e-01 +/-  1.14e+04
         lambdaDF_Bkg1    9.8215e-01 +/-  3.94e+04
         lambdaDF_Bkg2    9.9966e-01 +/-  9.15e-01
        lambdaDSS_Bkg1    3.3564e-01 +/-  4.60e+00
        lambdaDSS_Bkg2    3.2406e-01 +/-  7.56e-02

RooDataSet::dataw_Bkg[ctau3DErr,ctau3DRes,ctau3D,mass,weight:N_Bkg_sw] = 58 entries (179.094 weighted)

###### Fit Convergence Check ######
Hesse: 0	 edm: 0.000201654	 mll: -4639.44
[31m[Stuck] fDF12 [0m // Final Value : 0.00181815 (1e-06 ~ 1)

[31m[Stuck] fDFSS [0m // Final Value : 1.01 (0.001 ~ 1.01)

[31m[Stuck] fDLIV [0m // Final Value : 1 (0.001 ~ 1)

[31m[Stuck] fDSS12 [0m // Final Value : 0.00351632 (1e-06 ~ 1)

[31m[Stuck] lambdaDDS_Bkg [0m // Final Value : 0.438333 (0.0001 ~ 1)

[31m[Stuck] lambdaDF_Bkg1 [0m // Final Value : 0.982145 (0.0001 ~ 1)

[31m[Stuck] lambdaDF_Bkg2 [0m // Final Value : 0.999655 (0.0001 ~ 1)

[31m[Stuck] lambdaDSS_Bkg1 [0m // Final Value : 0.335637 (0.0001 ~ 1)

RealTime=242.685729 seconds, CpuTime=109.620000 seconds
# STAGE: ctauBkg
# CMD: /opt/conda/envs/root618/bin/root -l -b -q 'CtauBkg_2exp.C(27.5,30,0,1.6,0,180)'

