
Processing CtauBkg_2exp.C(8.5,12,1.6,2.4,0,180)...

[1mRooFit v3.60 -- Developed by Wouter Verkerke and David Kirkby[0m 
                Copyright (C) 2000-2013 NIKHEF, University of California & Stanford University
                All rights reserved, please read http://roofit.sourceforge.net/license.txt

####################################
pt: 8.5-12, y: 1.6-2.4
******** New Combined Dataset ***********
RooRealVar::ctau3D = -0.0206876  L(-4 - 6.5) // [mm]
RooRealVar::ctau3DErr = 0.0527271  L(0.0144537 - 0.125723) // [mm]

************** Start BKG Ctau Fit *****************

N_Bkg : 18060.1+/-172.445
ctau1_CtauRes : 0
s1_CtauRes : 0.823794
f_CtauRes : 0.500675+/-0.420154
f2_CtauRes : 0.206061+/-0.143721
RooArgSet::dependents = (ctau3D,ctau3DErr)
RooSetProxy::!refCoefNorm = (ctau3D,ctau3DErr)
RooArgSet::dependents = (ctau3D,ctau3DErr)
RooSetProxy::!refCoefNorm = (ctau3D,ctau3DErr)
RooArgSet::dependents = (ctau3D,ctau3DErr)
RooSetProxy::!refCoefNorm = (ctau3D,ctau3DErr)
RooArgSet::dependents = (ctau3D,ctau3DErr)
RooSetProxy::!refCoefNorm = (ctau3D,ctau3DErr)
RooArgSet::dependents = (ctau3D,ctau3DErr)
RooArgSet::dependents = (ctau3D,ctau3DErr)
RooSetProxy::!refCoefNorm = (ctau3D,ctau3DErr)
RooArgSet::dependents = (ctau3D,ctau3DErr)
RooArgSet::dependents = (ctau3D,ctau3DErr)
RooArgSet::dependents = (ctau3D,ctau3DErr)
RooArgSet::dependents = (ctau3D,ctau3DErr)
RooSetProxy::!refCoefNorm = (ctau3D,ctau3DErr)
RooSetProxy::!refCoefNorm = (ctau3D,ctau3DErr)
RooSetProxy::!refCoefNorm = (ctau3D,ctau3DErr)
RooSetProxy::!refCoefNorm = (ctau3D,ctau3DErr)
RooSetProxy::!refCoefNorm = (ctau3D,ctau3DErr)
RooArgSet::dependents = (ctau3D,ctau3DErr)
RooSetProxy::!refCoefNorm = (ctau3D,ctau3DErr)
RooArgSet::dependents = (ctau3D,ctau3DErr)
RooSetProxy::!refCoefNorm = (ctau3D,ctau3DErr)
RooArgSet::dependents = (ctau3D,ctau3DErr)
RooSetProxy::!refCoefNorm = (ctau3D,ctau3DErr)
RooArgSet::dependents = (ctau3D,ctau3DErr)
RooSetProxy::!refCoefNorm = (ctau3D,ctau3DErr)
RooArgSet::dependents = (ctau3D,ctau3DErr)
RooArgSet::dependents = (ctau3D,ctau3DErr)
RooSetProxy::!refCoefNorm = (ctau3D,ctau3DErr)
RooSetProxy::!refCoefNorm = (ctau3D,ctau3DErr)
RooArgSet::dependents = (ctau3D,ctau3DErr)
RooSetProxy::!refCoefNorm = (ctau3D,ctau3DErr)
RooArgSet::dependents = (ctau3D,ctau3DErr)
RooSetProxy::!refCoefNorm = (ctau3D,ctau3DErr)
RooArgSet::dependents = (ctau3D,ctau3DErr)
RooSetProxy::!refCoefNorm = (ctau3D,ctau3DErr)
RooArgSet::dependents = (ctau3D,ctau3DErr)
RooSetProxy::!refCoefNorm = (ctau3D,ctau3DErr)
RooArgSet::dependents = (ctau3D,ctau3DErr)
RooSetProxy::!refCoefNorm = (ctau3D,ctau3DErr)
RooArgSet::dependents = (ctau3D,ctau3DErr)
RooSetProxy::!refCoefNorm = (ctau3D,ctau3DErr)
RooArgSet::dependents = (ctau3D,ctau3DErr)
RooSetProxy::!refCoefNorm = (ctau3D,ctau3DErr)
RooArgSet::dependents = (ctau3D,ctau3DErr)
RooSetProxy::!refCoefNorm = (ctau3D,ctau3DErr)
RooArgSet::dependents = (ctau3D,ctau3DErr)
RooSetProxy::!refCoefNorm = (ctau3D,ctau3DErr)
RooArgSet::dependents = (ctau3D,ctau3DErr)
RooSetProxy::!refCoefNorm = (ctau3D,ctau3DErr)
RooArgSet::dependents = (ctau3D,ctau3DErr)
RooSetProxy::!refCoefNorm = (ctau3D,ctau3DErr)
RooArgSet::dependents = (ctau3D,ctau3DErr)
RooSetProxy::!refCoefNorm = (ctau3D,ctau3DErr)
RooArgSet::dependents = (ctau3D,ctau3DErr)
RooSetProxy::!refCoefNorm = (ctau3D,ctau3DErr)
RooArgSet::dependents = (ctau3D,ctau3DErr)
RooSetProxy::!refCoefNorm = (ctau3D,ctau3DErr)
RooArgSet::dependents = (ctau3D,ctau3DErr)
RooSetProxy::!refCoefNorm = (ctau3D,ctau3DErr)
RooArgSet::dependents = (ctau3D,ctau3DErr)
RooSetProxy::!refCoefNorm = (ctau3D,ctau3DErr)
RooArgSet::dependents = (ctau3D,ctau3DErr)
RooSetProxy::!refCoefNorm = (ctau3D,ctau3DErr)
RooArgSet::dependents = (ctau3D,ctau3DErr)
RooSetProxy::!refCoefNorm = (ctau3D,ctau3DErr)
[#0] WARNING:Eval -- RooAddPdf::updateCoefCache(pdfCTAU1 WARNING: sum of PDF coefficients not in range [0-1], value=1.01[#0] WARNING:Eval -- RooAddPdf::updateCoefCache(pdfCTAU1 WARNING: sum of PDF coefficients not in range [0-1], value=1.01[#0] WARNING:Eval -- RooAddPdf::updateCoefCache(pdfCTAU1 WARNING: sum of PDF coefficients not in range [0-1], value=1.01[#0] WARNING:Eval -- RooAddPdf::updateCoefCache(pdfCTAU1 WARNING: sum of PDF coefficients not in range [0-1], value=1.01[#0] WARNING:Eval -- RooAddPdf::updateCoefCache(pdfCTAU1 WARNING: sum of PDF coefficients not in range [0-1], value=1.01[#0] WARNING:Eval -- RooAddPdf::updateCoefCache(pdfCTAU1 WARNING: sum of PDF coefficients not in range [0-1], value=1.01[#0] WARNING:Eval -- RooAddPdf::updateCoefCache(pdfCTAU1 WARNING: sum of PDF coefficients not in range [0-1], value=1.01[#0] WARNING:Eval -- 
[#0] WARNING:Eval -- RooAddPdf::updateCoefCache(pdfCTAU1 WARNING: sum of PDF coefficients not in range [0-1], value=1.01[#0] WARNING:Eval -- 
[#0] WARNING:Eval -- 
[#0] WARNING:Eval -- 
[#0] WARNING:Eval -- 
[#0] WARNING:Eval -- 
[#0] WARNING:Eval -- 
[#0] WARNING:Eval -- RooAddPdf::updateCoefCache(pdfCTAU1 WARNING: sum of PDF coefficients not in range [0-1], value=1.01[#0] WARNING:Eval -- 
[#0] WARNING:Eval -- RooAddPdf::updateCoefCache(pdfCTAU1 WARNING: sum of PDF coefficients not in range [0-1], value=1.01[#0] WARNING:Eval -- RooAddPdf::updateCoefCache(pdfCTAU1 WARNING: sum of PDF coefficients not in range [0-1], value=1.01[#0] WARNING:Eval -- RooAddPdf::updateCoefCache(pdfCTAU1 WARNING: sum of PDF coefficients not in range [0-1], value=1.01[#0] WARNING:Eval -- RooAddPdf::updateCoefCache(pdfCTAU1 WARNING: sum of PDF coefficients not in range [0-1], value=1.01[#0] WARNING:Eval -- 
[#0] WARNING:Eval -- RooAddPdf::updateCoefCache(pdfCTAU1 WARNING: sum of PDF coefficients not in range [0-1], value=1.01[#0] WARNING:Eval -- 
[#0] WARNING:Eval -- RooAddPdf::updateCoefCache(pdfCTAU1 WARNING: sum of PDF coefficients not in range [0-1], value=1.01[#0] WARNING:Eval -- 
[#0] WARNING:Eval -- 
[#0] WARNING:Eval -- 
[#0] WARNING:Eval -- RooAddPdf::updateCoefCache(pdfCTAU1 WARNING: sum of PDF coefficients not in range [0-1], value=1.01[#0] WARNING:Eval -- 
[#0] WARNING:Eval -- RooAddPdf::updateCoefCache(pdfCTAU1 WARNING: sum of PDF coefficients not in range [0-1], value=1.01[#0] WARNING:Eval -- 
[#0] WARNING:Eval -- RooAddPdf::updateCoefCache(pdfCTAU1 WARNING: sum of PDF coefficients not in range [0-1], value=1.01[#0] WARNING:Eval -- RooAddPdf::updateCoefCache(pdfCTAU1 WARNING: sum of PDF coefficients not in range [0-1], value=1.01[#0] WARNING:Eval -- 
[#0] WARNING:Eval -- RooAddPdf::updateCoefCache(pdfCTAU1 WARNING: sum of PDF coefficients not in range [0-1], value=1.01[#0] WARNING:Eval -- 
[#0] WARNING:Eval -- RooAddPdf::updateCoefCache(pdfCTAU1 WARNING: sum of PDF coefficients not in range [0-1], value=1.01[#0] WARNING:Eval -- 
[#0] WARNING:Eval -- 
[#0] WARNING:Eval -- RooAddPdf::updateCoefCache(pdfCTAU1 WARNING: sum of PDF coefficients not in range [0-1], value=1.01[#0] WARNING:Eval -- 
[#0] WARNING:Eval -- RooAddPdf::updateCoefCache(pdfCTAU1 WARNING: sum of PDF coefficients not in range [0-1], value=1.01[#0] WARNING:Eval -- 
[#0] WARNING:Eval -- RooAddPdf::updateCoefCache(pdfCTAU1 WARNING: sum of PDF coefficients not in range [0-1], value=1.01[#0] WARNING:Eval -- RooAddPdf::updateCoefCache(pdfCTAU1 WARNING: sum of PDF coefficients not in range [0-1], value=1.01[#0] WARNING:Eval -- 
[#0] WARNING:Eval -- RooAddPdf::updateCoefCache(pdfCTAU1 WARNING: sum of PDF coefficients not in range [0-1], value=1.01[#0] WARNING:Eval -- 
[#0] WARNING:Eval -- RooAddPdf::updateCoefCache(pdfCTAU1 WARNING: sum of PDF coefficients not in range [0-1], value=1.01[#0] WARNING:Eval -- 
[#0] WARNING:Eval -- 
[#0] WARNING:Eval -- RooAddPdf::updateCoefCache(pdfCTAU1 WARNING: sum of PDF coefficients not in range [0-1], value=1.01[#0] WARNING:Eval -- 
[#0] WARNING:Eval -- RooAddPdf::updateCoefCache(pdfCTAU1 WARNING: sum of PDF coefficients not in range [0-1], value=1.01[#0] WARNING:Eval -- 
[#0] WARNING:Eval -- RooAddPdf::updateCoefCache(pdfCTAU1 WARNING: sum of PDF coefficients not in range [0-1], value=1.01[#0] WARNING:Eval -- RooAddPdf::updateCoefCache(pdfCTAU1 WARNING: sum of PDF coefficients not in range [0-1], value=1.01[#0] WARNING:Eval -- 
[#0] WARNING:Eval -- RooAddPdf::updateCoefCache(pdfCTAU1 WARNING: sum of PDF coefficients not in range [0-1], value=1.01[#0] WARNING:Eval -- 
[#0] WARNING:Eval -- RooAddPdf::updateCoefCache(pdfCTAU1 WARNING: sum of PDF coefficients not in range [0-1], value=1.01[#0] WARNING:Eval -- 
[#0] WARNING:Eval -- 
[#0] WARNING:Eval -- RooAddPdf::updateCoefCache(pdfCTAU1 WARNING: sum of PDF coefficients not in range [0-1], value=1.01[#0] WARNING:Eval -- 
[#0] WARNING:Eval -- RooAddPdf::updateCoefCache(pdfCTAU1 WARNING: sum of PDF coefficients not in range [0-1], value=1.01[#0] WARNING:Eval -- 
[#0] WARNING:Eval -- RooAddPdf::updateCoefCache(pdfCTAU1 WARNING: sum of PDF coefficients not in range [0-1], value=1.01[#0] WARNING:Eval -- RooAddPdf::updateCoefCache(pdfCTAU1 WARNING: sum of PDF coefficients not in range [0-1], value=1.01[#0] WARNING:Eval -- 
[#0] WARNING:Eval -- 
[#0] WARNING:Eval -- RooAddPdf::updateCoefCache(pdfCTAU1 WARNING: sum of PDF coefficients not in range [0-1], value=1.01[#0] WARNING:Eval -- 
[#0] WARNING:Eval -- 
[#0] WARNING:Eval -- RooAddPdf::updateCoefCache(pdfCTAU1 WARNING: sum of PDF coefficients not in range [0-1], value=1.01[#0] WARNING:Eval -- RooAddPdf::updateCoefCache(pdfCTAU1 WARNING: sum of PDF coefficients not in range [0-1], value=1.01[#0] WARNING:Eval -- 
[#0] WARNING:Eval -- RooAddPdf::updateCoefCache(pdfCTAU1 WARNING: sum of PDF coefficients not in range [0-1], value=1.01[#0] WARNING:Eval -- RooAddPdf::updateCoefCache(pdfCTAU1 WARNING: sum of PDF coefficients not in range [0-1], value=1.01[#0] WARNING:Eval -- 
[#0] WARNING:Eval -- 
[#0] WARNING:Eval -- RooAddPdf::updateCoefCache(pdfCTAU1 WARNING: sum of PDF coefficients not in range [0-1], value=1.01[#0] WARNING:Eval -- 
[#0] WARNING:Eval -- RooAddPdf::updateCoefCache(pdfCTAU1 WARNING: sum of PDF coefficients not in range [0-1], value=1.01[#0] WARNING:Eval -- RooAddPdf::updateCoefCache(pdfCTAU1 WARNING: sum of PDF coefficients not in range [0-1], value=1.01[#0] WARNING:Eval -- 
[#0] WARNING:Eval -- RooAddPdf::updateCoefCache(pdfCTAU1 WARNING: sum of PDF coefficients not in range [0-1], value=1.01[#0] WARNING:Eval -- RooAddPdf::updateCoefCache(pdfCTAU1 WARNING: sum of PDF coefficients not in range [0-1], value=1.01[#0] WARNING:Eval -- 
[#0] WARNING:Eval -- RooAddPdf::updateCoefCache(pdfCTAU1 WARNING: sum of PDF coefficients not in range [0-1], value=1.01[#0] WARNING:Eval -- 
[#0] WARNING:Eval -- 
[#0] WARNING:Eval -- RooAddPdf::updateCoefCache(pdfCTAU1 WARNING: sum of PDF coefficients not in range [0-1], value=1.01[#0] WARNING:Eval -- 
[#0] WARNING:Eval -- 
[#0] WARNING:Eval -- RooAddPdf::updateCoefCache(pdfCTAU1 WARNING: sum of PDF coefficients not in range [0-1], value=1.01[#0] WARNING:Eval -- RooAddPdf::updateCoefCache(pdfCTAU1 WARNING: sum of PDF coefficients not in range [0-1], value=1.01[#0] WARNING:Eval -- 
[#0] WARNING:Eval -- RooAddPdf::updateCoefCache(pdfCTAU1 WARNING: sum of PDF coefficients not in range [0-1], value=1.01[#0] WARNING:Eval -- RooAddPdf::updateCoefCache(pdfCTAU1 WARNING: sum of PDF coefficients not in range [0-1], value=1.01[#0] WARNING:Eval -- 
[#0] WARNING:Eval -- RooAddPdf::updateCoefCache(pdfCTAU1 WARNING: sum of PDF coefficients not in range [0-1], value=1.01[#0] WARNING:Eval -- 
[#0] WARNING:Eval -- 
[#0] WARNING:Eval -- RooAddPdf::updateCoefCache(pdfCTAU1 WARNING: sum of PDF coefficients not in range [0-1], value=1.01[#0] WARNING:Eval -- 
[#0] WARNING:Eval -- 
[#0] WARNING:Eval -- RooAddPdf::updateCoefCache(pdfCTAU1 WARNING: sum of PDF coefficients not in range [0-1], value=1.01[#0] WARNING:Eval -- 
[#0] WARNING:Eval -- RooAddPdf::updateCoefCache(pdfCTAU1 WARNING: sum of PDF coefficients not in range [0-1], value=1.01[#0] WARNING:Eval -- RooAddPdf::updateCoefCache(pdfCTAU1 WARNING: sum of PDF coefficients not in range [0-1], value=1.01[#0] WARNING:Eval -- 
[#0] WARNING:Eval -- RooAddPdf::updateCoefCache(pdfCTAU1 WARNING: sum of PDF coefficients not in range [0-1], value=1.01[#0] WARNING:Eval -- RooAddPdf::updateCoefCache(pdfCTAU1 WARNING: sum of PDF coefficients not in range [0-1], value=1.01[#0] WARNING:Eval -- 
[#0] WARNING:Eval -- RooAddPdf::updateCoefCache(pdfCTAU1 WARNING: sum of PDF coefficients not in range [0-1], value=1.01[#0] WARNING:Eval --  (no more will be printed)[#0] WARNING:Eval -- 
[#0] WARNING:Eval -- RooAddPdf::updateCoefCache(pdfCTAU1 WARNING: sum of PDF coefficients not in range [0-1], value=1.01[#0] WARNING:Eval -- 
[#0] WARNING:Eval -- 
[#0] WARNING:Eval -- RooAddPdf::updateCoefCache(pdfCTAU1 WARNING: sum of PDF coefficients not in range [0-1], value=1.01[#0] WARNING:Eval -- RooAddPdf::updateCoefCache(pdfCTAU1 WARNING: sum of PDF coefficients not in range [0-1], value=1.01[#0] WARNING:Eval --  (no more will be printed)[#0] WARNING:Eval -- 
[#0] WARNING:Eval -- RooAddPdf::updateCoefCache(pdfCTAU1 WARNING: sum of PDF coefficients not in range [0-1], value=1.01[#0] WARNING:Eval --  (no more will be printed)[#0] WARNING:Eval -- RooAddPdf::updateCoefCache(pdfCTAU1 WARNING: sum of PDF coefficients not in range [0-1], value=1.01[#0] WARNING:Eval -- RooAddPdf::updateCoefCache(pdfCTAU1 WARNING: sum of PDF coefficients not in range [0-1], value=1.01[#0] WARNING:Eval -- 
[#0] WARNING:Eval --  (no more will be printed)[#0] WARNING:Eval -- 
[#0] WARNING:Eval --  (no more will be printed)[#0] WARNING:Eval -- 
[#0] WARNING:Eval -- 
[#0] WARNING:Eval -- 
[#0] WARNING:Eval -- RooAddPdf::updateCoefCache(pdfCTAU1 WARNING: sum of PDF coefficients not in range [0-1], value=1.01[#0] WARNING:Eval -- 
[#0] WARNING:Eval -- 
[#0] WARNING:Eval -- RooAddPdf::updateCoefCache(pdfCTAU1 WARNING: sum of PDF coefficients not in range [0-1], value=1.01[#0] WARNING:Eval -- RooAddPdf::updateCoefCache(pdfCTAU1 WARNING: sum of PDF coefficients not in range [0-1], value=1.01[#0] WARNING:Eval -- 
[#0] WARNING:Eval -- 
[#0] WARNING:Eval -- 
[#0] WARNING:Eval -- RooAddPdf::updateCoefCache(pdfCTAU1 WARNING: sum of PDF coefficients not in range [0-1], value=1.01[#0] WARNING:Eval -- 
[#0] WARNING:Eval -- RooAddPdf::updateCoefCache(pdfCTAU1 WARNING: sum of PDF coefficients not in range [0-1], value=1.01[#0] WARNING:Eval -- 
[#0] WARNING:Eval -- RooAddPdf::updateCoefCache(pdfCTAU1 WARNING: sum of PDF coefficients not in range [0-1], value=1.01[#0] WARNING:Eval -- RooAddPdf::updateCoefCache(pdfCTAU1 WARNING: sum of PDF coefficients not in range [0-1], value=1.01[#0] WARNING:Eval -- RooAddPdf::updateCoefCache(pdfCTAU1 WARNING: sum of PDF coefficients not in range [0-1], value=1.01[#0] WARNING:Eval -- 
[#0] WARNING:Eval -- 
[#0] WARNING:Eval --  (no more will be printed)[#0] WARNING:Eval -- RooAddPdf::updateCoefCache(pdfCTAU1 WARNING: sum of PDF coefficients not in range [0-1], value=1.01[#0] WARNING:Eval -- RooAddPdf::updateCoefCache(pdfCTAU1 WARNING: sum of PDF coefficients not in range [0-1], value=1.01[#0] WARNING:Eval -- 
[#0] WARNING:Eval -- 
[#0] WARNING:Eval -- 
[#0] WARNING:Eval -- RooAddPdf::updateCoefCache(pdfCTAU1 WARNING: sum of PDF coefficients not in range [0-1], value=1.01[#0] WARNING:Eval -- RooAddPdf::updateCoefCache(pdfCTAU1 WARNING: sum of PDF coefficients not in range [0-1], value=1.01[#0] WARNING:Eval --  (no more will be printed)[#0] WARNING:Eval -- 
[#0] WARNING:Eval -- 
[#0] WARNING:Eval -- RooAddPdf::updateCoefCache(pdfCTAU1 WARNING: sum of PDF coefficients not in range [0-1], value=1.01[#0] WARNING:Eval --  (no more will be printed)[#0] WARNING:Eval -- 
[#0] WARNING:Minization -- RooMinimizerFcn: Minimized function has error status.
Returning maximum FCN so far (-60400.1) to force MIGRAD to back out of this region. Error log follows
Parameter values: N_Bkg=18060.1, b_Bkg=0.4, fDF12=0.995631, fDFSS=1.01, fDLIV=0.3, fDSS12=0.03, lambdaDDS_Bkg=0.4, lambdaDF_Bkg1=0.5, lambdaDF_Bkg2=0.51, lambdaDSS_Bkg1=0.3, lambdaDSS_Bkg2=0.3
PID1456062/RooRealMPFE::nll_pdfTot_Bkg_dataw_Bkg_62e9426ecf90_MPFE7[ arg=nll_pdfTot_Bkg_dataw_Bkg_GOF7 vars=(N_Bkg,b_Bkg,ctau1_CtauRes,ctau2_CtauRes,ctau3_CtauRes,f2_CtauRes,fDF12,fDFSS,fDLIV,fDSS12,f_CtauRes,lambdaDDS_Bkg,lambdaDF_Bkg1,lambdaDF_Bkg2,lambdaDSS_Bkg1,lambdaDSS_Bkg2,rS21_CtauRes,rS32_CtauRes,s1_CtauRes,zeroMean) ]
     p.d.f value is less than zero (-0.058897), forcing value to zero @ !refCoefNorm=(ctau3D = -0.557221,ctau3DErr = 0.0500118), !pdfs=(pdfCTAUDSS = 0.000698118/1,pdfCTAUDF = 5.96145/1), !coefficients=(fDFSS = 1.01)
     p.d.f value is less than zero (-0.035983), forcing value to zero @ !refCoefNorm=(ctau3D = -0.134226,ctau3DErr = 0.0232008), !pdfs=(pdfCTAUDSS = 0.10006/1,pdfCTAUDF = 13.7073/1), !coefficients=(fDFSS = 1.01)
     p.d.f value is less than zero (-0.051327), forcing value to zero @ !refCoefNorm=(ctau3D = -0.155541,ctau3DErr = 0.0254663), !pdfs=(pdfCTAUDSS = 0.0793753/1,pdfCTAUDF = 13.1524/1), !coefficients=(fDFSS = 1.01)
     p.d.f value is less than zero (-0.000218), forcing value to zero @ !refCoefNorm=(ctau3D = -0.227205,ctau3DErr = 0.0413031), !pdfs=(pdfCTAUDSS = 0.112695/1,pdfCTAUDF = 11.4065/1), !coefficients=(fDFSS = 1.01)
     p.d.f value is less than zero (-0.105943), forcing value to zero @ !refCoefNorm=(ctau3D = -0.222221,ctau3DErr = 0.025528), !pdfs=(pdfCTAUDSS = 0.00947053/1,pdfCTAUDF = 11.5533/1), !coefficients=(fDFSS = 1.01)
     p.d.f value is less than zero (-0.084900), forcing value to zero @ !refCoefNorm=(ctau3D = -0.376211,ctau3DErr = 0.0298719), !pdfs=(pdfCTAUDSS = 0.000124146/1,pdfCTAUDF = 8.50435/1), !coefficients=(fDFSS = 1.01)
     p.d.f value is less than zero (-0.103136), forcing value to zero @ !refCoefNorm=(ctau3D = -0.150218,ctau3DErr = 0.0202405), !pdfs=(pdfCTAUDSS = 0.0297035/1,pdfCTAUDF = 13.3166/1), !coefficients=(fDFSS = 1.01)
     p.d.f value is less than zero (-0.034065), forcing value to zero @ !refCoefNorm=(ctau3D = -0.134126,ctau3DErr = 0.0232985), !pdfs=(pdfCTAUDSS = 0.101975/1,pdfCTAUDF = 13.7089/1), !coefficients=(fDFSS = 1.01)
     p.d.f value is less than zero (-0.120475), forcing value to zero @ !refCoefNorm=(ctau3D = -0.169188,ctau3DErr = 0.0189263), !pdfs=(pdfCTAUDSS = 0.00774191/1,pdfCTAUDF = 12.8322/1), !coefficients=(fDFSS = 1.01)
     p.d.f value is less than zero (-0.093250), forcing value to zero @ !refCoefNorm=(ctau3D = -0.329062,ctau3DErr = 0.020688), !pdfs=(pdfCTAUDSS = 1.05349e-06/1,pdfCTAUDF = 9.32715/1), !coefficients=(fDFSS = 1.01)
     p.d.f value is less than zero (-0.069040), forcing value to zero @ !refCoefNorm=(ctau3D = -0.199169,ctau3DErr = 0.0297844), !pdfs=(pdfCTAUDSS = 0.0512239/1,pdfCTAUDF = 12.0802/1), !coefficients=(fDFSS = 1.01)
     p.d.f value is less than zero (-0.073406), forcing value to zero @ !refCoefNorm=(ctau3D = -0.449371,ctau3DErr = 0.0271737), !pdfs=(pdfCTAUDSS = 3.71769e-07/1,pdfCTAUDF = 7.34218/1), !coefficients=(fDFSS = 1.01)
    ... (remaining 91 messages suppressed)

[#0] WARNING:Minization -- RooMinimizerFcn: Minimized function has error status.
Returning maximum FCN so far (-60400.1) to force MIGRAD to back out of this region. Error log follows
Parameter values: N_Bkg=18060.1, b_Bkg=0.4, fDF12=0.995631, fDFSS=1.01, fDLIV=0.3, fDSS12=0.03, lambdaDDS_Bkg=0.4, lambdaDF_Bkg1=0.5, lambdaDF_Bkg2=0.51, lambdaDSS_Bkg1=0.3, lambdaDSS_Bkg2=0.3
PID1456062/RooRealMPFE::nll_pdfTot_Bkg_dataw_Bkg_62e9426ecf90_MPFE7[ arg=nll_pdfTot_Bkg_dataw_Bkg_GOF7 vars=(N_Bkg,b_Bkg,ctau1_CtauRes,ctau2_CtauRes,ctau3_CtauRes,f2_CtauRes,fDF12,fDFSS,fDLIV,fDSS12,f_CtauRes,lambdaDDS_Bkg,lambdaDF_Bkg1,lambdaDF_Bkg2,lambdaDSS_Bkg1,lambdaDSS_Bkg2,rS21_CtauRes,rS32_CtauRes,s1_CtauRes,zeroMean) ]
     p.d.f value is less than zero (-0.058884), forcing value to zero @ !refCoefNorm=(ctau3D = -0.557221,ctau3DErr = 0.0500118), !pdfs=(pdfCTAUDSS = 0.000698118/1,pdfCTAUDF = 5.96145/1), !coefficients=(fDFSS = 1.01)
     p.d.f value is less than zero (-0.035954), forcing value to zero @ !refCoefNorm=(ctau3D = -0.134226,ctau3DErr = 0.0232008), !pdfs=(pdfCTAUDSS = 0.10006/1,pdfCTAUDF = 13.7073/1), !coefficients=(fDFSS = 1.01)
     p.d.f value is less than zero (-0.051299), forcing value to zero @ !refCoefNorm=(ctau3D = -0.155541,ctau3DErr = 0.0254663), !pdfs=(pdfCTAUDSS = 0.0793753/1,pdfCTAUDF = 13.1524/1), !coefficients=(fDFSS = 1.01)
     p.d.f value is less than zero (-0.000194), forcing value to zero @ !refCoefNorm=(ctau3D = -0.227205,ctau3DErr = 0.0413031), !pdfs=(pdfCTAUDSS = 0.112695/1,pdfCTAUDF = 11.4065/1), !coefficients=(fDFSS = 1.01)
     p.d.f value is less than zero (-0.105918), forcing value to zero @ !refCoefNorm=(ctau3D = -0.222221,ctau3DErr = 0.025528), !pdfs=(pdfCTAUDSS = 0.00947053/1,pdfCTAUDF = 11.5533/1), !coefficients=(fDFSS = 1.01)
     p.d.f value is less than zero (-0.084882), forcing value to zero @ !refCoefNorm=(ctau3D = -0.376211,ctau3DErr = 0.0298719), !pdfs=(pdfCTAUDSS = 0.000124146/1,pdfCTAUDF = 8.50435/1), !coefficients=(fDFSS = 1.01)
     p.d.f value is less than zero (-0.103108), forcing value to zero @ !refCoefNorm=(ctau3D = -0.150218,ctau3DErr = 0.0202405), !pdfs=(pdfCTAUDSS = 0.0297035/1,pdfCTAUDF = 13.3166/1), !coefficients=(fDFSS = 1.01)
     p.d.f value is less than zero (-0.034036), forcing value to zero @ !refCoefNorm=(ctau3D = -0.134126,ctau3DErr = 0.0232985), !pdfs=(pdfCTAUDSS = 0.101975/1,pdfCTAUDF = 13.7089/1), !coefficients=(fDFSS = 1.01)
     p.d.f value is less than zero (-0.120448), forcing value to zero @ !refCoefNorm=(ctau3D = -0.169188,ctau3DErr = 0.0189263), !pdfs=(pdfCTAUDSS = 0.00774191/1,pdfCTAUDF = 12.8322/1), !coefficients=(fDFSS = 1.01)
     p.d.f value is less than zero (-0.093230), forcing value to zero @ !refCoefNorm=(ctau3D = -0.329062,ctau3DErr = 0.020688), !pdfs=(pdfCTAUDSS = 1.05349e-06/1,pdfCTAUDF = 9.32715/1), !coefficients=(fDFSS = 1.01)
     p.d.f value is less than zero (-0.069015), forcing value to zero @ !refCoefNorm=(ctau3D = -0.199169,ctau3DErr = 0.0297844), !pdfs=(pdfCTAUDSS = 0.0512239/1,pdfCTAUDF = 12.0802/1), !coefficients=(fDFSS = 1.01)
     p.d.f value is less than zero (-0.073390), forcing value to zero @ !refCoefNorm=(ctau3D = -0.449371,ctau3DErr = 0.0271737), !pdfs=(pdfCTAUDSS = 3.71769e-07/1,pdfCTAUDF = 7.34218/1), !coefficients=(fDFSS = 1.01)
    ... (remaining 91 messages suppressed)

[#0] WARNING:Minization -- RooMinimizerFcn: Minimized function has error status.
Returning maximum FCN so far (-60400.1) to force MIGRAD to back out of this region. Error log follows
Parameter values: N_Bkg=18060.1, b_Bkg=0.4, fDF12=0.995631, fDFSS=1.00021, fDLIV=0.3, fDSS12=0.03, lambdaDDS_Bkg=0.4, lambdaDF_Bkg1=0.5, lambdaDF_Bkg2=0.51, lambdaDSS_Bkg1=0.3, lambdaDSS_Bkg2=0.3
PID1456062/RooRealMPFE::nll_pdfTot_Bkg_dataw_Bkg_62e9426ecf90_MPFE7[ arg=nll_pdfTot_Bkg_dataw_Bkg_GOF7 vars=(N_Bkg,b_Bkg,ctau1_CtauRes,ctau2_CtauRes,ctau3_CtauRes,f2_CtauRes,fDF12,fDFSS,fDLIV,fDSS12,f_CtauRes,lambdaDDS_Bkg,lambdaDF_Bkg1,lambdaDF_Bkg2,lambdaDSS_Bkg1,lambdaDSS_Bkg2,rS21_CtauRes,rS32_CtauRes,s1_CtauRes,zeroMean) ]
     p.d.f value is less than zero (-0.000549), forcing value to zero @ !refCoefNorm=(ctau3D = -0.557221,ctau3DErr = 0.0500118), !pdfs=(pdfCTAUDSS = 0.000698118/1,pdfCTAUDF = 5.96145/1), !coefficients=(fDFSS = 1.00021)
     p.d.f value is less than zero (-0.001655), forcing value to zero @ !refCoefNorm=(ctau3D = -0.376211,ctau3DErr = 0.0298719), !pdfs=(pdfCTAUDSS = 0.000124146/1,pdfCTAUDF = 8.50435/1), !coefficients=(fDFSS = 1.00021)
     p.d.f value is less than zero (-0.001951), forcing value to zero @ !refCoefNorm=(ctau3D = -0.329062,ctau3DErr = 0.020688), !pdfs=(pdfCTAUDSS = 1.05349e-06/1,pdfCTAUDF = 9.32715/1), !coefficients=(fDFSS = 1.00021)
     p.d.f value is less than zero (-0.001536), forcing value to zero @ !refCoefNorm=(ctau3D = -0.449371,ctau3DErr = 0.0271737), !pdfs=(pdfCTAUDSS = 3.71769e-07/1,pdfCTAUDF = 7.34218/1), !coefficients=(fDFSS = 1.00021)
     p.d.f value is less than zero (-0.002181), forcing value to zero @ !refCoefNorm=(ctau3D = -0.257077,ctau3DErr = 0.0197445), !pdfs=(pdfCTAUDSS = 7.2676e-05/1,pdfCTAUDF = 10.7696/1), !coefficients=(fDFSS = 1.00021)
     p.d.f value is less than zero (-0.001896), forcing value to zero @ !refCoefNorm=(ctau3D = -0.222808,ctau3DErr = 0.0194384), !pdfs=(pdfCTAUDSS = 0.000517423/1,pdfCTAUDF = 11.5326/1), !coefficients=(fDFSS = 1.00021)
     p.d.f value is less than zero (-0.000257), forcing value to zero @ !refCoefNorm=(ctau3D = -0.280423,ctau3DErr = 0.0272301), !pdfs=(pdfCTAUDSS = 0.00189602/1,pdfCTAUDF = 10.2922/1), !coefficients=(fDFSS = 1.00021)
     p.d.f value is less than zero (-0.001763), forcing value to zero @ !refCoefNorm=(ctau3D = -0.354898,ctau3DErr = 0.0276846), !pdfs=(pdfCTAUDSS = 9.30751e-05/1,pdfCTAUDF = 8.87/1), !coefficients=(fDFSS = 1.00021)
     p.d.f value is less than zero (-0.001620), forcing value to zero @ !refCoefNorm=(ctau3D = -0.422628,ctau3DErr = 0.0247447), !pdfs=(pdfCTAUDSS = 1.4956e-07/1,pdfCTAUDF = 7.74144/1), !coefficients=(fDFSS = 1.00021)
     p.d.f value is less than zero (-0.001636), forcing value to zero @ !refCoefNorm=(ctau3D = -0.412512,ctau3DErr = 0.0295078), !pdfs=(pdfCTAUDSS = 1.89996e-05/1,pdfCTAUDF = 7.9082/1), !coefficients=(fDFSS = 1.00021)
     p.d.f value is less than zero (-0.001485), forcing value to zero @ !refCoefNorm=(ctau3D = -0.465807,ctau3DErr = 0.0225928), !pdfs=(pdfCTAUDSS = 1.93976e-10/1,pdfCTAUDF = 7.09797/1), !coefficients=(fDFSS = 1.00021)
     p.d.f value is less than zero (-0.001959), forcing value to zero @ !refCoefNorm=(ctau3D = -0.32697,ctau3DErr = 0.0194026), !pdfs=(pdfCTAUDSS = 2.22478e-07/1,pdfCTAUDF = 9.36424/1), !coefficients=(fDFSS = 1.00021)
    ... (remaining 11 messages suppressed)

[#0] WARNING:Minization -- RooMinimizerFcn: Minimized function has error status.
Returning maximum FCN so far (-60400.1) to force MIGRAD to back out of this region. Error log follows
Parameter values: N_Bkg=4888.56, b_Bkg=0.412726, fDF12=0.999999, fDFSS=1.01, fDLIV=0.39736, fDSS12=0.03, lambdaDDS_Bkg=0.10497, lambdaDF_Bkg1=0.0781497, lambdaDF_Bkg2=0.493287, lambdaDSS_Bkg1=0.0294972, lambdaDSS_Bkg2=0.273267
PID1456062/RooRealMPFE::nll_pdfTot_Bkg_dataw_Bkg_62e9426ecf90_MPFE7[ arg=nll_pdfTot_Bkg_dataw_Bkg_GOF7 vars=(N_Bkg,b_Bkg,ctau1_CtauRes,ctau2_CtauRes,ctau3_CtauRes,f2_CtauRes,fDF12,fDFSS,fDLIV,fDSS12,f_CtauRes,lambdaDDS_Bkg,lambdaDF_Bkg1,lambdaDF_Bkg2,lambdaDSS_Bkg1,lambdaDSS_Bkg2,rS21_CtauRes,rS32_CtauRes,s1_CtauRes,zeroMean) ]
     p.d.f value is less than zero (-0.092246), forcing value to zero @ !refCoefNorm=(ctau3D = -0.0904618,ctau3DErr = 0.0200927), !pdfs=(pdfCTAUDSS = 0.27906/1,pdfCTAUDF = 37.4162/1), !coefficients=(fDFSS = 1.01)
     p.d.f value is less than zero (-0.085215), forcing value to zero @ !refCoefNorm=(ctau3D = -0.0875478,ctau3DErr = 0.0199512), !pdfs=(pdfCTAUDSS = 0.29913/1,pdfCTAUDF = 38.7405/1), !coefficients=(fDFSS = 1.01)
     p.d.f value is less than zero (-0.014945), forcing value to zero @ !refCoefNorm=(ctau3D = -0.119339,ctau3DErr = 0.0258669), !pdfs=(pdfCTAUDSS = 0.250253/1,pdfCTAUDF = 26.7748/1), !coefficients=(fDFSS = 1.01)
     p.d.f value is less than zero (-0.000926), forcing value to zero @ !refCoefNorm=(ctau3D = -0.557221,ctau3DErr = 0.0500118), !pdfs=(pdfCTAUDSS = 0.000834701/1,pdfCTAUDF = 0.176919/1), !coefficients=(fDFSS = 1.01)
     p.d.f value is less than zero (-0.098512), forcing value to zero @ !refCoefNorm=(ctau3D = -0.134226,ctau3DErr = 0.0232008), !pdfs=(pdfCTAUDSS = 0.121891/1,pdfCTAUDF = 22.1661/1), !coefficients=(fDFSS = 1.01)
     p.d.f value is less than zero (-0.075045), forcing value to zero @ !refCoefNorm=(ctau3D = -0.155541,ctau3DErr = 0.0254663), !pdfs=(pdfCTAUDSS = 0.096317/1,pdfCTAUDF = 17.2355/1), !coefficients=(fDFSS = 1.01)
     p.d.f value is less than zero (-0.063425), forcing value to zero @ !refCoefNorm=(ctau3D = -0.222221,ctau3DErr = 0.025528), !pdfs=(pdfCTAUDSS = 0.0116784/1,pdfCTAUDF = 7.52334/1), !coefficients=(fDFSS = 1.01)
     p.d.f value is less than zero (-0.061292), forcing value to zero @ !refCoefNorm=(ctau3D = -0.0856912,ctau3DErr = 0.0203473), !pdfs=(pdfCTAUDSS = 0.331586/1,pdfCTAUDF = 39.6264/1), !coefficients=(fDFSS = 1.01)
     p.d.f value is less than zero (-0.090963), forcing value to zero @ !refCoefNorm=(ctau3D = -0.110614,ctau3DErr = 0.0220526), !pdfs=(pdfCTAUDSS = 0.201441/1,pdfCTAUDF = 29.4471/1), !coefficients=(fDFSS = 1.01)
     p.d.f value is less than zero (-0.010982), forcing value to zero @ !refCoefNorm=(ctau3D = -0.376211,ctau3DErr = 0.0298719), !pdfs=(pdfCTAUDSS = 0.000154434/1,pdfCTAUDF = 1.11399/1), !coefficients=(fDFSS = 1.01)
     p.d.f value is less than zero (-0.036659), forcing value to zero @ !refCoefNorm=(ctau3D = -0.11318,ctau3DErr = 0.0243568), !pdfs=(pdfCTAUDSS = 0.24794/1,pdfCTAUDF = 28.7129/1), !coefficients=(fDFSS = 1.01)
     p.d.f value is less than zero (-0.142322), forcing value to zero @ !refCoefNorm=(ctau3D = -0.150218,ctau3DErr = 0.0202405), !pdfs=(pdfCTAUDSS = 0.036892/1,pdfCTAUDF = 17.9615/1), !coefficients=(fDFSS = 1.01)
    ... (remaining 117 messages suppressed)

[#0] WARNING:Minization -- RooMinimizerFcn: Minimized function has error status.
Returning maximum FCN so far (-60400.1) to force MIGRAD to back out of this region. Error log follows
Parameter values: N_Bkg=10701.1, b_Bkg=0.4061, fDF12=0.998784, fDFSS=1.00051, fDLIV=0.99211, fDSS12=0.03, lambdaDDS_Bkg=0.242104, lambdaDF_Bkg1=0.674373, lambdaDF_Bkg2=0.501979, lambdaDSS_Bkg1=0.140509, lambdaDSS_Bkg2=0.287076
PID1456062/RooRealMPFE::nll_pdfTot_Bkg_dataw_Bkg_62e9426ecf90_MPFE7[ arg=nll_pdfTot_Bkg_dataw_Bkg_GOF7 vars=(N_Bkg,b_Bkg,ctau1_CtauRes,ctau2_CtauRes,ctau3_CtauRes,f2_CtauRes,fDF12,fDFSS,fDLIV,fDSS12,f_CtauRes,lambdaDDS_Bkg,lambdaDF_Bkg1,lambdaDF_Bkg2,lambdaDSS_Bkg1,lambdaDSS_Bkg2,rS21_CtauRes,rS32_CtauRes,s1_CtauRes,zeroMean) ]
     p.d.f value is less than zero (-0.002274), forcing value to zero @ !refCoefNorm=(ctau3D = -0.557221,ctau3DErr = 0.0500118), !pdfs=(pdfCTAUDSS = 0.000743156/1,pdfCTAUDF = 5.88209/1), !coefficients=(fDFSS = 1.00051)
     p.d.f value is less than zero (-0.003799), forcing value to zero @ !refCoefNorm=(ctau3D = -0.376211,ctau3DErr = 0.0298719), !pdfs=(pdfCTAUDSS = 0.000132832/1,pdfCTAUDF = 7.66587/1), !coefficients=(fDFSS = 1.00051)
     p.d.f value is less than zero (-0.004212), forcing value to zero @ !refCoefNorm=(ctau3D = -0.329062,ctau3DErr = 0.020688), !pdfs=(pdfCTAUDSS = 1.13051e-06/1,pdfCTAUDF = 8.21256/1), !coefficients=(fDFSS = 1.00051)
     p.d.f value is less than zero (-0.003526), forcing value to zero @ !refCoefNorm=(ctau3D = -0.449371,ctau3DErr = 0.0271737), !pdfs=(pdfCTAUDSS = 3.98525e-07/1,pdfCTAUDF = 6.87504/1), !coefficients=(fDFSS = 1.00051)
     p.d.f value is less than zero (-0.004609), forcing value to zero @ !refCoefNorm=(ctau3D = -0.257077,ctau3DErr = 0.0197445), !pdfs=(pdfCTAUDSS = 7.7948e-05/1,pdfCTAUDF = 9.13733/1), !coefficients=(fDFSS = 1.00051)
     p.d.f value is less than zero (-0.004376), forcing value to zero @ !refCoefNorm=(ctau3D = -0.222808,ctau3DErr = 0.0194384), !pdfs=(pdfCTAUDSS = 0.000554726/1,pdfCTAUDF = 9.61342/1), !coefficients=(fDFSS = 1.00051)
     p.d.f value is less than zero (-0.002502), forcing value to zero @ !refCoefNorm=(ctau3D = -0.280423,ctau3DErr = 0.0272301), !pdfs=(pdfCTAUDSS = 0.00202772/1,pdfCTAUDF = 8.83252/1), !coefficients=(fDFSS = 1.00051)
     p.d.f value is less than zero (-0.003958), forcing value to zero @ !refCoefNorm=(ctau3D = -0.354898,ctau3DErr = 0.0276846), !pdfs=(pdfCTAUDSS = 9.96435e-05/1,pdfCTAUDF = 7.90986/1), !coefficients=(fDFSS = 1.00051)
     p.d.f value is less than zero (-0.003668), forcing value to zero @ !refCoefNorm=(ctau3D = -0.422628,ctau3DErr = 0.0247447), !pdfs=(pdfCTAUDSS = 1.60416e-07/1,pdfCTAUDF = 7.1512/1), !coefficients=(fDFSS = 1.00051)
     p.d.f value is less than zero (-0.003706), forcing value to zero @ !refCoefNorm=(ctau3D = -0.412512,ctau3DErr = 0.0295078), !pdfs=(pdfCTAUDSS = 2.03416e-05/1,pdfCTAUDF = 7.26365/1), !coefficients=(fDFSS = 1.00051)
     p.d.f value is less than zero (-0.003440), forcing value to zero @ !refCoefNorm=(ctau3D = -0.465807,ctau3DErr = 0.0225928), !pdfs=(pdfCTAUDSS = 2.08272e-10/1,pdfCTAUDF = 6.7059/1), !coefficients=(fDFSS = 1.00051)
     p.d.f value is less than zero (-0.004225), forcing value to zero @ !refCoefNorm=(ctau3D = -0.32697,ctau3DErr = 0.0194026), !pdfs=(pdfCTAUDSS = 2.38849e-07/1,pdfCTAUDF = 8.23711/1), !coefficients=(fDFSS = 1.00051)
    ... (remaining 16 messages suppressed)

[#0] WARNING:Minization -- RooMinimizerFcn: Minimized function has error status.
Returning maximum FCN so far (-44766.5) to force MIGRAD to back out of this region. Error log follows
Parameter values: N_Bkg=4273.67, b_Bkg=0.388975, fDF12=0.00827736, fDFSS=1.00721, fDLIV=0.0382882, fDSS12=0.885983, lambdaDDS_Bkg=0.0993179, lambdaDF_Bkg1=0.58247, lambdaDF_Bkg2=0.893955, lambdaDSS_Bkg1=0.724522, lambdaDSS_Bkg2=0.490956
PID1456062/RooRealMPFE::nll_pdfTot_Bkg_dataw_Bkg_62e9426ecf90_MPFE7[ arg=nll_pdfTot_Bkg_dataw_Bkg_GOF7 vars=(N_Bkg,b_Bkg,ctau1_CtauRes,ctau2_CtauRes,ctau3_CtauRes,f2_CtauRes,fDF12,fDFSS,fDLIV,fDSS12,f_CtauRes,lambdaDDS_Bkg,lambdaDF_Bkg1,lambdaDF_Bkg2,lambdaDSS_Bkg1,lambdaDSS_Bkg2,rS21_CtauRes,rS32_CtauRes,s1_CtauRes,zeroMean) ]
     p.d.f value is less than zero (-0.039168), forcing value to zero @ !refCoefNorm=(ctau3D = -0.557221,ctau3DErr = 0.0500118), !pdfs=(pdfCTAUDSS = 0.000326553/1,pdfCTAUDF = 5.47465/1), !coefficients=(fDFSS = 1.00721)
     p.d.f value is less than zero (-0.016788), forcing value to zero @ !refCoefNorm=(ctau3D = -0.134226,ctau3DErr = 0.0232008), !pdfs=(pdfCTAUDSS = 0.0459986/1,pdfCTAUDF = 8.7488/1), !coefficients=(fDFSS = 1.00721)
     p.d.f value is less than zero (-0.024815), forcing value to zero @ !refCoefNorm=(ctau3D = -0.155541,ctau3DErr = 0.0254663), !pdfs=(pdfCTAUDSS = 0.0366018/1,pdfCTAUDF = 8.54952/1), !coefficients=(fDFSS = 1.00721)
     p.d.f value is less than zero (-0.002589), forcing value to zero @ !refCoefNorm=(ctau3D = -0.227205,ctau3DErr = 0.0413031), !pdfs=(pdfCTAUDSS = 0.0538614/1,pdfCTAUDF = 7.87847/1), !coefficients=(fDFSS = 1.00721)
     p.d.f value is less than zero (-0.053052), forcing value to zero @ !refCoefNorm=(ctau3D = -0.222221,ctau3DErr = 0.025528), !pdfs=(pdfCTAUDSS = 0.00431996/1,pdfCTAUDF = 7.95668/1), !coefficients=(fDFSS = 1.00721)
     p.d.f value is less than zero (-0.048254), forcing value to zero @ !refCoefNorm=(ctau3D = -0.376211,ctau3DErr = 0.0298719), !pdfs=(pdfCTAUDSS = 5.63393e-05/1,pdfCTAUDF = 6.69627/1), !coefficients=(fDFSS = 1.00721)
     p.d.f value is less than zero (-0.048594), forcing value to zero @ !refCoefNorm=(ctau3D = -0.150218,ctau3DErr = 0.0202405), !pdfs=(pdfCTAUDSS = 0.0134847/1,pdfCTAUDF = 8.61821/1), !coefficients=(fDFSS = 1.00721)
     p.d.f value is less than zero (-0.015887), forcing value to zero @ !refCoefNorm=(ctau3D = -0.134126,ctau3DErr = 0.0232985), !pdfs=(pdfCTAUDSS = 0.0468951/1,pdfCTAUDF = 8.74906/1), !coefficients=(fDFSS = 1.00721)
     p.d.f value is less than zero (-0.057401), forcing value to zero @ !refCoefNorm=(ctau3D = -0.169188,ctau3DErr = 0.0189263), !pdfs=(pdfCTAUDSS = 0.00349097/1,pdfCTAUDF = 8.44364/1), !coefficients=(fDFSS = 1.00721)
     p.d.f value is less than zero (-0.050910), forcing value to zero @ !refCoefNorm=(ctau3D = -0.329062,ctau3DErr = 0.020688), !pdfs=(pdfCTAUDSS = 4.70356e-07/1,pdfCTAUDF = 7.05665/1), !coefficients=(fDFSS = 1.00721)
     p.d.f value is less than zero (-0.034891), forcing value to zero @ !refCoefNorm=(ctau3D = -0.199169,ctau3DErr = 0.0297844), !pdfs=(pdfCTAUDSS = 0.0237486/1,pdfCTAUDF = 8.15172/1), !coefficients=(fDFSS = 1.00721)
     p.d.f value is less than zero (-0.044486), forcing value to zero @ !refCoefNorm=(ctau3D = -0.449371,ctau3DErr = 0.0271737), !pdfs=(pdfCTAUDSS = 1.66955e-07/1,pdfCTAUDF = 6.16622/1), !coefficients=(fDFSS = 1.00721)
    ... (remaining 93 messages suppressed)

[#0] WARNING:Minization -- RooMinimizerFcn: Minimized function has error status.
Returning maximum FCN so far (-44766.5) to force MIGRAD to back out of this region. Error log follows
Parameter values: N_Bkg=4539.68, b_Bkg=0.390509, fDF12=0.338218, fDFSS=1.00816, fDLIV=0.042222, fDSS12=0.959588, lambdaDDS_Bkg=0.0997555, lambdaDF_Bkg1=0.942729, lambdaDF_Bkg2=0.514187, lambdaDSS_Bkg1=0.743534, lambdaDSS_Bkg2=0.48044
PID1456062/RooRealMPFE::nll_pdfTot_Bkg_dataw_Bkg_62e9426ecf90_MPFE7[ arg=nll_pdfTot_Bkg_dataw_Bkg_GOF7 vars=(N_Bkg,b_Bkg,ctau1_CtauRes,ctau2_CtauRes,ctau3_CtauRes,f2_CtauRes,fDF12,fDFSS,fDLIV,fDSS12,f_CtauRes,lambdaDDS_Bkg,lambdaDF_Bkg1,lambdaDF_Bkg2,lambdaDSS_Bkg1,lambdaDSS_Bkg2,rS21_CtauRes,rS32_CtauRes,s1_CtauRes,zeroMean) ]
     p.d.f value is less than zero (-0.002115), forcing value to zero @ !refCoefNorm=(ctau3D = -0.0904618,ctau3DErr = 0.0200927), !pdfs=(pdfCTAUDSS = 0.0995635/1,pdfCTAUDF = 12.5633/1), !coefficients=(fDFSS = 1.00816)
     p.d.f value is less than zero (-0.004811), forcing value to zero @ !refCoefNorm=(ctau3D = -0.119339,ctau3DErr = 0.0258669), !pdfs=(pdfCTAUDSS = 0.0920088/1,pdfCTAUDF = 11.9601/1), !coefficients=(fDFSS = 1.00816)
     p.d.f value is less than zero (-0.046768), forcing value to zero @ !refCoefNorm=(ctau3D = -0.557221,ctau3DErr = 0.0500118), !pdfs=(pdfCTAUDSS = 0.000309645/1,pdfCTAUDF = 5.77101/1), !coefficients=(fDFSS = 1.00816)
     p.d.f value is less than zero (-0.051631), forcing value to zero @ !refCoefNorm=(ctau3D = -0.134226,ctau3DErr = 0.0232008), !pdfs=(pdfCTAUDSS = 0.0435762/1,pdfCTAUDF = 11.714/1), !coefficients=(fDFSS = 1.00816)
     p.d.f value is less than zero (-0.057250), forcing value to zero @ !refCoefNorm=(ctau3D = -0.155541,ctau3DErr = 0.0254663), !pdfs=(pdfCTAUDSS = 0.0346799/1,pdfCTAUDF = 11.3034/1), !coefficients=(fDFSS = 1.00816)
     p.d.f value is less than zero (-0.029971), forcing value to zero @ !refCoefNorm=(ctau3D = -0.227205,ctau3DErr = 0.0413031), !pdfs=(pdfCTAUDSS = 0.0511312/1,pdfCTAUDF = 9.99257/1), !coefficients=(fDFSS = 1.00816)
     p.d.f value is less than zero (-0.078369), forcing value to zero @ !refCoefNorm=(ctau3D = -0.222221,ctau3DErr = 0.025528), !pdfs=(pdfCTAUDSS = 0.0040908/1,pdfCTAUDF = 10.1119/1), !coefficients=(fDFSS = 1.00816)
     p.d.f value is less than zero (-0.026397), forcing value to zero @ !refCoefNorm=(ctau3D = -0.110614,ctau3DErr = 0.0220526), !pdfs=(pdfCTAUDSS = 0.0722603/1,pdfCTAUDF = 12.1656/1), !coefficients=(fDFSS = 1.00816)
     p.d.f value is less than zero (-0.007707), forcing value to zero @ !refCoefNorm=(ctau3D = -0.17355,ctau3DErr = 0.0361776), !pdfs=(pdfCTAUDSS = 0.0806541/1,pdfCTAUDF = 10.9119/1), !coefficients=(fDFSS = 1.00816)
     p.d.f value is less than zero (-0.063451), forcing value to zero @ !refCoefNorm=(ctau3D = -0.376211,ctau3DErr = 0.0298719), !pdfs=(pdfCTAUDSS = 5.33363e-05/1,pdfCTAUDF = 7.78438/1), !coefficients=(fDFSS = 1.00816)
     p.d.f value is less than zero (-0.007468), forcing value to zero @ !refCoefNorm=(ctau3D = -0.11318,ctau3DErr = 0.0243568), !pdfs=(pdfCTAUDSS = 0.0904224/1,pdfCTAUDF = 12.0898/1), !coefficients=(fDFSS = 1.00816)
     p.d.f value is less than zero (-0.080367), forcing value to zero @ !refCoefNorm=(ctau3D = -0.150218,ctau3DErr = 0.0202405), !pdfs=(pdfCTAUDSS = 0.0127661/1,pdfCTAUDF = 11.4289/1), !coefficients=(fDFSS = 1.00816)
    ... (remaining 133 messages suppressed)

[#0] WARNING:Minization -- RooMinimizerFcn: Minimized function has error status.
Returning maximum FCN so far (-44766.5) to force MIGRAD to back out of this region. Error log follows
Parameter values: N_Bkg=4692.27, b_Bkg=0.398142, fDF12=0.309234, fDFSS=1.00786, fDLIV=0.0375412, fDSS12=0.675008, lambdaDDS_Bkg=0.0880781, lambdaDF_Bkg1=0.387866, lambdaDF_Bkg2=0.00566006, lambdaDSS_Bkg1=0.27672, lambdaDSS_Bkg2=0.494293
PID1456062/RooRealMPFE::nll_pdfTot_Bkg_dataw_Bkg_62e9426ecf90_MPFE7[ arg=nll_pdfTot_Bkg_dataw_Bkg_GOF7 vars=(N_Bkg,b_Bkg,ctau1_CtauRes,ctau2_CtauRes,ctau3_CtauRes,f2_CtauRes,fDF12,fDFSS,fDLIV,fDSS12,f_CtauRes,lambdaDDS_Bkg,lambdaDF_Bkg1,lambdaDF_Bkg2,lambdaDSS_Bkg1,lambdaDSS_Bkg2,rS21_CtauRes,rS32_CtauRes,s1_CtauRes,zeroMean) ]
     p.d.f value is less than zero (-0.012998), forcing value to zero @ !refCoefNorm=(ctau3D = -0.557221,ctau3DErr = 0.0500118), !pdfs=(pdfCTAUDSS = 0.000650283/1,pdfCTAUDF = 1.73785/1), !coefficients=(fDFSS = 1.00786)
     p.d.f value is less than zero (-0.023739), forcing value to zero @ !refCoefNorm=(ctau3D = -0.222221,ctau3DErr = 0.025528), !pdfs=(pdfCTAUDSS = 0.00881219/1,pdfCTAUDF = 4.15194/1), !coefficients=(fDFSS = 1.00786)
     p.d.f value is less than zero (-0.021371), forcing value to zero @ !refCoefNorm=(ctau3D = -0.376211,ctau3DErr = 0.0298719), !pdfs=(pdfCTAUDSS = 0.000115493/1,pdfCTAUDF = 2.73492/1), !coefficients=(fDFSS = 1.00786)
     p.d.f value is less than zero (-0.013043), forcing value to zero @ !refCoefNorm=(ctau3D = -0.150218,ctau3DErr = 0.0202405), !pdfs=(pdfCTAUDSS = 0.0276335/1,pdfCTAUDF = 5.20496/1), !coefficients=(fDFSS = 1.00786)
     p.d.f value is less than zero (-0.030116), forcing value to zero @ !refCoefNorm=(ctau3D = -0.169188,ctau3DErr = 0.0189263), !pdfs=(pdfCTAUDSS = 0.00720053/1,pdfCTAUDF = 4.75693/1), !coefficients=(fDFSS = 1.00786)
     p.d.f value is less than zero (-0.024172), forcing value to zero @ !refCoefNorm=(ctau3D = -0.329062,ctau3DErr = 0.020688), !pdfs=(pdfCTAUDSS = 9.79468e-07/1,pdfCTAUDF = 3.07674/1), !coefficients=(fDFSS = 1.00786)
     p.d.f value is less than zero (-0.017764), forcing value to zero @ !refCoefNorm=(ctau3D = -0.449371,ctau3DErr = 0.0271737), !pdfs=(pdfCTAUDSS = 3.4572e-07/1,pdfCTAUDF = 2.2611/1), !coefficients=(fDFSS = 1.00786)
     p.d.f value is less than zero (-0.013617), forcing value to zero @ !refCoefNorm=(ctau3D = -0.13555,ctau3DErr = 0.0183845), !pdfs=(pdfCTAUDSS = 0.0289356/1,pdfCTAUDF = 5.44516/1), !coefficients=(fDFSS = 1.00786)
     p.d.f value is less than zero (-0.013987), forcing value to zero @ !refCoefNorm=(ctau3D = -0.314695,ctau3DErr = 0.0376949), !pdfs=(pdfCTAUDSS = 0.0117871/1,pdfCTAUDF = 3.29233/1), !coefficients=(fDFSS = 1.00786)
     p.d.f value is less than zero (-0.029039), forcing value to zero @ !refCoefNorm=(ctau3D = -0.257077,ctau3DErr = 0.0197445), !pdfs=(pdfCTAUDSS = 6.75765e-05/1,pdfCTAUDF = 3.70479/1), !coefficients=(fDFSS = 1.00786)
     p.d.f value is less than zero (-0.019756), forcing value to zero @ !refCoefNorm=(ctau3D = -0.197921,ctau3DErr = 0.0244335), !pdfs=(pdfCTAUDSS = 0.0153037/1,pdfCTAUDF = 4.4778/1), !coefficients=(fDFSS = 1.00786)
     p.d.f value is less than zero (-0.000470), forcing value to zero @ !refCoefNorm=(ctau3D = -0.201494,ctau3DErr = 0.0284091), !pdfs=(pdfCTAUDSS = 0.0350447/1,pdfCTAUDF = 4.55539/1), !coefficients=(fDFSS = 1.00786)
    ... (remaining 46 messages suppressed)

[#0] WARNING:Minization -- RooMinimizerFcn: Minimized function has error status.
Returning maximum FCN so far (-44766.5) to force MIGRAD to back out of this region. Error log follows
Parameter values: N_Bkg=4972.03, b_Bkg=0.398353, fDF12=0.898004, fDFSS=1.0025, fDLIV=0.163916, fDSS12=0.590783, lambdaDDS_Bkg=0.106659, lambdaDF_Bkg1=0.600382, lambdaDF_Bkg2=0.687943, lambdaDSS_Bkg1=0.0981018, lambdaDSS_Bkg2=0.474627
PID1456062/RooRealMPFE::nll_pdfTot_Bkg_dataw_Bkg_62e9426ecf90_MPFE7[ arg=nll_pdfTot_Bkg_dataw_Bkg_GOF7 vars=(N_Bkg,b_Bkg,ctau1_CtauRes,ctau2_CtauRes,ctau3_CtauRes,f2_CtauRes,fDF12,fDFSS,fDLIV,fDSS12,f_CtauRes,lambdaDDS_Bkg,lambdaDF_Bkg1,lambdaDF_Bkg2,lambdaDSS_Bkg1,lambdaDSS_Bkg2,rS21_CtauRes,rS32_CtauRes,s1_CtauRes,zeroMean) ]
     p.d.f value is less than zero (-0.013688), forcing value to zero @ !refCoefNorm=(ctau3D = -0.557221,ctau3DErr = 0.0500118), !pdfs=(pdfCTAUDSS = 0.0011979/1,pdfCTAUDF = 5.95706/1), !coefficients=(fDFSS = 1.0025)
     p.d.f value is less than zero (-0.008384), forcing value to zero @ !refCoefNorm=(ctau3D = -0.222221,ctau3DErr = 0.025528), !pdfs=(pdfCTAUDSS = 0.017259/1,pdfCTAUDF = 10.2772/1), !coefficients=(fDFSS = 1.0025)
     p.d.f value is less than zero (-0.019731), forcing value to zero @ !refCoefNorm=(ctau3D = -0.376211,ctau3DErr = 0.0298719), !pdfs=(pdfCTAUDSS = 0.000229372/1,pdfCTAUDF = 7.98653/1), !coefficients=(fDFSS = 1.0025)
     p.d.f value is less than zero (-0.013428), forcing value to zero @ !refCoefNorm=(ctau3D = -0.169188,ctau3DErr = 0.0189263), !pdfs=(pdfCTAUDSS = 0.0145449/1,pdfCTAUDF = 11.2068/1), !coefficients=(fDFSS = 1.0025)
     p.d.f value is less than zero (-0.021541), forcing value to zero @ !refCoefNorm=(ctau3D = -0.329062,ctau3DErr = 0.020688), !pdfs=(pdfCTAUDSS = 2.03478e-06/1,pdfCTAUDF = 8.61937/1), !coefficients=(fDFSS = 1.0025)
     p.d.f value is less than zero (-0.017690), forcing value to zero @ !refCoefNorm=(ctau3D = -0.449371,ctau3DErr = 0.0271737), !pdfs=(pdfCTAUDSS = 7.06525e-07/1,pdfCTAUDF = 7.07798/1), !coefficients=(fDFSS = 1.0025)
     p.d.f value is less than zero (-0.000151), forcing value to zero @ !refCoefNorm=(ctau3D = -0.314695,ctau3DErr = 0.0376949), !pdfs=(pdfCTAUDSS = 0.0218962/1,pdfCTAUDF = 8.84296/1), !coefficients=(fDFSS = 1.0025)
     p.d.f value is less than zero (-0.024109), forcing value to zero @ !refCoefNorm=(ctau3D = -0.257077,ctau3DErr = 0.0197445), !pdfs=(pdfCTAUDSS = 0.000139228/1,pdfCTAUDF = 9.70209/1), !coefficients=(fDFSS = 1.0025)
     p.d.f value is less than zero (-0.012220), forcing value to zero @ !refCoefNorm=(ctau3D = -0.380411,ctau3DErr = 0.0402251), !pdfs=(pdfCTAUDSS = 0.00761946/1,pdfCTAUDF = 7.94541/1), !coefficients=(fDFSS = 1.0025)
     p.d.f value is less than zero (-0.005587), forcing value to zero @ !refCoefNorm=(ctau3D = -0.341594,ctau3DErr = 0.0391838), !pdfs=(pdfCTAUDSS = 0.0155302/1,pdfCTAUDF = 8.46477/1), !coefficients=(fDFSS = 1.0025)
     p.d.f value is less than zero (-0.024667), forcing value to zero @ !refCoefNorm=(ctau3D = -0.222808,ctau3DErr = 0.0194384), !pdfs=(pdfCTAUDSS = 0.00098495/1,pdfCTAUDF = 10.2643/1), !coefficients=(fDFSS = 1.0025)
     p.d.f value is less than zero (-0.019869), forcing value to zero @ !refCoefNorm=(ctau3D = -0.280423,ctau3DErr = 0.0272301), !pdfs=(pdfCTAUDSS = 0.00347841/1,pdfCTAUDF = 9.34477/1), !coefficients=(fDFSS = 1.0025)
    ... (remaining 26 messages suppressed)

[#0] WARNING:Minization -- RooMinimizerFcn: Minimized function has error status.
Returning maximum FCN so far (-44766.5) to force MIGRAD to back out of this region. Error log follows
Parameter values: N_Bkg=6157.88, b_Bkg=0.507566, fDF12=0.119318, fDFSS=1.0099, fDLIV=0.547238, fDSS12=0.0059681, lambdaDDS_Bkg=0.113729, lambdaDF_Bkg1=0.000335231, lambdaDF_Bkg2=0.446157, lambdaDSS_Bkg1=0.292788, lambdaDSS_Bkg2=0.424072
PID1456062/RooRealMPFE::nll_pdfTot_Bkg_dataw_Bkg_62e9426ecf90_MPFE7[ arg=nll_pdfTot_Bkg_dataw_Bkg_GOF7 vars=(N_Bkg,b_Bkg,ctau1_CtauRes,ctau2_CtauRes,ctau3_CtauRes,f2_CtauRes,fDF12,fDFSS,fDLIV,fDSS12,f_CtauRes,lambdaDDS_Bkg,lambdaDF_Bkg1,lambdaDF_Bkg2,lambdaDSS_Bkg1,lambdaDSS_Bkg2,rS21_CtauRes,rS32_CtauRes,s1_CtauRes,zeroMean) ]
     p.d.f value is less than zero (-0.050532), forcing value to zero @ !refCoefNorm=(ctau3D = -0.557221,ctau3DErr = 0.0500118), !pdfs=(pdfCTAUDSS = 0.000513083/1,pdfCTAUDF = 5.15685/1), !coefficients=(fDFSS = 1.0099)
     p.d.f value is less than zero (-0.057233), forcing value to zero @ !refCoefNorm=(ctau3D = -0.134226,ctau3DErr = 0.0232008), !pdfs=(pdfCTAUDSS = 0.0728955/1,pdfCTAUDF = 13.2179/1), !coefficients=(fDFSS = 1.0099)
     p.d.f value is less than zero (-0.066201), forcing value to zero @ !refCoefNorm=(ctau3D = -0.155541,ctau3DErr = 0.0254663), !pdfs=(pdfCTAUDSS = 0.0579169/1,pdfCTAUDF = 12.5958/1), !coefficients=(fDFSS = 1.0099)
     p.d.f value is less than zero (-0.021819), forcing value to zero @ !refCoefNorm=(ctau3D = -0.227205,ctau3DErr = 0.0413031), !pdfs=(pdfCTAUDSS = 0.0837358/1,pdfCTAUDF = 10.7464/1), !coefficients=(fDFSS = 1.0099)
     p.d.f value is less than zero (-0.100235), forcing value to zero @ !refCoefNorm=(ctau3D = -0.222221,ctau3DErr = 0.025528), !pdfs=(pdfCTAUDSS = 0.00687191/1,pdfCTAUDF = 10.8263/1), !coefficients=(fDFSS = 1.0099)
     p.d.f value is less than zero (-0.016156), forcing value to zero @ !refCoefNorm=(ctau3D = -0.110614,ctau3DErr = 0.0220526), !pdfs=(pdfCTAUDSS = 0.120796/1,pdfCTAUDF = 13.955/1), !coefficients=(fDFSS = 1.0099)
     p.d.f value is less than zero (-0.075848), forcing value to zero @ !refCoefNorm=(ctau3D = -0.376211,ctau3DErr = 0.0298719), !pdfs=(pdfCTAUDSS = 8.98441e-05/1,pdfCTAUDF = 7.67102/1), !coefficients=(fDFSS = 1.0099)
     p.d.f value is less than zero (-0.104258), forcing value to zero @ !refCoefNorm=(ctau3D = -0.150218,ctau3DErr = 0.0202405), !pdfs=(pdfCTAUDSS = 0.0215005/1,pdfCTAUDF = 12.7251/1), !coefficients=(fDFSS = 1.0099)
     p.d.f value is less than zero (-0.055844), forcing value to zero @ !refCoefNorm=(ctau3D = -0.134126,ctau3DErr = 0.0232985), !pdfs=(pdfCTAUDSS = 0.0743037/1,pdfCTAUDF = 13.2212/1), !coefficients=(fDFSS = 1.0099)
     p.d.f value is less than zero (-0.114896), forcing value to zero @ !refCoefNorm=(ctau3D = -0.169188,ctau3DErr = 0.0189263), !pdfs=(pdfCTAUDSS = 0.00558442/1,pdfCTAUDF = 12.1759/1), !coefficients=(fDFSS = 1.0099)
     p.d.f value is less than zero (-0.084195), forcing value to zero @ !refCoefNorm=(ctau3D = -0.329062,ctau3DErr = 0.020688), !pdfs=(pdfCTAUDSS = 7.56026e-07/1,pdfCTAUDF = 8.50506/1), !coefficients=(fDFSS = 1.0099)
     p.d.f value is less than zero (-0.075233), forcing value to zero @ !refCoefNorm=(ctau3D = -0.199169,ctau3DErr = 0.0297844), !pdfs=(pdfCTAUDSS = 0.037479/1,pdfCTAUDF = 11.4231/1), !coefficients=(fDFSS = 1.0099)
    ... (remaining 113 messages suppressed)

[#0] WARNING:Minization -- RooMinimizerFcn: Minimized function has error status.
Returning maximum FCN so far (-44766.5) to force MIGRAD to back out of this region. Error log follows
Parameter values: N_Bkg=6226.19, b_Bkg=0.537601, fDF12=0.000250547, fDFSS=1.00954, fDLIV=0.554945, fDSS12=0.267936, lambdaDDS_Bkg=0.114889, lambdaDF_Bkg1=0.251319, lambdaDF_Bkg2=0.740272, lambdaDSS_Bkg1=0.0667485, lambdaDSS_Bkg2=0.468126
PID1456062/RooRealMPFE::nll_pdfTot_Bkg_dataw_Bkg_62e9426ecf90_MPFE7[ arg=nll_pdfTot_Bkg_dataw_Bkg_GOF7 vars=(N_Bkg,b_Bkg,ctau1_CtauRes,ctau2_CtauRes,ctau3_CtauRes,f2_CtauRes,fDF12,fDFSS,fDLIV,fDSS12,f_CtauRes,lambdaDDS_Bkg,lambdaDF_Bkg1,lambdaDF_Bkg2,lambdaDSS_Bkg1,lambdaDSS_Bkg2,rS21_CtauRes,rS32_CtauRes,s1_CtauRes,zeroMean) ]
     p.d.f value is less than zero (-0.054148), forcing value to zero @ !refCoefNorm=(ctau3D = -0.557221,ctau3DErr = 0.0500118), !pdfs=(pdfCTAUDSS = 0.000931671/1,pdfCTAUDF = 5.77207/1), !coefficients=(fDFSS = 1.00954)
     p.d.f value is less than zero (-0.072648), forcing value to zero @ !refCoefNorm=(ctau3D = -0.222221,ctau3DErr = 0.025528), !pdfs=(pdfCTAUDSS = 0.0135173/1,pdfCTAUDF = 9.04168/1), !coefficients=(fDFSS = 1.00954)
     p.d.f value is less than zero (-0.069961), forcing value to zero @ !refCoefNorm=(ctau3D = -0.376211,ctau3DErr = 0.0298719), !pdfs=(pdfCTAUDSS = 0.000180134/1,pdfCTAUDF = 7.3494/1), !coefficients=(fDFSS = 1.00954)
     p.d.f value is less than zero (-0.051577), forcing value to zero @ !refCoefNorm=(ctau3D = -0.150218,ctau3DErr = 0.0202405), !pdfs=(pdfCTAUDSS = 0.0430039/1,pdfCTAUDF = 9.95292/1), !coefficients=(fDFSS = 1.00954)
     p.d.f value is less than zero (-0.081100), forcing value to zero @ !refCoefNorm=(ctau3D = -0.169188,ctau3DErr = 0.0189263), !pdfs=(pdfCTAUDSS = 0.011459/1,pdfCTAUDF = 9.70954/1), !coefficients=(fDFSS = 1.00954)
     p.d.f value is less than zero (-0.074691), forcing value to zero @ !refCoefNorm=(ctau3D = -0.329062,ctau3DErr = 0.020688), !pdfs=(pdfCTAUDSS = 1.61402e-06/1,pdfCTAUDF = 7.82611/1), !coefficients=(fDFSS = 1.00954)
     p.d.f value is less than zero (-0.018448), forcing value to zero @ !refCoefNorm=(ctau3D = -0.199169,ctau3DErr = 0.0297844), !pdfs=(pdfCTAUDSS = 0.0697617/1,pdfCTAUDF = 9.31212/1), !coefficients=(fDFSS = 1.00954)
     p.d.f value is less than zero (-0.063520), forcing value to zero @ !refCoefNorm=(ctau3D = -0.449371,ctau3DErr = 0.0271737), !pdfs=(pdfCTAUDSS = 5.58208e-07/1,pdfCTAUDF = 6.65558/1), !coefficients=(fDFSS = 1.00954)
     p.d.f value is less than zero (-0.023510), forcing value to zero @ !refCoefNorm=(ctau3D = -0.36071,ctau3DErr = 0.0517107), !pdfs=(pdfCTAUDSS = 0.0477157/1,pdfCTAUDF = 7.51056/1), !coefficients=(fDFSS = 1.00954)
     p.d.f value is less than zero (-0.050934), forcing value to zero @ !refCoefNorm=(ctau3D = -0.13555,ctau3DErr = 0.0183845), !pdfs=(pdfCTAUDSS = 0.0455094/1,pdfCTAUDF = 10.1507/1), !coefficients=(fDFSS = 1.00954)
     p.d.f value is less than zero (-0.059047), forcing value to zero @ !refCoefNorm=(ctau3D = -0.314695,ctau3DErr = 0.0376949), !pdfs=(pdfCTAUDSS = 0.0170339/1,pdfCTAUDF = 7.98864/1), !coefficients=(fDFSS = 1.00954)
     p.d.f value is less than zero (-0.082208), forcing value to zero @ !refCoefNorm=(ctau3D = -0.257077,ctau3DErr = 0.0197445), !pdfs=(pdfCTAUDSS = 0.000110204/1,pdfCTAUDF = 8.62527/1), !coefficients=(fDFSS = 1.00954)
    ... (remaining 59 messages suppressed)

[#0] WARNING:Minization -- RooMinimizerFcn: Minimized function has error status.
Returning maximum FCN so far (-44766.5) to force MIGRAD to back out of this region. Error log follows
Parameter values: N_Bkg=6411.59, b_Bkg=0.583053, fDF12=0.167198, fDFSS=1.00955, fDLIV=0.450523, fDSS12=0.0896569, lambdaDDS_Bkg=0.103616, lambdaDF_Bkg1=0.0284896, lambdaDF_Bkg2=0.345345, lambdaDSS_Bkg1=0.204475, lambdaDSS_Bkg2=0.372892
PID1456062/RooRealMPFE::nll_pdfTot_Bkg_dataw_Bkg_62e9426ecf90_MPFE7[ arg=nll_pdfTot_Bkg_dataw_Bkg_GOF7 vars=(N_Bkg,b_Bkg,ctau1_CtauRes,ctau2_CtauRes,ctau3_CtauRes,f2_CtauRes,fDF12,fDFSS,fDLIV,fDSS12,f_CtauRes,lambdaDDS_Bkg,lambdaDF_Bkg1,lambdaDF_Bkg2,lambdaDSS_Bkg1,lambdaDSS_Bkg2,rS21_CtauRes,rS32_CtauRes,s1_CtauRes,zeroMean) ]
     p.d.f value is less than zero (-0.041557), forcing value to zero @ !refCoefNorm=(ctau3D = -0.557221,ctau3DErr = 0.0500118), !pdfs=(pdfCTAUDSS = 0.000610543/1,pdfCTAUDF = 4.41584/1), !coefficients=(fDFSS = 1.00955)
     p.d.f value is less than zero (-0.061089), forcing value to zero @ !refCoefNorm=(ctau3D = -0.134226,ctau3DErr = 0.0232008), !pdfs=(pdfCTAUDSS = 0.0872327/1,pdfCTAUDF = 15.6174/1), !coefficients=(fDFSS = 1.00955)
     p.d.f value is less than zero (-0.067483), forcing value to zero @ !refCoefNorm=(ctau3D = -0.155541,ctau3DErr = 0.0254663), !pdfs=(pdfCTAUDSS = 0.069238/1,pdfCTAUDF = 14.3847/1), !coefficients=(fDFSS = 1.00955)
     p.d.f value is less than zero (-0.009930), forcing value to zero @ !refCoefNorm=(ctau3D = -0.227205,ctau3DErr = 0.0413031), !pdfs=(pdfCTAUDSS = 0.0989495/1,pdfCTAUDF = 11.4993/1), !coefficients=(fDFSS = 1.00955)
     p.d.f value is less than zero (-0.101867), forcing value to zero @ !refCoefNorm=(ctau3D = -0.222221,ctau3DErr = 0.025528), !pdfs=(pdfCTAUDSS = 0.00824493/1,pdfCTAUDF = 11.5376/1), !coefficients=(fDFSS = 1.00955)
     p.d.f value is less than zero (-0.021084), forcing value to zero @ !refCoefNorm=(ctau3D = -0.110614,ctau3DErr = 0.0220526), !pdfs=(pdfCTAUDSS = 0.144492/1,pdfCTAUDF = 17.4812/1), !coefficients=(fDFSS = 1.00955)
     p.d.f value is less than zero (-0.070097), forcing value to zero @ !refCoefNorm=(ctau3D = -0.376211,ctau3DErr = 0.0298719), !pdfs=(pdfCTAUDSS = 0.000107981/1,pdfCTAUDF = 7.35102/1), !coefficients=(fDFSS = 1.00955)
     p.d.f value is less than zero (-0.113099), forcing value to zero @ !refCoefNorm=(ctau3D = -0.150218,ctau3DErr = 0.0202405), !pdfs=(pdfCTAUDSS = 0.0258375/1,pdfCTAUDF = 14.5733/1), !coefficients=(fDFSS = 1.00955)
     p.d.f value is less than zero (-0.059484), forcing value to zero @ !refCoefNorm=(ctau3D = -0.134126,ctau3DErr = 0.0232985), !pdfs=(pdfCTAUDSS = 0.0889076/1,pdfCTAUDF = 15.6264/1), !coefficients=(fDFSS = 1.00955)
     p.d.f value is less than zero (-0.122896), forcing value to zero @ !refCoefNorm=(ctau3D = -0.169188,ctau3DErr = 0.0189263), !pdfs=(pdfCTAUDSS = 0.0067262/1,pdfCTAUDF = 13.5789/1), !coefficients=(fDFSS = 1.00955)
     p.d.f value is less than zero (-0.080136), forcing value to zero @ !refCoefNorm=(ctau3D = -0.329062,ctau3DErr = 0.020688), !pdfs=(pdfCTAUDSS = 9.13682e-07/1,pdfCTAUDF = 8.39083/1), !coefficients=(fDFSS = 1.00955)
     p.d.f value is less than zero (-0.002464), forcing value to zero @ !refCoefNorm=(ctau3D = -0.0868914,ctau3DErr = 0.0188861), !pdfs=(pdfCTAUDSS = 0.18882/1,pdfCTAUDF = 20.2174/1), !coefficients=(fDFSS = 1.00955)
    ... (remaining 112 messages suppressed)

[#0] WARNING:Minization -- RooMinimizerFcn: Minimized function has error status.
Returning maximum FCN so far (-44766.5) to force MIGRAD to back out of this region. Error log follows
Parameter values: N_Bkg=6473.88, b_Bkg=0.594015, fDF12=0.0965109, fDFSS=1.00962, fDLIV=0.52095, fDSS12=0.10189, lambdaDDS_Bkg=0.0512932, lambdaDF_Bkg1=0.0377949, lambdaDF_Bkg2=0.665465, lambdaDSS_Bkg1=0.163049, lambdaDSS_Bkg2=0.4854
PID1456062/RooRealMPFE::nll_pdfTot_Bkg_dataw_Bkg_62e9426ecf90_MPFE7[ arg=nll_pdfTot_Bkg_dataw_Bkg_GOF7 vars=(N_Bkg,b_Bkg,ctau1_CtauRes,ctau2_CtauRes,ctau3_CtauRes,f2_CtauRes,fDF12,fDFSS,fDLIV,fDSS12,f_CtauRes,lambdaDDS_Bkg,lambdaDF_Bkg1,lambdaDF_Bkg2,lambdaDSS_Bkg1,lambdaDSS_Bkg2,rS21_CtauRes,rS32_CtauRes,s1_CtauRes,zeroMean) ]
     p.d.f value is less than zero (-0.050698), forcing value to zero @ !refCoefNorm=(ctau3D = -0.557221,ctau3DErr = 0.0500118), !pdfs=(pdfCTAUDSS = 0.000524968/1,pdfCTAUDF = 5.32766/1), !coefficients=(fDFSS = 1.00962)
     p.d.f value is less than zero (-0.029176), forcing value to zero @ !refCoefNorm=(ctau3D = -0.134226,ctau3DErr = 0.0232008), !pdfs=(pdfCTAUDSS = 0.0749539/1,pdfCTAUDF = 10.9043/1), !coefficients=(fDFSS = 1.00962)
     p.d.f value is less than zero (-0.038562), forcing value to zero @ !refCoefNorm=(ctau3D = -0.155541,ctau3DErr = 0.0254663), !pdfs=(pdfCTAUDSS = 0.0594973/1,pdfCTAUDF = 10.2576/1), !coefficients=(fDFSS = 1.00962)
     p.d.f value is less than zero (-0.078357), forcing value to zero @ !refCoefNorm=(ctau3D = -0.222221,ctau3DErr = 0.025528), !pdfs=(pdfCTAUDSS = 0.00708351/1,pdfCTAUDF = 8.8928/1), !coefficients=(fDFSS = 1.00962)
     p.d.f value is less than zero (-0.066913), forcing value to zero @ !refCoefNorm=(ctau3D = -0.376211,ctau3DErr = 0.0298719), !pdfs=(pdfCTAUDSS = 9.27657e-05/1,pdfCTAUDF = 6.96855/1), !coefficients=(fDFSS = 1.00962)
     p.d.f value is less than zero (-0.077151), forcing value to zero @ !refCoefNorm=(ctau3D = -0.150218,ctau3DErr = 0.0202405), !pdfs=(pdfCTAUDSS = 0.0221961/1,pdfCTAUDF = 10.3541/1), !coefficients=(fDFSS = 1.00962)
     p.d.f value is less than zero (-0.027768), forcing value to zero @ !refCoefNorm=(ctau3D = -0.134126,ctau3DErr = 0.0232985), !pdfs=(pdfCTAUDSS = 0.0763937/1,pdfCTAUDF = 10.9091/1), !coefficients=(fDFSS = 1.00962)
     p.d.f value is less than zero (-0.088856), forcing value to zero @ !refCoefNorm=(ctau3D = -0.169188,ctau3DErr = 0.0189263), !pdfs=(pdfCTAUDSS = 0.00577803/1,pdfCTAUDF = 9.84762/1), !coefficients=(fDFSS = 1.00962)
     p.d.f value is less than zero (-0.071862), forcing value to zero @ !refCoefNorm=(ctau3D = -0.329062,ctau3DErr = 0.020688), !pdfs=(pdfCTAUDSS = 7.8491e-07/1,pdfCTAUDF = 7.47366/1), !coefficients=(fDFSS = 1.00962)
     p.d.f value is less than zero (-0.050743), forcing value to zero @ !refCoefNorm=(ctau3D = -0.199169,ctau3DErr = 0.0297844), !pdfs=(pdfCTAUDSS = 0.0384404/1,pdfCTAUDF = 9.31337/1), !coefficients=(fDFSS = 1.00962)
     p.d.f value is less than zero (-0.059978), forcing value to zero @ !refCoefNorm=(ctau3D = -0.449371,ctau3DErr = 0.0271737), !pdfs=(pdfCTAUDSS = 2.77267e-07/1,pdfCTAUDF = 6.23769/1), !coefficients=(fDFSS = 1.00962)
     p.d.f value is less than zero (-0.028765), forcing value to zero @ !refCoefNorm=(ctau3D = -0.147728,ctau3DErr = 0.0252624), !pdfs=(pdfCTAUDSS = 0.0713245/1,pdfCTAUDF = 10.4805/1), !coefficients=(fDFSS = 1.00962)
    ... (remaining 94 messages suppressed)

[#0] WARNING:Minization -- RooMinimizerFcn: Minimized function has error status.
Returning maximum FCN so far (-44766.5) to force MIGRAD to back out of this region. Error log follows
Parameter values: N_Bkg=6391.05, b_Bkg=0.588688, fDF12=0.0499483, fDFSS=1.0099, fDLIV=0.490594, fDSS12=0.187777, lambdaDDS_Bkg=0.101126, lambdaDF_Bkg1=0.0239315, lambdaDF_Bkg2=0.623145, lambdaDSS_Bkg1=0.123045, lambdaDSS_Bkg2=0.398122
PID1456062/RooRealMPFE::nll_pdfTot_Bkg_dataw_Bkg_62e9426ecf90_MPFE7[ arg=nll_pdfTot_Bkg_dataw_Bkg_GOF7 vars=(N_Bkg,b_Bkg,ctau1_CtauRes,ctau2_CtauRes,ctau3_CtauRes,f2_CtauRes,fDF12,fDFSS,fDLIV,fDSS12,f_CtauRes,lambdaDDS_Bkg,lambdaDF_Bkg1,lambdaDF_Bkg2,lambdaDSS_Bkg1,lambdaDSS_Bkg2,rS21_CtauRes,rS32_CtauRes,s1_CtauRes,zeroMean) ]
     p.d.f value is less than zero (-0.055250), forcing value to zero @ !refCoefNorm=(ctau3D = -0.557221,ctau3DErr = 0.0500118), !pdfs=(pdfCTAUDSS = 0.000712503/1,pdfCTAUDF = 5.6507/1), !coefficients=(fDFSS = 1.0099)
     p.d.f value is less than zero (-0.007039), forcing value to zero @ !refCoefNorm=(ctau3D = -0.134226,ctau3DErr = 0.0232008), !pdfs=(pdfCTAUDSS = 0.103098/1,pdfCTAUDF = 11.2225/1), !coefficients=(fDFSS = 1.0099)
     p.d.f value is less than zero (-0.024377), forcing value to zero @ !refCoefNorm=(ctau3D = -0.155541,ctau3DErr = 0.0254663), !pdfs=(pdfCTAUDSS = 0.0816357/1,pdfCTAUDF = 10.7846/1), !coefficients=(fDFSS = 1.0099)
     p.d.f value is less than zero (-0.085559), forcing value to zero @ !refCoefNorm=(ctau3D = -0.222221,ctau3DErr = 0.025528), !pdfs=(pdfCTAUDSS = 0.00980756/1,pdfCTAUDF = 9.63798/1), !coefficients=(fDFSS = 1.0099)
     p.d.f value is less than zero (-0.074382), forcing value to zero @ !refCoefNorm=(ctau3D = -0.376211,ctau3DErr = 0.0298719), !pdfs=(pdfCTAUDSS = 0.000129007/1,pdfCTAUDF = 7.52266/1), !coefficients=(fDFSS = 1.0099)
     p.d.f value is less than zero (-0.076602), forcing value to zero @ !refCoefNorm=(ctau3D = -0.150218,ctau3DErr = 0.0202405), !pdfs=(pdfCTAUDSS = 0.0308545/1,pdfCTAUDF = 10.8796/1), !coefficients=(fDFSS = 1.0099)
     p.d.f value is less than zero (-0.005092), forcing value to zero @ !refCoefNorm=(ctau3D = -0.134126,ctau3DErr = 0.0232985), !pdfs=(pdfCTAUDSS = 0.105049/1,pdfCTAUDF = 11.2248/1), !coefficients=(fDFSS = 1.0099)
     p.d.f value is less than zero (-0.095971), forcing value to zero @ !refCoefNorm=(ctau3D = -0.169188,ctau3DErr = 0.0189263), !pdfs=(pdfCTAUDSS = 0.00807913/1,pdfCTAUDF = 10.5129/1), !coefficients=(fDFSS = 1.0099)
     p.d.f value is less than zero (-0.080264), forcing value to zero @ !refCoefNorm=(ctau3D = -0.329062,ctau3DErr = 0.020688), !pdfs=(pdfCTAUDSS = 1.10724e-06/1,pdfCTAUDF = 8.10352/1), !coefficients=(fDFSS = 1.0099)
     p.d.f value is less than zero (-0.046161), forcing value to zero @ !refCoefNorm=(ctau3D = -0.199169,ctau3DErr = 0.0297844), !pdfs=(pdfCTAUDSS = 0.0525186/1,pdfCTAUDF = 10.0151/1), !coefficients=(fDFSS = 1.0099)
     p.d.f value is less than zero (-0.066227), forcing value to zero @ !refCoefNorm=(ctau3D = -0.449371,ctau3DErr = 0.0271737), !pdfs=(pdfCTAUDSS = 3.89105e-07/1,pdfCTAUDF = 6.68627/1), !coefficients=(fDFSS = 1.0099)
     p.d.f value is less than zero (-0.009587), forcing value to zero @ !refCoefNorm=(ctau3D = -0.147728,ctau3DErr = 0.0252624), !pdfs=(pdfCTAUDSS = 0.097789/1,pdfCTAUDF = 10.9384/1), !coefficients=(fDFSS = 1.0099)
    ... (remaining 78 messages suppressed)

[#0] WARNING:Minization -- RooMinimizerFcn: Minimized function has error status.
Returning maximum FCN so far (-44766.5) to force MIGRAD to back out of this region. Error log follows
Parameter values: N_Bkg=6359.97, b_Bkg=0.577438, fDF12=0.00351031, fDFSS=1.00758, fDLIV=0.487807, fDSS12=0.141292, lambdaDDS_Bkg=0.0834284, lambdaDF_Bkg1=0.268915, lambdaDF_Bkg2=0.857781, lambdaDSS_Bkg1=0.104489, lambdaDSS_Bkg2=0.407099
PID1456062/RooRealMPFE::nll_pdfTot_Bkg_dataw_Bkg_62e9426ecf90_MPFE7[ arg=nll_pdfTot_Bkg_dataw_Bkg_GOF7 vars=(N_Bkg,b_Bkg,ctau1_CtauRes,ctau2_CtauRes,ctau3_CtauRes,f2_CtauRes,fDF12,fDFSS,fDLIV,fDSS12,f_CtauRes,lambdaDDS_Bkg,lambdaDF_Bkg1,lambdaDF_Bkg2,lambdaDSS_Bkg1,lambdaDSS_Bkg2,rS21_CtauRes,rS32_CtauRes,s1_CtauRes,zeroMean) ]
     p.d.f value is less than zero (-0.041314), forcing value to zero @ !refCoefNorm=(ctau3D = -0.557221,ctau3DErr = 0.0500118), !pdfs=(pdfCTAUDSS = 0.000686984/1,pdfCTAUDF = 5.53962/1), !coefficients=(fDFSS = 1.00758)
     p.d.f value is less than zero (-0.052568), forcing value to zero @ !refCoefNorm=(ctau3D = -0.222221,ctau3DErr = 0.025528), !pdfs=(pdfCTAUDSS = 0.00946933/1,pdfCTAUDF = 8.19073/1), !coefficients=(fDFSS = 1.00758)
     p.d.f value is less than zero (-0.051712), forcing value to zero @ !refCoefNorm=(ctau3D = -0.376211,ctau3DErr = 0.0298719), !pdfs=(pdfCTAUDSS = 0.000124614/1,pdfCTAUDF = 6.83619/1), !coefficients=(fDFSS = 1.00758)
     p.d.f value is less than zero (-0.037524), forcing value to zero @ !refCoefNorm=(ctau3D = -0.150218,ctau3DErr = 0.0202405), !pdfs=(pdfCTAUDSS = 0.0298013/1,pdfCTAUDF = 8.90848/1), !coefficients=(fDFSS = 1.00758)
     p.d.f value is less than zero (-0.058241), forcing value to zero @ !refCoefNorm=(ctau3D = -0.169188,ctau3DErr = 0.0189263), !pdfs=(pdfCTAUDSS = 0.00780834/1,pdfCTAUDF = 8.71824/1), !coefficients=(fDFSS = 1.00758)
     p.d.f value is less than zero (-0.054758), forcing value to zero @ !refCoefNorm=(ctau3D = -0.329062,ctau3DErr = 0.020688), !pdfs=(pdfCTAUDSS = 1.07129e-06/1,pdfCTAUDF = 7.22151/1), !coefficients=(fDFSS = 1.00758)
     p.d.f value is less than zero (-0.012680), forcing value to zero @ !refCoefNorm=(ctau3D = -0.199169,ctau3DErr = 0.0297844), !pdfs=(pdfCTAUDSS = 0.0506521/1,pdfCTAUDF = 8.40268/1), !coefficients=(fDFSS = 1.00758)
     p.d.f value is less than zero (-0.047554), forcing value to zero @ !refCoefNorm=(ctau3D = -0.449371,ctau3DErr = 0.0271737), !pdfs=(pdfCTAUDSS = 3.76232e-07/1,pdfCTAUDF = 6.27135/1), !coefficients=(fDFSS = 1.00758)
     p.d.f value is less than zero (-0.015528), forcing value to zero @ !refCoefNorm=(ctau3D = -0.36071,ctau3DErr = 0.0517107), !pdfs=(pdfCTAUDSS = 0.036991/1,pdfCTAUDF = 6.96308/1), !coefficients=(fDFSS = 1.00758)
     p.d.f value is less than zero (-0.037202), forcing value to zero @ !refCoefNorm=(ctau3D = -0.13555,ctau3DErr = 0.0183845), !pdfs=(pdfCTAUDSS = 0.0312875/1,pdfCTAUDF = 9.0635/1), !coefficients=(fDFSS = 1.00758)
     p.d.f value is less than zero (-0.043162), forcing value to zero @ !refCoefNorm=(ctau3D = -0.314695,ctau3DErr = 0.0376949), !pdfs=(pdfCTAUDSS = 0.0124798/1,pdfCTAUDF = 7.35034/1), !coefficients=(fDFSS = 1.00758)
     p.d.f value is less than zero (-0.059533), forcing value to zero @ !refCoefNorm=(ctau3D = -0.257077,ctau3DErr = 0.0197445), !pdfs=(pdfCTAUDSS = 7.37228e-05/1,pdfCTAUDF = 7.86084/1), !coefficients=(fDFSS = 1.00758)
    ... (remaining 58 messages suppressed)

[#0] WARNING:Minization -- RooMinimizerFcn: Minimized function has error status.
Returning maximum FCN so far (-44766.5) to force MIGRAD to back out of this region. Error log follows
Parameter values: N_Bkg=6350.65, b_Bkg=0.583054, fDF12=0.0185195, fDFSS=1.00604, fDLIV=0.492112, fDSS12=0.140216, lambdaDDS_Bkg=0.0822393, lambdaDF_Bkg1=0.381957, lambdaDF_Bkg2=0.92954, lambdaDSS_Bkg1=0.0961559, lambdaDSS_Bkg2=0.40391
PID1456062/RooRealMPFE::nll_pdfTot_Bkg_dataw_Bkg_62e9426ecf90_MPFE7[ arg=nll_pdfTot_Bkg_dataw_Bkg_GOF7 vars=(N_Bkg,b_Bkg,ctau1_CtauRes,ctau2_CtauRes,ctau3_CtauRes,f2_CtauRes,fDF12,fDFSS,fDLIV,fDSS12,f_CtauRes,lambdaDDS_Bkg,lambdaDF_Bkg1,lambdaDF_Bkg2,lambdaDSS_Bkg1,lambdaDSS_Bkg2,rS21_CtauRes,rS32_CtauRes,s1_CtauRes,zeroMean) ]
     p.d.f value is less than zero (-0.031943), forcing value to zero @ !refCoefNorm=(ctau3D = -0.557221,ctau3DErr = 0.0500118), !pdfs=(pdfCTAUDSS = 0.000702897/1,pdfCTAUDF = 5.40161/1), !coefficients=(fDFSS = 1.00604)
     p.d.f value is less than zero (-0.037497), forcing value to zero @ !refCoefNorm=(ctau3D = -0.222221,ctau3DErr = 0.025528), !pdfs=(pdfCTAUDSS = 0.00972447/1,pdfCTAUDF = 7.82192/1), !coefficients=(fDFSS = 1.00604)
     p.d.f value is less than zero (-0.039699), forcing value to zero @ !refCoefNorm=(ctau3D = -0.376211,ctau3DErr = 0.0298719), !pdfs=(pdfCTAUDSS = 0.000128088/1,pdfCTAUDF = 6.58905/1), !coefficients=(fDFSS = 1.00604)
     p.d.f value is less than zero (-0.020402), forcing value to zero @ !refCoefNorm=(ctau3D = -0.150218,ctau3DErr = 0.0202405), !pdfs=(pdfCTAUDSS = 0.0306285/1,pdfCTAUDF = 8.47289/1), !coefficients=(fDFSS = 1.00604)
     p.d.f value is less than zero (-0.042091), forcing value to zero @ !refCoefNorm=(ctau3D = -0.169188,ctau3DErr = 0.0189263), !pdfs=(pdfCTAUDSS = 0.00803494/1,pdfCTAUDF = 8.30074/1), !coefficients=(fDFSS = 1.00604)
     p.d.f value is less than zero (-0.041952), forcing value to zero @ !refCoefNorm=(ctau3D = -0.329062,ctau3DErr = 0.020688), !pdfs=(pdfCTAUDSS = 1.10451e-06/1,pdfCTAUDF = 6.94051/1), !coefficients=(fDFSS = 1.00604)
     p.d.f value is less than zero (-0.036708), forcing value to zero @ !refCoefNorm=(ctau3D = -0.449371,ctau3DErr = 0.0271737), !pdfs=(pdfCTAUDSS = 3.8746e-07/1,pdfCTAUDF = 6.07297/1), !coefficients=(fDFSS = 1.00604)
     p.d.f value is less than zero (-0.002578), forcing value to zero @ !refCoefNorm=(ctau3D = -0.36071,ctau3DErr = 0.0517107), !pdfs=(pdfCTAUDSS = 0.0377156/1,pdfCTAUDF = 6.70383/1), !coefficients=(fDFSS = 1.00604)
     p.d.f value is less than zero (-0.019695), forcing value to zero @ !refCoefNorm=(ctau3D = -0.13555,ctau3DErr = 0.0183845), !pdfs=(pdfCTAUDSS = 0.0321747/1,pdfCTAUDF = 8.61337/1), !coefficients=(fDFSS = 1.00604)
     p.d.f value is less than zero (-0.029807), forcing value to zero @ !refCoefNorm=(ctau3D = -0.314695,ctau3DErr = 0.0376949), !pdfs=(pdfCTAUDSS = 0.0127748/1,pdfCTAUDF = 7.05744/1), !coefficients=(fDFSS = 1.00604)
     p.d.f value is less than zero (-0.045393), forcing value to zero @ !refCoefNorm=(ctau3D = -0.257077,ctau3DErr = 0.0197445), !pdfs=(pdfCTAUDSS = 7.59651e-05/1,pdfCTAUDF = 7.52236/1), !coefficients=(fDFSS = 1.00604)
     p.d.f value is less than zero (-0.031587), forcing value to zero @ !refCoefNorm=(ctau3D = -0.197921,ctau3DErr = 0.0244335), !pdfs=(pdfCTAUDSS = 0.0168823/1,pdfCTAUDF = 8.03555/1), !coefficients=(fDFSS = 1.00604)
    ... (remaining 50 messages suppressed)

[#0] WARNING:Minization -- RooMinimizerFcn: Minimized function has error status.
Returning maximum FCN so far (-44766.5) to force MIGRAD to back out of this region. Error log follows
Parameter values: N_Bkg=6361.28, b_Bkg=0.589146, fDF12=0.0479598, fDFSS=1.0046, fDLIV=0.48679, fDSS12=0.135933, lambdaDDS_Bkg=0.080532, lambdaDF_Bkg1=0.509607, lambdaDF_Bkg2=0.972806, lambdaDSS_Bkg1=0.0895789, lambdaDSS_Bkg2=0.405001
PID1456062/RooRealMPFE::nll_pdfTot_Bkg_dataw_Bkg_62e9426ecf90_MPFE7[ arg=nll_pdfTot_Bkg_dataw_Bkg_GOF7 vars=(N_Bkg,b_Bkg,ctau1_CtauRes,ctau2_CtauRes,ctau3_CtauRes,f2_CtauRes,fDF12,fDFSS,fDLIV,fDSS12,f_CtauRes,lambdaDDS_Bkg,lambdaDF_Bkg1,lambdaDF_Bkg2,lambdaDSS_Bkg1,lambdaDSS_Bkg2,rS21_CtauRes,rS32_CtauRes,s1_CtauRes,zeroMean) ]
     p.d.f value is less than zero (-0.023860), forcing value to zero @ !refCoefNorm=(ctau3D = -0.557221,ctau3DErr = 0.0500118), !pdfs=(pdfCTAUDSS = 0.00070841/1,pdfCTAUDF = 5.34335/1), !coefficients=(fDFSS = 1.0046)
     p.d.f value is less than zero (-0.025383), forcing value to zero @ !refCoefNorm=(ctau3D = -0.222221,ctau3DErr = 0.025528), !pdfs=(pdfCTAUDSS = 0.00982742/1,pdfCTAUDF = 7.66672/1), !coefficients=(fDFSS = 1.0046)
     p.d.f value is less than zero (-0.029698), forcing value to zero @ !refCoefNorm=(ctau3D = -0.376211,ctau3DErr = 0.0298719), !pdfs=(pdfCTAUDSS = 0.000129535/1,pdfCTAUDF = 6.48645/1), !coefficients=(fDFSS = 1.0046)
     p.d.f value is less than zero (-0.006995), forcing value to zero @ !refCoefNorm=(ctau3D = -0.150218,ctau3DErr = 0.0202405), !pdfs=(pdfCTAUDSS = 0.0309713/1,pdfCTAUDF = 8.28717/1), !coefficients=(fDFSS = 1.0046)
     p.d.f value is less than zero (-0.029185), forcing value to zero @ !refCoefNorm=(ctau3D = -0.169188,ctau3DErr = 0.0189263), !pdfs=(pdfCTAUDSS = 0.00813265/1,pdfCTAUDF = 8.12344/1), !coefficients=(fDFSS = 1.0046)
     p.d.f value is less than zero (-0.031377), forcing value to zero @ !refCoefNorm=(ctau3D = -0.329062,ctau3DErr = 0.020688), !pdfs=(pdfCTAUDSS = 1.11965e-06/1,pdfCTAUDF = 6.8237/1), !coefficients=(fDFSS = 1.0046)
     p.d.f value is less than zero (-0.027547), forcing value to zero @ !refCoefNorm=(ctau3D = -0.449371,ctau3DErr = 0.0271737), !pdfs=(pdfCTAUDSS = 3.9242e-07/1,pdfCTAUDF = 5.99053/1), !coefficients=(fDFSS = 1.0046)
     p.d.f value is less than zero (-0.006024), forcing value to zero @ !refCoefNorm=(ctau3D = -0.13555,ctau3DErr = 0.0183845), !pdfs=(pdfCTAUDSS = 0.0325494/1,pdfCTAUDF = 8.42085/1), !coefficients=(fDFSS = 1.0046)
     p.d.f value is less than zero (-0.018954), forcing value to zero @ !refCoefNorm=(ctau3D = -0.314695,ctau3DErr = 0.0376949), !pdfs=(pdfCTAUDSS = 0.0128792/1,pdfCTAUDF = 6.9354/1), !coefficients=(fDFSS = 1.0046)
     p.d.f value is less than zero (-0.033863), forcing value to zero @ !refCoefNorm=(ctau3D = -0.257077,ctau3DErr = 0.0197445), !pdfs=(pdfCTAUDSS = 7.6971e-05/1,pdfCTAUDF = 7.38069/1), !coefficients=(fDFSS = 1.0046)
     p.d.f value is less than zero (-0.019054), forcing value to zero @ !refCoefNorm=(ctau3D = -0.197921,ctau3DErr = 0.0244335), !pdfs=(pdfCTAUDSS = 0.0170602/1,pdfCTAUDF = 7.87052/1), !coefficients=(fDFSS = 1.0046)
     p.d.f value is less than zero (-0.008354), forcing value to zero @ !refCoefNorm=(ctau3D = -0.186422,ctau3DErr = 0.0248274), !pdfs=(pdfCTAUDSS = 0.0281513/1,pdfCTAUDF = 7.96667/1), !coefficients=(fDFSS = 1.0046)
    ... (remaining 44 messages suppressed)

[#0] WARNING:Minization -- RooMinimizerFcn: Minimized function has error status.
Returning maximum FCN so far (-44766.5) to force MIGRAD to back out of this region. Error log follows
Parameter values: N_Bkg=6359.6, b_Bkg=0.594207, fDF12=0.0754676, fDFSS=1.00338, fDLIV=0.487017, fDSS12=0.132018, lambdaDDS_Bkg=0.0790151, lambdaDF_Bkg1=0.602789, lambdaDF_Bkg2=0.99374, lambdaDSS_Bkg1=0.0838438, lambdaDSS_Bkg2=0.403954
PID1456062/RooRealMPFE::nll_pdfTot_Bkg_dataw_Bkg_62e9426ecf90_MPFE7[ arg=nll_pdfTot_Bkg_dataw_Bkg_GOF7 vars=(N_Bkg,b_Bkg,ctau1_CtauRes,ctau2_CtauRes,ctau3_CtauRes,f2_CtauRes,fDF12,fDFSS,fDLIV,fDSS12,f_CtauRes,lambdaDDS_Bkg,lambdaDF_Bkg1,lambdaDF_Bkg2,lambdaDSS_Bkg1,lambdaDSS_Bkg2,rS21_CtauRes,rS32_CtauRes,s1_CtauRes,zeroMean) ]
     p.d.f value is less than zero (-0.017287), forcing value to zero @ !refCoefNorm=(ctau3D = -0.557221,ctau3DErr = 0.0500118), !pdfs=(pdfCTAUDSS = 0.000715408/1,pdfCTAUDF = 5.32282/1), !coefficients=(fDFSS = 1.00338)
     p.d.f value is less than zero (-0.015690), forcing value to zero @ !refCoefNorm=(ctau3D = -0.222221,ctau3DErr = 0.025528), !pdfs=(pdfCTAUDSS = 0.00995074/1,pdfCTAUDF = 7.59028/1), !coefficients=(fDFSS = 1.00338)
     p.d.f value is less than zero (-0.021657), forcing value to zero @ !refCoefNorm=(ctau3D = -0.376211,ctau3DErr = 0.0298719), !pdfs=(pdfCTAUDSS = 0.000131252/1,pdfCTAUDF = 6.44152/1), !coefficients=(fDFSS = 1.00338)
     p.d.f value is less than zero (-0.018897), forcing value to zero @ !refCoefNorm=(ctau3D = -0.169188,ctau3DErr = 0.0189263), !pdfs=(pdfCTAUDSS = 0.00824731/1,pdfCTAUDF = 8.03329/1), !coefficients=(fDFSS = 1.00338)
     p.d.f value is less than zero (-0.022900), forcing value to zero @ !refCoefNorm=(ctau3D = -0.329062,ctau3DErr = 0.020688), !pdfs=(pdfCTAUDSS = 1.13716e-06/1,pdfCTAUDF = 6.77051/1), !coefficients=(fDFSS = 1.00338)
     p.d.f value is less than zero (-0.020149), forcing value to zero @ !refCoefNorm=(ctau3D = -0.449371,ctau3DErr = 0.0271737), !pdfs=(pdfCTAUDSS = 3.98202e-07/1,pdfCTAUDF = 5.95704/1), !coefficients=(fDFSS = 1.00338)
     p.d.f value is less than zero (-0.010214), forcing value to zero @ !refCoefNorm=(ctau3D = -0.314695,ctau3DErr = 0.0376949), !pdfs=(pdfCTAUDSS = 0.0130104/1,pdfCTAUDF = 6.87901/1), !coefficients=(fDFSS = 1.00338)
     p.d.f value is less than zero (-0.024656), forcing value to zero @ !refCoefNorm=(ctau3D = -0.257077,ctau3DErr = 0.0197445), !pdfs=(pdfCTAUDSS = 7.81387e-05/1,pdfCTAUDF = 7.31258/1), !coefficients=(fDFSS = 1.00338)
     p.d.f value is less than zero (-0.009011), forcing value to zero @ !refCoefNorm=(ctau3D = -0.197921,ctau3DErr = 0.0244335), !pdfs=(pdfCTAUDSS = 0.0172734/1,pdfCTAUDF = 7.78801/1), !coefficients=(fDFSS = 1.00338)
     p.d.f value is less than zero (-0.017173), forcing value to zero @ !refCoefNorm=(ctau3D = -0.380411,ctau3DErr = 0.0402251), !pdfs=(pdfCTAUDSS = 0.00451664/1,pdfCTAUDF = 6.41683/1), !coefficients=(fDFSS = 1.00338)
     p.d.f value is less than zero (-0.013352), forcing value to zero @ !refCoefNorm=(ctau3D = -0.341594,ctau3DErr = 0.0391838), !pdfs=(pdfCTAUDSS = 0.00923312/1,pdfCTAUDF = 6.68614/1), !coefficients=(fDFSS = 1.00338)
     p.d.f value is less than zero (-0.025104), forcing value to zero @ !refCoefNorm=(ctau3D = -0.222808,ctau3DErr = 0.0194384), !pdfs=(pdfCTAUDSS = 0.000554625/1,pdfCTAUDF = 7.58613/1), !coefficients=(fDFSS = 1.00338)
    ... (remaining 33 messages suppressed)

[#0] WARNING:Minization -- RooMinimizerFcn: Minimized function has error status.
Returning maximum FCN so far (-44766.5) to force MIGRAD to back out of this region. Error log follows
Parameter values: N_Bkg=6363.15, b_Bkg=0.598635, fDF12=0.108794, fDFSS=1.00228, fDLIV=0.483588, fDSS12=0.128154, lambdaDDS_Bkg=0.0778618, lambdaDF_Bkg1=0.69064, lambdaDF_Bkg2=0.999988, lambdaDSS_Bkg1=0.07825, lambdaDSS_Bkg2=0.404055
PID1456062/RooRealMPFE::nll_pdfTot_Bkg_dataw_Bkg_62e9426ecf90_MPFE7[ arg=nll_pdfTot_Bkg_dataw_Bkg_GOF7 vars=(N_Bkg,b_Bkg,ctau1_CtauRes,ctau2_CtauRes,ctau3_CtauRes,f2_CtauRes,fDF12,fDFSS,fDLIV,fDSS12,f_CtauRes,lambdaDDS_Bkg,lambdaDF_Bkg1,lambdaDF_Bkg2,lambdaDSS_Bkg1,lambdaDSS_Bkg2,rS21_CtauRes,rS32_CtauRes,s1_CtauRes,zeroMean) ]
     p.d.f value is less than zero (-0.011404), forcing value to zero @ !refCoefNorm=(ctau3D = -0.557221,ctau3DErr = 0.0500118), !pdfs=(pdfCTAUDSS = 0.000721347/1,pdfCTAUDF = 5.32321/1), !coefficients=(fDFSS = 1.00228)
     p.d.f value is less than zero (-0.007151), forcing value to zero @ !refCoefNorm=(ctau3D = -0.222221,ctau3DErr = 0.025528), !pdfs=(pdfCTAUDSS = 0.0100622/1,pdfCTAUDF = 7.56592/1), !coefficients=(fDFSS = 1.00228)
     p.d.f value is less than zero (-0.014519), forcing value to zero @ !refCoefNorm=(ctau3D = -0.376211,ctau3DErr = 0.0298719), !pdfs=(pdfCTAUDSS = 0.000132824/1,pdfCTAUDF = 6.43189/1), !coefficients=(fDFSS = 1.00228)
     p.d.f value is less than zero (-0.009857), forcing value to zero @ !refCoefNorm=(ctau3D = -0.169188,ctau3DErr = 0.0189263), !pdfs=(pdfCTAUDSS = 0.00835389/1,pdfCTAUDF = 8.00218/1), !coefficients=(fDFSS = 1.00228)
     p.d.f value is less than zero (-0.015392), forcing value to zero @ !refCoefNorm=(ctau3D = -0.329062,ctau3DErr = 0.020688), !pdfs=(pdfCTAUDSS = 1.15381e-06/1,pdfCTAUDF = 6.75718/1), !coefficients=(fDFSS = 1.00228)
     p.d.f value is less than zero (-0.013560), forcing value to zero @ !refCoefNorm=(ctau3D = -0.449371,ctau3DErr = 0.0271737), !pdfs=(pdfCTAUDSS = 4.03631e-07/1,pdfCTAUDF = 5.95236/1), !coefficients=(fDFSS = 1.00228)
     p.d.f value is less than zero (-0.002485), forcing value to zero @ !refCoefNorm=(ctau3D = -0.314695,ctau3DErr = 0.0376949), !pdfs=(pdfCTAUDSS = 0.0131227/1,pdfCTAUDF = 6.86414/1), !coefficients=(fDFSS = 1.00228)
     p.d.f value is less than zero (-0.016533), forcing value to zero @ !refCoefNorm=(ctau3D = -0.257077,ctau3DErr = 0.0197445), !pdfs=(pdfCTAUDSS = 7.92422e-05/1,pdfCTAUDF = 7.29226/1), !coefficients=(fDFSS = 1.00228)
     p.d.f value is less than zero (-0.000174), forcing value to zero @ !refCoefNorm=(ctau3D = -0.197921,ctau3DErr = 0.0244335), !pdfs=(pdfCTAUDSS = 0.017466/1,pdfCTAUDF = 7.76067/1), !coefficients=(fDFSS = 1.00228)
     p.d.f value is less than zero (-0.010030), forcing value to zero @ !refCoefNorm=(ctau3D = -0.380411,ctau3DErr = 0.0402251), !pdfs=(pdfCTAUDSS = 0.00455653/1,pdfCTAUDF = 6.40734/1), !coefficients=(fDFSS = 1.00228)
     p.d.f value is less than zero (-0.005869), forcing value to zero @ !refCoefNorm=(ctau3D = -0.341594,ctau3DErr = 0.0391838), !pdfs=(pdfCTAUDSS = 0.00931247/1,pdfCTAUDF = 6.6736/1), !coefficients=(fDFSS = 1.00228)
     p.d.f value is less than zero (-0.016663), forcing value to zero @ !refCoefNorm=(ctau3D = -0.222808,ctau3DErr = 0.0194384), !pdfs=(pdfCTAUDSS = 0.000562237/1,pdfCTAUDF = 7.56192/1), !coefficients=(fDFSS = 1.00228)
    ... (remaining 29 messages suppressed)

[#0] WARNING:Minization -- RooMinimizerFcn: Minimized function has error status.
Returning maximum FCN so far (-44766.5) to force MIGRAD to back out of this region. Error log follows
Parameter values: N_Bkg=6361.68, b_Bkg=0.602558, fDF12=0.137638, fDFSS=1.0014, fDLIV=0.482639, fDSS12=0.124572, lambdaDDS_Bkg=0.0767593, lambdaDF_Bkg1=0.755941, lambdaDF_Bkg2=0.996144, lambdaDSS_Bkg1=0.0731961, lambdaDSS_Bkg2=0.403353
PID1456062/RooRealMPFE::nll_pdfTot_Bkg_dataw_Bkg_62e9426ecf90_MPFE7[ arg=nll_pdfTot_Bkg_dataw_Bkg_GOF7 vars=(N_Bkg,b_Bkg,ctau1_CtauRes,ctau2_CtauRes,ctau3_CtauRes,f2_CtauRes,fDF12,fDFSS,fDLIV,fDSS12,f_CtauRes,lambdaDDS_Bkg,lambdaDF_Bkg1,lambdaDF_Bkg2,lambdaDSS_Bkg1,lambdaDSS_Bkg2,rS21_CtauRes,rS32_CtauRes,s1_CtauRes,zeroMean) ]
     p.d.f value is less than zero (-0.006758), forcing value to zero @ !refCoefNorm=(ctau3D = -0.557221,ctau3DErr = 0.0500118), !pdfs=(pdfCTAUDSS = 0.000727731/1,pdfCTAUDF = 5.33139/1), !coefficients=(fDFSS = 1.0014)
     p.d.f value is less than zero (-0.000432), forcing value to zero @ !refCoefNorm=(ctau3D = -0.222221,ctau3DErr = 0.025528), !pdfs=(pdfCTAUDSS = 0.0101806/1,pdfCTAUDF = 7.56789/1), !coefficients=(fDFSS = 1.0014)
     p.d.f value is less than zero (-0.008906), forcing value to zero @ !refCoefNorm=(ctau3D = -0.376211,ctau3DErr = 0.0298719), !pdfs=(pdfCTAUDSS = 0.000134491/1,pdfCTAUDF = 6.4382/1), !coefficients=(fDFSS = 1.0014)
     p.d.f value is less than zero (-0.002758), forcing value to zero @ !refCoefNorm=(ctau3D = -0.169188,ctau3DErr = 0.0189263), !pdfs=(pdfCTAUDSS = 0.00846672/1,pdfCTAUDF = 8.0019/1), !coefficients=(fDFSS = 1.0014)
     p.d.f value is less than zero (-0.009495), forcing value to zero @ !refCoefNorm=(ctau3D = -0.329062,ctau3DErr = 0.020688), !pdfs=(pdfCTAUDSS = 1.17144e-06/1,pdfCTAUDF = 6.76252/1), !coefficients=(fDFSS = 1.0014)
     p.d.f value is less than zero (-0.008368), forcing value to zero @ !refCoefNorm=(ctau3D = -0.449371,ctau3DErr = 0.0271737), !pdfs=(pdfCTAUDSS = 4.09379e-07/1,pdfCTAUDF = 5.9598/1), !coefficients=(fDFSS = 1.0014)
     p.d.f value is less than zero (-0.010164), forcing value to zero @ !refCoefNorm=(ctau3D = -0.257077,ctau3DErr = 0.0197445), !pdfs=(pdfCTAUDSS = 8.04102e-05/1,pdfCTAUDF = 7.29554/1), !coefficients=(fDFSS = 1.0014)
     p.d.f value is less than zero (-0.004400), forcing value to zero @ !refCoefNorm=(ctau3D = -0.380411,ctau3DErr = 0.0402251), !pdfs=(pdfCTAUDSS = 0.00459925/1,pdfCTAUDF = 6.41365/1), !coefficients=(fDFSS = 1.0014)
     p.d.f value is less than zero (-0.010050), forcing value to zero @ !refCoefNorm=(ctau3D = -0.222808,ctau3DErr = 0.0194384), !pdfs=(pdfCTAUDSS = 0.000570294/1,pdfCTAUDF = 7.56395/1), !coefficients=(fDFSS = 1.0014)
     p.d.f value is less than zero (-0.007950), forcing value to zero @ !refCoefNorm=(ctau3D = -0.280423,ctau3DErr = 0.0272301), !pdfs=(pdfCTAUDSS = 0.00204581/1,pdfCTAUDF = 7.12036/1), !coefficients=(fDFSS = 1.0014)
     p.d.f value is less than zero (-0.005115), forcing value to zero @ !refCoefNorm=(ctau3D = -0.230844,ctau3DErr = 0.0246398), !pdfs=(pdfCTAUDSS = 0.00540949/1,pdfCTAUDF = 7.5005/1), !coefficients=(fDFSS = 1.0014)
     p.d.f value is less than zero (-0.009143), forcing value to zero @ !refCoefNorm=(ctau3D = -0.354898,ctau3DErr = 0.0276846), !pdfs=(pdfCTAUDSS = 0.000101317/1,pdfCTAUDF = 6.58345/1), !coefficients=(fDFSS = 1.0014)
    ... (remaining 22 messages suppressed)

[#0] WARNING:Minization -- RooMinimizerFcn: Minimized function has error status.
Returning maximum FCN so far (-44766.5) to force MIGRAD to back out of this region. Error log follows
Parameter values: N_Bkg=6362.75, b_Bkg=0.606171, fDF12=0.168395, fDFSS=1.00066, fDLIV=0.48002, fDSS12=0.121261, lambdaDDS_Bkg=0.0758913, lambdaDF_Bkg1=0.81323, lambdaDF_Bkg2=0.985427, lambdaDSS_Bkg1=0.0683035, lambdaDSS_Bkg2=0.403167
PID1456062/RooRealMPFE::nll_pdfTot_Bkg_dataw_Bkg_62e9426ecf90_MPFE7[ arg=nll_pdfTot_Bkg_dataw_Bkg_GOF7 vars=(N_Bkg,b_Bkg,ctau1_CtauRes,ctau2_CtauRes,ctau3_CtauRes,f2_CtauRes,fDF12,fDFSS,fDLIV,fDSS12,f_CtauRes,lambdaDDS_Bkg,lambdaDF_Bkg1,lambdaDF_Bkg2,lambdaDSS_Bkg1,lambdaDSS_Bkg2,rS21_CtauRes,rS32_CtauRes,s1_CtauRes,zeroMean) ]
     p.d.f value is less than zero (-0.002792), forcing value to zero @ !refCoefNorm=(ctau3D = -0.557221,ctau3DErr = 0.0500118), !pdfs=(pdfCTAUDSS = 0.000733967/1,pdfCTAUDF = 5.34504/1), !coefficients=(fDFSS = 1.00066)
     p.d.f value is less than zero (-0.004123), forcing value to zero @ !refCoefNorm=(ctau3D = -0.376211,ctau3DErr = 0.0298719), !pdfs=(pdfCTAUDSS = 0.000136191/1,pdfCTAUDF = 6.45613/1), !coefficients=(fDFSS = 1.00066)
     p.d.f value is less than zero (-0.004473), forcing value to zero @ !refCoefNorm=(ctau3D = -0.329062,ctau3DErr = 0.020688), !pdfs=(pdfCTAUDSS = 1.18982e-06/1,pdfCTAUDF = 6.78152/1), !coefficients=(fDFSS = 1.00066)
     p.d.f value is less than zero (-0.003942), forcing value to zero @ !refCoefNorm=(ctau3D = -0.449371,ctau3DErr = 0.0271737), !pdfs=(pdfCTAUDSS = 4.15325e-07/1,pdfCTAUDF = 5.97602/1), !coefficients=(fDFSS = 1.00066)
     p.d.f value is less than zero (-0.004745), forcing value to zero @ !refCoefNorm=(ctau3D = -0.257077,ctau3DErr = 0.0197445), !pdfs=(pdfCTAUDSS = 8.16232e-05/1,pdfCTAUDF = 7.3161/1), !coefficients=(fDFSS = 1.00066)
     p.d.f value is less than zero (-0.004425), forcing value to zero @ !refCoefNorm=(ctau3D = -0.222808,ctau3DErr = 0.0194384), !pdfs=(pdfCTAUDSS = 0.000578634/1,pdfCTAUDF = 7.5852/1), !coefficients=(fDFSS = 1.00066)
     p.d.f value is less than zero (-0.002639), forcing value to zero @ !refCoefNorm=(ctau3D = -0.280423,ctau3DErr = 0.0272301), !pdfs=(pdfCTAUDSS = 0.00207073/1,pdfCTAUDF = 7.14042/1), !coefficients=(fDFSS = 1.00066)
     p.d.f value is less than zero (-0.004253), forcing value to zero @ !refCoefNorm=(ctau3D = -0.354898,ctau3DErr = 0.0276846), !pdfs=(pdfCTAUDSS = 0.000102653/1,pdfCTAUDF = 6.60187/1), !coefficients=(fDFSS = 1.00066)
     p.d.f value is less than zero (-0.004054), forcing value to zero @ !refCoefNorm=(ctau3D = -0.422628,ctau3DErr = 0.0247447), !pdfs=(pdfCTAUDSS = 1.68059e-07/1,pdfCTAUDF = 6.14591/1), !coefficients=(fDFSS = 1.00066)
     p.d.f value is less than zero (-0.004078), forcing value to zero @ !refCoefNorm=(ctau3D = -0.412512,ctau3DErr = 0.0295078), !pdfs=(pdfCTAUDSS = 2.09673e-05/1,pdfCTAUDF = 6.21365/1), !coefficients=(fDFSS = 1.00066)
     p.d.f value is less than zero (-0.003874), forcing value to zero @ !refCoefNorm=(ctau3D = -0.465807,ctau3DErr = 0.0225928), !pdfs=(pdfCTAUDSS = 2.20369e-10/1,pdfCTAUDF = 5.87186/1), !coefficients=(fDFSS = 1.00066)
     p.d.f value is less than zero (-0.004483), forcing value to zero @ !refCoefNorm=(ctau3D = -0.32697,ctau3DErr = 0.0194026), !pdfs=(pdfCTAUDSS = 2.52446e-07/1,pdfCTAUDF = 6.79609/1), !coefficients=(fDFSS = 1.00066)
    ... (remaining 16 messages suppressed)

[#0] WARNING:Minization -- RooMinimizerFcn: Minimized function has error status.
Returning maximum FCN so far (-44766.5) to force MIGRAD to back out of this region. Error log follows
Parameter values: N_Bkg=6361.65, b_Bkg=0.609526, fDF12=0.195309, fDFSS=1.00009, fDLIV=0.478676, fDSS12=0.118216, lambdaDDS_Bkg=0.0750719, lambdaDF_Bkg1=0.856771, lambdaDF_Bkg2=0.970102, lambdaDSS_Bkg1=0.0637795, lambdaDSS_Bkg2=0.402615
PID1456062/RooRealMPFE::nll_pdfTot_Bkg_dataw_Bkg_62e9426ecf90_MPFE7[ arg=nll_pdfTot_Bkg_dataw_Bkg_GOF7 vars=(N_Bkg,b_Bkg,ctau1_CtauRes,ctau2_CtauRes,ctau3_CtauRes,f2_CtauRes,fDF12,fDFSS,fDLIV,fDSS12,f_CtauRes,lambdaDDS_Bkg,lambdaDF_Bkg1,lambdaDF_Bkg2,lambdaDSS_Bkg1,lambdaDSS_Bkg2,rS21_CtauRes,rS32_CtauRes,s1_CtauRes,zeroMean) ]
     p.d.f value is less than zero (-0.000439), forcing value to zero @ !refCoefNorm=(ctau3D = -0.376211,ctau3DErr = 0.0298719), !pdfs=(pdfCTAUDSS = 0.00013798/1,pdfCTAUDF = 6.48224/1), !coefficients=(fDFSS = 1.00009)
     p.d.f value is less than zero (-0.000605), forcing value to zero @ !refCoefNorm=(ctau3D = -0.329062,ctau3DErr = 0.020688), !pdfs=(pdfCTAUDSS = 1.20928e-06/1,pdfCTAUDF = 6.81044/1), !coefficients=(fDFSS = 1.00009)
     p.d.f value is less than zero (-0.000534), forcing value to zero @ !refCoefNorm=(ctau3D = -0.449371,ctau3DErr = 0.0271737), !pdfs=(pdfCTAUDSS = 4.21605e-07/1,pdfCTAUDF = 5.99804/1), !coefficients=(fDFSS = 1.00009)
     p.d.f value is less than zero (-0.000571), forcing value to zero @ !refCoefNorm=(ctau3D = -0.257077,ctau3DErr = 0.0197445), !pdfs=(pdfCTAUDSS = 8.29055e-05/1,pdfCTAUDF = 7.34964/1), !coefficients=(fDFSS = 1.00009)
     p.d.f value is less than zero (-0.000091), forcing value to zero @ !refCoefNorm=(ctau3D = -0.222808,ctau3DErr = 0.0194384), !pdfs=(pdfCTAUDSS = 0.000587442/1,pdfCTAUDF = 7.62109/1), !coefficients=(fDFSS = 1.00009)
     p.d.f value is less than zero (-0.000486), forcing value to zero @ !refCoefNorm=(ctau3D = -0.354898,ctau3DErr = 0.0276846), !pdfs=(pdfCTAUDSS = 0.00010406/1,pdfCTAUDF = 6.62924/1), !coefficients=(fDFSS = 1.00009)
     p.d.f value is less than zero (-0.000549), forcing value to zero @ !refCoefNorm=(ctau3D = -0.422628,ctau3DErr = 0.0247447), !pdfs=(pdfCTAUDSS = 1.7071e-07/1,pdfCTAUDF = 6.16937/1), !coefficients=(fDFSS = 1.00009)
     p.d.f value is less than zero (-0.000534), forcing value to zero @ !refCoefNorm=(ctau3D = -0.412512,ctau3DErr = 0.0295078), !pdfs=(pdfCTAUDSS = 2.1256e-05/1,pdfCTAUDF = 6.23769/1), !coefficients=(fDFSS = 1.00009)
     p.d.f value is less than zero (-0.000525), forcing value to zero @ !refCoefNorm=(ctau3D = -0.465807,ctau3DErr = 0.0225928), !pdfs=(pdfCTAUDSS = 2.24124e-10/1,pdfCTAUDF = 5.89299/1), !coefficients=(fDFSS = 1.00009)
     p.d.f value is less than zero (-0.000607), forcing value to zero @ !refCoefNorm=(ctau3D = -0.32697,ctau3DErr = 0.0194026), !pdfs=(pdfCTAUDSS = 2.56712e-07/1,pdfCTAUDF = 6.82513/1), !coefficients=(fDFSS = 1.00009)
     p.d.f value is less than zero (-0.000569), forcing value to zero @ !refCoefNorm=(ctau3D = -0.31036,ctau3DErr = 0.0231899), !pdfs=(pdfCTAUDSS = 5.0043e-05/1,pdfCTAUDF = 6.94756/1), !coefficients=(fDFSS = 1.00009)
     p.d.f value is less than zero (-0.000151), forcing value to zero @ !refCoefNorm=(ctau3D = -0.313802,ctau3DErr = 0.0269943), !pdfs=(pdfCTAUDSS = 0.000465865/1,pdfCTAUDF = 6.9237/1), !coefficients=(fDFSS = 1.00009)
    ... (remaining 7 messages suppressed)

[#0] WARNING:Minization -- RooMinimizerFcn: Minimized function has error status.
Returning maximum FCN so far (-44766.5) to force MIGRAD to back out of this region. Error log follows
Parameter values: N_Bkg=6362.05, b_Bkg=0.612717, fDF12=0.222707, fDFSS=1.00006, fDLIV=0.476527, fDSS12=0.115429, lambdaDDS_Bkg=0.0744005, lambdaDF_Bkg1=0.893783, lambdaDF_Bkg2=0.951299, lambdaDSS_Bkg1=0.0594104, lambdaDSS_Bkg2=0.402327
PID1456062/RooRealMPFE::nll_pdfTot_Bkg_dataw_Bkg_62e9426ecf90_MPFE7[ arg=nll_pdfTot_Bkg_dataw_Bkg_GOF7 vars=(N_Bkg,b_Bkg,ctau1_CtauRes,ctau2_CtauRes,ctau3_CtauRes,f2_CtauRes,fDF12,fDFSS,fDLIV,fDSS12,f_CtauRes,lambdaDDS_Bkg,lambdaDF_Bkg1,lambdaDF_Bkg2,lambdaDSS_Bkg1,lambdaDSS_Bkg2,rS21_CtauRes,rS32_CtauRes,s1_CtauRes,zeroMean) ]
     p.d.f value is less than zero (-0.000236), forcing value to zero @ !refCoefNorm=(ctau3D = -0.376211,ctau3DErr = 0.0298719), !pdfs=(pdfCTAUDSS = 0.000139866/1,pdfCTAUDF = 6.51412/1), !coefficients=(fDFSS = 1.00006)
     p.d.f value is less than zero (-0.000394), forcing value to zero @ !refCoefNorm=(ctau3D = -0.329062,ctau3DErr = 0.020688), !pdfs=(pdfCTAUDSS = 1.23016e-06/1,pdfCTAUDF = 6.84637/1), !coefficients=(fDFSS = 1.00006)
     p.d.f value is less than zero (-0.000347), forcing value to zero @ !refCoefNorm=(ctau3D = -0.449371,ctau3DErr = 0.0271737), !pdfs=(pdfCTAUDSS = 4.28302e-07/1,pdfCTAUDF = 6.02407/1), !coefficients=(fDFSS = 1.00006)
     p.d.f value is less than zero (-0.000342), forcing value to zero @ !refCoefNorm=(ctau3D = -0.257077,ctau3DErr = 0.0197445), !pdfs=(pdfCTAUDSS = 8.42773e-05/1,pdfCTAUDF = 7.39245/1), !coefficients=(fDFSS = 1.00006)
     p.d.f value is less than zero (-0.000279), forcing value to zero @ !refCoefNorm=(ctau3D = -0.354898,ctau3DErr = 0.0276846), !pdfs=(pdfCTAUDSS = 0.000105548/1,pdfCTAUDF = 6.66293/1), !coefficients=(fDFSS = 1.00006)
     p.d.f value is less than zero (-0.000357), forcing value to zero @ !refCoefNorm=(ctau3D = -0.422628,ctau3DErr = 0.0247447), !pdfs=(pdfCTAUDSS = 1.73548e-07/1,pdfCTAUDF = 6.19744/1), !coefficients=(fDFSS = 1.00006)
     p.d.f value is less than zero (-0.000340), forcing value to zero @ !refCoefNorm=(ctau3D = -0.412512,ctau3DErr = 0.0295078), !pdfs=(pdfCTAUDSS = 2.15617e-05/1,pdfCTAUDF = 6.26659/1), !coefficients=(fDFSS = 1.00006)
     p.d.f value is less than zero (-0.000341), forcing value to zero @ !refCoefNorm=(ctau3D = -0.465807,ctau3DErr = 0.0225928), !pdfs=(pdfCTAUDSS = 2.28169e-10/1,pdfCTAUDF = 5.91777/1), !coefficients=(fDFSS = 1.00006)
     p.d.f value is less than zero (-0.000396), forcing value to zero @ !refCoefNorm=(ctau3D = -0.32697,ctau3DErr = 0.0194026), !pdfs=(pdfCTAUDSS = 2.61303e-07/1,pdfCTAUDF = 6.86125/1), !coefficients=(fDFSS = 1.00006)
     p.d.f value is less than zero (-0.000352), forcing value to zero @ !refCoefNorm=(ctau3D = -0.31036,ctau3DErr = 0.0231899), !pdfs=(pdfCTAUDSS = 5.08292e-05/1,pdfCTAUDF = 6.98523/1), !coefficients=(fDFSS = 1.00006)
     p.d.f value is less than zero (-0.000201), forcing value to zero @ !refCoefNorm=(ctau3D = -0.960972,ctau3DErr = 0.0589514), !pdfs=(pdfCTAUDSS = 5.62394e-07/1,pdfCTAUDF = 3.50243/1), !coefficients=(fDFSS = 1.00006)
     p.d.f value is less than zero (-0.000373), forcing value to zero @ !refCoefNorm=(ctau3D = -0.374177,ctau3DErr = 0.0246944), !pdfs=(pdfCTAUDSS = 3.92438e-06/1,pdfCTAUDF = 6.52612/1), !coefficients=(fDFSS = 1.00006)
    ... (remaining 5 messages suppressed)

RooArgSet::dependents = (ctau3D)
RooSetProxy::!refCoefNorm = (ctau3DErr,ctau3D)
RooArgSet::dependents = (ctau3D)
RooSetProxy::!refCoefNorm = (ctau3DErr,ctau3D)
RooArgSet:: = ()
RooSetProxy::!refCoefNorm = (ctau3DErr,ctau3D)
RooArgSet::dependents = (ctau3D)
RooSetProxy::!refCoefNorm = (ctau3DErr,ctau3D)
RooArgSet::dependents = (ctau3D)
RooArgSet::dependents = (ctau3D)
RooArgSet::dependents = (ctau3D)
RooSetProxy::!refCoefNorm = (ctau3DErr,ctau3D)
RooSetProxy::!refCoefNorm = (ctau3DErr,ctau3D)
RooSetProxy::!refCoefNorm = (ctau3DErr,ctau3D)
RooArgSet::dependents = (ctau3D)
RooSetProxy::!refCoefNorm = (ctau3DErr,ctau3D)
RooArgSet::dependents = (ctau3D)
RooArgSet::dependents = (ctau3D)
RooSetProxy::!refCoefNorm = (ctau3DErr,ctau3D)
RooSetProxy::!refCoefNorm = (ctau3DErr,ctau3D)
RooArgSet::dependents = (ctau3D)
RooSetProxy::!refCoefNorm = (ctau3DErr,ctau3D)
RooArgSet::dependents = (ctau3D)
RooSetProxy::!refCoefNorm = (ctau3DErr,ctau3D)
RooArgSet::dependents = (ctau3D)
RooSetProxy::!refCoefNorm = (ctau3DErr,ctau3D)
RooArgSet::dependents = (ctau3D)
RooArgSet::dependents = (ctau3D)
RooSetProxy::!refCoefNorm = (ctau3DErr,ctau3D)
RooArgSet::dependents = (ctau3D)
RooSetProxy::!refCoefNorm = (ctau3DErr,ctau3D)
RooSetProxy::!refCoefNorm = (ctau3DErr,ctau3D)
RooArgSet::dependents = (ctau3D)
RooArgSet::dependents = (ctau3D)
RooSetProxy::!refCoefNorm = (ctau3DErr,ctau3D)
RooSetProxy::!refCoefNorm = (ctau3DErr,ctau3D)
RooArgSet::dependents = (ctau3D)
RooSetProxy::!refCoefNorm = (ctau3DErr,ctau3D)
RooArgSet:: = ()
RooSetProxy::!refCoefNorm = (ctau3DErr,ctau3D)
RooArgSet:: = ()
RooSetProxy::!refCoefNorm = (ctau3DErr,ctau3D)
RooArgSet:: = ()
RooArgSet:: = ()
RooArgSet:: = ()
RooSetProxy::!refCoefNorm = (ctau3DErr,ctau3D)
RooSetProxy::!refCoefNorm = (ctau3DErr,ctau3D)
RooSetProxy::!refCoefNorm = (ctau3DErr,ctau3D)
RooArgSet:: = ()
RooSetProxy::!refCoefNorm = (ctau3DErr,ctau3D)
RooArgSet:: = ()
RooSetProxy::!refCoefNorm = (ctau3DErr,ctau3D)
RooArgSet:: = ()
RooSetProxy::!refCoefNorm = (ctau3DErr,ctau3D)
[#0] ERROR:Eval -- RooAbsReal::logEvalError(pdfCTAU_Bkg) evaluation error, 
 origin       : RooAddPdf::pdfCTAU_Bkg[ b_Bkg * pdfCTAU_BkgNoPR + [%] * pdfCTAU_BkgPR ]
 message      : p.d.f value is Not-a-Number (-nan), forcing value to zero
 server values: !refCoefNorm=(ctau3DErr = 0.124054,ctau3D = -4), !pdfs=(pdfCTAU_BkgNoPR = 0/1,pdfCTAU_BkgPR = 0/1), !coefficients=(b_Bkg = 0.796245 +/- 0.0896014)
[#0] ERROR:Eval -- RooAbsReal::logEvalError(pdfCTAU_Bkg_Tot) evaluation error, 
 origin       : RooAddPdf::pdfCTAU_Bkg_Tot[ N_Bkg * pdfCTAU_Bkg ]
 message      : p.d.f value is Not-a-Number (-nan), forcing value to zero
 server values: !refCoefNorm=(ctau3DErr = 0.124054,ctau3D = -4), !pdfs=(pdfCTAU_Bkg = -nan/1), !coefficients=(N_Bkg = 6350.43 +/- 99.785)
RooArgSet::dependents = (ctau3D)
RooSetProxy::!refCoefNorm = (ctau3DErr,ctau3D)
RooArgSet::dependents = (ctau3D)
RooSetProxy::!refCoefNorm = (ctau3DErr,ctau3D)
RooArgSet:: = ()
RooSetProxy::!refCoefNorm = (ctau3DErr,ctau3D)
RooArgSet::dependents = (ctau3D)
RooSetProxy::!refCoefNorm = (ctau3DErr,ctau3D)
RooArgSet::dependents = (ctau3D)
RooSetProxy::!refCoefNorm = (ctau3DErr,ctau3D)
RooArgSet::dependents = (ctau3D)
RooArgSet::dependents = (ctau3D)
RooSetProxy::!refCoefNorm = (ctau3DErr,ctau3D)
RooSetProxy::!refCoefNorm = (ctau3DErr,ctau3D)
RooArgSet::dependents = (ctau3D)
RooArgSet::dependents = (ctau3D)
RooSetProxy::!refCoefNorm = (ctau3DErr,ctau3D)
RooArgSet::dependents = (ctau3D)
RooSetProxy::!refCoefNorm = (ctau3DErr,ctau3D)
RooSetProxy::!refCoefNorm = (ctau3DErr,ctau3D)
RooArgSet::dependents = (ctau3D)
RooSetProxy::!refCoefNorm = (ctau3DErr,ctau3D)
RooArgSet::dependents = (ctau3D)
RooSetProxy::!refCoefNorm = (ctau3DErr,ctau3D)
RooArgSet::dependents = (ctau3D)
RooSetProxy::!refCoefNorm = (ctau3DErr,ctau3D)
RooArgSet::dependents = (ctau3D)
RooSetProxy::!refCoefNorm = (ctau3DErr,ctau3D)
RooArgSet::dependents = (ctau3D)
RooSetProxy::!refCoefNorm = (ctau3DErr,ctau3D)
RooArgSet:: = ()
RooArgSet::dependents = (ctau3D)
RooSetProxy::!refCoefNorm = (ctau3DErr,ctau3D)
RooSetProxy::!refCoefNorm = (ctau3DErr,ctau3D)
RooArgSet::dependents = (ctau3D)
RooSetProxy::!refCoefNorm = (ctau3DErr,ctau3D)
RooArgSet::dependents = (ctau3D)
RooSetProxy::!refCoefNorm = (ctau3DErr,ctau3D)
RooArgSet::dependents = (ctau3D)
RooSetProxy::!refCoefNorm = (ctau3DErr,ctau3D)
RooArgSet:: = ()
RooSetProxy::!refCoefNorm = (ctau3DErr,ctau3D)
RooArgSet:: = ()
RooSetProxy::!refCoefNorm = (ctau3DErr,ctau3D)
RooArgSet:: = ()
RooSetProxy::!refCoefNorm = (ctau3DErr,ctau3D)
RooArgSet:: = ()
RooSetProxy::!refCoefNorm = (ctau3DErr,ctau3D)
RooArgSet:: = ()
RooSetProxy::!refCoefNorm = (ctau3DErr,ctau3D)
RooArgSet:: = ()
RooSetProxy::!refCoefNorm = (ctau3DErr,ctau3D)
RooArgSet:: = ()
RooSetProxy::!refCoefNorm = (ctau3DErr,ctau3D)
[#0] ERROR:Eval -- RooAbsReal::logEvalError(pdfCTAU_Bkg) evaluation error, 
 origin       : RooAddPdf::pdfCTAU_Bkg[ b_Bkg * pdfCTAU_BkgNoPR + [%] * pdfCTAU_BkgPR ]
 message      : p.d.f value is Not-a-Number (-nan), forcing value to zero
 server values: !refCoefNorm=(ctau3DErr = 0.124054,ctau3D = -4), !pdfs=(pdfCTAU_BkgNoPR = 0/1,pdfCTAU_BkgPR = 0/1), !coefficients=(b_Bkg = 0.796245 +/- 0.0896014)
[#0] ERROR:Eval -- RooAbsReal::logEvalError(pdfCTAU_Bkg_Tot) evaluation error, 
 origin       : RooAddPdf::pdfCTAU_Bkg_Tot[ N_Bkg * pdfCTAU_Bkg ]
 message      : p.d.f value is Not-a-Number (-nan), forcing value to zero
 server values: !refCoefNorm=(ctau3DErr = 0.124054,ctau3D = -4), !pdfs=(pdfCTAU_Bkg = -nan/1), !coefficients=(N_Bkg = 6350.43 +/- 99.785)
RooArgSet::dependents = (ctau3D)
RooSetProxy::!refCoefNorm = (ctau3DErr,ctau3D)
RooArgSet::dependents = (ctau3D)
RooSetProxy::!refCoefNorm = (ctau3DErr,ctau3D)
RooArgSet:: = ()
RooSetProxy::!refCoefNorm = (ctau3DErr,ctau3D)
RooArgSet::dependents = (ctau3D)
RooSetProxy::!refCoefNorm = (ctau3DErr,ctau3D)
RooArgSet::dependents = (ctau3D)
RooArgSet::dependents = (ctau3D)
RooSetProxy::!refCoefNorm = (ctau3DErr,ctau3D)
RooSetProxy::!refCoefNorm = (ctau3DErr,ctau3D)
RooArgSet::dependents = (ctau3D)
RooSetProxy::!refCoefNorm = (ctau3DErr,ctau3D)
RooArgSet::dependents = (ctau3D)
RooSetProxy::!refCoefNorm = (ctau3DErr,ctau3D)
RooArgSet::dependents = (ctau3D)
RooSetProxy::!refCoefNorm = (ctau3DErr,ctau3D)
RooArgSet::dependents = (ctau3D)
RooSetProxy::!refCoefNorm = (ctau3DErr,ctau3D)
RooArgSet::dependents = (ctau3D)
RooArgSet::dependents = (ctau3D)
RooSetProxy::!refCoefNorm = (ctau3DErr,ctau3D)
RooSetProxy::!refCoefNorm = (ctau3DErr,ctau3D)
RooArgSet::dependents = (ctau3D)
RooArgSet:: = ()
RooSetProxy::!refCoefNorm = (ctau3DErr,ctau3D)
RooArgSet::dependents = (ctau3D)
RooSetProxy::!refCoefNorm = (ctau3DErr,ctau3D)
RooSetProxy::!refCoefNorm = (ctau3DErr,ctau3D)
RooArgSet:: = ()
RooSetProxy::!refCoefNorm = (ctau3DErr,ctau3D)
RooArgSet:: = ()
RooSetProxy::!refCoefNorm = (ctau3DErr,ctau3D)
RooArgSet:: = ()
RooSetProxy::!refCoefNorm = (ctau3DErr,ctau3D)
RooArgSet::dependents = (ctau3D)
RooSetProxy::!refCoefNorm = (ctau3DErr,ctau3D)
RooArgSet::dependents = (ctau3D)
RooSetProxy::!refCoefNorm = (ctau3DErr,ctau3D)
RooArgSet::dependents = (ctau3D)
RooSetProxy::!refCoefNorm = (ctau3DErr,ctau3D)
RooArgSet::dependents = (ctau3D)
RooSetProxy::!refCoefNorm = (ctau3DErr,ctau3D)
RooArgSet:: = ()
RooSetProxy::!refCoefNorm = (ctau3DErr,ctau3D)
RooArgSet::dependents = (ctau3D)
RooSetProxy::!refCoefNorm = (ctau3DErr,ctau3D)
RooArgSet:: = ()
RooSetProxy::!refCoefNorm = (ctau3DErr,ctau3D)
RooArgSet:: = ()
RooSetProxy::!refCoefNorm = (ctau3DErr,ctau3D)
RooArgSet:: = ()
RooSetProxy::!refCoefNorm = (ctau3DErr,ctau3D)
[#0] ERROR:Eval -- RooAbsReal::logEvalError(pdfCTAU_Bkg) evaluation error, 
 origin       : RooAddPdf::pdfCTAU_Bkg[ b_Bkg * pdfCTAU_BkgNoPR + [%] * pdfCTAU_BkgPR ]
 message      : p.d.f value is Not-a-Number (-nan), forcing value to zero
 server values: !refCoefNorm=(ctau3DErr = 0.124054,ctau3D = -4), !pdfs=(pdfCTAU_BkgNoPR = 0/1,pdfCTAU_BkgPR = 0/1), !coefficients=(b_Bkg = 0.796245 +/- 0.0896014)
[#0] ERROR:Eval -- RooAbsReal::logEvalError(pdfCTAU_Bkg_Tot) evaluation error, 
 origin       : RooAddPdf::pdfCTAU_Bkg_Tot[ N_Bkg * pdfCTAU_Bkg ]
 message      : p.d.f value is Not-a-Number (-nan), forcing value to zero
 server values: !refCoefNorm=(ctau3DErr = 0.124054,ctau3D = -4), !pdfs=(pdfCTAU_Bkg = -nan/1), !coefficients=(N_Bkg = 6350.43 +/- 99.785)
RooArgSet::dependents = (ctau3D)
RooSetProxy::!refCoefNorm = (ctau3DErr,ctau3D)
RooArgSet::dependents = (ctau3D)
RooSetProxy::!refCoefNorm = (ctau3DErr,ctau3D)
RooArgSet:: = ()
RooSetProxy::!refCoefNorm = (ctau3DErr,ctau3D)
RooArgSet::dependents = (ctau3D)
RooArgSet::dependents = (ctau3D)
RooSetProxy::!refCoefNorm = (ctau3DErr,ctau3D)
RooArgSet::dependents = (ctau3D)
RooSetProxy::!refCoefNorm = (ctau3DErr,ctau3D)
RooSetProxy::!refCoefNorm = (ctau3DErr,ctau3D)
RooArgSet::dependents = (ctau3D)
RooArgSet::dependents = (ctau3D)
RooSetProxy::!refCoefNorm = (ctau3DErr,ctau3D)
RooSetProxy::!refCoefNorm = (ctau3DErr,ctau3D)
RooArgSet::dependents = (ctau3D)
RooArgSet::dependents = (ctau3D)
RooSetProxy::!refCoefNorm = (ctau3DErr,ctau3D)
RooSetProxy::!refCoefNorm = (ctau3DErr,ctau3D)
RooArgSet::dependents = (ctau3D)
RooSetProxy::!refCoefNorm = (ctau3DErr,ctau3D)
RooArgSet::dependents = (ctau3D)
RooSetProxy::!refCoefNorm = (ctau3DErr,ctau3D)
RooArgSet::dependents = (ctau3D)
RooSetProxy::!refCoefNorm = (ctau3DErr,ctau3D)
RooArgSet::dependents = (ctau3D)
RooSetProxy::!refCoefNorm = (ctau3DErr,ctau3D)
RooArgSet:: = ()
RooArgSet:: = ()
RooSetProxy::!refCoefNorm = (ctau3DErr,ctau3D)
RooSetProxy::!refCoefNorm = (ctau3DErr,ctau3D)
RooArgSet::dependents = (ctau3D)
RooArgSet:: = ()
RooSetProxy::!refCoefNorm = (ctau3DErr,ctau3D)
RooSetProxy::!refCoefNorm = (ctau3DErr,ctau3D)
RooArgSet:: = ()
RooSetProxy::!refCoefNorm = (ctau3DErr,ctau3D)
RooArgSet:: = ()
RooSetProxy::!refCoefNorm = (ctau3DErr,ctau3D)
RooArgSet::dependents = (ctau3D)
RooSetProxy::!refCoefNorm = (ctau3DErr,ctau3D)
RooArgSet::dependents = (ctau3D)
RooSetProxy::!refCoefNorm = (ctau3DErr,ctau3D)
RooArgSet::dependents = (ctau3D)
RooSetProxy::!refCoefNorm = (ctau3DErr,ctau3D)
RooArgSet::dependents = (ctau3D)
RooArgSet:: = ()
RooSetProxy::!refCoefNorm = (ctau3DErr,ctau3D)
RooSetProxy::!refCoefNorm = (ctau3DErr,ctau3D)
RooArgSet:: = ()
RooSetProxy::!refCoefNorm = (ctau3DErr,ctau3D)
RooArgSet:: = ()
RooSetProxy::!refCoefNorm = (ctau3DErr,ctau3D)
[#0] ERROR:Eval -- RooAbsReal::logEvalError(pdfCTAU_Bkg) evaluation error, 
 origin       : RooAddPdf::pdfCTAU_Bkg[ b_Bkg * pdfCTAU_BkgNoPR + [%] * pdfCTAU_BkgPR ]
 message      : p.d.f value is Not-a-Number (-nan), forcing value to zero
 server values: !refCoefNorm=(ctau3DErr = 0.124054,ctau3D = -4), !pdfs=(pdfCTAU_BkgNoPR = 0/1,pdfCTAU_BkgPR = 0/1), !coefficients=(b_Bkg = 0.796245 +/- 0.0896014)
[#0] ERROR:Eval -- RooAbsReal::logEvalError(pdfCTAU_Bkg_Tot) evaluation error, 
 origin       : RooAddPdf::pdfCTAU_Bkg_Tot[ N_Bkg * pdfCTAU_Bkg ]
 message      : p.d.f value is Not-a-Number (-nan), forcing value to zero
 server values: !refCoefNorm=(ctau3DErr = 0.124054,ctau3D = -4), !pdfs=(pdfCTAU_Bkg = -nan/1), !coefficients=(N_Bkg = 6350.43 +/- 99.785)
Info in <TCanvas::Print>: pdf file figs/2DFit_No_Weight/CtauBkg/Bkg_pt8.5-12.0_y1.6-2.4_muPt0.0_centrality0-180_PRw_Effw0_Accw0_PtW0_TnP0.pdf has been created

  RooFitResult: minimized FCN value: -104236, estimated distance to minimum: 1.95371
                covariance matrix quality: Unknown, matrix was externally provided
                Status : MINIMIZE=0 HESSE=0 HESSE=0 

    Floating Parameter    FinalValue +/-  Error   
  --------------------  --------------------------
                 N_Bkg    6.3504e+03 +/-  9.98e+01
                 b_Bkg    7.9624e-01 +/-  8.96e-02
                 fDF12    3.1576e-02 +/-  1.12e-01
                 fDFSS    8.3026e-01 +/-  8.76e-02
                 fDLIV    5.6224e-01 +/-  1.54e-01
                fDSS12    2.2585e-01 +/-  1.63e-01
         lambdaDDS_Bkg    3.1955e-02 +/-  1.38e-02
         lambdaDF_Bkg1    2.7114e-01 +/-  3.55e-01
         lambdaDF_Bkg2    9.9933e-02 +/-  4.53e-02
        lambdaDSS_Bkg1    5.4687e-02 +/-  3.41e-02
        lambdaDSS_Bkg2    3.8251e-01 +/-  1.85e-02

RooDataSet::dataw_Bkg[ctau3DErr,ctau3DRes,ctau3D,mass,weight:N_Bkg_sw] = 4713 entries (6350.42 weighted)

###### Fit Convergence Check ######
Hesse: 0	 edm: 1.95371	 mll: -104236
[31m[Stuck] fDF12 [0m // Final Value : 0.0315759 (1e-06 ~ 1)

[31m[Stuck] lambdaDF_Bkg1 [0m // Final Value : 0.271138 (0.0001 ~ 1)

RealTime=18.137446 seconds, CpuTime=5.460000 seconds
# STAGE: ctauBkg
# CMD: /opt/conda/envs/root618/bin/root -l -b -q 'CtauBkg_2exp.C(8.5,12,1.6,2.4,0,180)'

