
Processing CtauBkg_2exp.C(13,15,0,1.6,0,180)...

[1mRooFit v3.60 -- Developed by Wouter Verkerke and David Kirkby[0m 
                Copyright (C) 2000-2013 NIKHEF, University of California & Stanford University
                All rights reserved, please read http://roofit.sourceforge.net/license.txt

####################################
pt: 13-15, y: 0-1.6
******** New Combined Dataset ***********
RooRealVar::ctau3D = 0.219346  L(-4 - 6.5) // [mm]
RooRealVar::ctau3DErr = 0.0227642  L(0.0126146 - 0.0767065) // [mm]

************** Start BKG Ctau Fit *****************

N_Bkg : 3595.68+/-113.657
ctau1_CtauRes : 0
s1_CtauRes : 0.720727
f_CtauRes : 0.333492+/-0.0951597
f2_CtauRes : 0.692601+/-0.0455462
RooArgSet::dependents = (ctau3D,ctau3DErr)
RooSetProxy::!refCoefNorm = (ctau3D,ctau3DErr)
RooArgSet::dependents = (ctau3D,ctau3DErr)
RooSetProxy::!refCoefNorm = (ctau3D,ctau3DErr)
RooArgSet::dependents = (ctau3D,ctau3DErr)
RooArgSet::dependents = (ctau3D,ctau3DErr)
RooSetProxy::!refCoefNorm = (ctau3D,ctau3DErr)
RooArgSet::dependents = (ctau3D,ctau3DErr)
RooSetProxy::!refCoefNorm = (ctau3D,ctau3DErr)
RooSetProxy::!refCoefNorm = (ctau3D,ctau3DErr)
RooArgSet::dependents = (ctau3D,ctau3DErr)
RooArgSet::dependents = (ctau3D,ctau3DErr)
RooArgSet::dependents = (ctau3D,ctau3DErr)
RooArgSet::dependents = (ctau3D,ctau3DErr)
RooArgSet::dependents = (ctau3D,ctau3DErr)
RooArgSet::dependents = (ctau3D,ctau3DErr)
RooArgSet::dependents = (ctau3D,ctau3DErr)
RooSetProxy::!refCoefNorm = (ctau3D,ctau3DErr)
RooSetProxy::!refCoefNorm = (ctau3D,ctau3DErr)
RooSetProxy::!refCoefNorm = (ctau3D,ctau3DErr)
RooSetProxy::!refCoefNorm = (ctau3D,ctau3DErr)
RooSetProxy::!refCoefNorm = (ctau3D,ctau3DErr)
RooSetProxy::!refCoefNorm = (ctau3D,ctau3DErr)
RooSetProxy::!refCoefNorm = (ctau3D,ctau3DErr)
RooArgSet::dependents = (ctau3D,ctau3DErr)
RooSetProxy::!refCoefNorm = (ctau3D,ctau3DErr)
RooArgSet::dependents = (ctau3D,ctau3DErr)
RooArgSet::dependents = (ctau3D,ctau3DErr)
RooSetProxy::!refCoefNorm = (ctau3D,ctau3DErr)
RooArgSet::dependents = (ctau3D,ctau3DErr)
RooSetProxy::!refCoefNorm = (ctau3D,ctau3DErr)
RooSetProxy::!refCoefNorm = (ctau3D,ctau3DErr)
RooArgSet::dependents = (ctau3D,ctau3DErr)
RooSetProxy::!refCoefNorm = (ctau3D,ctau3DErr)
RooArgSet::dependents = (ctau3D,ctau3DErr)
RooSetProxy::!refCoefNorm = (ctau3D,ctau3DErr)
RooArgSet::dependents = (ctau3D,ctau3DErr)
RooSetProxy::!refCoefNorm = (ctau3D,ctau3DErr)
RooArgSet::dependents = (ctau3D,ctau3DErr)
RooSetProxy::!refCoefNorm = (ctau3D,ctau3DErr)
RooArgSet::dependents = (ctau3D,ctau3DErr)
RooArgSet::dependents = (ctau3D,ctau3DErr)
RooSetProxy::!refCoefNorm = (ctau3D,ctau3DErr)
RooSetProxy::!refCoefNorm = (ctau3D,ctau3DErr)
RooArgSet::dependents = (ctau3D,ctau3DErr)
RooArgSet::dependents = (ctau3D,ctau3DErr)
RooSetProxy::!refCoefNorm = (ctau3D,ctau3DErr)
RooSetProxy::!refCoefNorm = (ctau3D,ctau3DErr)
RooArgSet::dependents = (ctau3D,ctau3DErr)
RooSetProxy::!refCoefNorm = (ctau3D,ctau3DErr)
RooArgSet::dependents = (ctau3D,ctau3DErr)
RooArgSet::dependents = (ctau3D,ctau3DErr)
RooSetProxy::!refCoefNorm = (ctau3D,ctau3DErr)
RooSetProxy::!refCoefNorm = (ctau3D,ctau3DErr)
RooArgSet::dependents = (ctau3D,ctau3DErr)
RooSetProxy::!refCoefNorm = (ctau3D,ctau3DErr)
RooArgSet::dependents = (ctau3D,ctau3DErr)
RooSetProxy::!refCoefNorm = (ctau3D,ctau3DErr)
RooArgSet::dependents = (ctau3D,ctau3DErr)
RooSetProxy::!refCoefNorm = (ctau3D,ctau3DErr)
RooArgSet::dependents = (ctau3D,ctau3DErr)
RooSetProxy::!refCoefNorm = (ctau3D,ctau3DErr)
RooArgSet::dependents = (ctau3D,ctau3DErr)
RooSetProxy::!refCoefNorm = (ctau3D,ctau3DErr)
RooArgSet::dependents = (ctau3D,ctau3DErr)
RooSetProxy::!refCoefNorm = (ctau3D,ctau3DErr)
RooArgSet::dependents = (ctau3D,ctau3DErr)
RooSetProxy::!refCoefNorm = (ctau3D,ctau3DErr)
[#0] WARNING:Eval -- RooAddPdf::updateCoefCache(pdfCTAU1 WARNING: sum of PDF coefficients not in range [0-1], value=1.00651[#0] WARNING:Eval -- RooAddPdf::updateCoefCache(pdfCTAU1 WARNING: sum of PDF coefficients not in range [0-1], value=1.00651[#0] WARNING:Eval -- RooAddPdf::updateCoefCache(pdfCTAU1 WARNING: sum of PDF coefficients not in range [0-1], value=1.00651[#0] WARNING:Eval -- 
[#0] WARNING:Eval -- 
[#0] WARNING:Eval -- RooAddPdf::updateCoefCache(pdfCTAU1 WARNING: sum of PDF coefficients not in range [0-1], value=1.00651[#0] WARNING:Eval -- RooAddPdf::updateCoefCache(pdfCTAU1 WARNING: sum of PDF coefficients not in range [0-1], value=1.00651[#0] WARNING:Eval -- 
[#0] WARNING:Eval -- RooAddPdf::updateCoefCache(pdfCTAU1 WARNING: sum of PDF coefficients not in range [0-1], value=1.00651[#0] WARNING:Eval -- RooAddPdf::updateCoefCache(pdfCTAU1 WARNING: sum of PDF coefficients not in range [0-1], value=1.00651[#0] WARNING:Eval -- RooAddPdf::updateCoefCache(pdfCTAU1 WARNING: sum of PDF coefficients not in range [0-1], value=1.00651[#0] WARNING:Eval -- 
[#0] WARNING:Eval -- 
[#0] WARNING:Eval -- RooAddPdf::updateCoefCache(pdfCTAU1 WARNING: sum of PDF coefficients not in range [0-1], value=1.00651[#0] WARNING:Eval -- 
[#0] WARNING:Eval -- RooAddPdf::updateCoefCache(pdfCTAU1 WARNING: sum of PDF coefficients not in range [0-1], value=1.00651[#0] WARNING:Eval -- 
[#0] WARNING:Eval -- 
[#0] WARNING:Eval -- RooAddPdf::updateCoefCache(pdfCTAU1 WARNING: sum of PDF coefficients not in range [0-1], value=1.00651[#0] WARNING:Eval -- RooAddPdf::updateCoefCache(pdfCTAU1 WARNING: sum of PDF coefficients not in range [0-1], value=1.00651[#0] WARNING:Eval -- RooAddPdf::updateCoefCache(pdfCTAU1 WARNING: sum of PDF coefficients not in range [0-1], value=1.00651[#0] WARNING:Eval -- 
[#0] WARNING:Eval -- RooAddPdf::updateCoefCache(pdfCTAU1 WARNING: sum of PDF coefficients not in range [0-1], value=1.00651[#0] WARNING:Eval -- 
[#0] WARNING:Eval -- RooAddPdf::updateCoefCache(pdfCTAU1 WARNING: sum of PDF coefficients not in range [0-1], value=1.00651[#0] WARNING:Eval -- RooAddPdf::updateCoefCache(pdfCTAU1 WARNING: sum of PDF coefficients not in range [0-1], value=1.00651[#0] WARNING:Eval -- 
[#0] WARNING:Eval -- 
[#0] WARNING:Eval -- 
[#0] WARNING:Eval -- 
[#0] WARNING:Eval -- RooAddPdf::updateCoefCache(pdfCTAU1 WARNING: sum of PDF coefficients not in range [0-1], value=1.00651[#0] WARNING:Eval -- RooAddPdf::updateCoefCache(pdfCTAU1 WARNING: sum of PDF coefficients not in range [0-1], value=1.00651[#0] WARNING:Eval -- 
[#0] WARNING:Eval -- 
[#0] WARNING:Eval -- RooAddPdf::updateCoefCache(pdfCTAU1 WARNING: sum of PDF coefficients not in range [0-1], value=1.00651[#0] WARNING:Eval -- RooAddPdf::updateCoefCache(pdfCTAU1 WARNING: sum of PDF coefficients not in range [0-1], value=1.00651[#0] WARNING:Eval -- RooAddPdf::updateCoefCache(pdfCTAU1 WARNING: sum of PDF coefficients not in range [0-1], value=1.00651[#0] WARNING:Eval -- RooAddPdf::updateCoefCache(pdfCTAU1 WARNING: sum of PDF coefficients not in range [0-1], value=1.00651[#0] WARNING:Eval -- 
[#0] WARNING:Eval -- 
[#0] WARNING:Eval -- RooAddPdf::updateCoefCache(pdfCTAU1 WARNING: sum of PDF coefficients not in range [0-1], value=1.00651[#0] WARNING:Eval -- RooAddPdf::updateCoefCache(pdfCTAU1 WARNING: sum of PDF coefficients not in range [0-1], value=1.00651[#0] WARNING:Eval -- 
[#0] WARNING:Eval -- 
[#0] WARNING:Eval -- 
[#0] WARNING:Eval -- 
[#0] WARNING:Eval -- RooAddPdf::updateCoefCache(pdfCTAU1 WARNING: sum of PDF coefficients not in range [0-1], value=1.00651[#0] WARNING:Eval -- RooAddPdf::updateCoefCache(pdfCTAU1 WARNING: sum of PDF coefficients not in range [0-1], value=1.00651[#0] WARNING:Eval -- 
[#0] WARNING:Eval -- 
[#0] WARNING:Eval -- RooAddPdf::updateCoefCache(pdfCTAU1 WARNING: sum of PDF coefficients not in range [0-1], value=1.00651[#0] WARNING:Eval -- RooAddPdf::updateCoefCache(pdfCTAU1 WARNING: sum of PDF coefficients not in range [0-1], value=1.00651[#0] WARNING:Eval -- 
[#0] WARNING:Eval -- RooAddPdf::updateCoefCache(pdfCTAU1 WARNING: sum of PDF coefficients not in range [0-1], value=1.00651[#0] WARNING:Eval -- RooAddPdf::updateCoefCache(pdfCTAU1 WARNING: sum of PDF coefficients not in range [0-1], value=1.00651[#0] WARNING:Eval -- 
[#0] WARNING:Eval -- 
[#0] WARNING:Eval -- RooAddPdf::updateCoefCache(pdfCTAU1 WARNING: sum of PDF coefficients not in range [0-1], value=1.00651[#0] WARNING:Eval -- 
[#0] WARNING:Eval -- RooAddPdf::updateCoefCache(pdfCTAU1 WARNING: sum of PDF coefficients not in range [0-1], value=1.00651[#0] WARNING:Eval -- RooAddPdf::updateCoefCache(pdfCTAU1 WARNING: sum of PDF coefficients not in range [0-1], value=1.00651[#0] WARNING:Eval -- 
[#0] WARNING:Eval -- 
[#0] WARNING:Eval -- RooAddPdf::updateCoefCache(pdfCTAU1 WARNING: sum of PDF coefficients not in range [0-1], value=1.00651[#0] WARNING:Eval -- RooAddPdf::updateCoefCache(pdfCTAU1 WARNING: sum of PDF coefficients not in range [0-1], value=1.00651[#0] WARNING:Eval -- 
[#0] WARNING:Eval -- 
[#0] WARNING:Eval -- 
[#0] WARNING:Eval -- RooAddPdf::updateCoefCache(pdfCTAU1 WARNING: sum of PDF coefficients not in range [0-1], value=1.00651[#0] WARNING:Eval -- RooAddPdf::updateCoefCache(pdfCTAU1 WARNING: sum of PDF coefficients not in range [0-1], value=1.00651[#0] WARNING:Eval -- 
[#0] WARNING:Eval -- 
[#0] WARNING:Eval -- RooAddPdf::updateCoefCache(pdfCTAU1 WARNING: sum of PDF coefficients not in range [0-1], value=1.00651[#0] WARNING:Eval -- RooAddPdf::updateCoefCache(pdfCTAU1 WARNING: sum of PDF coefficients not in range [0-1], value=1.00651[#0] WARNING:Eval -- RooAddPdf::updateCoefCache(pdfCTAU1 WARNING: sum of PDF coefficients not in range [0-1], value=1.00651[#0] WARNING:Eval -- RooAddPdf::updateCoefCache(pdfCTAU1 WARNING: sum of PDF coefficients not in range [0-1], value=1.00651[#0] WARNING:Eval -- 
[#0] WARNING:Eval -- 
[#0] WARNING:Eval -- RooAddPdf::updateCoefCache(pdfCTAU1 WARNING: sum of PDF coefficients not in range [0-1], value=1.00651[#0] WARNING:Eval -- 
[#0] WARNING:Eval -- 
[#0] WARNING:Eval -- 
[#0] WARNING:Eval -- 
[#0] WARNING:Eval -- RooAddPdf::updateCoefCache(pdfCTAU1 WARNING: sum of PDF coefficients not in range [0-1], value=1.00651[#0] WARNING:Eval -- 
[#0] WARNING:Eval -- RooAddPdf::updateCoefCache(pdfCTAU1 WARNING: sum of PDF coefficients not in range [0-1], value=1.00651[#0] WARNING:Eval -- RooAddPdf::updateCoefCache(pdfCTAU1 WARNING: sum of PDF coefficients not in range [0-1], value=1.00651[#0] WARNING:Eval -- RooAddPdf::updateCoefCache(pdfCTAU1 WARNING: sum of PDF coefficients not in range [0-1], value=1.00651[#0] WARNING:Eval -- RooAddPdf::updateCoefCache(pdfCTAU1 WARNING: sum of PDF coefficients not in range [0-1], value=1.00651[#0] WARNING:Eval -- 
[#0] WARNING:Eval -- RooAddPdf::updateCoefCache(pdfCTAU1 WARNING: sum of PDF coefficients not in range [0-1], value=1.00651[#0] WARNING:Eval -- 
[#0] WARNING:Eval -- 
[#0] WARNING:Eval -- 
[#0] WARNING:Eval -- 
[#0] WARNING:Eval -- RooAddPdf::updateCoefCache(pdfCTAU1 WARNING: sum of PDF coefficients not in range [0-1], value=1.00651[#0] WARNING:Eval -- RooAddPdf::updateCoefCache(pdfCTAU1 WARNING: sum of PDF coefficients not in range [0-1], value=1.00651[#0] WARNING:Eval -- 
[#0] WARNING:Eval -- RooAddPdf::updateCoefCache(pdfCTAU1 WARNING: sum of PDF coefficients not in range [0-1], value=1.00651[#0] WARNING:Eval -- RooAddPdf::updateCoefCache(pdfCTAU1 WARNING: sum of PDF coefficients not in range [0-1], value=1.00651[#0] WARNING:Eval -- RooAddPdf::updateCoefCache(pdfCTAU1 WARNING: sum of PDF coefficients not in range [0-1], value=1.00651[#0] WARNING:Eval -- 
[#0] WARNING:Eval -- 
[#0] WARNING:Eval -- RooAddPdf::updateCoefCache(pdfCTAU1 WARNING: sum of PDF coefficients not in range [0-1], value=1.00651[#0] WARNING:Eval -- 
[#0] WARNING:Eval -- 
[#0] WARNING:Eval -- 
[#0] WARNING:Eval -- RooAddPdf::updateCoefCache(pdfCTAU1 WARNING: sum of PDF coefficients not in range [0-1], value=1.00651[#0] WARNING:Eval -- RooAddPdf::updateCoefCache(pdfCTAU1 WARNING: sum of PDF coefficients not in range [0-1], value=1.00651[#0] WARNING:Eval -- 
[#0] WARNING:Eval -- RooAddPdf::updateCoefCache(pdfCTAU1 WARNING: sum of PDF coefficients not in range [0-1], value=1.00651[#0] WARNING:Eval -- RooAddPdf::updateCoefCache(pdfCTAU1 WARNING: sum of PDF coefficients not in range [0-1], value=1.00651[#0] WARNING:Eval -- RooAddPdf::updateCoefCache(pdfCTAU1 WARNING: sum of PDF coefficients not in range [0-1], value=1.00651[#0] WARNING:Eval -- 
[#0] WARNING:Eval -- 
[#0] WARNING:Eval -- RooAddPdf::updateCoefCache(pdfCTAU1 WARNING: sum of PDF coefficients not in range [0-1], value=1.00651[#0] WARNING:Eval -- 
[#0] WARNING:Eval -- 
[#0] WARNING:Eval -- 
[#0] WARNING:Eval -- RooAddPdf::updateCoefCache(pdfCTAU1 WARNING: sum of PDF coefficients not in range [0-1], value=1.00651[#0] WARNING:Eval -- RooAddPdf::updateCoefCache(pdfCTAU1 WARNING: sum of PDF coefficients not in range [0-1], value=1.00651[#0] WARNING:Eval -- 
[#0] WARNING:Eval -- RooAddPdf::updateCoefCache(pdfCTAU1 WARNING: sum of PDF coefficients not in range [0-1], value=1.00651[#0] WARNING:Eval -- RooAddPdf::updateCoefCache(pdfCTAU1 WARNING: sum of PDF coefficients not in range [0-1], value=1.00651[#0] WARNING:Eval -- RooAddPdf::updateCoefCache(pdfCTAU1 WARNING: sum of PDF coefficients not in range [0-1], value=1.00651[#0] WARNING:Eval -- RooAddPdf::updateCoefCache(pdfCTAU1 WARNING: sum of PDF coefficients not in range [0-1], value=1.00651[#0] WARNING:Eval --  (no more will be printed)[#0] WARNING:Eval -- 
[#0] WARNING:Eval -- RooAddPdf::updateCoefCache(pdfCTAU1 WARNING: sum of PDF coefficients not in range [0-1], value=1.00651[#0] WARNING:Eval -- 
[#0] WARNING:Eval -- 
[#0] WARNING:Eval --  (no more will be printed)[#0] WARNING:Eval --  (no more will be printed)[#0] WARNING:Eval -- 
[#0] WARNING:Eval -- RooAddPdf::updateCoefCache(pdfCTAU1 WARNING: sum of PDF coefficients not in range [0-1], value=1.00651[#0] WARNING:Eval -- 
[#0] WARNING:Eval -- RooAddPdf::updateCoefCache(pdfCTAU1 WARNING: sum of PDF coefficients not in range [0-1], value=1.00651[#0] WARNING:Eval -- 
[#0] WARNING:Eval -- 
[#0] WARNING:Eval -- RooAddPdf::updateCoefCache(pdfCTAU1 WARNING: sum of PDF coefficients not in range [0-1], value=1.00651[#0] WARNING:Eval --  (no more will be printed)[#0] WARNING:Eval -- RooAddPdf::updateCoefCache(pdfCTAU1 WARNING: sum of PDF coefficients not in range [0-1], value=1.00651[#0] WARNING:Eval -- 
[#0] WARNING:Eval -- 
[#0] WARNING:Eval -- 
[#0] WARNING:Eval --  (no more will be printed)[#0] WARNING:Eval -- RooAddPdf::updateCoefCache(pdfCTAU1 WARNING: sum of PDF coefficients not in range [0-1], value=1.00651[#0] WARNING:Eval -- RooAddPdf::updateCoefCache(pdfCTAU1 WARNING: sum of PDF coefficients not in range [0-1], value=1.00651[#0] WARNING:Eval -- 
[#0] WARNING:Eval -- 
[#0] WARNING:Eval -- 
[#0] WARNING:Eval -- RooAddPdf::updateCoefCache(pdfCTAU1 WARNING: sum of PDF coefficients not in range [0-1], value=1.00651[#0] WARNING:Eval -- 
[#0] WARNING:Eval -- RooAddPdf::updateCoefCache(pdfCTAU1 WARNING: sum of PDF coefficients not in range [0-1], value=1.00651[#0] WARNING:Eval -- 
[#0] WARNING:Eval -- RooAddPdf::updateCoefCache(pdfCTAU1 WARNING: sum of PDF coefficients not in range [0-1], value=1.00651[#0] WARNING:Eval -- RooAddPdf::updateCoefCache(pdfCTAU1 WARNING: sum of PDF coefficients not in range [0-1], value=1.00651[#0] WARNING:Eval -- 
[#0] WARNING:Eval --  (no more will be printed)[#0] WARNING:Eval -- RooAddPdf::updateCoefCache(pdfCTAU1 WARNING: sum of PDF coefficients not in range [0-1], value=1.00651[#0] WARNING:Eval -- 
[#0] WARNING:Eval -- 
[#0] WARNING:Eval -- RooAddPdf::updateCoefCache(pdfCTAU1 WARNING: sum of PDF coefficients not in range [0-1], value=1.00651[#0] WARNING:Eval --  (no more will be printed)[#0] WARNING:Eval -- 
[#0] WARNING:Eval -- RooAddPdf::updateCoefCache(pdfCTAU1 WARNING: sum of PDF coefficients not in range [0-1], value=1.00651[#0] WARNING:Eval --  (no more will be printed)[#0] WARNING:Eval -- 
[#0] WARNING:Minization -- RooMinimizerFcn: Minimized function has error status.
Returning maximum FCN so far (-12087.3) to force MIGRAD to back out of this region. Error log follows
Parameter values: N_Bkg=3595.68, b_Bkg=0.4, fDF12=0.999179, fDFSS=1.00651, fDLIV=0.3, fDSS12=0.03, lambdaDDS_Bkg=0.4, lambdaDF_Bkg1=0.5, lambdaDF_Bkg2=0.51, lambdaDSS_Bkg1=0.3, lambdaDSS_Bkg2=0.3
PID1451255/RooRealMPFE::nll_pdfTot_Bkg_dataw_Bkg_5b88a4322560_MPFE7[ arg=nll_pdfTot_Bkg_dataw_Bkg_GOF7 vars=(N_Bkg,b_Bkg,ctau1_CtauRes,ctau2_CtauRes,ctau3_CtauRes,f2_CtauRes,fDF12,fDFSS,fDLIV,fDSS12,f_CtauRes,lambdaDDS_Bkg,lambdaDF_Bkg1,lambdaDF_Bkg2,lambdaDSS_Bkg1,lambdaDSS_Bkg2,rS21_CtauRes,rS32_CtauRes,s1_CtauRes,zeroMean) ]
     p.d.f value is less than zero (-0.088389), forcing value to zero @ !refCoefNorm=(ctau3D = -0.0757905,ctau3DErr = 0.0211774), !pdfs=(pdfCTAUDSS = 0.0855916/1,pdfCTAUDF = 26.7954/1), !coefficients=(fDFSS = 1.00651)
     p.d.f value is less than zero (-0.157211), forcing value to zero @ !refCoefNorm=(ctau3D = -0.128967,ctau3DErr = 0.0200602), !pdfs=(pdfCTAUDSS = 1.72459e-05/1,pdfCTAUDF = 24.1381/1), !coefficients=(fDFSS = 1.00651)
     p.d.f value is less than zero (-0.023089), forcing value to zero @ !refCoefNorm=(ctau3D = -0.0654539,ctau3DErr = 0.0197808), !pdfs=(pdfCTAUDSS = 0.153801/1,pdfCTAUDF = 27.3103/1), !coefficients=(fDFSS = 1.00651)
     p.d.f value is less than zero (-0.149682), forcing value to zero @ !refCoefNorm=(ctau3D = -0.153542,ctau3DErr = 0.0195274), !pdfs=(pdfCTAUDSS = 4.55396e-08/1,pdfCTAUDF = 22.9795/1), !coefficients=(fDFSS = 1.00651)
     p.d.f value is less than zero (-0.137678), forcing value to zero @ !refCoefNorm=(ctau3D = -0.195586,ctau3DErr = 0.0250272), !pdfs=(pdfCTAUDSS = 5.63357e-08/1,pdfCTAUDF = 21.1367/1), !coefficients=(fDFSS = 1.00651)
     p.d.f value is less than zero (-0.152083), forcing value to zero @ !refCoefNorm=(ctau3D = -0.132412,ctau3DErr = 0.0277776), !pdfs=(pdfCTAUDSS = 0.00413874/1,pdfCTAUDF = 23.9877/1), !coefficients=(fDFSS = 1.00651)
     p.d.f value is less than zero (-0.143399), forcing value to zero @ !refCoefNorm=(ctau3D = -0.175138,ctau3DErr = 0.0231868), !pdfs=(pdfCTAUDSS = 1.79907e-07/1,pdfCTAUDF = 22.015/1), !coefficients=(fDFSS = 1.00651)
     p.d.f value is less than zero (-0.167849), forcing value to zero @ !refCoefNorm=(ctau3D = -0.0891678,ctau3DErr = 0.0179615), !pdfs=(pdfCTAUDSS = 0.00235415/1,pdfCTAUDF = 26.1323/1), !coefficients=(fDFSS = 1.00651)
     p.d.f value is less than zero (-0.128492), forcing value to zero @ !refCoefNorm=(ctau3D = -0.229924,ctau3DErr = 0.0209632), !pdfs=(pdfCTAUDSS = 2.47904e-15/1,pdfCTAUDF = 19.7264/1), !coefficients=(fDFSS = 1.00651)
     p.d.f value is less than zero (-0.097023), forcing value to zero @ !refCoefNorm=(ctau3D = -0.0633715,ctau3DErr = 0.0175853), !pdfs=(pdfCTAUDSS = 0.0813529/1,pdfCTAUDF = 27.4659/1), !coefficients=(fDFSS = 1.00651)
     p.d.f value is less than zero (-0.115246), forcing value to zero @ !refCoefNorm=(ctau3D = -0.0952011,ctau3DErr = 0.0251167), !pdfs=(pdfCTAUDSS = 0.0524868/1,pdfCTAUDF = 25.8032/1), !coefficients=(fDFSS = 1.00651)
     p.d.f value is less than zero (-0.144567), forcing value to zero @ !refCoefNorm=(ctau3D = -0.106789,ctau3DErr = 0.0254784), !pdfs=(pdfCTAUDSS = 0.0196662/1,pdfCTAUDF = 25.2331/1), !coefficients=(fDFSS = 1.00651)
    ... (remaining 20 messages suppressed)

[#0] WARNING:Minization -- RooMinimizerFcn: Minimized function has error status.
Returning maximum FCN so far (-12087.3) to force MIGRAD to back out of this region. Error log follows
Parameter values: N_Bkg=3595.68, b_Bkg=0.4, fDF12=0.999179, fDFSS=1.00647, fDLIV=0.3, fDSS12=0.03, lambdaDDS_Bkg=0.4, lambdaDF_Bkg1=0.5, lambdaDF_Bkg2=0.51, lambdaDSS_Bkg1=0.3, lambdaDSS_Bkg2=0.3
PID1451255/RooRealMPFE::nll_pdfTot_Bkg_dataw_Bkg_5b88a4322560_MPFE7[ arg=nll_pdfTot_Bkg_dataw_Bkg_GOF7 vars=(N_Bkg,b_Bkg,ctau1_CtauRes,ctau2_CtauRes,ctau3_CtauRes,f2_CtauRes,fDF12,fDFSS,fDLIV,fDSS12,f_CtauRes,lambdaDDS_Bkg,lambdaDF_Bkg1,lambdaDF_Bkg2,lambdaDSS_Bkg1,lambdaDSS_Bkg2,rS21_CtauRes,rS32_CtauRes,s1_CtauRes,zeroMean) ]
     p.d.f value is less than zero (-0.087289), forcing value to zero @ !refCoefNorm=(ctau3D = -0.0757905,ctau3DErr = 0.0211774), !pdfs=(pdfCTAUDSS = 0.0855916/1,pdfCTAUDF = 26.7954/1), !coefficients=(fDFSS = 1.00647)
     p.d.f value is less than zero (-0.156217), forcing value to zero @ !refCoefNorm=(ctau3D = -0.128967,ctau3DErr = 0.0200602), !pdfs=(pdfCTAUDSS = 1.72459e-05/1,pdfCTAUDF = 24.1381/1), !coefficients=(fDFSS = 1.00647)
     p.d.f value is less than zero (-0.021970), forcing value to zero @ !refCoefNorm=(ctau3D = -0.0654539,ctau3DErr = 0.0197808), !pdfs=(pdfCTAUDSS = 0.153801/1,pdfCTAUDF = 27.3103/1), !coefficients=(fDFSS = 1.00647)
     p.d.f value is less than zero (-0.148735), forcing value to zero @ !refCoefNorm=(ctau3D = -0.153542,ctau3DErr = 0.0195274), !pdfs=(pdfCTAUDSS = 4.55396e-08/1,pdfCTAUDF = 22.9795/1), !coefficients=(fDFSS = 1.00647)
     p.d.f value is less than zero (-0.136808), forcing value to zero @ !refCoefNorm=(ctau3D = -0.195586,ctau3DErr = 0.0250272), !pdfs=(pdfCTAUDSS = 5.63357e-08/1,pdfCTAUDF = 21.1367/1), !coefficients=(fDFSS = 1.00647)
     p.d.f value is less than zero (-0.151096), forcing value to zero @ !refCoefNorm=(ctau3D = -0.132412,ctau3DErr = 0.0277776), !pdfs=(pdfCTAUDSS = 0.00413874/1,pdfCTAUDF = 23.9877/1), !coefficients=(fDFSS = 1.00647)
     p.d.f value is less than zero (-0.142493), forcing value to zero @ !refCoefNorm=(ctau3D = -0.175138,ctau3DErr = 0.0231868), !pdfs=(pdfCTAUDSS = 1.79907e-07/1,pdfCTAUDF = 22.015/1), !coefficients=(fDFSS = 1.00647)
     p.d.f value is less than zero (-0.166773), forcing value to zero @ !refCoefNorm=(ctau3D = -0.0891678,ctau3DErr = 0.0179615), !pdfs=(pdfCTAUDSS = 0.00235415/1,pdfCTAUDF = 26.1323/1), !coefficients=(fDFSS = 1.00647)
     p.d.f value is less than zero (-0.127679), forcing value to zero @ !refCoefNorm=(ctau3D = -0.229924,ctau3DErr = 0.0209632), !pdfs=(pdfCTAUDSS = 2.47904e-15/1,pdfCTAUDF = 19.7264/1), !coefficients=(fDFSS = 1.00647)
     p.d.f value is less than zero (-0.095895), forcing value to zero @ !refCoefNorm=(ctau3D = -0.0633715,ctau3DErr = 0.0175853), !pdfs=(pdfCTAUDSS = 0.0813529/1,pdfCTAUDF = 27.4659/1), !coefficients=(fDFSS = 1.00647)
     p.d.f value is less than zero (-0.114186), forcing value to zero @ !refCoefNorm=(ctau3D = -0.0952011,ctau3DErr = 0.0251167), !pdfs=(pdfCTAUDSS = 0.0524868/1,pdfCTAUDF = 25.8032/1), !coefficients=(fDFSS = 1.00647)
     p.d.f value is less than zero (-0.143528), forcing value to zero @ !refCoefNorm=(ctau3D = -0.106789,ctau3DErr = 0.0254784), !pdfs=(pdfCTAUDSS = 0.0196662/1,pdfCTAUDF = 25.2331/1), !coefficients=(fDFSS = 1.00647)
    ... (remaining 20 messages suppressed)

[#0] WARNING:Minization -- RooMinimizerFcn: Minimized function has error status.
Returning maximum FCN so far (-12087.3) to force MIGRAD to back out of this region. Error log follows
Parameter values: N_Bkg=3595.68, b_Bkg=0.4, fDF12=0.999179, fDFSS=1.00643, fDLIV=0.3, fDSS12=0.03, lambdaDDS_Bkg=0.4, lambdaDF_Bkg1=0.5, lambdaDF_Bkg2=0.51, lambdaDSS_Bkg1=0.3, lambdaDSS_Bkg2=0.3
PID1451255/RooRealMPFE::nll_pdfTot_Bkg_dataw_Bkg_5b88a4322560_MPFE7[ arg=nll_pdfTot_Bkg_dataw_Bkg_GOF7 vars=(N_Bkg,b_Bkg,ctau1_CtauRes,ctau2_CtauRes,ctau3_CtauRes,f2_CtauRes,fDF12,fDFSS,fDLIV,fDSS12,f_CtauRes,lambdaDDS_Bkg,lambdaDF_Bkg1,lambdaDF_Bkg2,lambdaDSS_Bkg1,lambdaDSS_Bkg2,rS21_CtauRes,rS32_CtauRes,s1_CtauRes,zeroMean) ]
     p.d.f value is less than zero (-0.086182), forcing value to zero @ !refCoefNorm=(ctau3D = -0.0757905,ctau3DErr = 0.0211774), !pdfs=(pdfCTAUDSS = 0.0855916/1,pdfCTAUDF = 26.7954/1), !coefficients=(fDFSS = 1.00643)
     p.d.f value is less than zero (-0.155217), forcing value to zero @ !refCoefNorm=(ctau3D = -0.128967,ctau3DErr = 0.0200602), !pdfs=(pdfCTAUDSS = 1.72459e-05/1,pdfCTAUDF = 24.1381/1), !coefficients=(fDFSS = 1.00643)
     p.d.f value is less than zero (-0.020845), forcing value to zero @ !refCoefNorm=(ctau3D = -0.0654539,ctau3DErr = 0.0197808), !pdfs=(pdfCTAUDSS = 0.153801/1,pdfCTAUDF = 27.3103/1), !coefficients=(fDFSS = 1.00643)
     p.d.f value is less than zero (-0.147783), forcing value to zero @ !refCoefNorm=(ctau3D = -0.153542,ctau3DErr = 0.0195274), !pdfs=(pdfCTAUDSS = 4.55396e-08/1,pdfCTAUDF = 22.9795/1), !coefficients=(fDFSS = 1.00643)
     p.d.f value is less than zero (-0.135932), forcing value to zero @ !refCoefNorm=(ctau3D = -0.195586,ctau3DErr = 0.0250272), !pdfs=(pdfCTAUDSS = 5.63357e-08/1,pdfCTAUDF = 21.1367/1), !coefficients=(fDFSS = 1.00643)
     p.d.f value is less than zero (-0.150102), forcing value to zero @ !refCoefNorm=(ctau3D = -0.132412,ctau3DErr = 0.0277776), !pdfs=(pdfCTAUDSS = 0.00413874/1,pdfCTAUDF = 23.9877/1), !coefficients=(fDFSS = 1.00643)
     p.d.f value is less than zero (-0.141581), forcing value to zero @ !refCoefNorm=(ctau3D = -0.175138,ctau3DErr = 0.0231868), !pdfs=(pdfCTAUDSS = 1.79907e-07/1,pdfCTAUDF = 22.015/1), !coefficients=(fDFSS = 1.00643)
     p.d.f value is less than zero (-0.165690), forcing value to zero @ !refCoefNorm=(ctau3D = -0.0891678,ctau3DErr = 0.0179615), !pdfs=(pdfCTAUDSS = 0.00235415/1,pdfCTAUDF = 26.1323/1), !coefficients=(fDFSS = 1.00643)
     p.d.f value is less than zero (-0.126862), forcing value to zero @ !refCoefNorm=(ctau3D = -0.229924,ctau3DErr = 0.0209632), !pdfs=(pdfCTAUDSS = 2.47904e-15/1,pdfCTAUDF = 19.7264/1), !coefficients=(fDFSS = 1.00643)
     p.d.f value is less than zero (-0.094760), forcing value to zero @ !refCoefNorm=(ctau3D = -0.0633715,ctau3DErr = 0.0175853), !pdfs=(pdfCTAUDSS = 0.0813529/1,pdfCTAUDF = 27.4659/1), !coefficients=(fDFSS = 1.00643)
     p.d.f value is less than zero (-0.113119), forcing value to zero @ !refCoefNorm=(ctau3D = -0.0952011,ctau3DErr = 0.0251167), !pdfs=(pdfCTAUDSS = 0.0524868/1,pdfCTAUDF = 25.8032/1), !coefficients=(fDFSS = 1.00643)
     p.d.f value is less than zero (-0.142484), forcing value to zero @ !refCoefNorm=(ctau3D = -0.106789,ctau3DErr = 0.0254784), !pdfs=(pdfCTAUDSS = 0.0196662/1,pdfCTAUDF = 25.2331/1), !coefficients=(fDFSS = 1.00643)
    ... (remaining 20 messages suppressed)

[#0] WARNING:Minization -- RooMinimizerFcn: Minimized function has error status.
Returning maximum FCN so far (-12087.3) to force MIGRAD to back out of this region. Error log follows
Parameter values: N_Bkg=3595.68, b_Bkg=0.4, fDF12=0.999179, fDFSS=1.00639, fDLIV=0.3, fDSS12=0.03, lambdaDDS_Bkg=0.4, lambdaDF_Bkg1=0.5, lambdaDF_Bkg2=0.51, lambdaDSS_Bkg1=0.3, lambdaDSS_Bkg2=0.3
PID1451255/RooRealMPFE::nll_pdfTot_Bkg_dataw_Bkg_5b88a4322560_MPFE7[ arg=nll_pdfTot_Bkg_dataw_Bkg_GOF7 vars=(N_Bkg,b_Bkg,ctau1_CtauRes,ctau2_CtauRes,ctau3_CtauRes,f2_CtauRes,fDF12,fDFSS,fDLIV,fDSS12,f_CtauRes,lambdaDDS_Bkg,lambdaDF_Bkg1,lambdaDF_Bkg2,lambdaDSS_Bkg1,lambdaDSS_Bkg2,rS21_CtauRes,rS32_CtauRes,s1_CtauRes,zeroMean) ]
     p.d.f value is less than zero (-0.085069), forcing value to zero @ !refCoefNorm=(ctau3D = -0.0757905,ctau3DErr = 0.0211774), !pdfs=(pdfCTAUDSS = 0.0855916/1,pdfCTAUDF = 26.7954/1), !coefficients=(fDFSS = 1.00639)
     p.d.f value is less than zero (-0.154211), forcing value to zero @ !refCoefNorm=(ctau3D = -0.128967,ctau3DErr = 0.0200602), !pdfs=(pdfCTAUDSS = 1.72459e-05/1,pdfCTAUDF = 24.1381/1), !coefficients=(fDFSS = 1.00639)
     p.d.f value is less than zero (-0.019714), forcing value to zero @ !refCoefNorm=(ctau3D = -0.0654539,ctau3DErr = 0.0197808), !pdfs=(pdfCTAUDSS = 0.153801/1,pdfCTAUDF = 27.3103/1), !coefficients=(fDFSS = 1.00639)
     p.d.f value is less than zero (-0.146826), forcing value to zero @ !refCoefNorm=(ctau3D = -0.153542,ctau3DErr = 0.0195274), !pdfs=(pdfCTAUDSS = 4.55396e-08/1,pdfCTAUDF = 22.9795/1), !coefficients=(fDFSS = 1.00639)
     p.d.f value is less than zero (-0.135051), forcing value to zero @ !refCoefNorm=(ctau3D = -0.195586,ctau3DErr = 0.0250272), !pdfs=(pdfCTAUDSS = 5.63357e-08/1,pdfCTAUDF = 21.1367/1), !coefficients=(fDFSS = 1.00639)
     p.d.f value is less than zero (-0.149103), forcing value to zero @ !refCoefNorm=(ctau3D = -0.132412,ctau3DErr = 0.0277776), !pdfs=(pdfCTAUDSS = 0.00413874/1,pdfCTAUDF = 23.9877/1), !coefficients=(fDFSS = 1.00639)
     p.d.f value is less than zero (-0.140663), forcing value to zero @ !refCoefNorm=(ctau3D = -0.175138,ctau3DErr = 0.0231868), !pdfs=(pdfCTAUDSS = 1.79907e-07/1,pdfCTAUDF = 22.015/1), !coefficients=(fDFSS = 1.00639)
     p.d.f value is less than zero (-0.164601), forcing value to zero @ !refCoefNorm=(ctau3D = -0.0891678,ctau3DErr = 0.0179615), !pdfs=(pdfCTAUDSS = 0.00235415/1,pdfCTAUDF = 26.1323/1), !coefficients=(fDFSS = 1.00639)
     p.d.f value is less than zero (-0.126040), forcing value to zero @ !refCoefNorm=(ctau3D = -0.229924,ctau3DErr = 0.0209632), !pdfs=(pdfCTAUDSS = 2.47904e-15/1,pdfCTAUDF = 19.7264/1), !coefficients=(fDFSS = 1.00639)
     p.d.f value is less than zero (-0.093619), forcing value to zero @ !refCoefNorm=(ctau3D = -0.0633715,ctau3DErr = 0.0175853), !pdfs=(pdfCTAUDSS = 0.0813529/1,pdfCTAUDF = 27.4659/1), !coefficients=(fDFSS = 1.00639)
     p.d.f value is less than zero (-0.112046), forcing value to zero @ !refCoefNorm=(ctau3D = -0.0952011,ctau3DErr = 0.0251167), !pdfs=(pdfCTAUDSS = 0.0524868/1,pdfCTAUDF = 25.8032/1), !coefficients=(fDFSS = 1.00639)
     p.d.f value is less than zero (-0.141433), forcing value to zero @ !refCoefNorm=(ctau3D = -0.106789,ctau3DErr = 0.0254784), !pdfs=(pdfCTAUDSS = 0.0196662/1,pdfCTAUDF = 25.2331/1), !coefficients=(fDFSS = 1.00639)
    ... (remaining 20 messages suppressed)

[#0] WARNING:Minization -- RooMinimizerFcn: Minimized function has error status.
Returning maximum FCN so far (-12087.3) to force MIGRAD to back out of this region. Error log follows
Parameter values: N_Bkg=1226.07, b_Bkg=0.665695, fDF12=1, fDFSS=1.01, fDLIV=0.987203, fDSS12=0.03, lambdaDDS_Bkg=0.387267, lambdaDF_Bkg1=0.335537, lambdaDF_Bkg2=0.509854, lambdaDSS_Bkg1=0.49719, lambdaDSS_Bkg2=0.372929
PID1451255/RooRealMPFE::nll_pdfTot_Bkg_dataw_Bkg_5b88a4322560_MPFE7[ arg=nll_pdfTot_Bkg_dataw_Bkg_GOF7 vars=(N_Bkg,b_Bkg,ctau1_CtauRes,ctau2_CtauRes,ctau3_CtauRes,f2_CtauRes,fDF12,fDFSS,fDLIV,fDSS12,f_CtauRes,lambdaDDS_Bkg,lambdaDF_Bkg1,lambdaDF_Bkg2,lambdaDSS_Bkg1,lambdaDSS_Bkg2,rS21_CtauRes,rS32_CtauRes,s1_CtauRes,zeroMean) ]
     p.d.f value is less than zero (-0.301504), forcing value to zero @ !refCoefNorm=(ctau3D = -0.0757905,ctau3DErr = 0.0211774), !pdfs=(pdfCTAUDSS = 0.0687257/1,pdfCTAUDF = 37.0931/1), !coefficients=(fDFSS = 1.01)
     p.d.f value is less than zero (-0.317164), forcing value to zero @ !refCoefNorm=(ctau3D = -0.128967,ctau3DErr = 0.0200602), !pdfs=(pdfCTAUDSS = 1.38161e-05/1,pdfCTAUDF = 31.7191/1), !coefficients=(fDFSS = 1.01)
     p.d.f value is less than zero (-0.257085), forcing value to zero @ !refCoefNorm=(ctau3D = -0.0654539,ctau3DErr = 0.0197808), !pdfs=(pdfCTAUDSS = 0.123485/1,pdfCTAUDF = 38.182/1), !coefficients=(fDFSS = 1.01)
     p.d.f value is less than zero (-0.294751), forcing value to zero @ !refCoefNorm=(ctau3D = -0.153542,ctau3DErr = 0.0195274), !pdfs=(pdfCTAUDSS = 3.64602e-08/1,pdfCTAUDF = 29.4763/1), !coefficients=(fDFSS = 1.01)
     p.d.f value is less than zero (-0.260325), forcing value to zero @ !refCoefNorm=(ctau3D = -0.195586,ctau3DErr = 0.0250272), !pdfs=(pdfCTAUDSS = 4.51393e-08/1,pdfCTAUDF = 26.0335/1), !coefficients=(fDFSS = 1.01)
     p.d.f value is less than zero (-0.311065), forcing value to zero @ !refCoefNorm=(ctau3D = -0.132412,ctau3DErr = 0.0277776), !pdfs=(pdfCTAUDSS = 0.00332421/1,pdfCTAUDF = 31.4435/1), !coefficients=(fDFSS = 1.01)
     p.d.f value is less than zero (-0.276572), forcing value to zero @ !refCoefNorm=(ctau3D = -0.175138,ctau3DErr = 0.0231868), !pdfs=(pdfCTAUDSS = 1.44129e-07/1,pdfCTAUDF = 27.6583/1), !coefficients=(fDFSS = 1.01)
     p.d.f value is less than zero (-0.355067), forcing value to zero @ !refCoefNorm=(ctau3D = -0.0891678,ctau3DErr = 0.0179615), !pdfs=(pdfCTAUDSS = 0.00188668/1,pdfCTAUDF = 35.6986/1), !coefficients=(fDFSS = 1.01)
     p.d.f value is less than zero (-0.234804), forcing value to zero @ !refCoefNorm=(ctau3D = -0.229924,ctau3DErr = 0.0209632), !pdfs=(pdfCTAUDSS = 1.98363e-15/1,pdfCTAUDF = 23.4813/1), !coefficients=(fDFSS = 1.01)
     p.d.f value is less than zero (-0.318827), forcing value to zero @ !refCoefNorm=(ctau3D = -0.0633715,ctau3DErr = 0.0175853), !pdfs=(pdfCTAUDSS = 0.0652592/1,pdfCTAUDF = 38.4753/1), !coefficients=(fDFSS = 1.01)
     p.d.f value is less than zero (-0.308022), forcing value to zero @ !refCoefNorm=(ctau3D = -0.0952011,ctau3DErr = 0.0251167), !pdfs=(pdfCTAUDSS = 0.0421763/1,pdfCTAUDF = 35.0634/1), !coefficients=(fDFSS = 1.01)
     p.d.f value is less than zero (-0.323087), forcing value to zero @ !refCoefNorm=(ctau3D = -0.106789,ctau3DErr = 0.0254784), !pdfs=(pdfCTAUDSS = 0.0157971/1,pdfCTAUDF = 33.9055/1), !coefficients=(fDFSS = 1.01)
    ... (remaining 27 messages suppressed)

[#0] WARNING:Minization -- RooMinimizerFcn: Minimized function has error status.
Returning maximum FCN so far (-12087.3) to force MIGRAD to back out of this region. Error log follows
Parameter values: N_Bkg=2302.91, b_Bkg=0.528681, fDF12=0.99977, fDFSS=1.00491, fDLIV=0.366728, fDSS12=0.03, lambdaDDS_Bkg=0.393879, lambdaDF_Bkg1=0.419906, lambdaDF_Bkg2=0.50993, lambdaDSS_Bkg1=0.392501, lambdaDSS_Bkg2=0.334515
PID1451255/RooRealMPFE::nll_pdfTot_Bkg_dataw_Bkg_5b88a4322560_MPFE7[ arg=nll_pdfTot_Bkg_dataw_Bkg_GOF7 vars=(N_Bkg,b_Bkg,ctau1_CtauRes,ctau2_CtauRes,ctau3_CtauRes,f2_CtauRes,fDF12,fDFSS,fDLIV,fDSS12,f_CtauRes,lambdaDDS_Bkg,lambdaDF_Bkg1,lambdaDF_Bkg2,lambdaDSS_Bkg1,lambdaDSS_Bkg2,rS21_CtauRes,rS32_CtauRes,s1_CtauRes,zeroMean) ]
     p.d.f value is less than zero (-0.075173), forcing value to zero @ !refCoefNorm=(ctau3D = -0.0757905,ctau3DErr = 0.0211774), !pdfs=(pdfCTAUDSS = 0.0766508/1,pdfCTAUDF = 30.9981/1), !coefficients=(fDFSS = 1.00491)
     p.d.f value is less than zero (-0.134341), forcing value to zero @ !refCoefNorm=(ctau3D = -0.128967,ctau3DErr = 0.0200602), !pdfs=(pdfCTAUDSS = 1.54258e-05/1,pdfCTAUDF = 27.364/1), !coefficients=(fDFSS = 1.00491)
     p.d.f value is less than zero (-0.017318), forcing value to zero @ !refCoefNorm=(ctau3D = -0.0654539,ctau3DErr = 0.0197808), !pdfs=(pdfCTAUDSS = 0.137729/1,pdfCTAUDF = 31.7159/1), !coefficients=(fDFSS = 1.00491)
     p.d.f value is less than zero (-0.126712), forcing value to zero @ !refCoefNorm=(ctau3D = -0.153542,ctau3DErr = 0.0195274), !pdfs=(pdfCTAUDSS = 4.07198e-08/1,pdfCTAUDF = 25.807/1), !coefficients=(fDFSS = 1.00491)
     p.d.f value is less than zero (-0.114720), forcing value to zero @ !refCoefNorm=(ctau3D = -0.195586,ctau3DErr = 0.0250272), !pdfs=(pdfCTAUDSS = 5.03943e-08/1,pdfCTAUDF = 23.3647/1), !coefficients=(fDFSS = 1.00491)
     p.d.f value is less than zero (-0.129660), forcing value to zero @ !refCoefNorm=(ctau3D = -0.132412,ctau3DErr = 0.0277776), !pdfs=(pdfCTAUDSS = 0.00370701/1,pdfCTAUDF = 27.1662/1), !coefficients=(fDFSS = 1.00491)
     p.d.f value is less than zero (-0.120414), forcing value to zero @ !refCoefNorm=(ctau3D = -0.175138,ctau3DErr = 0.0231868), !pdfs=(pdfCTAUDSS = 1.6092e-07/1,pdfCTAUDF = 24.5243/1), !coefficients=(fDFSS = 1.00491)
     p.d.f value is less than zero (-0.145555), forcing value to zero @ !refCoefNorm=(ctau3D = -0.0891678,ctau3DErr = 0.0179615), !pdfs=(pdfCTAUDSS = 0.00210611/1,pdfCTAUDF = 30.0758/1), !coefficients=(fDFSS = 1.00491)
     p.d.f value is less than zero (-0.105656), forcing value to zero @ !refCoefNorm=(ctau3D = -0.229924,ctau3DErr = 0.0209632), !pdfs=(pdfCTAUDSS = 2.21598e-15/1,pdfCTAUDF = 21.5186/1), !coefficients=(fDFSS = 1.00491)
     p.d.f value is less than zero (-0.083558), forcing value to zero @ !refCoefNorm=(ctau3D = -0.0633715,ctau3DErr = 0.0175853), !pdfs=(pdfCTAUDSS = 0.0728175/1,pdfCTAUDF = 31.9214/1), !coefficients=(fDFSS = 1.00491)
     p.d.f value is less than zero (-0.098254), forcing value to zero @ !refCoefNorm=(ctau3D = -0.0952011,ctau3DErr = 0.0251167), !pdfs=(pdfCTAUDSS = 0.0470231/1,pdfCTAUDF = 29.6351/1), !coefficients=(fDFSS = 1.00491)
     p.d.f value is less than zero (-0.123969), forcing value to zero @ !refCoefNorm=(ctau3D = -0.106789,ctau3DErr = 0.0254784), !pdfs=(pdfCTAUDSS = 0.0176155/1,pdfCTAUDF = 28.8538/1), !coefficients=(fDFSS = 1.00491)
    ... (remaining 20 messages suppressed)

[#0] WARNING:Minization -- RooMinimizerFcn: Minimized function has error status.
Returning maximum FCN so far (-12068.3) to force MIGRAD to back out of this region. Error log follows
Parameter values: N_Bkg=1171.65, b_Bkg=0.677689, fDF12=0.977654, fDFSS=1.00858, fDLIV=0.985635, fDSS12=0.314211, lambdaDDS_Bkg=0.382726, lambdaDF_Bkg1=0.123951, lambdaDF_Bkg2=0.509742, lambdaDSS_Bkg1=0.773281, lambdaDSS_Bkg2=0.48601
PID1451255/RooRealMPFE::nll_pdfTot_Bkg_dataw_Bkg_5b88a4322560_MPFE7[ arg=nll_pdfTot_Bkg_dataw_Bkg_GOF7 vars=(N_Bkg,b_Bkg,ctau1_CtauRes,ctau2_CtauRes,ctau3_CtauRes,f2_CtauRes,fDF12,fDFSS,fDLIV,fDSS12,f_CtauRes,lambdaDDS_Bkg,lambdaDF_Bkg1,lambdaDF_Bkg2,lambdaDSS_Bkg1,lambdaDSS_Bkg2,rS21_CtauRes,rS32_CtauRes,s1_CtauRes,zeroMean) ]
     p.d.f value is less than zero (-0.536608), forcing value to zero @ !refCoefNorm=(ctau3D = -0.0757905,ctau3DErr = 0.0211774), !pdfs=(pdfCTAUDSS = 0.0472476/1,pdfCTAUDF = 68.1339/1), !coefficients=(fDFSS = 1.00858)
     p.d.f value is less than zero (-0.382374), forcing value to zero @ !refCoefNorm=(ctau3D = -0.128967,ctau3DErr = 0.0200602), !pdfs=(pdfCTAUDSS = 9.47287e-06/1,pdfCTAUDF = 44.592/1), !coefficients=(fDFSS = 1.00858)
     p.d.f value is less than zero (-0.546556), forcing value to zero @ !refCoefNorm=(ctau3D = -0.0654539,ctau3DErr = 0.0197808), !pdfs=(pdfCTAUDSS = 0.0848863/1,pdfCTAUDF = 73.721/1), !coefficients=(fDFSS = 1.00858)
     p.d.f value is less than zero (-0.314004), forcing value to zero @ !refCoefNorm=(ctau3D = -0.153542,ctau3DErr = 0.0195274), !pdfs=(pdfCTAUDSS = 2.49801e-08/1,pdfCTAUDF = 36.6178/1), !coefficients=(fDFSS = 1.00858)
     p.d.f value is less than zero (-0.226391), forcing value to zero @ !refCoefNorm=(ctau3D = -0.195586,ctau3DErr = 0.0250272), !pdfs=(pdfCTAUDSS = 3.09552e-08/1,pdfCTAUDF = 26.4007/1), !coefficients=(fDFSS = 1.00858)
     p.d.f value is less than zero (-0.374149), forcing value to zero @ !refCoefNorm=(ctau3D = -0.132412,ctau3DErr = 0.0277776), !pdfs=(pdfCTAUDSS = 0.00228616/1,pdfCTAUDF = 43.9005/1), !coefficients=(fDFSS = 1.00858)
     p.d.f value is less than zero (-0.265665), forcing value to zero @ !refCoefNorm=(ctau3D = -0.175138,ctau3DErr = 0.0231868), !pdfs=(pdfCTAUDSS = 9.88214e-08/1,pdfCTAUDF = 30.9808/1), !coefficients=(fDFSS = 1.00858)
     p.d.f value is less than zero (-0.240095), forcing value to zero @ !refCoefNorm=(ctau3D = -0.0549601,ctau3DErr = 0.0224767), !pdfs=(pdfCTAUDSS = 0.43202/1,pdfCTAUDF = 78.8111/1), !coefficients=(fDFSS = 1.00858)
     p.d.f value is less than zero (-0.523075), forcing value to zero @ !refCoefNorm=(ctau3D = -0.0891678,ctau3DErr = 0.0179615), !pdfs=(pdfCTAUDSS = 0.00129416/1,pdfCTAUDF = 61.1509/1), !coefficients=(fDFSS = 1.00858)
     p.d.f value is less than zero (-0.176813), forcing value to zero @ !refCoefNorm=(ctau3D = -0.0476886,ctau3DErr = 0.0205266), !pdfs=(pdfCTAUDSS = 0.530146/1,pdfCTAUDF = 82.9726/1), !coefficients=(fDFSS = 1.00858)
     p.d.f value is less than zero (-0.171272), forcing value to zero @ !refCoefNorm=(ctau3D = -0.229924,ctau3DErr = 0.0209632), !pdfs=(pdfCTAUDSS = 1.35813e-15/1,pdfCTAUDF = 19.973/1), !coefficients=(fDFSS = 1.00858)
     p.d.f value is less than zero (-0.597593), forcing value to zero @ !refCoefNorm=(ctau3D = -0.0633715,ctau3DErr = 0.0175853), !pdfs=(pdfCTAUDSS = 0.0448132/1,pdfCTAUDF = 74.9594/1), !coefficients=(fDFSS = 1.00858)
    ... (remaining 32 messages suppressed)

[#0] WARNING:Minization -- RooMinimizerFcn: Minimized function has error status.
Returning maximum FCN so far (-12068.3) to force MIGRAD to back out of this region. Error log follows
Parameter values: N_Bkg=2380.45, b_Bkg=0.521513, fDF12=0.998723, fDFSS=1.00584, fDLIV=0.882027, fDSS12=0.0987987, lambdaDDS_Bkg=0.392849, lambdaDF_Bkg1=0.340319, lambdaDF_Bkg2=0.509897, lambdaDSS_Bkg1=0.48394, lambdaDSS_Bkg2=0.369166
PID1451255/RooRealMPFE::nll_pdfTot_Bkg_dataw_Bkg_5b88a4322560_MPFE7[ arg=nll_pdfTot_Bkg_dataw_Bkg_GOF7 vars=(N_Bkg,b_Bkg,ctau1_CtauRes,ctau2_CtauRes,ctau3_CtauRes,f2_CtauRes,fDF12,fDFSS,fDLIV,fDSS12,f_CtauRes,lambdaDDS_Bkg,lambdaDF_Bkg1,lambdaDF_Bkg2,lambdaDSS_Bkg1,lambdaDSS_Bkg2,rS21_CtauRes,rS32_CtauRes,s1_CtauRes,zeroMean) ]
     p.d.f value is less than zero (-0.145586), forcing value to zero @ !refCoefNorm=(ctau3D = -0.0757905,ctau3DErr = 0.0211774), !pdfs=(pdfCTAUDSS = 0.0683159/1,pdfCTAUDF = 36.6732/1), !coefficients=(fDFSS = 1.00584)
     p.d.f value is less than zero (-0.183657), forcing value to zero @ !refCoefNorm=(ctau3D = -0.128967,ctau3DErr = 0.0200602), !pdfs=(pdfCTAUDSS = 1.37334e-05/1,pdfCTAUDF = 31.4314/1), !coefficients=(fDFSS = 1.00584)
     p.d.f value is less than zero (-0.097031), forcing value to zero @ !refCoefNorm=(ctau3D = -0.0654539,ctau3DErr = 0.0197808), !pdfs=(pdfCTAUDSS = 0.122749/1,pdfCTAUDF = 37.7335/1), !coefficients=(fDFSS = 1.00584)
     p.d.f value is less than zero (-0.170864), forcing value to zero @ !refCoefNorm=(ctau3D = -0.153542,ctau3DErr = 0.0195274), !pdfs=(pdfCTAUDSS = 3.62416e-08/1,pdfCTAUDF = 29.2398/1), !coefficients=(fDFSS = 1.00584)
     p.d.f value is less than zero (-0.151175), forcing value to zero @ !refCoefNorm=(ctau3D = -0.195586,ctau3DErr = 0.0250272), !pdfs=(pdfCTAUDSS = 4.48691e-08/1,pdfCTAUDF = 25.8704/1), !coefficients=(fDFSS = 1.00584)
     p.d.f value is less than zero (-0.178769), forcing value to zero @ !refCoefNorm=(ctau3D = -0.132412,ctau3DErr = 0.0277776), !pdfs=(pdfCTAUDSS = 0.0033044/1,pdfCTAUDF = 31.1614/1), !coefficients=(fDFSS = 1.00584)
     p.d.f value is less than zero (-0.160470), forcing value to zero @ !refCoefNorm=(ctau3D = -0.175138,ctau3DErr = 0.0231868), !pdfs=(pdfCTAUDSS = 1.43266e-07/1,pdfCTAUDF = 27.4612/1), !coefficients=(fDFSS = 1.00584)
     p.d.f value is less than zero (-0.204478), forcing value to zero @ !refCoefNorm=(ctau3D = -0.0891678,ctau3DErr = 0.0179615), !pdfs=(pdfCTAUDSS = 0.00187539/1,pdfCTAUDF = 35.315/1), !coefficients=(fDFSS = 1.00584)
     p.d.f value is less than zero (-0.136558), forcing value to zero @ !refCoefNorm=(ctau3D = -0.229924,ctau3DErr = 0.0209632), !pdfs=(pdfCTAUDSS = 1.97173e-15/1,pdfCTAUDF = 23.3692/1), !coefficients=(fDFSS = 1.00584)
     p.d.f value is less than zero (-0.156924), forcing value to zero @ !refCoefNorm=(ctau3D = -0.0633715,ctau3DErr = 0.0175853), !pdfs=(pdfCTAUDSS = 0.0648693/1,pdfCTAUDF = 38.0202/1), !coefficients=(fDFSS = 1.00584)
     p.d.f value is less than zero (-0.160568), forcing value to zero @ !refCoefNorm=(ctau3D = -0.0952011,ctau3DErr = 0.0251167), !pdfs=(pdfCTAUDSS = 0.0419252/1,pdfCTAUDF = 34.6944/1), !coefficients=(fDFSS = 1.00584)
     p.d.f value is less than zero (-0.180344), forcing value to zero @ !refCoefNorm=(ctau3D = -0.106789,ctau3DErr = 0.0254784), !pdfs=(pdfCTAUDSS = 0.0157029/1,pdfCTAUDF = 33.5652/1), !coefficients=(fDFSS = 1.00584)
    ... (remaining 24 messages suppressed)

[#0] WARNING:Minization -- RooMinimizerFcn: Minimized function has error status.
Returning maximum FCN so far (-12068.3) to force MIGRAD to back out of this region. Error log follows
Parameter values: N_Bkg=2418.18, b_Bkg=0.51728, fDF12=0.99893, fDFSS=1.00549, fDLIV=0.878065, fDSS12=0.094495, lambdaDDS_Bkg=0.393118, lambdaDF_Bkg1=0.346931, lambdaDF_Bkg2=0.509901, lambdaDSS_Bkg1=0.475873, lambdaDSS_Bkg2=0.366146
PID1451255/RooRealMPFE::nll_pdfTot_Bkg_dataw_Bkg_5b88a4322560_MPFE7[ arg=nll_pdfTot_Bkg_dataw_Bkg_GOF7 vars=(N_Bkg,b_Bkg,ctau1_CtauRes,ctau2_CtauRes,ctau3_CtauRes,f2_CtauRes,fDF12,fDFSS,fDLIV,fDSS12,f_CtauRes,lambdaDDS_Bkg,lambdaDF_Bkg1,lambdaDF_Bkg2,lambdaDSS_Bkg1,lambdaDSS_Bkg2,rS21_CtauRes,rS32_CtauRes,s1_CtauRes,zeroMean) ]
     p.d.f value is less than zero (-0.128914), forcing value to zero @ !refCoefNorm=(ctau3D = -0.0757905,ctau3DErr = 0.0211774), !pdfs=(pdfCTAUDSS = 0.0689804/1,pdfCTAUDF = 36.1276/1), !coefficients=(fDFSS = 1.00549)
     p.d.f value is less than zero (-0.170424), forcing value to zero @ !refCoefNorm=(ctau3D = -0.128967,ctau3DErr = 0.0200602), !pdfs=(pdfCTAUDSS = 1.38682e-05/1,pdfCTAUDF = 31.0558/1), !coefficients=(fDFSS = 1.00549)
     p.d.f value is less than zero (-0.079268), forcing value to zero @ !refCoefNorm=(ctau3D = -0.0654539,ctau3DErr = 0.0197808), !pdfs=(pdfCTAUDSS = 0.123943/1,pdfCTAUDF = 37.1512/1), !coefficients=(fDFSS = 1.00549)
     p.d.f value is less than zero (-0.158772), forcing value to zero @ !refCoefNorm=(ctau3D = -0.153542,ctau3DErr = 0.0195274), !pdfs=(pdfCTAUDSS = 3.65981e-08/1,pdfCTAUDF = 28.9301/1), !coefficients=(fDFSS = 1.00549)
     p.d.f value is less than zero (-0.140801), forcing value to zero @ !refCoefNorm=(ctau3D = -0.195586,ctau3DErr = 0.0250272), !pdfs=(pdfCTAUDSS = 4.53092e-08/1,pdfCTAUDF = 25.6555/1), !coefficients=(fDFSS = 1.00549)
     p.d.f value is less than zero (-0.165642), forcing value to zero @ !refCoefNorm=(ctau3D = -0.132412,ctau3DErr = 0.0277776), !pdfs=(pdfCTAUDSS = 0.0033365/1,pdfCTAUDF = 30.7931/1), !coefficients=(fDFSS = 1.00549)
     p.d.f value is less than zero (-0.149290), forcing value to zero @ !refCoefNorm=(ctau3D = -0.175138,ctau3DErr = 0.0231868), !pdfs=(pdfCTAUDSS = 1.44672e-07/1,pdfCTAUDF = 27.2024/1), !coefficients=(fDFSS = 1.00549)
     p.d.f value is less than zero (-0.189171), forcing value to zero @ !refCoefNorm=(ctau3D = -0.0891678,ctau3DErr = 0.0179615), !pdfs=(pdfCTAUDSS = 0.00189377/1,pdfCTAUDF = 34.816/1), !coefficients=(fDFSS = 1.00549)
     p.d.f value is less than zero (-0.127435), forcing value to zero @ !refCoefNorm=(ctau3D = -0.229924,ctau3DErr = 0.0209632), !pdfs=(pdfCTAUDSS = 1.99117e-15/1,pdfCTAUDF = 23.2201/1), !coefficients=(fDFSS = 1.00549)
     p.d.f value is less than zero (-0.139555), forcing value to zero @ !refCoefNorm=(ctau3D = -0.0633715,ctau3DErr = 0.0175853), !pdfs=(pdfCTAUDSS = 0.0655028/1,pdfCTAUDF = 37.4294/1), !coefficients=(fDFSS = 1.00549)
     p.d.f value is less than zero (-0.145208), forcing value to zero @ !refCoefNorm=(ctau3D = -0.0952011,ctau3DErr = 0.0251167), !pdfs=(pdfCTAUDSS = 0.0423318/1,pdfCTAUDF = 34.2142/1), !coefficients=(fDFSS = 1.00549)
     p.d.f value is less than zero (-0.165834), forcing value to zero @ !refCoefNorm=(ctau3D = -0.106789,ctau3DErr = 0.0254784), !pdfs=(pdfCTAUDSS = 0.0158555/1,pdfCTAUDF = 33.1217/1), !coefficients=(fDFSS = 1.00549)
    ... (remaining 23 messages suppressed)

[#0] WARNING:Minization -- RooMinimizerFcn: Minimized function has error status.
Returning maximum FCN so far (-12068.3) to force MIGRAD to back out of this region. Error log follows
Parameter values: N_Bkg=2680.34, b_Bkg=0.488727, fDF12=0.999848, fDFSS=1.00271, fDLIV=0.849919, fDSS12=0.0677684, lambdaDDS_Bkg=0.394929, lambdaDF_Bkg1=0.392215, lambdaDF_Bkg2=0.509929, lambdaDSS_Bkg1=0.421755, lambdaDSS_Bkg2=0.345927
PID1451255/RooRealMPFE::nll_pdfTot_Bkg_dataw_Bkg_5b88a4322560_MPFE7[ arg=nll_pdfTot_Bkg_dataw_Bkg_GOF7 vars=(N_Bkg,b_Bkg,ctau1_CtauRes,ctau2_CtauRes,ctau3_CtauRes,f2_CtauRes,fDF12,fDFSS,fDLIV,fDSS12,f_CtauRes,lambdaDDS_Bkg,lambdaDF_Bkg1,lambdaDF_Bkg2,lambdaDSS_Bkg1,lambdaDSS_Bkg2,rS21_CtauRes,rS32_CtauRes,s1_CtauRes,zeroMean) ]
     p.d.f value is less than zero (-0.015119), forcing value to zero @ !refCoefNorm=(ctau3D = -0.0757905,ctau3DErr = 0.0211774), !pdfs=(pdfCTAUDSS = 0.0736178/1,pdfCTAUDF = 32.7706/1), !coefficients=(fDFSS = 1.00271)
     p.d.f value is less than zero (-0.077798), forcing value to zero @ !refCoefNorm=(ctau3D = -0.128967,ctau3DErr = 0.0200602), !pdfs=(pdfCTAUDSS = 1.48095e-05/1,pdfCTAUDF = 28.6714/1), !coefficients=(fDFSS = 1.00271)
     p.d.f value is less than zero (-0.073082), forcing value to zero @ !refCoefNorm=(ctau3D = -0.153542,ctau3DErr = 0.0195274), !pdfs=(pdfCTAUDSS = 3.90887e-08/1,pdfCTAUDF = 26.9283/1), !coefficients=(fDFSS = 1.00271)
     p.d.f value is less than zero (-0.065706), forcing value to zero @ !refCoefNorm=(ctau3D = -0.195586,ctau3DErr = 0.0250272), !pdfs=(pdfCTAUDSS = 4.83824e-08/1,pdfCTAUDF = 24.2107/1), !coefficients=(fDFSS = 1.00271)
     p.d.f value is less than zero (-0.073647), forcing value to zero @ !refCoefNorm=(ctau3D = -0.132412,ctau3DErr = 0.0277776), !pdfs=(pdfCTAUDSS = 0.00356052/1,pdfCTAUDF = 28.452/1), !coefficients=(fDFSS = 1.00271)
     p.d.f value is less than zero (-0.069202), forcing value to zero @ !refCoefNorm=(ctau3D = -0.175138,ctau3DErr = 0.0231868), !pdfs=(pdfCTAUDSS = 1.54492e-07/1,pdfCTAUDF = 25.4988/1), !coefficients=(fDFSS = 1.00271)
     p.d.f value is less than zero (-0.084067), forcing value to zero @ !refCoefNorm=(ctau3D = -0.0891678,ctau3DErr = 0.0179615), !pdfs=(pdfCTAUDSS = 0.00202211/1,pdfCTAUDF = 31.7233/1), !coefficients=(fDFSS = 1.00271)
     p.d.f value is less than zero (-0.060161), forcing value to zero @ !refCoefNorm=(ctau3D = -0.229924,ctau3DErr = 0.0209632), !pdfs=(pdfCTAUDSS = 2.127e-15/1,pdfCTAUDF = 22.1676/1), !coefficients=(fDFSS = 1.00271)
     p.d.f value is less than zero (-0.021659), forcing value to zero @ !refCoefNorm=(ctau3D = -0.0633715,ctau3DErr = 0.0175853), !pdfs=(pdfCTAUDSS = 0.0699244/1,pdfCTAUDF = 33.8154/1), !coefficients=(fDFSS = 1.00271)
     p.d.f value is less than zero (-0.039465), forcing value to zero @ !refCoefNorm=(ctau3D = -0.0952011,ctau3DErr = 0.0251167), !pdfs=(pdfCTAUDSS = 0.0451685/1,pdfCTAUDF = 31.2301/1), !coefficients=(fDFSS = 1.00271)
     p.d.f value is less than zero (-0.065397), forcing value to zero @ !refCoefNorm=(ctau3D = -0.106789,ctau3DErr = 0.0254784), !pdfs=(pdfCTAUDSS = 0.0169196/1,pdfCTAUDF = 30.3482/1), !coefficients=(fDFSS = 1.00271)
     p.d.f value is less than zero (-0.019966), forcing value to zero @ !refCoefNorm=(ctau3D = -0.0931693,ctau3DErr = 0.0256531), !pdfs=(pdfCTAUDSS = 0.0650111/1,pdfCTAUDF = 31.3765/1), !coefficients=(fDFSS = 1.00271)
    ... (remaining 18 messages suppressed)

[#0] WARNING:Minization -- RooMinimizerFcn: Minimized function has error status.
Returning maximum FCN so far (-12068.3) to force MIGRAD to back out of this region. Error log follows
Parameter values: N_Bkg=2816.48, b_Bkg=0.474459, fDF12=0.999995, fDFSS=1.00108, fDLIV=0.834947, fDSS12=0.0559525, lambdaDDS_Bkg=0.395835, lambdaDF_Bkg1=0.415239, lambdaDF_Bkg2=0.509943, lambdaDSS_Bkg1=0.395004, lambdaDSS_Bkg2=0.335919
PID1451255/RooRealMPFE::nll_pdfTot_Bkg_dataw_Bkg_5b88a4322560_MPFE7[ arg=nll_pdfTot_Bkg_dataw_Bkg_GOF7 vars=(N_Bkg,b_Bkg,ctau1_CtauRes,ctau2_CtauRes,ctau3_CtauRes,f2_CtauRes,fDF12,fDFSS,fDLIV,fDSS12,f_CtauRes,lambdaDDS_Bkg,lambdaDF_Bkg1,lambdaDF_Bkg2,lambdaDSS_Bkg1,lambdaDSS_Bkg2,rS21_CtauRes,rS32_CtauRes,s1_CtauRes,zeroMean) ]
     p.d.f value is less than zero (-0.029786), forcing value to zero @ !refCoefNorm=(ctau3D = -0.128967,ctau3DErr = 0.0200602), !pdfs=(pdfCTAUDSS = 1.53023e-05/1,pdfCTAUDF = 27.5775/1), !coefficients=(fDFSS = 1.00108)
     p.d.f value is less than zero (-0.028087), forcing value to zero @ !refCoefNorm=(ctau3D = -0.153542,ctau3DErr = 0.0195274), !pdfs=(pdfCTAUDSS = 4.0393e-08/1,pdfCTAUDF = 25.9912/1), !coefficients=(fDFSS = 1.00108)
     p.d.f value is less than zero (-0.025401), forcing value to zero @ !refCoefNorm=(ctau3D = -0.195586,ctau3DErr = 0.0250272), !pdfs=(pdfCTAUDSS = 4.99913e-08/1,pdfCTAUDF = 23.5053/1), !coefficients=(fDFSS = 1.00108)
     p.d.f value is less than zero (-0.025902), forcing value to zero @ !refCoefNorm=(ctau3D = -0.132412,ctau3DErr = 0.0277776), !pdfs=(pdfCTAUDSS = 0.00367766/1,pdfCTAUDF = 27.3762/1), !coefficients=(fDFSS = 1.00108)
     p.d.f value is less than zero (-0.026676), forcing value to zero @ !refCoefNorm=(ctau3D = -0.175138,ctau3DErr = 0.0231868), !pdfs=(pdfCTAUDSS = 1.59632e-07/1,pdfCTAUDF = 24.6853/1), !coefficients=(fDFSS = 1.00108)
     p.d.f value is less than zero (-0.030698), forcing value to zero @ !refCoefNorm=(ctau3D = -0.0891678,ctau3DErr = 0.0179615), !pdfs=(pdfCTAUDSS = 0.00208928/1,pdfCTAUDF = 30.3427/1), !coefficients=(fDFSS = 1.00108)
     p.d.f value is less than zero (-0.023372), forcing value to zero @ !refCoefNorm=(ctau3D = -0.229924,ctau3DErr = 0.0209632), !pdfs=(pdfCTAUDSS = 2.19815e-15/1,pdfCTAUDF = 21.6278/1), !coefficients=(fDFSS = 1.00108)
     p.d.f value is less than zero (-0.013948), forcing value to zero @ !refCoefNorm=(ctau3D = -0.106789,ctau3DErr = 0.0254784), !pdfs=(pdfCTAUDSS = 0.0174761/1,pdfCTAUDF = 29.0966/1), !coefficients=(fDFSS = 1.00108)
     p.d.f value is less than zero (-0.028835), forcing value to zero @ !refCoefNorm=(ctau3D = -0.142637,ctau3DErr = 0.0197828), !pdfs=(pdfCTAUDSS = 6.92593e-07/1,pdfCTAUDF = 26.6836/1), !coefficients=(fDFSS = 1.00108)
     p.d.f value is less than zero (-0.025025), forcing value to zero @ !refCoefNorm=(ctau3D = -0.201407,ctau3DErr = 0.0178409), !pdfs=(pdfCTAUDSS = 2.88263e-16/1,pdfCTAUDF = 23.1571/1), !coefficients=(fDFSS = 1.00108)
     p.d.f value is less than zero (-0.029999), forcing value to zero @ !refCoefNorm=(ctau3D = -0.126103,ctau3DErr = 0.0184183), !pdfs=(pdfCTAUDSS = 3.05121e-06/1,pdfCTAUDF = 27.7632/1), !coefficients=(fDFSS = 1.00108)
     p.d.f value is less than zero (-0.006857), forcing value to zero @ !refCoefNorm=(ctau3D = -0.0812561,ctau3DErr = 0.0201756), !pdfs=(pdfCTAUDSS = 0.0265213/1,pdfCTAUDF = 30.9133/1), !coefficients=(fDFSS = 1.00108)
    ... (remaining 13 messages suppressed)

[#0] WARNING:Minization -- RooMinimizerFcn: Minimized function has error status.
Returning maximum FCN so far (-12068.3) to force MIGRAD to back out of this region. Error log follows
Parameter values: N_Bkg=2885.82, b_Bkg=0.467332, fDF12=0.999991, fDFSS=1.0002, fDLIV=0.827248, fDSS12=0.0504443, lambdaDDS_Bkg=0.396288, lambdaDF_Bkg1=0.426824, lambdaDF_Bkg2=0.50995, lambdaDSS_Bkg1=0.38174, lambdaDSS_Bkg2=0.330942
PID1451255/RooRealMPFE::nll_pdfTot_Bkg_dataw_Bkg_5b88a4322560_MPFE7[ arg=nll_pdfTot_Bkg_dataw_Bkg_GOF7 vars=(N_Bkg,b_Bkg,ctau1_CtauRes,ctau2_CtauRes,ctau3_CtauRes,f2_CtauRes,fDF12,fDFSS,fDLIV,fDSS12,f_CtauRes,lambdaDDS_Bkg,lambdaDF_Bkg1,lambdaDF_Bkg2,lambdaDSS_Bkg1,lambdaDSS_Bkg2,rS21_CtauRes,rS32_CtauRes,s1_CtauRes,zeroMean) ]
     p.d.f value is less than zero (-0.005468), forcing value to zero @ !refCoefNorm=(ctau3D = -0.128967,ctau3DErr = 0.0200602), !pdfs=(pdfCTAUDSS = 1.55545e-05/1,pdfCTAUDF = 27.0549/1), !coefficients=(fDFSS = 1.0002)
     p.d.f value is less than zero (-0.005177), forcing value to zero @ !refCoefNorm=(ctau3D = -0.153542,ctau3DErr = 0.0195274), !pdfs=(pdfCTAUDSS = 4.10607e-08/1,pdfCTAUDF = 25.5397/1), !coefficients=(fDFSS = 1.0002)
     p.d.f value is less than zero (-0.004694), forcing value to zero @ !refCoefNorm=(ctau3D = -0.195586,ctau3DErr = 0.0250272), !pdfs=(pdfCTAUDSS = 5.08147e-08/1,pdfCTAUDF = 23.1597/1), !coefficients=(fDFSS = 1.0002)
     p.d.f value is less than zero (-0.001706), forcing value to zero @ !refCoefNorm=(ctau3D = -0.132412,ctau3DErr = 0.0277776), !pdfs=(pdfCTAUDSS = 0.00373759/1,pdfCTAUDF = 26.862/1), !coefficients=(fDFSS = 1.0002)
     p.d.f value is less than zero (-0.004923), forcing value to zero @ !refCoefNorm=(ctau3D = -0.175138,ctau3DErr = 0.0231868), !pdfs=(pdfCTAUDSS = 1.62264e-07/1,pdfCTAUDF = 24.2902/1), !coefficients=(fDFSS = 1.0002)
     p.d.f value is less than zero (-0.003894), forcing value to zero @ !refCoefNorm=(ctau3D = -0.0891678,ctau3DErr = 0.0179615), !pdfs=(pdfCTAUDSS = 0.00212367/1,pdfCTAUDF = 29.6907/1), !coefficients=(fDFSS = 1.0002)
     p.d.f value is less than zero (-0.004329), forcing value to zero @ !refCoefNorm=(ctau3D = -0.229924,ctau3DErr = 0.0209632), !pdfs=(pdfCTAUDSS = 2.23458e-15/1,pdfCTAUDF = 21.3583/1), !coefficients=(fDFSS = 1.0002)
     p.d.f value is less than zero (-0.005310), forcing value to zero @ !refCoefNorm=(ctau3D = -0.142637,ctau3DErr = 0.0197828), !pdfs=(pdfCTAUDSS = 7.04029e-07/1,pdfCTAUDF = 26.2014/1), !coefficients=(fDFSS = 1.0002)
     p.d.f value is less than zero (-0.004627), forcing value to zero @ !refCoefNorm=(ctau3D = -0.201407,ctau3DErr = 0.0178409), !pdfs=(pdfCTAUDSS = 2.93049e-16/1,pdfCTAUDF = 22.8264/1), !coefficients=(fDFSS = 1.0002)
     p.d.f value is less than zero (-0.005517), forcing value to zero @ !refCoefNorm=(ctau3D = -0.126103,ctau3DErr = 0.0184183), !pdfs=(pdfCTAUDSS = 3.1016e-06/1,pdfCTAUDF = 27.2323/1), !coefficients=(fDFSS = 1.0002)
     p.d.f value is less than zero (-0.003128), forcing value to zero @ !refCoefNorm=(ctau3D = -0.11805,ctau3DErr = 0.024057), !pdfs=(pdfCTAUDSS = 0.00249992/1,pdfCTAUDF = 27.7675/1), !coefficients=(fDFSS = 1.0002)
     p.d.f value is less than zero (-0.004948), forcing value to zero @ !refCoefNorm=(ctau3D = -0.172693,ctau3DErr = 0.0171792), !pdfs=(pdfCTAUDSS = 5.39551e-13/1,pdfCTAUDF = 24.4133/1), !coefficients=(fDFSS = 1.0002)
    ... (remaining 8 messages suppressed)

[#0] WARNING:Minization -- RooMinimizerFcn: Minimized function has error status.
Returning maximum FCN so far (-12068.3) to force MIGRAD to back out of this region. Error log follows
Parameter values: N_Bkg=993.477, b_Bkg=0.706759, fDF12=0.340394, fDFSS=1.00164, fDLIV=0.990792, fDSS12=0.877024, lambdaDDS_Bkg=0.307017, lambdaDF_Bkg1=0.403295, lambdaDF_Bkg2=0.5113, lambdaDSS_Bkg1=0.937935, lambdaDSS_Bkg2=0.199372
PID1451255/RooRealMPFE::nll_pdfTot_Bkg_dataw_Bkg_5b88a4322560_MPFE7[ arg=nll_pdfTot_Bkg_dataw_Bkg_GOF7 vars=(N_Bkg,b_Bkg,ctau1_CtauRes,ctau2_CtauRes,ctau3_CtauRes,f2_CtauRes,fDF12,fDFSS,fDLIV,fDSS12,f_CtauRes,lambdaDDS_Bkg,lambdaDF_Bkg1,lambdaDF_Bkg2,lambdaDSS_Bkg1,lambdaDSS_Bkg2,rS21_CtauRes,rS32_CtauRes,s1_CtauRes,zeroMean) ]
     p.d.f value is less than zero (-0.006066), forcing value to zero @ !refCoefNorm=(ctau3D = -0.0757905,ctau3DErr = 0.0211774), !pdfs=(pdfCTAUDSS = 0.040119/1,pdfCTAUDF = 28.2485/1), !coefficients=(fDFSS = 1.00164)
     p.d.f value is less than zero (-0.041312), forcing value to zero @ !refCoefNorm=(ctau3D = -0.128967,ctau3DErr = 0.0200602), !pdfs=(pdfCTAUDSS = 8.06312e-06/1,pdfCTAUDF = 25.2367/1), !coefficients=(fDFSS = 1.00164)
     p.d.f value is less than zero (-0.039188), forcing value to zero @ !refCoefNorm=(ctau3D = -0.153542,ctau3DErr = 0.0195274), !pdfs=(pdfCTAUDSS = 2.12769e-08/1,pdfCTAUDF = 23.9345/1), !coefficients=(fDFSS = 1.00164)
     p.d.f value is less than zero (-0.035819), forcing value to zero @ !refCoefNorm=(ctau3D = -0.195586,ctau3DErr = 0.0250272), !pdfs=(pdfCTAUDSS = 2.63438e-08/1,pdfCTAUDF = 21.8771/1), !coefficients=(fDFSS = 1.00164)
     p.d.f value is less than zero (-0.039102), forcing value to zero @ !refCoefNorm=(ctau3D = -0.132412,ctau3DErr = 0.0277776), !pdfs=(pdfCTAUDSS = 0.00194062/1,pdfCTAUDF = 25.0693/1), !coefficients=(fDFSS = 1.00164)
     p.d.f value is less than zero (-0.037422), forcing value to zero @ !refCoefNorm=(ctau3D = -0.175138,ctau3DErr = 0.0231868), !pdfs=(pdfCTAUDSS = 8.41142e-08/1,pdfCTAUDF = 22.8559/1), !coefficients=(fDFSS = 1.00164)
     p.d.f value is less than zero (-0.043908), forcing value to zero @ !refCoefNorm=(ctau3D = -0.0891678,ctau3DErr = 0.0179615), !pdfs=(pdfCTAUDSS = 0.00110111/1,pdfCTAUDF = 27.4908/1), !coefficients=(fDFSS = 1.00164)
     p.d.f value is less than zero (-0.033256), forcing value to zero @ !refCoefNorm=(ctau3D = -0.229924,ctau3DErr = 0.0209632), !pdfs=(pdfCTAUDSS = 1.15752e-15/1,pdfCTAUDF = 20.3117/1), !coefficients=(fDFSS = 1.00164)
     p.d.f value is less than zero (-0.009346), forcing value to zero @ !refCoefNorm=(ctau3D = -0.0633715,ctau3DErr = 0.0175853), !pdfs=(pdfCTAUDSS = 0.0380907/1,pdfCTAUDF = 29.0111/1), !coefficients=(fDFSS = 1.00164)
     p.d.f value is less than zero (-0.019742), forcing value to zero @ !refCoefNorm=(ctau3D = -0.0952011,ctau3DErr = 0.0251167), !pdfs=(pdfCTAUDSS = 0.0246234/1,pdfCTAUDF = 27.1215/1), !coefficients=(fDFSS = 1.00164)
     p.d.f value is less than zero (-0.034109), forcing value to zero @ !refCoefNorm=(ctau3D = -0.106789,ctau3DErr = 0.0254784), !pdfs=(pdfCTAUDSS = 0.00922217/1,pdfCTAUDF = 26.4746/1), !coefficients=(fDFSS = 1.00164)
     p.d.f value is less than zero (-0.009074), forcing value to zero @ !refCoefNorm=(ctau3D = -0.0931693,ctau3DErr = 0.0256531), !pdfs=(pdfCTAUDSS = 0.0354457/1,pdfCTAUDF = 27.2268/1), !coefficients=(fDFSS = 1.00164)
    ... (remaining 18 messages suppressed)

[#0] WARNING:Minization -- RooMinimizerFcn: Minimized function has error status.
Returning maximum FCN so far (-12068.3) to force MIGRAD to back out of this region. Error log follows
Parameter values: N_Bkg=2237.19, b_Bkg=0.5384, fDF12=0.913316, fDFSS=1.00004, fDLIV=0.893243, fDSS12=0.978798, lambdaDDS_Bkg=0.368437, lambdaDF_Bkg1=0.90585, lambdaDF_Bkg2=0.510373, lambdaDSS_Bkg1=0.572997, lambdaDSS_Bkg2=0.284734
PID1451255/RooRealMPFE::nll_pdfTot_Bkg_dataw_Bkg_5b88a4322560_MPFE7[ arg=nll_pdfTot_Bkg_dataw_Bkg_GOF7 vars=(N_Bkg,b_Bkg,ctau1_CtauRes,ctau2_CtauRes,ctau3_CtauRes,f2_CtauRes,fDF12,fDFSS,fDLIV,fDSS12,f_CtauRes,lambdaDDS_Bkg,lambdaDF_Bkg1,lambdaDF_Bkg2,lambdaDSS_Bkg1,lambdaDSS_Bkg2,rS21_CtauRes,rS32_CtauRes,s1_CtauRes,zeroMean) ]
     p.d.f value is less than zero (-0.000672), forcing value to zero @ !refCoefNorm=(ctau3D = -0.128967,ctau3DErr = 0.0200602), !pdfs=(pdfCTAUDSS = 9.29472e-06/1,pdfCTAUDF = 15.8749/1), !coefficients=(fDFSS = 1.00004)
     p.d.f value is less than zero (-0.000662), forcing value to zero @ !refCoefNorm=(ctau3D = -0.153542,ctau3DErr = 0.0195274), !pdfs=(pdfCTAUDSS = 2.45087e-08/1,pdfCTAUDF = 15.4081/1), !coefficients=(fDFSS = 1.00004)
     p.d.f value is less than zero (-0.000629), forcing value to zero @ !refCoefNorm=(ctau3D = -0.195586,ctau3DErr = 0.0250272), !pdfs=(pdfCTAUDSS = 3.03735e-08/1,pdfCTAUDF = 14.6459/1), !coefficients=(fDFSS = 1.00004)
     p.d.f value is less than zero (-0.000645), forcing value to zero @ !refCoefNorm=(ctau3D = -0.175138,ctau3DErr = 0.0231868), !pdfs=(pdfCTAUDSS = 9.6963e-08/1,pdfCTAUDF = 15.0118/1), !coefficients=(fDFSS = 1.00004)
     p.d.f value is less than zero (-0.000603), forcing value to zero @ !refCoefNorm=(ctau3D = -0.229924,ctau3DErr = 0.0209632), !pdfs=(pdfCTAUDSS = 1.33242e-15/1,pdfCTAUDF = 14.0486/1), !coefficients=(fDFSS = 1.00004)
     p.d.f value is less than zero (-0.000670), forcing value to zero @ !refCoefNorm=(ctau3D = -0.142637,ctau3DErr = 0.0197828), !pdfs=(pdfCTAUDSS = 4.20424e-07/1,pdfCTAUDF = 15.6134/1), !coefficients=(fDFSS = 1.00004)
     p.d.f value is less than zero (-0.000624), forcing value to zero @ !refCoefNorm=(ctau3D = -0.201407,ctau3DErr = 0.0178409), !pdfs=(pdfCTAUDSS = 1.7462e-16/1,pdfCTAUDF = 14.5396/1), !coefficients=(fDFSS = 1.00004)
     p.d.f value is less than zero (-0.000682), forcing value to zero @ !refCoefNorm=(ctau3D = -0.126103,ctau3DErr = 0.0184183), !pdfs=(pdfCTAUDSS = 1.85193e-06/1,pdfCTAUDF = 15.9295/1), !coefficients=(fDFSS = 1.00004)
     p.d.f value is less than zero (-0.000646), forcing value to zero @ !refCoefNorm=(ctau3D = -0.172693,ctau3DErr = 0.0171792), !pdfs=(pdfCTAUDSS = 3.21582e-13/1,pdfCTAUDF = 15.0535/1), !coefficients=(fDFSS = 1.00004)
     p.d.f value is less than zero (-0.000661), forcing value to zero @ !refCoefNorm=(ctau3D = -0.11327,ctau3DErr = 0.0186381), !pdfs=(pdfCTAUDSS = 3.36518e-05/1,pdfCTAUDF = 16.1801/1), !coefficients=(fDFSS = 1.00004)
     p.d.f value is less than zero (-0.000527), forcing value to zero @ !refCoefNorm=(ctau3D = -0.342247,ctau3DErr = 0.0195713), !pdfs=(pdfCTAUDSS = 2.08137e-38/1,pdfCTAUDF = 12.2729/1), !coefficients=(fDFSS = 1.00004)
     p.d.f value is less than zero (-0.000643), forcing value to zero @ !refCoefNorm=(ctau3D = -0.177424,ctau3DErr = 0.0217389), !pdfs=(pdfCTAUDSS = 6.17031e-09/1,pdfCTAUDF = 14.9696/1), !coefficients=(fDFSS = 1.00004)
    ... (remaining 4 messages suppressed)

[#0] WARNING:Minization -- RooMinimizerFcn: Minimized function has error status.
Returning maximum FCN so far (-12068.3) to force MIGRAD to back out of this region. Error log follows
Parameter values: N_Bkg=2270.76, b_Bkg=0.534497, fDF12=0.921322, fDFSS=1.00001, fDLIV=0.889946, fDSS12=0.994968, lambdaDDS_Bkg=0.369843, lambdaDF_Bkg1=0.889645, lambdaDF_Bkg2=0.510352, lambdaDSS_Bkg1=0.56278, lambdaDSS_Bkg2=0.286758
PID1451254/RooRealMPFE::nll_pdfTot_Bkg_dataw_Bkg_5b88a4322560_MPFE6[ arg=nll_pdfTot_Bkg_dataw_Bkg_GOF6 vars=(N_Bkg,b_Bkg,ctau1_CtauRes,ctau2_CtauRes,ctau3_CtauRes,f2_CtauRes,fDF12,fDFSS,fDLIV,fDSS12,f_CtauRes,lambdaDDS_Bkg,lambdaDF_Bkg1,lambdaDF_Bkg2,lambdaDSS_Bkg1,lambdaDSS_Bkg2,rS21_CtauRes,rS32_CtauRes,s1_CtauRes,zeroMean) ]
     p.d.f value is less than zero (-0.000081), forcing value to zero @ !refCoefNorm=(ctau3D = -0.128967,ctau3DErr = 0.0200602), !pdfs=(pdfCTAUDSS = 9.31064e-06/1,pdfCTAUDF = 16.0096/1), !coefficients=(fDFSS = 1.00001)
     p.d.f value is less than zero (-0.000088), forcing value to zero @ !refCoefNorm=(ctau3D = -0.153542,ctau3DErr = 0.0195274), !pdfs=(pdfCTAUDSS = 2.45502e-08/1,pdfCTAUDF = 15.5362/1), !coefficients=(fDFSS = 1.00001)
     p.d.f value is less than zero (-0.000083), forcing value to zero @ !refCoefNorm=(ctau3D = -0.195586,ctau3DErr = 0.0250272), !pdfs=(pdfCTAUDSS = 3.04258e-08/1,pdfCTAUDF = 14.7632/1), !coefficients=(fDFSS = 1.00001)
     p.d.f value is less than zero (-0.000085), forcing value to zero @ !refCoefNorm=(ctau3D = -0.175138,ctau3DErr = 0.0231868), !pdfs=(pdfCTAUDSS = 9.71291e-08/1,pdfCTAUDF = 15.1343/1), !coefficients=(fDFSS = 1.00001)
     p.d.f value is less than zero (-0.000080), forcing value to zero @ !refCoefNorm=(ctau3D = -0.229924,ctau3DErr = 0.0209632), !pdfs=(pdfCTAUDSS = 1.33464e-15/1,pdfCTAUDF = 14.1575/1), !coefficients=(fDFSS = 1.00001)
     p.d.f value is less than zero (-0.000088), forcing value to zero @ !refCoefNorm=(ctau3D = -0.142637,ctau3DErr = 0.0197828), !pdfs=(pdfCTAUDSS = 4.21138e-07/1,pdfCTAUDF = 15.7444/1), !coefficients=(fDFSS = 1.00001)
     p.d.f value is less than zero (-0.000083), forcing value to zero @ !refCoefNorm=(ctau3D = -0.201407,ctau3DErr = 0.0178409), !pdfs=(pdfCTAUDSS = 1.74909e-16/1,pdfCTAUDF = 14.6555/1), !coefficients=(fDFSS = 1.00001)
     p.d.f value is less than zero (-0.000089), forcing value to zero @ !refCoefNorm=(ctau3D = -0.126103,ctau3DErr = 0.0184183), !pdfs=(pdfCTAUDSS = 1.85507e-06/1,pdfCTAUDF = 16.0649/1), !coefficients=(fDFSS = 1.00001)
     p.d.f value is less than zero (-0.000086), forcing value to zero @ !refCoefNorm=(ctau3D = -0.172693,ctau3DErr = 0.0171792), !pdfs=(pdfCTAUDSS = 3.22116e-13/1,pdfCTAUDF = 15.1766/1), !coefficients=(fDFSS = 1.00001)
     p.d.f value is less than zero (-0.000058), forcing value to zero @ !refCoefNorm=(ctau3D = -0.11327,ctau3DErr = 0.0186381), !pdfs=(pdfCTAUDSS = 3.37094e-05/1,pdfCTAUDF = 16.319/1), !coefficients=(fDFSS = 1.00001)
     p.d.f value is less than zero (-0.000070), forcing value to zero @ !refCoefNorm=(ctau3D = -0.342247,ctau3DErr = 0.0195713), !pdfs=(pdfCTAUDSS = 2.08478e-38/1,pdfCTAUDF = 12.3566/1), !coefficients=(fDFSS = 1.00001)
     p.d.f value is less than zero (-0.000085), forcing value to zero @ !refCoefNorm=(ctau3D = -0.177424,ctau3DErr = 0.0217389), !pdfs=(pdfCTAUDSS = 6.18079e-09/1,pdfCTAUDF = 15.0915/1), !coefficients=(fDFSS = 1.00001)
    ... (remaining 3 messages suppressed)

[#0] WARNING:Minization -- RooMinimizerFcn: Minimized function has error status.
Returning maximum FCN so far (-12068.3) to force MIGRAD to back out of this region. Error log follows
Parameter values: N_Bkg=2304.57, b_Bkg=0.530592, fDF12=0.928972, fDFSS=1.00048, fDLIV=0.886604, fDSS12=0.999983, lambdaDDS_Bkg=0.371249, lambdaDF_Bkg1=0.872324, lambdaDF_Bkg2=0.510331, lambdaDSS_Bkg1=0.552536, lambdaDSS_Bkg2=0.288787
PID1451255/RooRealMPFE::nll_pdfTot_Bkg_dataw_Bkg_5b88a4322560_MPFE7[ arg=nll_pdfTot_Bkg_dataw_Bkg_GOF7 vars=(N_Bkg,b_Bkg,ctau1_CtauRes,ctau2_CtauRes,ctau3_CtauRes,f2_CtauRes,fDF12,fDFSS,fDLIV,fDSS12,f_CtauRes,lambdaDDS_Bkg,lambdaDF_Bkg1,lambdaDF_Bkg2,lambdaDSS_Bkg1,lambdaDSS_Bkg2,rS21_CtauRes,rS32_CtauRes,s1_CtauRes,zeroMean) ]
     p.d.f value is less than zero (-0.007743), forcing value to zero @ !refCoefNorm=(ctau3D = -0.128967,ctau3DErr = 0.0200602), !pdfs=(pdfCTAUDSS = 9.43689e-06/1,pdfCTAUDF = 16.1727/1), !coefficients=(fDFSS = 1.00048)
     p.d.f value is less than zero (-0.007521), forcing value to zero @ !refCoefNorm=(ctau3D = -0.153542,ctau3DErr = 0.0195274), !pdfs=(pdfCTAUDSS = 2.48835e-08/1,pdfCTAUDF = 15.6907/1), !coefficients=(fDFSS = 1.00048)
     p.d.f value is less than zero (-0.007144), forcing value to zero @ !refCoefNorm=(ctau3D = -0.195586,ctau3DErr = 0.0250272), !pdfs=(pdfCTAUDSS = 3.08382e-08/1,pdfCTAUDF = 14.9037/1), !coefficients=(fDFSS = 1.00048)
     p.d.f value is less than zero (-0.005442), forcing value to zero @ !refCoefNorm=(ctau3D = -0.132412,ctau3DErr = 0.0277776), !pdfs=(pdfCTAUDSS = 0.00227815/1,pdfCTAUDF = 16.1074/1), !coefficients=(fDFSS = 1.00048)
     p.d.f value is less than zero (-0.007325), forcing value to zero @ !refCoefNorm=(ctau3D = -0.175138,ctau3DErr = 0.0231868), !pdfs=(pdfCTAUDSS = 9.84461e-08/1,pdfCTAUDF = 15.2816/1), !coefficients=(fDFSS = 1.00048)
     p.d.f value is less than zero (-0.006851), forcing value to zero @ !refCoefNorm=(ctau3D = -0.0891678,ctau3DErr = 0.0179615), !pdfs=(pdfCTAUDSS = 0.0012893/1,pdfCTAUDF = 16.9838/1), !coefficients=(fDFSS = 1.00048)
     p.d.f value is less than zero (-0.006848), forcing value to zero @ !refCoefNorm=(ctau3D = -0.229924,ctau3DErr = 0.0209632), !pdfs=(pdfCTAUDSS = 1.35278e-15/1,pdfCTAUDF = 14.2871/1), !coefficients=(fDFSS = 1.00048)
     p.d.f value is less than zero (-0.007622), forcing value to zero @ !refCoefNorm=(ctau3D = -0.142637,ctau3DErr = 0.0197828), !pdfs=(pdfCTAUDSS = 4.26853e-07/1,pdfCTAUDF = 15.9027/1), !coefficients=(fDFSS = 1.00048)
     p.d.f value is less than zero (-0.007091), forcing value to zero @ !refCoefNorm=(ctau3D = -0.201407,ctau3DErr = 0.0178409), !pdfs=(pdfCTAUDSS = 1.77288e-16/1,pdfCTAUDF = 14.794/1), !coefficients=(fDFSS = 1.00048)
     p.d.f value is less than zero (-0.007777), forcing value to zero @ !refCoefNorm=(ctau3D = -0.126103,ctau3DErr = 0.0184183), !pdfs=(pdfCTAUDSS = 1.88025e-06/1,pdfCTAUDF = 16.229/1), !coefficients=(fDFSS = 1.00048)
     p.d.f value is less than zero (-0.006336), forcing value to zero @ !refCoefNorm=(ctau3D = -0.11805,ctau3DErr = 0.024057), !pdfs=(pdfCTAUDSS = 0.00152129/1,pdfCTAUDF = 16.3929/1), !coefficients=(fDFSS = 1.00048)
     p.d.f value is less than zero (-0.007346), forcing value to zero @ !refCoefNorm=(ctau3D = -0.172693,ctau3DErr = 0.0171792), !pdfs=(pdfCTAUDSS = 3.26495e-13/1,pdfCTAUDF = 15.3246/1), !coefficients=(fDFSS = 1.00048)
    ... (remaining 10 messages suppressed)

[#0] WARNING:Minization -- RooMinimizerFcn: Minimized function has error status.
Returning maximum FCN so far (-12068.3) to force MIGRAD to back out of this region. Error log follows
Parameter values: N_Bkg=2304.57, b_Bkg=0.530592, fDF12=0.928972, fDFSS=1.00002, fDLIV=0.886604, fDSS12=0.999983, lambdaDDS_Bkg=0.371249, lambdaDF_Bkg1=0.872324, lambdaDF_Bkg2=0.510331, lambdaDSS_Bkg1=0.552536, lambdaDSS_Bkg2=0.288787
PID1451255/RooRealMPFE::nll_pdfTot_Bkg_dataw_Bkg_5b88a4322560_MPFE7[ arg=nll_pdfTot_Bkg_dataw_Bkg_GOF7 vars=(N_Bkg,b_Bkg,ctau1_CtauRes,ctau2_CtauRes,ctau3_CtauRes,f2_CtauRes,fDF12,fDFSS,fDLIV,fDSS12,f_CtauRes,lambdaDDS_Bkg,lambdaDF_Bkg1,lambdaDF_Bkg2,lambdaDSS_Bkg1,lambdaDSS_Bkg2,rS21_CtauRes,rS32_CtauRes,s1_CtauRes,zeroMean) ]
     p.d.f value is less than zero (-0.000314), forcing value to zero @ !refCoefNorm=(ctau3D = -0.128967,ctau3DErr = 0.0200602), !pdfs=(pdfCTAUDSS = 9.43689e-06/1,pdfCTAUDF = 16.1727/1), !coefficients=(fDFSS = 1.00002)
     p.d.f value is less than zero (-0.000314), forcing value to zero @ !refCoefNorm=(ctau3D = -0.153542,ctau3DErr = 0.0195274), !pdfs=(pdfCTAUDSS = 2.48835e-08/1,pdfCTAUDF = 15.6907/1), !coefficients=(fDFSS = 1.00002)
     p.d.f value is less than zero (-0.000298), forcing value to zero @ !refCoefNorm=(ctau3D = -0.195586,ctau3DErr = 0.0250272), !pdfs=(pdfCTAUDSS = 3.08382e-08/1,pdfCTAUDF = 14.9037/1), !coefficients=(fDFSS = 1.00002)
     p.d.f value is less than zero (-0.000305), forcing value to zero @ !refCoefNorm=(ctau3D = -0.175138,ctau3DErr = 0.0231868), !pdfs=(pdfCTAUDSS = 9.84461e-08/1,pdfCTAUDF = 15.2816/1), !coefficients=(fDFSS = 1.00002)
     p.d.f value is less than zero (-0.000286), forcing value to zero @ !refCoefNorm=(ctau3D = -0.229924,ctau3DErr = 0.0209632), !pdfs=(pdfCTAUDSS = 1.35278e-15/1,pdfCTAUDF = 14.2871/1), !coefficients=(fDFSS = 1.00002)
     p.d.f value is less than zero (-0.000317), forcing value to zero @ !refCoefNorm=(ctau3D = -0.142637,ctau3DErr = 0.0197828), !pdfs=(pdfCTAUDSS = 4.26853e-07/1,pdfCTAUDF = 15.9027/1), !coefficients=(fDFSS = 1.00002)
     p.d.f value is less than zero (-0.000296), forcing value to zero @ !refCoefNorm=(ctau3D = -0.201407,ctau3DErr = 0.0178409), !pdfs=(pdfCTAUDSS = 1.77288e-16/1,pdfCTAUDF = 14.794/1), !coefficients=(fDFSS = 1.00002)
     p.d.f value is less than zero (-0.000322), forcing value to zero @ !refCoefNorm=(ctau3D = -0.126103,ctau3DErr = 0.0184183), !pdfs=(pdfCTAUDSS = 1.88025e-06/1,pdfCTAUDF = 16.229/1), !coefficients=(fDFSS = 1.00002)
     p.d.f value is less than zero (-0.000306), forcing value to zero @ !refCoefNorm=(ctau3D = -0.172693,ctau3DErr = 0.0171792), !pdfs=(pdfCTAUDSS = 3.26495e-13/1,pdfCTAUDF = 15.3246/1), !coefficients=(fDFSS = 1.00002)
     p.d.f value is less than zero (-0.000295), forcing value to zero @ !refCoefNorm=(ctau3D = -0.11327,ctau3DErr = 0.0186381), !pdfs=(pdfCTAUDSS = 3.41666e-05/1,pdfCTAUDF = 16.4877/1), !coefficients=(fDFSS = 1.00002)
     p.d.f value is less than zero (-0.000249), forcing value to zero @ !refCoefNorm=(ctau3D = -0.342247,ctau3DErr = 0.0195713), !pdfs=(pdfCTAUDSS = 2.11316e-38/1,pdfCTAUDF = 12.4541/1), !coefficients=(fDFSS = 1.00002)
     p.d.f value is less than zero (-0.000305), forcing value to zero @ !refCoefNorm=(ctau3D = -0.177424,ctau3DErr = 0.0217389), !pdfs=(pdfCTAUDSS = 6.26466e-09/1,pdfCTAUDF = 15.2379/1), !coefficients=(fDFSS = 1.00002)
    ... (remaining 4 messages suppressed)

[#0] WARNING:Minization -- RooMinimizerFcn: Minimized function has error status.
Returning maximum FCN so far (-12068.3) to force MIGRAD to back out of this region. Error log follows
Parameter values: N_Bkg=465.091, b_Bkg=0.800733, fDF12=0.0393143, fDFSS=1.00344, fDLIV=0.996403, fDSS12=0.526549, lambdaDDS_Bkg=0.267514, lambdaDF_Bkg1=0.00348104, lambdaDF_Bkg2=0.511837, lambdaDSS_Bkg1=0.0692731, lambdaDSS_Bkg2=0.148621
PID1451255/RooRealMPFE::nll_pdfTot_Bkg_dataw_Bkg_5b88a4322560_MPFE7[ arg=nll_pdfTot_Bkg_dataw_Bkg_GOF7 vars=(N_Bkg,b_Bkg,ctau1_CtauRes,ctau2_CtauRes,ctau3_CtauRes,f2_CtauRes,fDF12,fDFSS,fDLIV,fDSS12,f_CtauRes,lambdaDDS_Bkg,lambdaDF_Bkg1,lambdaDF_Bkg2,lambdaDSS_Bkg1,lambdaDSS_Bkg2,rS21_CtauRes,rS32_CtauRes,s1_CtauRes,zeroMean) ]
     p.d.f value is less than zero (-0.078401), forcing value to zero @ !refCoefNorm=(ctau3D = -0.128967,ctau3DErr = 0.0200602), !pdfs=(pdfCTAUDSS = 5.34264e-05/1,pdfCTAUDF = 22.7894/1), !coefficients=(fDFSS = 1.00344)
     p.d.f value is less than zero (-0.074774), forcing value to zero @ !refCoefNorm=(ctau3D = -0.153542,ctau3DErr = 0.0195274), !pdfs=(pdfCTAUDSS = 1.42189e-07/1,pdfCTAUDF = 21.7202/1), !coefficients=(fDFSS = 1.00344)
     p.d.f value is less than zero (-0.068910), forcing value to zero @ !refCoefNorm=(ctau3D = -0.195586,ctau3DErr = 0.0250272), !pdfs=(pdfCTAUDSS = 1.74172e-07/1,pdfCTAUDF = 20.0168/1), !coefficients=(fDFSS = 1.00344)
     p.d.f value is less than zero (-0.065537), forcing value to zero @ !refCoefNorm=(ctau3D = -0.132412,ctau3DErr = 0.0277776), !pdfs=(pdfCTAUDSS = 0.0124223/1,pdfCTAUDF = 22.6579/1), !coefficients=(fDFSS = 1.00344)
     p.d.f value is less than zero (-0.071706), forcing value to zero @ !refCoefNorm=(ctau3D = -0.175138,ctau3DErr = 0.0231868), !pdfs=(pdfCTAUDSS = 5.57298e-07/1,pdfCTAUDF = 20.829/1), !coefficients=(fDFSS = 1.00344)
     p.d.f value is less than zero (-0.077530), forcing value to zero @ !refCoefNorm=(ctau3D = -0.0891678,ctau3DErr = 0.0179615), !pdfs=(pdfCTAUDSS = 0.00725845/1,pdfCTAUDF = 24.6363/1), !coefficients=(fDFSS = 1.00344)
     p.d.f value is less than zero (-0.064415), forcing value to zero @ !refCoefNorm=(ctau3D = -0.229924,ctau3DErr = 0.0209632), !pdfs=(pdfCTAUDSS = 7.79765e-15/1,pdfCTAUDF = 18.7112/1), !coefficients=(fDFSS = 1.00344)
     p.d.f value is less than zero (-0.022880), forcing value to zero @ !refCoefNorm=(ctau3D = -0.106789,ctau3DErr = 0.0254784), !pdfs=(pdfCTAUDSS = 0.0589642/1,pdfCTAUDF = 23.8329/1), !coefficients=(fDFSS = 1.00344)
     p.d.f value is less than zero (-0.076383), forcing value to zero @ !refCoefNorm=(ctau3D = -0.142637,ctau3DErr = 0.0197828), !pdfs=(pdfCTAUDSS = 2.42969e-06/1,pdfCTAUDF = 22.1883/1), !coefficients=(fDFSS = 1.00344)
     p.d.f value is less than zero (-0.068090), forcing value to zero @ !refCoefNorm=(ctau3D = -0.201407,ctau3DErr = 0.0178409), !pdfs=(pdfCTAUDSS = 1.02768e-15/1,pdfCTAUDF = 19.7786/1), !coefficients=(fDFSS = 1.00344)
     p.d.f value is less than zero (-0.078875), forcing value to zero @ !refCoefNorm=(ctau3D = -0.126103,ctau3DErr = 0.0184183), !pdfs=(pdfCTAUDSS = 1.07145e-05/1,pdfCTAUDF = 22.9144/1), !coefficients=(fDFSS = 1.00344)
     p.d.f value is less than zero (-0.071758), forcing value to zero @ !refCoefNorm=(ctau3D = -0.11805,ctau3DErr = 0.024057), !pdfs=(pdfCTAUDSS = 0.0084035/1,pdfCTAUDF = 23.2936/1), !coefficients=(fDFSS = 1.00344)
    ... (remaining 12 messages suppressed)

[#0] WARNING:Minization -- RooMinimizerFcn: Minimized function has error status.
Returning maximum FCN so far (-12068.3) to force MIGRAD to back out of this region. Error log follows
Parameter values: N_Bkg=1649.2, b_Bkg=0.611351, fDF12=0.701635, fDFSS=1.00101, fDLIV=0.947758, fDSS12=0.000815681, lambdaDDS_Bkg=0.34136, lambdaDF_Bkg1=0.963424, lambdaDF_Bkg2=0.510752, lambdaDSS_Bkg1=0.254893, lambdaDSS_Bkg2=0.246325
PID1451255/RooRealMPFE::nll_pdfTot_Bkg_dataw_Bkg_5b88a4322560_MPFE7[ arg=nll_pdfTot_Bkg_dataw_Bkg_GOF7 vars=(N_Bkg,b_Bkg,ctau1_CtauRes,ctau2_CtauRes,ctau3_CtauRes,f2_CtauRes,fDF12,fDFSS,fDLIV,fDSS12,f_CtauRes,lambdaDDS_Bkg,lambdaDF_Bkg1,lambdaDF_Bkg2,lambdaDSS_Bkg1,lambdaDSS_Bkg2,rS21_CtauRes,rS32_CtauRes,s1_CtauRes,zeroMean) ]
     p.d.f value is less than zero (-0.017402), forcing value to zero @ !refCoefNorm=(ctau3D = -0.128967,ctau3DErr = 0.0200602), !pdfs=(pdfCTAUDSS = 2.09261e-05/1,pdfCTAUDF = 17.1896/1), !coefficients=(fDFSS = 1.00101)
     p.d.f value is less than zero (-0.016827), forcing value to zero @ !refCoefNorm=(ctau3D = -0.153542,ctau3DErr = 0.0195274), !pdfs=(pdfCTAUDSS = 5.52949e-08/1,pdfCTAUDF = 16.6018/1), !coefficients=(fDFSS = 1.00101)
     p.d.f value is less than zero (-0.015864), forcing value to zero @ !refCoefNorm=(ctau3D = -0.195586,ctau3DErr = 0.0250272), !pdfs=(pdfCTAUDSS = 6.83455e-08/1,pdfCTAUDF = 15.6518/1), !coefficients=(fDFSS = 1.00101)
     p.d.f value is less than zero (-0.012330), forcing value to zero @ !refCoefNorm=(ctau3D = -0.132412,ctau3DErr = 0.0277776), !pdfs=(pdfCTAUDSS = 0.00500798/1,pdfCTAUDF = 17.1113/1), !coefficients=(fDFSS = 1.00101)
     p.d.f value is less than zero (-0.016325), forcing value to zero @ !refCoefNorm=(ctau3D = -0.175138,ctau3DErr = 0.0231868), !pdfs=(pdfCTAUDSS = 2.18297e-07/1,pdfCTAUDF = 16.1067/1), !coefficients=(fDFSS = 1.00101)
     p.d.f value is less than zero (-0.015576), forcing value to zero @ !refCoefNorm=(ctau3D = -0.0891678,ctau3DErr = 0.0179615), !pdfs=(pdfCTAUDSS = 0.00285535/1,pdfCTAUDF = 18.1875/1), !coefficients=(fDFSS = 1.00101)
     p.d.f value is less than zero (-0.015116), forcing value to zero @ !refCoefNorm=(ctau3D = -0.229924,ctau3DErr = 0.0209632), !pdfs=(pdfCTAUDSS = 3.01199e-15/1,pdfCTAUDF = 14.9139/1), !coefficients=(fDFSS = 1.00101)
     p.d.f value is less than zero (-0.017088), forcing value to zero @ !refCoefNorm=(ctau3D = -0.142637,ctau3DErr = 0.0197828), !pdfs=(pdfCTAUDSS = 9.47701e-07/1,pdfCTAUDF = 16.8599/1), !coefficients=(fDFSS = 1.00101)
     p.d.f value is less than zero (-0.015730), forcing value to zero @ !refCoefNorm=(ctau3D = -0.201407,ctau3DErr = 0.0178409), !pdfs=(pdfCTAUDSS = 3.95232e-16/1,pdfCTAUDF = 15.5192/1), !coefficients=(fDFSS = 1.00101)
     p.d.f value is less than zero (-0.017488), forcing value to zero @ !refCoefNorm=(ctau3D = -0.126103,ctau3DErr = 0.0184183), !pdfs=(pdfCTAUDSS = 4.1756e-06/1,pdfCTAUDF = 17.2583/1), !coefficients=(fDFSS = 1.00101)
     p.d.f value is less than zero (-0.014339), forcing value to zero @ !refCoefNorm=(ctau3D = -0.11805,ctau3DErr = 0.024057), !pdfs=(pdfCTAUDSS = 0.00335438/1,pdfCTAUDF = 17.4602/1), !coefficients=(fDFSS = 1.00101)
     p.d.f value is less than zero (-0.016377), forcing value to zero @ !refCoefNorm=(ctau3D = -0.172693,ctau3DErr = 0.0171792), !pdfs=(pdfCTAUDSS = 7.27534e-13/1,pdfCTAUDF = 16.1579/1), !coefficients=(fDFSS = 1.00101)
    ... (remaining 10 messages suppressed)

[#0] WARNING:Minization -- RooMinimizerFcn: Minimized function has error status.
Returning maximum FCN so far (-12068.3) to force MIGRAD to back out of this region. Error log follows
Parameter values: N_Bkg=2212.46, b_Bkg=0.541267, fDF12=0.906856, fDFSS=1.00011, fDLIV=0.895812, fDSS12=0.961111, lambdaDDS_Bkg=0.367301, lambdaDF_Bkg1=0.916969, lambdaDF_Bkg2=0.510386, lambdaDSS_Bkg1=0.512164, lambdaDSS_Bkg2=0.283103
PID1451255/RooRealMPFE::nll_pdfTot_Bkg_dataw_Bkg_5b88a4322560_MPFE7[ arg=nll_pdfTot_Bkg_dataw_Bkg_GOF7 vars=(N_Bkg,b_Bkg,ctau1_CtauRes,ctau2_CtauRes,ctau3_CtauRes,f2_CtauRes,fDF12,fDFSS,fDLIV,fDSS12,f_CtauRes,lambdaDDS_Bkg,lambdaDF_Bkg1,lambdaDF_Bkg2,lambdaDSS_Bkg1,lambdaDSS_Bkg2,rS21_CtauRes,rS32_CtauRes,s1_CtauRes,zeroMean) ]
     p.d.f value is less than zero (-0.001704), forcing value to zero @ !refCoefNorm=(ctau3D = -0.128967,ctau3DErr = 0.0200602), !pdfs=(pdfCTAUDSS = 1.04875e-05/1,pdfCTAUDF = 15.7969/1), !coefficients=(fDFSS = 1.00011)
     p.d.f value is less than zero (-0.001664), forcing value to zero @ !refCoefNorm=(ctau3D = -0.153542,ctau3DErr = 0.0195274), !pdfs=(pdfCTAUDSS = 2.76602e-08/1,pdfCTAUDF = 15.3334/1), !coefficients=(fDFSS = 1.00011)
     p.d.f value is less than zero (-0.001582), forcing value to zero @ !refCoefNorm=(ctau3D = -0.195586,ctau3DErr = 0.0250272), !pdfs=(pdfCTAUDSS = 3.42693e-08/1,pdfCTAUDF = 14.5767/1), !coefficients=(fDFSS = 1.00011)
     p.d.f value is less than zero (-0.001621), forcing value to zero @ !refCoefNorm=(ctau3D = -0.175138,ctau3DErr = 0.0231868), !pdfs=(pdfCTAUDSS = 1.09406e-07/1,pdfCTAUDF = 14.94/1), !coefficients=(fDFSS = 1.00011)
     p.d.f value is less than zero (-0.000366), forcing value to zero @ !refCoefNorm=(ctau3D = -0.0891678,ctau3DErr = 0.0179615), !pdfs=(pdfCTAUDSS = 0.00143263/1,pdfCTAUDF = 16.5771/1), !coefficients=(fDFSS = 1.00011)
     p.d.f value is less than zero (-0.001517), forcing value to zero @ !refCoefNorm=(ctau3D = -0.229924,ctau3DErr = 0.0209632), !pdfs=(pdfCTAUDSS = 1.50407e-15/1,pdfCTAUDF = 13.9839/1), !coefficients=(fDFSS = 1.00011)
     p.d.f value is less than zero (-0.001685), forcing value to zero @ !refCoefNorm=(ctau3D = -0.142637,ctau3DErr = 0.0197828), !pdfs=(pdfCTAUDSS = 4.74439e-07/1,pdfCTAUDF = 15.5373/1), !coefficients=(fDFSS = 1.00011)
     p.d.f value is less than zero (-0.001570), forcing value to zero @ !refCoefNorm=(ctau3D = -0.201407,ctau3DErr = 0.0178409), !pdfs=(pdfCTAUDSS = 1.97142e-16/1,pdfCTAUDF = 14.4713/1), !coefficients=(fDFSS = 1.00011)
     p.d.f value is less than zero (-0.001718), forcing value to zero @ !refCoefNorm=(ctau3D = -0.126103,ctau3DErr = 0.0184183), !pdfs=(pdfCTAUDSS = 2.08992e-06/1,pdfCTAUDF = 15.8511/1), !coefficients=(fDFSS = 1.00011)
     p.d.f value is less than zero (-0.000047), forcing value to zero @ !refCoefNorm=(ctau3D = -0.11805,ctau3DErr = 0.024057), !pdfs=(pdfCTAUDSS = 0.00168958/1,pdfCTAUDF = 16.0087/1), !coefficients=(fDFSS = 1.00011)
     p.d.f value is less than zero (-0.001626), forcing value to zero @ !refCoefNorm=(ctau3D = -0.172693,ctau3DErr = 0.0171792), !pdfs=(pdfCTAUDSS = 3.63041e-13/1,pdfCTAUDF = 14.9814/1), !coefficients=(fDFSS = 1.00011)
     p.d.f value is less than zero (-0.001709), forcing value to zero @ !refCoefNorm=(ctau3D = -0.11327,ctau3DErr = 0.0186381), !pdfs=(pdfCTAUDSS = 3.79715e-05/1,pdfCTAUDF = 16.0999/1), !coefficients=(fDFSS = 1.00011)
    ... (remaining 6 messages suppressed)

[#0] WARNING:Minization -- RooMinimizerFcn: Minimized function has error status.
Returning maximum FCN so far (-12068.3) to force MIGRAD to back out of this region. Error log follows
Parameter values: N_Bkg=2299.92, b_Bkg=0.531126, fDF12=0.927931, fDFSS=1.00003, fDLIV=0.887073, fDSS12=0.999964, lambdaDDS_Bkg=0.371052, lambdaDF_Bkg1=0.874754, lambdaDF_Bkg2=0.510334, lambdaDSS_Bkg1=0.550523, lambdaDSS_Bkg2=0.288502
PID1451255/RooRealMPFE::nll_pdfTot_Bkg_dataw_Bkg_5b88a4322560_MPFE7[ arg=nll_pdfTot_Bkg_dataw_Bkg_GOF7 vars=(N_Bkg,b_Bkg,ctau1_CtauRes,ctau2_CtauRes,ctau3_CtauRes,f2_CtauRes,fDF12,fDFSS,fDLIV,fDSS12,f_CtauRes,lambdaDDS_Bkg,lambdaDF_Bkg1,lambdaDF_Bkg2,lambdaDSS_Bkg1,lambdaDSS_Bkg2,rS21_CtauRes,rS32_CtauRes,s1_CtauRes,zeroMean) ]
     p.d.f value is less than zero (-0.000427), forcing value to zero @ !refCoefNorm=(ctau3D = -0.128967,ctau3DErr = 0.0200602), !pdfs=(pdfCTAUDSS = 9.47123e-06/1,pdfCTAUDF = 16.1488/1), !coefficients=(fDFSS = 1.00003)
     p.d.f value is less than zero (-0.000423), forcing value to zero @ !refCoefNorm=(ctau3D = -0.153542,ctau3DErr = 0.0195274), !pdfs=(pdfCTAUDSS = 2.49741e-08/1,pdfCTAUDF = 15.6681/1), !coefficients=(fDFSS = 1.00003)
     p.d.f value is less than zero (-0.000402), forcing value to zero @ !refCoefNorm=(ctau3D = -0.195586,ctau3DErr = 0.0250272), !pdfs=(pdfCTAUDSS = 3.09504e-08/1,pdfCTAUDF = 14.8832/1), !coefficients=(fDFSS = 1.00003)
     p.d.f value is less than zero (-0.000412), forcing value to zero @ !refCoefNorm=(ctau3D = -0.175138,ctau3DErr = 0.0231868), !pdfs=(pdfCTAUDSS = 9.88043e-08/1,pdfCTAUDF = 15.2601/1), !coefficients=(fDFSS = 1.00003)
     p.d.f value is less than zero (-0.000385), forcing value to zero @ !refCoefNorm=(ctau3D = -0.229924,ctau3DErr = 0.0209632), !pdfs=(pdfCTAUDSS = 1.35772e-15/1,pdfCTAUDF = 14.2682/1), !coefficients=(fDFSS = 1.00003)
     p.d.f value is less than zero (-0.000428), forcing value to zero @ !refCoefNorm=(ctau3D = -0.142637,ctau3DErr = 0.0197828), !pdfs=(pdfCTAUDSS = 4.28407e-07/1,pdfCTAUDF = 15.8795/1), !coefficients=(fDFSS = 1.00003)
     p.d.f value is less than zero (-0.000399), forcing value to zero @ !refCoefNorm=(ctau3D = -0.201407,ctau3DErr = 0.0178409), !pdfs=(pdfCTAUDSS = 1.77936e-16/1,pdfCTAUDF = 14.7738/1), !coefficients=(fDFSS = 1.00003)
     p.d.f value is less than zero (-0.000436), forcing value to zero @ !refCoefNorm=(ctau3D = -0.126103,ctau3DErr = 0.0184183), !pdfs=(pdfCTAUDSS = 1.8871e-06/1,pdfCTAUDF = 16.205/1), !coefficients=(fDFSS = 1.00003)
     p.d.f value is less than zero (-0.000413), forcing value to zero @ !refCoefNorm=(ctau3D = -0.172693,ctau3DErr = 0.0171792), !pdfs=(pdfCTAUDSS = 3.27688e-13/1,pdfCTAUDF = 15.303/1), !coefficients=(fDFSS = 1.00003)
     p.d.f value is less than zero (-0.000410), forcing value to zero @ !refCoefNorm=(ctau3D = -0.11327,ctau3DErr = 0.0186381), !pdfs=(pdfCTAUDSS = 3.42909e-05/1,pdfCTAUDF = 16.463/1), !coefficients=(fDFSS = 1.00003)
     p.d.f value is less than zero (-0.000336), forcing value to zero @ !refCoefNorm=(ctau3D = -0.342247,ctau3DErr = 0.0195713), !pdfs=(pdfCTAUDSS = 2.12089e-38/1,pdfCTAUDF = 12.44/1), !coefficients=(fDFSS = 1.00003)
     p.d.f value is less than zero (-0.000411), forcing value to zero @ !refCoefNorm=(ctau3D = -0.177424,ctau3DErr = 0.0217389), !pdfs=(pdfCTAUDSS = 6.28748e-09/1,pdfCTAUDF = 15.2166/1), !coefficients=(fDFSS = 1.00003)
    ... (remaining 4 messages suppressed)

[#0] WARNING:Minization -- RooMinimizerFcn: Minimized function has error status.
Returning maximum FCN so far (-12068.3) to force MIGRAD to back out of this region. Error log follows
Parameter values: N_Bkg=2299.92, b_Bkg=0.531126, fDF12=0.927931, fDFSS=1.00003, fDLIV=0.887073, fDSS12=0.999964, lambdaDDS_Bkg=0.371052, lambdaDF_Bkg1=0.874754, lambdaDF_Bkg2=0.510334, lambdaDSS_Bkg1=0.550523, lambdaDSS_Bkg2=0.288502
PID1451255/RooRealMPFE::nll_pdfTot_Bkg_dataw_Bkg_5b88a4322560_MPFE7[ arg=nll_pdfTot_Bkg_dataw_Bkg_GOF7 vars=(N_Bkg,b_Bkg,ctau1_CtauRes,ctau2_CtauRes,ctau3_CtauRes,f2_CtauRes,fDF12,fDFSS,fDLIV,fDSS12,f_CtauRes,lambdaDDS_Bkg,lambdaDF_Bkg1,lambdaDF_Bkg2,lambdaDSS_Bkg1,lambdaDSS_Bkg2,rS21_CtauRes,rS32_CtauRes,s1_CtauRes,zeroMean) ]
     p.d.f value is less than zero (-0.000427), forcing value to zero @ !refCoefNorm=(ctau3D = -0.128967,ctau3DErr = 0.0200602), !pdfs=(pdfCTAUDSS = 9.47123e-06/1,pdfCTAUDF = 16.1488/1), !coefficients=(fDFSS = 1.00003)
     p.d.f value is less than zero (-0.000423), forcing value to zero @ !refCoefNorm=(ctau3D = -0.153542,ctau3DErr = 0.0195274), !pdfs=(pdfCTAUDSS = 2.49741e-08/1,pdfCTAUDF = 15.6681/1), !coefficients=(fDFSS = 1.00003)
     p.d.f value is less than zero (-0.000402), forcing value to zero @ !refCoefNorm=(ctau3D = -0.195586,ctau3DErr = 0.0250272), !pdfs=(pdfCTAUDSS = 3.09504e-08/1,pdfCTAUDF = 14.8832/1), !coefficients=(fDFSS = 1.00003)
     p.d.f value is less than zero (-0.000412), forcing value to zero @ !refCoefNorm=(ctau3D = -0.175138,ctau3DErr = 0.0231868), !pdfs=(pdfCTAUDSS = 9.88043e-08/1,pdfCTAUDF = 15.2601/1), !coefficients=(fDFSS = 1.00003)
     p.d.f value is less than zero (-0.000385), forcing value to zero @ !refCoefNorm=(ctau3D = -0.229924,ctau3DErr = 0.0209632), !pdfs=(pdfCTAUDSS = 1.35772e-15/1,pdfCTAUDF = 14.2682/1), !coefficients=(fDFSS = 1.00003)
     p.d.f value is less than zero (-0.000428), forcing value to zero @ !refCoefNorm=(ctau3D = -0.142637,ctau3DErr = 0.0197828), !pdfs=(pdfCTAUDSS = 4.28407e-07/1,pdfCTAUDF = 15.8795/1), !coefficients=(fDFSS = 1.00003)
     p.d.f value is less than zero (-0.000399), forcing value to zero @ !refCoefNorm=(ctau3D = -0.201407,ctau3DErr = 0.0178409), !pdfs=(pdfCTAUDSS = 1.77936e-16/1,pdfCTAUDF = 14.7738/1), !coefficients=(fDFSS = 1.00003)
     p.d.f value is less than zero (-0.000436), forcing value to zero @ !refCoefNorm=(ctau3D = -0.126103,ctau3DErr = 0.0184183), !pdfs=(pdfCTAUDSS = 1.8871e-06/1,pdfCTAUDF = 16.205/1), !coefficients=(fDFSS = 1.00003)
     p.d.f value is less than zero (-0.000413), forcing value to zero @ !refCoefNorm=(ctau3D = -0.172693,ctau3DErr = 0.0171792), !pdfs=(pdfCTAUDSS = 3.27688e-13/1,pdfCTAUDF = 15.303/1), !coefficients=(fDFSS = 1.00003)
     p.d.f value is less than zero (-0.000410), forcing value to zero @ !refCoefNorm=(ctau3D = -0.11327,ctau3DErr = 0.0186381), !pdfs=(pdfCTAUDSS = 3.42909e-05/1,pdfCTAUDF = 16.463/1), !coefficients=(fDFSS = 1.00003)
     p.d.f value is less than zero (-0.000336), forcing value to zero @ !refCoefNorm=(ctau3D = -0.342247,ctau3DErr = 0.0195713), !pdfs=(pdfCTAUDSS = 2.12089e-38/1,pdfCTAUDF = 12.44/1), !coefficients=(fDFSS = 1.00003)
     p.d.f value is less than zero (-0.000411), forcing value to zero @ !refCoefNorm=(ctau3D = -0.177424,ctau3DErr = 0.0217389), !pdfs=(pdfCTAUDSS = 6.28748e-09/1,pdfCTAUDF = 15.2166/1), !coefficients=(fDFSS = 1.00003)
    ... (remaining 4 messages suppressed)

[#0] WARNING:Minization -- RooMinimizerFcn: Minimized function has error status.
Returning maximum FCN so far (-12068.3) to force MIGRAD to back out of this region. Error log follows
Parameter values: N_Bkg=1600.3, b_Bkg=0.617872, fDF12=0.679272, fDFSS=1.00003, fDLIV=0.951921, fDSS12=0.00881874, lambdaDDS_Bkg=0.339005, lambdaDF_Bkg1=0.945276, lambdaDF_Bkg2=0.510785, lambdaDSS_Bkg1=0.232845, lambdaDSS_Bkg2=0.243215
PID1451255/RooRealMPFE::nll_pdfTot_Bkg_dataw_Bkg_5b88a4322560_MPFE7[ arg=nll_pdfTot_Bkg_dataw_Bkg_GOF7 vars=(N_Bkg,b_Bkg,ctau1_CtauRes,ctau2_CtauRes,ctau3_CtauRes,f2_CtauRes,fDF12,fDFSS,fDLIV,fDSS12,f_CtauRes,lambdaDDS_Bkg,lambdaDF_Bkg1,lambdaDF_Bkg2,lambdaDSS_Bkg1,lambdaDSS_Bkg2,rS21_CtauRes,rS32_CtauRes,s1_CtauRes,zeroMean) ]
     p.d.f value is less than zero (-0.000421), forcing value to zero @ !refCoefNorm=(ctau3D = -0.128967,ctau3DErr = 0.0200602), !pdfs=(pdfCTAUDSS = 2.11968e-05/1,pdfCTAUDF = 17.5487/1), !coefficients=(fDFSS = 1.00003)
     p.d.f value is less than zero (-0.000426), forcing value to zero @ !refCoefNorm=(ctau3D = -0.153542,ctau3DErr = 0.0195274), !pdfs=(pdfCTAUDSS = 5.60129e-08/1,pdfCTAUDF = 16.9356/1), !coefficients=(fDFSS = 1.00003)
     p.d.f value is less than zero (-0.000401), forcing value to zero @ !refCoefNorm=(ctau3D = -0.195586,ctau3DErr = 0.0250272), !pdfs=(pdfCTAUDSS = 6.92286e-08/1,pdfCTAUDF = 15.9454/1), !coefficients=(fDFSS = 1.00003)
     p.d.f value is less than zero (-0.000413), forcing value to zero @ !refCoefNorm=(ctau3D = -0.175138,ctau3DErr = 0.0231868), !pdfs=(pdfCTAUDSS = 2.21121e-07/1,pdfCTAUDF = 16.4194/1), !coefficients=(fDFSS = 1.00003)
     p.d.f value is less than zero (-0.000382), forcing value to zero @ !refCoefNorm=(ctau3D = -0.229924,ctau3DErr = 0.0209632), !pdfs=(pdfCTAUDSS = 3.05124e-15/1,pdfCTAUDF = 15.177/1), !coefficients=(fDFSS = 1.00003)
     p.d.f value is less than zero (-0.000432), forcing value to zero @ !refCoefNorm=(ctau3D = -0.142637,ctau3DErr = 0.0197828), !pdfs=(pdfCTAUDSS = 9.59986e-07/1,pdfCTAUDF = 17.2047/1), !coefficients=(fDFSS = 1.00003)
     p.d.f value is less than zero (-0.000398), forcing value to zero @ !refCoefNorm=(ctau3D = -0.201407,ctau3DErr = 0.0178409), !pdfs=(pdfCTAUDSS = 4.00394e-16/1,pdfCTAUDF = 15.8072/1), !coefficients=(fDFSS = 1.00003)
     p.d.f value is less than zero (-0.000439), forcing value to zero @ !refCoefNorm=(ctau3D = -0.126103,ctau3DErr = 0.0184183), !pdfs=(pdfCTAUDSS = 4.22975e-06/1,pdfCTAUDF = 17.6204/1), !coefficients=(fDFSS = 1.00003)
     p.d.f value is less than zero (-0.000415), forcing value to zero @ !refCoefNorm=(ctau3D = -0.172693,ctau3DErr = 0.0171792), !pdfs=(pdfCTAUDSS = 7.37029e-13/1,pdfCTAUDF = 16.4727/1), !coefficients=(fDFSS = 1.00003)
     p.d.f value is less than zero (-0.000375), forcing value to zero @ !refCoefNorm=(ctau3D = -0.11327,ctau3DErr = 0.0186381), !pdfs=(pdfCTAUDSS = 7.67654e-05/1,pdfCTAUDF = 17.9516/1), !coefficients=(fDFSS = 1.00003)
     p.d.f value is less than zero (-0.000326), forcing value to zero @ !refCoefNorm=(ctau3D = -0.342247,ctau3DErr = 0.0195713), !pdfs=(pdfCTAUDSS = 4.7808e-38/1,pdfCTAUDF = 12.942/1), !coefficients=(fDFSS = 1.00003)
     p.d.f value is less than zero (-0.000412), forcing value to zero @ !refCoefNorm=(ctau3D = -0.177424,ctau3DErr = 0.0217389), !pdfs=(pdfCTAUDSS = 1.40917e-08/1,pdfCTAUDF = 16.3642/1), !coefficients=(fDFSS = 1.00003)
    ... (remaining 4 messages suppressed)

[#0] WARNING:Minization -- RooMinimizerFcn: Minimized function has error status.
Returning maximum FCN so far (-12068.3) to force MIGRAD to back out of this region. Error log follows
Parameter values: N_Bkg=1543.56, b_Bkg=0.629428, fDF12=0.566776, fDFSS=1.00003, fDLIV=0.937001, fDSS12=0.123763, lambdaDDS_Bkg=0.332976, lambdaDF_Bkg1=0.874712, lambdaDF_Bkg2=0.510656, lambdaDSS_Bkg1=0.20327, lambdaDSS_Bkg2=0.26822
PID1451255/RooRealMPFE::nll_pdfTot_Bkg_dataw_Bkg_5b88a4322560_MPFE7[ arg=nll_pdfTot_Bkg_dataw_Bkg_GOF7 vars=(N_Bkg,b_Bkg,ctau1_CtauRes,ctau2_CtauRes,ctau3_CtauRes,f2_CtauRes,fDF12,fDFSS,fDLIV,fDSS12,f_CtauRes,lambdaDDS_Bkg,lambdaDF_Bkg1,lambdaDF_Bkg2,lambdaDSS_Bkg1,lambdaDSS_Bkg2,rS21_CtauRes,rS32_CtauRes,s1_CtauRes,zeroMean) ]
     p.d.f value is less than zero (-0.000458), forcing value to zero @ !refCoefNorm=(ctau3D = -0.128967,ctau3DErr = 0.0200602), !pdfs=(pdfCTAUDSS = 1.99931e-05/1,pdfCTAUDF = 19.1121/1), !coefficients=(fDFSS = 1.00003)
     p.d.f value is less than zero (-0.000460), forcing value to zero @ !refCoefNorm=(ctau3D = -0.153542,ctau3DErr = 0.0195274), !pdfs=(pdfCTAUDSS = 5.28223e-08/1,pdfCTAUDF = 18.3836/1), !coefficients=(fDFSS = 1.00003)
     p.d.f value is less than zero (-0.000430), forcing value to zero @ !refCoefNorm=(ctau3D = -0.195586,ctau3DErr = 0.0250272), !pdfs=(pdfCTAUDSS = 6.53004e-08/1,pdfCTAUDF = 17.2115/1), !coefficients=(fDFSS = 1.00003)
     p.d.f value is less than zero (-0.000444), forcing value to zero @ !refCoefNorm=(ctau3D = -0.175138,ctau3DErr = 0.0231868), !pdfs=(pdfCTAUDSS = 2.08564e-07/1,pdfCTAUDF = 17.772/1), !coefficients=(fDFSS = 1.00003)
     p.d.f value is less than zero (-0.000408), forcing value to zero @ !refCoefNorm=(ctau3D = -0.229924,ctau3DErr = 0.0209632), !pdfs=(pdfCTAUDSS = 2.87694e-15/1,pdfCTAUDF = 16.305/1), !coefficients=(fDFSS = 1.00003)
     p.d.f value is less than zero (-0.000467), forcing value to zero @ !refCoefNorm=(ctau3D = -0.142637,ctau3DErr = 0.0197828), !pdfs=(pdfCTAUDSS = 9.05373e-07/1,pdfCTAUDF = 18.7032/1), !coefficients=(fDFSS = 1.00003)
     p.d.f value is less than zero (-0.000426), forcing value to zero @ !refCoefNorm=(ctau3D = -0.201407,ctau3DErr = 0.0178409), !pdfs=(pdfCTAUDSS = 3.7748e-16/1,pdfCTAUDF = 17.0479/1), !coefficients=(fDFSS = 1.00003)
     p.d.f value is less than zero (-0.000476), forcing value to zero @ !refCoefNorm=(ctau3D = -0.126103,ctau3DErr = 0.0184183), !pdfs=(pdfCTAUDSS = 3.98904e-06/1,pdfCTAUDF = 19.1973/1), !coefficients=(fDFSS = 1.00003)
     p.d.f value is less than zero (-0.000446), forcing value to zero @ !refCoefNorm=(ctau3D = -0.172693,ctau3DErr = 0.0171792), !pdfs=(pdfCTAUDSS = 6.94877e-13/1,pdfCTAUDF = 17.8348/1), !coefficients=(fDFSS = 1.00003)
     p.d.f value is less than zero (-0.000417), forcing value to zero @ !refCoefNorm=(ctau3D = -0.11327,ctau3DErr = 0.0186381), !pdfs=(pdfCTAUDSS = 7.24044e-05/1,pdfCTAUDF = 19.5916/1), !coefficients=(fDFSS = 1.00003)
     p.d.f value is less than zero (-0.000342), forcing value to zero @ !refCoefNorm=(ctau3D = -0.342247,ctau3DErr = 0.0195713), !pdfs=(pdfCTAUDSS = 4.50652e-38/1,pdfCTAUDF = 13.6891/1), !coefficients=(fDFSS = 1.00003)
     p.d.f value is less than zero (-0.000443), forcing value to zero @ !refCoefNorm=(ctau3D = -0.177424,ctau3DErr = 0.0217389), !pdfs=(pdfCTAUDSS = 1.32898e-08/1,pdfCTAUDF = 17.7066/1), !coefficients=(fDFSS = 1.00003)
    ... (remaining 4 messages suppressed)

[#0] WARNING:Minization -- RooMinimizerFcn: Minimized function has error status.
Returning maximum FCN so far (-12068.3) to force MIGRAD to back out of this region. Error log follows
Parameter values: N_Bkg=1543.56, b_Bkg=0.629428, fDF12=0.566776, fDFSS=1.00003, fDLIV=0.937001, fDSS12=0.123763, lambdaDDS_Bkg=0.332976, lambdaDF_Bkg1=0.874712, lambdaDF_Bkg2=0.510656, lambdaDSS_Bkg1=0.20327, lambdaDSS_Bkg2=0.26822
PID1451255/RooRealMPFE::nll_pdfTot_Bkg_dataw_Bkg_5b88a4322560_MPFE7[ arg=nll_pdfTot_Bkg_dataw_Bkg_GOF7 vars=(N_Bkg,b_Bkg,ctau1_CtauRes,ctau2_CtauRes,ctau3_CtauRes,f2_CtauRes,fDF12,fDFSS,fDLIV,fDSS12,f_CtauRes,lambdaDDS_Bkg,lambdaDF_Bkg1,lambdaDF_Bkg2,lambdaDSS_Bkg1,lambdaDSS_Bkg2,rS21_CtauRes,rS32_CtauRes,s1_CtauRes,zeroMean) ]
     p.d.f value is less than zero (-0.000458), forcing value to zero @ !refCoefNorm=(ctau3D = -0.128967,ctau3DErr = 0.0200602), !pdfs=(pdfCTAUDSS = 1.99931e-05/1,pdfCTAUDF = 19.1121/1), !coefficients=(fDFSS = 1.00003)
     p.d.f value is less than zero (-0.000460), forcing value to zero @ !refCoefNorm=(ctau3D = -0.153542,ctau3DErr = 0.0195274), !pdfs=(pdfCTAUDSS = 5.28223e-08/1,pdfCTAUDF = 18.3836/1), !coefficients=(fDFSS = 1.00003)
     p.d.f value is less than zero (-0.000430), forcing value to zero @ !refCoefNorm=(ctau3D = -0.195586,ctau3DErr = 0.0250272), !pdfs=(pdfCTAUDSS = 6.53004e-08/1,pdfCTAUDF = 17.2115/1), !coefficients=(fDFSS = 1.00003)
     p.d.f value is less than zero (-0.000444), forcing value to zero @ !refCoefNorm=(ctau3D = -0.175138,ctau3DErr = 0.0231868), !pdfs=(pdfCTAUDSS = 2.08564e-07/1,pdfCTAUDF = 17.772/1), !coefficients=(fDFSS = 1.00003)
     p.d.f value is less than zero (-0.000408), forcing value to zero @ !refCoefNorm=(ctau3D = -0.229924,ctau3DErr = 0.0209632), !pdfs=(pdfCTAUDSS = 2.87694e-15/1,pdfCTAUDF = 16.305/1), !coefficients=(fDFSS = 1.00003)
     p.d.f value is less than zero (-0.000467), forcing value to zero @ !refCoefNorm=(ctau3D = -0.142637,ctau3DErr = 0.0197828), !pdfs=(pdfCTAUDSS = 9.05373e-07/1,pdfCTAUDF = 18.7032/1), !coefficients=(fDFSS = 1.00003)
     p.d.f value is less than zero (-0.000426), forcing value to zero @ !refCoefNorm=(ctau3D = -0.201407,ctau3DErr = 0.0178409), !pdfs=(pdfCTAUDSS = 3.7748e-16/1,pdfCTAUDF = 17.0479/1), !coefficients=(fDFSS = 1.00003)
     p.d.f value is less than zero (-0.000476), forcing value to zero @ !refCoefNorm=(ctau3D = -0.126103,ctau3DErr = 0.0184183), !pdfs=(pdfCTAUDSS = 3.98904e-06/1,pdfCTAUDF = 19.1973/1), !coefficients=(fDFSS = 1.00003)
     p.d.f value is less than zero (-0.000446), forcing value to zero @ !refCoefNorm=(ctau3D = -0.172693,ctau3DErr = 0.0171792), !pdfs=(pdfCTAUDSS = 6.94877e-13/1,pdfCTAUDF = 17.8348/1), !coefficients=(fDFSS = 1.00003)
     p.d.f value is less than zero (-0.000417), forcing value to zero @ !refCoefNorm=(ctau3D = -0.11327,ctau3DErr = 0.0186381), !pdfs=(pdfCTAUDSS = 7.24044e-05/1,pdfCTAUDF = 19.5916/1), !coefficients=(fDFSS = 1.00003)
     p.d.f value is less than zero (-0.000342), forcing value to zero @ !refCoefNorm=(ctau3D = -0.342247,ctau3DErr = 0.0195713), !pdfs=(pdfCTAUDSS = 4.50652e-38/1,pdfCTAUDF = 13.6891/1), !coefficients=(fDFSS = 1.00003)
     p.d.f value is less than zero (-0.000443), forcing value to zero @ !refCoefNorm=(ctau3D = -0.177424,ctau3DErr = 0.0217389), !pdfs=(pdfCTAUDSS = 1.32898e-08/1,pdfCTAUDF = 17.7066/1), !coefficients=(fDFSS = 1.00003)
    ... (remaining 4 messages suppressed)

[#0] WARNING:Minization -- RooMinimizerFcn: Minimized function has error status.
Returning maximum FCN so far (-12068.3) to force MIGRAD to back out of this region. Error log follows
Parameter values: N_Bkg=1438.8, b_Bkg=0.654652, fDF12=0.274076, fDFSS=1.00002, fDLIV=0.892704, fDSS12=0.00132648, lambdaDDS_Bkg=0.31717, lambdaDF_Bkg1=0.605811, lambdaDF_Bkg2=0.51019, lambdaDSS_Bkg1=0.158286, lambdaDSS_Bkg2=0.324025
PID1451255/RooRealMPFE::nll_pdfTot_Bkg_dataw_Bkg_5b88a4322560_MPFE7[ arg=nll_pdfTot_Bkg_dataw_Bkg_GOF7 vars=(N_Bkg,b_Bkg,ctau1_CtauRes,ctau2_CtauRes,ctau3_CtauRes,f2_CtauRes,fDF12,fDFSS,fDLIV,fDSS12,f_CtauRes,lambdaDDS_Bkg,lambdaDF_Bkg1,lambdaDF_Bkg2,lambdaDSS_Bkg1,lambdaDSS_Bkg2,rS21_CtauRes,rS32_CtauRes,s1_CtauRes,zeroMean) ]
     p.d.f value is less than zero (-0.000526), forcing value to zero @ !refCoefNorm=(ctau3D = -0.128967,ctau3DErr = 0.0200602), !pdfs=(pdfCTAUDSS = 1.60088e-05/1,pdfCTAUDF = 22.978/1), !coefficients=(fDFSS = 1.00002)
     p.d.f value is less than zero (-0.000518), forcing value to zero @ !refCoefNorm=(ctau3D = -0.153542,ctau3DErr = 0.0195274), !pdfs=(pdfCTAUDSS = 4.22633e-08/1,pdfCTAUDF = 21.9382/1), !coefficients=(fDFSS = 1.00002)
     p.d.f value is less than zero (-0.000478), forcing value to zero @ !refCoefNorm=(ctau3D = -0.195586,ctau3DErr = 0.0250272), !pdfs=(pdfCTAUDSS = 5.22974e-08/1,pdfCTAUDF = 20.2779/1), !coefficients=(fDFSS = 1.00002)
     p.d.f value is less than zero (-0.000497), forcing value to zero @ !refCoefNorm=(ctau3D = -0.175138,ctau3DErr = 0.0231868), !pdfs=(pdfCTAUDSS = 1.67002e-07/1,pdfCTAUDF = 21.0701/1), !coefficients=(fDFSS = 1.00002)
     p.d.f value is less than zero (-0.000448), forcing value to zero @ !refCoefNorm=(ctau3D = -0.229924,ctau3DErr = 0.0209632), !pdfs=(pdfCTAUDSS = 2.30021e-15/1,pdfCTAUDF = 19.0028/1), !coefficients=(fDFSS = 1.00002)
     p.d.f value is less than zero (-0.000528), forcing value to zero @ !refCoefNorm=(ctau3D = -0.142637,ctau3DErr = 0.0197828), !pdfs=(pdfCTAUDSS = 7.24623e-07/1,pdfCTAUDF = 22.3937/1), !coefficients=(fDFSS = 1.00002)
     p.d.f value is less than zero (-0.000473), forcing value to zero @ !refCoefNorm=(ctau3D = -0.201407,ctau3DErr = 0.0178409), !pdfs=(pdfCTAUDSS = 3.01671e-16/1,pdfCTAUDF = 20.0459/1), !coefficients=(fDFSS = 1.00002)
     p.d.f value is less than zero (-0.000542), forcing value to zero @ !refCoefNorm=(ctau3D = -0.126103,ctau3DErr = 0.0184183), !pdfs=(pdfCTAUDSS = 3.19237e-06/1,pdfCTAUDF = 23.0996/1), !coefficients=(fDFSS = 1.00002)
     p.d.f value is less than zero (-0.000499), forcing value to zero @ !refCoefNorm=(ctau3D = -0.172693,ctau3DErr = 0.0171792), !pdfs=(pdfCTAUDSS = 5.55416e-13/1,pdfCTAUDF = 21.1581/1), !coefficients=(fDFSS = 1.00002)
     p.d.f value is less than zero (-0.000500), forcing value to zero @ !refCoefNorm=(ctau3D = -0.11327,ctau3DErr = 0.0186381), !pdfs=(pdfCTAUDSS = 5.79694e-05/1,pdfCTAUDF = 23.665/1), !coefficients=(fDFSS = 1.00002)
     p.d.f value is less than zero (-0.000363), forcing value to zero @ !refCoefNorm=(ctau3D = -0.342247,ctau3DErr = 0.0195713), !pdfs=(pdfCTAUDSS = 3.59924e-38/1,pdfCTAUDF = 15.3834/1), !coefficients=(fDFSS = 1.00002)
     p.d.f value is less than zero (-0.000495), forcing value to zero @ !refCoefNorm=(ctau3D = -0.177424,ctau3DErr = 0.0217389), !pdfs=(pdfCTAUDSS = 1.06359e-08/1,pdfCTAUDF = 20.9772/1), !coefficients=(fDFSS = 1.00002)
    ... (remaining 4 messages suppressed)

[#0] WARNING:Minization -- RooMinimizerFcn: Minimized function has error status.
Returning maximum FCN so far (-12068.3) to force MIGRAD to back out of this region. Error log follows
Parameter values: N_Bkg=1488.55, b_Bkg=0.702686, fDF12=0.149188, fDFSS=1.00002, fDLIV=0.923033, fDSS12=0.00889252, lambdaDDS_Bkg=0.271459, lambdaDF_Bkg1=0.477078, lambdaDF_Bkg2=0.504816, lambdaDSS_Bkg1=0.128882, lambdaDSS_Bkg2=0.351514
PID1451255/RooRealMPFE::nll_pdfTot_Bkg_dataw_Bkg_5b88a4322560_MPFE7[ arg=nll_pdfTot_Bkg_dataw_Bkg_GOF7 vars=(N_Bkg,b_Bkg,ctau1_CtauRes,ctau2_CtauRes,ctau3_CtauRes,f2_CtauRes,fDF12,fDFSS,fDLIV,fDSS12,f_CtauRes,lambdaDDS_Bkg,lambdaDF_Bkg1,lambdaDF_Bkg2,lambdaDSS_Bkg1,lambdaDSS_Bkg2,rS21_CtauRes,rS32_CtauRes,s1_CtauRes,zeroMean) ]
     p.d.f value is less than zero (-0.000536), forcing value to zero @ !refCoefNorm=(ctau3D = -0.128967,ctau3DErr = 0.0200602), !pdfs=(pdfCTAUDSS = 1.49731e-05/1,pdfCTAUDF = 24.1192/1), !coefficients=(fDFSS = 1.00002)
     p.d.f value is less than zero (-0.000524), forcing value to zero @ !refCoefNorm=(ctau3D = -0.153542,ctau3DErr = 0.0195274), !pdfs=(pdfCTAUDSS = 3.9524e-08/1,pdfCTAUDF = 22.9622/1), !coefficients=(fDFSS = 1.00002)
     p.d.f value is less than zero (-0.000482), forcing value to zero @ !refCoefNorm=(ctau3D = -0.195586,ctau3DErr = 0.0250272), !pdfs=(pdfCTAUDSS = 4.89157e-08/1,pdfCTAUDF = 21.122/1), !coefficients=(fDFSS = 1.00002)
     p.d.f value is less than zero (-0.000502), forcing value to zero @ !refCoefNorm=(ctau3D = -0.175138,ctau3DErr = 0.0231868), !pdfs=(pdfCTAUDSS = 1.56198e-07/1,pdfCTAUDF = 21.9991/1), !coefficients=(fDFSS = 1.00002)
     p.d.f value is less than zero (-0.000450), forcing value to zero @ !refCoefNorm=(ctau3D = -0.229924,ctau3DErr = 0.0209632), !pdfs=(pdfCTAUDSS = 2.15087e-15/1,pdfCTAUDF = 19.7136/1), !coefficients=(fDFSS = 1.00002)
     p.d.f value is less than zero (-0.000535), forcing value to zero @ !refCoefNorm=(ctau3D = -0.142637,ctau3DErr = 0.0197828), !pdfs=(pdfCTAUDSS = 6.77693e-07/1,pdfCTAUDF = 23.4686/1), !coefficients=(fDFSS = 1.00002)
     p.d.f value is less than zero (-0.000477), forcing value to zero @ !refCoefNorm=(ctau3D = -0.201407,ctau3DErr = 0.0178409), !pdfs=(pdfCTAUDSS = 2.82063e-16/1,pdfCTAUDF = 20.8647/1), !coefficients=(fDFSS = 1.00002)
     p.d.f value is less than zero (-0.000551), forcing value to zero @ !refCoefNorm=(ctau3D = -0.126103,ctau3DErr = 0.0184183), !pdfs=(pdfCTAUDSS = 2.98556e-06/1,pdfCTAUDF = 24.2546/1), !coefficients=(fDFSS = 1.00002)
     p.d.f value is less than zero (-0.000505), forcing value to zero @ !refCoefNorm=(ctau3D = -0.172693,ctau3DErr = 0.0171792), !pdfs=(pdfCTAUDSS = 5.19329e-13/1,pdfCTAUDF = 22.0961/1), !coefficients=(fDFSS = 1.00002)
     p.d.f value is less than zero (-0.000514), forcing value to zero @ !refCoefNorm=(ctau3D = -0.11327,ctau3DErr = 0.0186381), !pdfs=(pdfCTAUDSS = 5.42181e-05/1,pdfCTAUDF = 24.8852/1), !coefficients=(fDFSS = 1.00002)
     p.d.f value is less than zero (-0.000360), forcing value to zero @ !refCoefNorm=(ctau3D = -0.342247,ctau3DErr = 0.0195713), !pdfs=(pdfCTAUDSS = 3.36495e-38/1,pdfCTAUDF = 15.7481/1), !coefficients=(fDFSS = 1.00002)
     p.d.f value is less than zero (-0.000500), forcing value to zero @ !refCoefNorm=(ctau3D = -0.177424,ctau3DErr = 0.0217389), !pdfs=(pdfCTAUDSS = 9.94699e-09/1,pdfCTAUDF = 21.896/1), !coefficients=(fDFSS = 1.00002)
    ... (remaining 4 messages suppressed)

[#0] WARNING:Minization -- RooMinimizerFcn: Minimized function has error status.
Returning maximum FCN so far (-12068.3) to force MIGRAD to back out of this region. Error log follows
Parameter values: N_Bkg=1488.55, b_Bkg=0.702686, fDF12=0.149188, fDFSS=1.00002, fDLIV=0.923033, fDSS12=0.00889252, lambdaDDS_Bkg=0.271459, lambdaDF_Bkg1=0.477078, lambdaDF_Bkg2=0.504816, lambdaDSS_Bkg1=0.128882, lambdaDSS_Bkg2=0.351514
PID1451255/RooRealMPFE::nll_pdfTot_Bkg_dataw_Bkg_5b88a4322560_MPFE7[ arg=nll_pdfTot_Bkg_dataw_Bkg_GOF7 vars=(N_Bkg,b_Bkg,ctau1_CtauRes,ctau2_CtauRes,ctau3_CtauRes,f2_CtauRes,fDF12,fDFSS,fDLIV,fDSS12,f_CtauRes,lambdaDDS_Bkg,lambdaDF_Bkg1,lambdaDF_Bkg2,lambdaDSS_Bkg1,lambdaDSS_Bkg2,rS21_CtauRes,rS32_CtauRes,s1_CtauRes,zeroMean) ]
     p.d.f value is less than zero (-0.000536), forcing value to zero @ !refCoefNorm=(ctau3D = -0.128967,ctau3DErr = 0.0200602), !pdfs=(pdfCTAUDSS = 1.49731e-05/1,pdfCTAUDF = 24.1192/1), !coefficients=(fDFSS = 1.00002)
     p.d.f value is less than zero (-0.000524), forcing value to zero @ !refCoefNorm=(ctau3D = -0.153542,ctau3DErr = 0.0195274), !pdfs=(pdfCTAUDSS = 3.9524e-08/1,pdfCTAUDF = 22.9622/1), !coefficients=(fDFSS = 1.00002)
     p.d.f value is less than zero (-0.000482), forcing value to zero @ !refCoefNorm=(ctau3D = -0.195586,ctau3DErr = 0.0250272), !pdfs=(pdfCTAUDSS = 4.89157e-08/1,pdfCTAUDF = 21.122/1), !coefficients=(fDFSS = 1.00002)
     p.d.f value is less than zero (-0.000502), forcing value to zero @ !refCoefNorm=(ctau3D = -0.175138,ctau3DErr = 0.0231868), !pdfs=(pdfCTAUDSS = 1.56198e-07/1,pdfCTAUDF = 21.9991/1), !coefficients=(fDFSS = 1.00002)
     p.d.f value is less than zero (-0.000450), forcing value to zero @ !refCoefNorm=(ctau3D = -0.229924,ctau3DErr = 0.0209632), !pdfs=(pdfCTAUDSS = 2.15087e-15/1,pdfCTAUDF = 19.7136/1), !coefficients=(fDFSS = 1.00002)
     p.d.f value is less than zero (-0.000535), forcing value to zero @ !refCoefNorm=(ctau3D = -0.142637,ctau3DErr = 0.0197828), !pdfs=(pdfCTAUDSS = 6.77693e-07/1,pdfCTAUDF = 23.4686/1), !coefficients=(fDFSS = 1.00002)
     p.d.f value is less than zero (-0.000477), forcing value to zero @ !refCoefNorm=(ctau3D = -0.201407,ctau3DErr = 0.0178409), !pdfs=(pdfCTAUDSS = 2.82063e-16/1,pdfCTAUDF = 20.8647/1), !coefficients=(fDFSS = 1.00002)
     p.d.f value is less than zero (-0.000551), forcing value to zero @ !refCoefNorm=(ctau3D = -0.126103,ctau3DErr = 0.0184183), !pdfs=(pdfCTAUDSS = 2.98556e-06/1,pdfCTAUDF = 24.2546/1), !coefficients=(fDFSS = 1.00002)
     p.d.f value is less than zero (-0.000505), forcing value to zero @ !refCoefNorm=(ctau3D = -0.172693,ctau3DErr = 0.0171792), !pdfs=(pdfCTAUDSS = 5.19329e-13/1,pdfCTAUDF = 22.0961/1), !coefficients=(fDFSS = 1.00002)
     p.d.f value is less than zero (-0.000514), forcing value to zero @ !refCoefNorm=(ctau3D = -0.11327,ctau3DErr = 0.0186381), !pdfs=(pdfCTAUDSS = 5.42181e-05/1,pdfCTAUDF = 24.8852/1), !coefficients=(fDFSS = 1.00002)
     p.d.f value is less than zero (-0.000360), forcing value to zero @ !refCoefNorm=(ctau3D = -0.342247,ctau3DErr = 0.0195713), !pdfs=(pdfCTAUDSS = 3.36495e-38/1,pdfCTAUDF = 15.7481/1), !coefficients=(fDFSS = 1.00002)
     p.d.f value is less than zero (-0.000500), forcing value to zero @ !refCoefNorm=(ctau3D = -0.177424,ctau3DErr = 0.0217389), !pdfs=(pdfCTAUDSS = 9.94699e-09/1,pdfCTAUDF = 21.896/1), !coefficients=(fDFSS = 1.00002)
    ... (remaining 4 messages suppressed)

[#0] WARNING:Minization -- RooMinimizerFcn: Minimized function has error status.
Returning maximum FCN so far (-12068.3) to force MIGRAD to back out of this region. Error log follows
Parameter values: N_Bkg=1497.94, b_Bkg=0.711613, fDF12=0.130387, fDFSS=1.00002, fDLIV=0.927406, fDSS12=0.0195673, lambdaDDS_Bkg=0.262655, lambdaDF_Bkg1=0.455276, lambdaDF_Bkg2=0.503709, lambdaDSS_Bkg1=0.123733, lambdaDSS_Bkg2=0.356861
PID1451255/RooRealMPFE::nll_pdfTot_Bkg_dataw_Bkg_5b88a4322560_MPFE7[ arg=nll_pdfTot_Bkg_dataw_Bkg_GOF7 vars=(N_Bkg,b_Bkg,ctau1_CtauRes,ctau2_CtauRes,ctau3_CtauRes,f2_CtauRes,fDF12,fDFSS,fDLIV,fDSS12,f_CtauRes,lambdaDDS_Bkg,lambdaDF_Bkg1,lambdaDF_Bkg2,lambdaDSS_Bkg1,lambdaDSS_Bkg2,rS21_CtauRes,rS32_CtauRes,s1_CtauRes,zeroMean) ]
     p.d.f value is less than zero (-0.000534), forcing value to zero @ !refCoefNorm=(ctau3D = -0.128967,ctau3DErr = 0.0200602), !pdfs=(pdfCTAUDSS = 1.50517e-05/1,pdfCTAUDF = 24.2462/1), !coefficients=(fDFSS = 1.00002)
     p.d.f value is less than zero (-0.000522), forcing value to zero @ !refCoefNorm=(ctau3D = -0.153542,ctau3DErr = 0.0195274), !pdfs=(pdfCTAUDSS = 3.9736e-08/1,pdfCTAUDF = 23.0741/1), !coefficients=(fDFSS = 1.00002)
     p.d.f value is less than zero (-0.000480), forcing value to zero @ !refCoefNorm=(ctau3D = -0.195586,ctau3DErr = 0.0250272), !pdfs=(pdfCTAUDSS = 4.91711e-08/1,pdfCTAUDF = 21.2111/1), !coefficients=(fDFSS = 1.00002)
     p.d.f value is less than zero (-0.000500), forcing value to zero @ !refCoefNorm=(ctau3D = -0.175138,ctau3DErr = 0.0231868), !pdfs=(pdfCTAUDSS = 1.57018e-07/1,pdfCTAUDF = 22.0989/1), !coefficients=(fDFSS = 1.00002)
     p.d.f value is less than zero (-0.000448), forcing value to zero @ !refCoefNorm=(ctau3D = -0.229924,ctau3DErr = 0.0209632), !pdfs=(pdfCTAUDSS = 2.16263e-15/1,pdfCTAUDF = 19.786/1), !coefficients=(fDFSS = 1.00002)
     p.d.f value is less than zero (-0.000533), forcing value to zero @ !refCoefNorm=(ctau3D = -0.142637,ctau3DErr = 0.0197828), !pdfs=(pdfCTAUDSS = 6.81295e-07/1,pdfCTAUDF = 23.5871/1), !coefficients=(fDFSS = 1.00002)
     p.d.f value is less than zero (-0.000474), forcing value to zero @ !refCoefNorm=(ctau3D = -0.201407,ctau3DErr = 0.0178409), !pdfs=(pdfCTAUDSS = 2.83625e-16/1,pdfCTAUDF = 20.9505/1), !coefficients=(fDFSS = 1.00002)
     p.d.f value is less than zero (-0.000549), forcing value to zero @ !refCoefNorm=(ctau3D = -0.126103,ctau3DErr = 0.0184183), !pdfs=(pdfCTAUDSS = 3.00147e-06/1,pdfCTAUDF = 24.3834/1), !coefficients=(fDFSS = 1.00002)
     p.d.f value is less than zero (-0.000502), forcing value to zero @ !refCoefNorm=(ctau3D = -0.172693,ctau3DErr = 0.0171792), !pdfs=(pdfCTAUDSS = 5.22192e-13/1,pdfCTAUDF = 22.197/1), !coefficients=(fDFSS = 1.00002)
     p.d.f value is less than zero (-0.000512), forcing value to zero @ !refCoefNorm=(ctau3D = -0.11327,ctau3DErr = 0.0186381), !pdfs=(pdfCTAUDSS = 5.45036e-05/1,pdfCTAUDF = 25.0224/1), !coefficients=(fDFSS = 1.00002)
     p.d.f value is less than zero (-0.000357), forcing value to zero @ !refCoefNorm=(ctau3D = -0.342247,ctau3DErr = 0.0195713), !pdfs=(pdfCTAUDSS = 3.3839e-38/1,pdfCTAUDF = 15.7787/1), !coefficients=(fDFSS = 1.00002)
     p.d.f value is less than zero (-0.000498), forcing value to zero @ !refCoefNorm=(ctau3D = -0.177424,ctau3DErr = 0.0217389), !pdfs=(pdfCTAUDSS = 9.99996e-09/1,pdfCTAUDF = 21.9945/1), !coefficients=(fDFSS = 1.00002)
    ... (remaining 4 messages suppressed)

[#0] WARNING:Minization -- RooMinimizerFcn: Minimized function has error status.
Returning maximum FCN so far (-12068.3) to force MIGRAD to back out of this region. Error log follows
Parameter values: N_Bkg=1535.98, b_Bkg=0.857698, fDF12=0.226261, fDFSS=1.00002, fDLIV=0.732442, fDSS12=0.103594, lambdaDDS_Bkg=0.0643791, lambdaDF_Bkg1=0.554231, lambdaDF_Bkg2=0.463558, lambdaDSS_Bkg1=0.132153, lambdaDSS_Bkg2=0.370532
PID1451255/RooRealMPFE::nll_pdfTot_Bkg_dataw_Bkg_5b88a4322560_MPFE7[ arg=nll_pdfTot_Bkg_dataw_Bkg_GOF7 vars=(N_Bkg,b_Bkg,ctau1_CtauRes,ctau2_CtauRes,ctau3_CtauRes,f2_CtauRes,fDF12,fDFSS,fDLIV,fDSS12,f_CtauRes,lambdaDDS_Bkg,lambdaDF_Bkg1,lambdaDF_Bkg2,lambdaDSS_Bkg1,lambdaDSS_Bkg2,rS21_CtauRes,rS32_CtauRes,s1_CtauRes,zeroMean) ]
     p.d.f value is less than zero (-0.000546), forcing value to zero @ !refCoefNorm=(ctau3D = -0.128967,ctau3DErr = 0.0200602), !pdfs=(pdfCTAUDSS = 1.65274e-05/1,pdfCTAUDF = 24.7946/1), !coefficients=(fDFSS = 1.00002)
     p.d.f value is less than zero (-0.000535), forcing value to zero @ !refCoefNorm=(ctau3D = -0.153542,ctau3DErr = 0.0195274), !pdfs=(pdfCTAUDSS = 4.36633e-08/1,pdfCTAUDF = 23.555/1), !coefficients=(fDFSS = 1.00002)
     p.d.f value is less than zero (-0.000490), forcing value to zero @ !refCoefNorm=(ctau3D = -0.195586,ctau3DErr = 0.0250272), !pdfs=(pdfCTAUDSS = 5.39818e-08/1,pdfCTAUDF = 21.5904/1), !coefficients=(fDFSS = 1.00002)
     p.d.f value is less than zero (-0.000511), forcing value to zero @ !refCoefNorm=(ctau3D = -0.175138,ctau3DErr = 0.0231868), !pdfs=(pdfCTAUDSS = 1.72411e-07/1,pdfCTAUDF = 22.5259/1), !coefficients=(fDFSS = 1.00002)
     p.d.f value is less than zero (-0.000456), forcing value to zero @ !refCoefNorm=(ctau3D = -0.229924,ctau3DErr = 0.0209632), !pdfs=(pdfCTAUDSS = 2.37799e-15/1,pdfCTAUDF = 20.0913/1), !coefficients=(fDFSS = 1.00002)
     p.d.f value is less than zero (-0.000546), forcing value to zero @ !refCoefNorm=(ctau3D = -0.142637,ctau3DErr = 0.0197828), !pdfs=(pdfCTAUDSS = 7.48406e-07/1,pdfCTAUDF = 24.0972/1), !coefficients=(fDFSS = 1.00002)
     p.d.f value is less than zero (-0.000484), forcing value to zero @ !refCoefNorm=(ctau3D = -0.201407,ctau3DErr = 0.0178409), !pdfs=(pdfCTAUDSS = 3.12005e-16/1,pdfCTAUDF = 21.3155/1), !coefficients=(fDFSS = 1.00002)
     p.d.f value is less than zero (-0.000563), forcing value to zero @ !refCoefNorm=(ctau3D = -0.126103,ctau3DErr = 0.0184183), !pdfs=(pdfCTAUDSS = 3.29742e-06/1,pdfCTAUDF = 24.9396/1), !coefficients=(fDFSS = 1.00002)
     p.d.f value is less than zero (-0.000514), forcing value to zero @ !refCoefNorm=(ctau3D = -0.172693,ctau3DErr = 0.0171792), !pdfs=(pdfCTAUDSS = 5.74353e-13/1,pdfCTAUDF = 22.6289/1), !coefficients=(fDFSS = 1.00002)
     p.d.f value is less than zero (-0.000522), forcing value to zero @ !refCoefNorm=(ctau3D = -0.11327,ctau3DErr = 0.0186381), !pdfs=(pdfCTAUDSS = 5.98529e-05/1,pdfCTAUDF = 25.6165/1), !coefficients=(fDFSS = 1.00002)
     p.d.f value is less than zero (-0.000361), forcing value to zero @ !refCoefNorm=(ctau3D = -0.342247,ctau3DErr = 0.0195713), !pdfs=(pdfCTAUDSS = 3.72472e-38/1,pdfCTAUDF = 15.8997/1), !coefficients=(fDFSS = 1.00002)
     p.d.f value is less than zero (-0.000509), forcing value to zero @ !refCoefNorm=(ctau3D = -0.177424,ctau3DErr = 0.0217389), !pdfs=(pdfCTAUDSS = 1.09857e-08/1,pdfCTAUDF = 22.4156/1), !coefficients=(fDFSS = 1.00002)
    ... (remaining 4 messages suppressed)

[#0] WARNING:Minization -- RooMinimizerFcn: Minimized function has error status.
Returning maximum FCN so far (-12068.3) to force MIGRAD to back out of this region. Error log follows
Parameter values: N_Bkg=1535.98, b_Bkg=0.857698, fDF12=0.226261, fDFSS=1.00002, fDLIV=0.732442, fDSS12=0.103594, lambdaDDS_Bkg=0.0643791, lambdaDF_Bkg1=0.554231, lambdaDF_Bkg2=0.463558, lambdaDSS_Bkg1=0.132153, lambdaDSS_Bkg2=0.370532
PID1451255/RooRealMPFE::nll_pdfTot_Bkg_dataw_Bkg_5b88a4322560_MPFE7[ arg=nll_pdfTot_Bkg_dataw_Bkg_GOF7 vars=(N_Bkg,b_Bkg,ctau1_CtauRes,ctau2_CtauRes,ctau3_CtauRes,f2_CtauRes,fDF12,fDFSS,fDLIV,fDSS12,f_CtauRes,lambdaDDS_Bkg,lambdaDF_Bkg1,lambdaDF_Bkg2,lambdaDSS_Bkg1,lambdaDSS_Bkg2,rS21_CtauRes,rS32_CtauRes,s1_CtauRes,zeroMean) ]
     p.d.f value is less than zero (-0.000546), forcing value to zero @ !refCoefNorm=(ctau3D = -0.128967,ctau3DErr = 0.0200602), !pdfs=(pdfCTAUDSS = 1.65274e-05/1,pdfCTAUDF = 24.7946/1), !coefficients=(fDFSS = 1.00002)
     p.d.f value is less than zero (-0.000535), forcing value to zero @ !refCoefNorm=(ctau3D = -0.153542,ctau3DErr = 0.0195274), !pdfs=(pdfCTAUDSS = 4.36633e-08/1,pdfCTAUDF = 23.555/1), !coefficients=(fDFSS = 1.00002)
     p.d.f value is less than zero (-0.000490), forcing value to zero @ !refCoefNorm=(ctau3D = -0.195586,ctau3DErr = 0.0250272), !pdfs=(pdfCTAUDSS = 5.39818e-08/1,pdfCTAUDF = 21.5904/1), !coefficients=(fDFSS = 1.00002)
     p.d.f value is less than zero (-0.000511), forcing value to zero @ !refCoefNorm=(ctau3D = -0.175138,ctau3DErr = 0.0231868), !pdfs=(pdfCTAUDSS = 1.72411e-07/1,pdfCTAUDF = 22.5259/1), !coefficients=(fDFSS = 1.00002)
     p.d.f value is less than zero (-0.000456), forcing value to zero @ !refCoefNorm=(ctau3D = -0.229924,ctau3DErr = 0.0209632), !pdfs=(pdfCTAUDSS = 2.37799e-15/1,pdfCTAUDF = 20.0913/1), !coefficients=(fDFSS = 1.00002)
     p.d.f value is less than zero (-0.000546), forcing value to zero @ !refCoefNorm=(ctau3D = -0.142637,ctau3DErr = 0.0197828), !pdfs=(pdfCTAUDSS = 7.48406e-07/1,pdfCTAUDF = 24.0972/1), !coefficients=(fDFSS = 1.00002)
     p.d.f value is less than zero (-0.000484), forcing value to zero @ !refCoefNorm=(ctau3D = -0.201407,ctau3DErr = 0.0178409), !pdfs=(pdfCTAUDSS = 3.12005e-16/1,pdfCTAUDF = 21.3155/1), !coefficients=(fDFSS = 1.00002)
     p.d.f value is less than zero (-0.000563), forcing value to zero @ !refCoefNorm=(ctau3D = -0.126103,ctau3DErr = 0.0184183), !pdfs=(pdfCTAUDSS = 3.29742e-06/1,pdfCTAUDF = 24.9396/1), !coefficients=(fDFSS = 1.00002)
     p.d.f value is less than zero (-0.000514), forcing value to zero @ !refCoefNorm=(ctau3D = -0.172693,ctau3DErr = 0.0171792), !pdfs=(pdfCTAUDSS = 5.74353e-13/1,pdfCTAUDF = 22.6289/1), !coefficients=(fDFSS = 1.00002)
     p.d.f value is less than zero (-0.000522), forcing value to zero @ !refCoefNorm=(ctau3D = -0.11327,ctau3DErr = 0.0186381), !pdfs=(pdfCTAUDSS = 5.98529e-05/1,pdfCTAUDF = 25.6165/1), !coefficients=(fDFSS = 1.00002)
     p.d.f value is less than zero (-0.000361), forcing value to zero @ !refCoefNorm=(ctau3D = -0.342247,ctau3DErr = 0.0195713), !pdfs=(pdfCTAUDSS = 3.72472e-38/1,pdfCTAUDF = 15.8997/1), !coefficients=(fDFSS = 1.00002)
     p.d.f value is less than zero (-0.000509), forcing value to zero @ !refCoefNorm=(ctau3D = -0.177424,ctau3DErr = 0.0217389), !pdfs=(pdfCTAUDSS = 1.09857e-08/1,pdfCTAUDF = 22.4156/1), !coefficients=(fDFSS = 1.00002)
    ... (remaining 4 messages suppressed)

[#0] WARNING:Minization -- RooMinimizerFcn: Minimized function has error status.
Returning maximum FCN so far (-12068.3) to force MIGRAD to back out of this region. Error log follows
Parameter values: N_Bkg=1536.79, b_Bkg=0.862459, fDF12=0.229419, fDFSS=1.00002, fDLIV=0.723505, fDSS12=0.106279, lambdaDDS_Bkg=0.0586524, lambdaDF_Bkg1=0.556761, lambdaDF_Bkg2=0.461954, lambdaDSS_Bkg1=0.132285, lambdaDSS_Bkg2=0.371317
PID1451255/RooRealMPFE::nll_pdfTot_Bkg_dataw_Bkg_5b88a4322560_MPFE7[ arg=nll_pdfTot_Bkg_dataw_Bkg_GOF7 vars=(N_Bkg,b_Bkg,ctau1_CtauRes,ctau2_CtauRes,ctau3_CtauRes,f2_CtauRes,fDF12,fDFSS,fDLIV,fDSS12,f_CtauRes,lambdaDDS_Bkg,lambdaDF_Bkg1,lambdaDF_Bkg2,lambdaDSS_Bkg1,lambdaDSS_Bkg2,rS21_CtauRes,rS32_CtauRes,s1_CtauRes,zeroMean) ]
     p.d.f value is less than zero (-0.000547), forcing value to zero @ !refCoefNorm=(ctau3D = -0.128967,ctau3DErr = 0.0200602), !pdfs=(pdfCTAUDSS = 1.65626e-05/1,pdfCTAUDF = 24.816/1), !coefficients=(fDFSS = 1.00002)
     p.d.f value is less than zero (-0.000535), forcing value to zero @ !refCoefNorm=(ctau3D = -0.153542,ctau3DErr = 0.0195274), !pdfs=(pdfCTAUDSS = 4.37573e-08/1,pdfCTAUDF = 23.5733/1), !coefficients=(fDFSS = 1.00002)
     p.d.f value is less than zero (-0.000490), forcing value to zero @ !refCoefNorm=(ctau3D = -0.195586,ctau3DErr = 0.0250272), !pdfs=(pdfCTAUDSS = 5.40967e-08/1,pdfCTAUDF = 21.604/1), !coefficients=(fDFSS = 1.00002)
     p.d.f value is less than zero (-0.000511), forcing value to zero @ !refCoefNorm=(ctau3D = -0.175138,ctau3DErr = 0.0231868), !pdfs=(pdfCTAUDSS = 1.72779e-07/1,pdfCTAUDF = 22.5417/1), !coefficients=(fDFSS = 1.00002)
     p.d.f value is less than zero (-0.000456), forcing value to zero @ !refCoefNorm=(ctau3D = -0.229924,ctau3DErr = 0.0209632), !pdfs=(pdfCTAUDSS = 2.38315e-15/1,pdfCTAUDF = 20.1016/1), !coefficients=(fDFSS = 1.00002)
     p.d.f value is less than zero (-0.000547), forcing value to zero @ !refCoefNorm=(ctau3D = -0.142637,ctau3DErr = 0.0197828), !pdfs=(pdfCTAUDSS = 7.50011e-07/1,pdfCTAUDF = 24.1169/1), !coefficients=(fDFSS = 1.00002)
     p.d.f value is less than zero (-0.000484), forcing value to zero @ !refCoefNorm=(ctau3D = -0.201407,ctau3DErr = 0.0178409), !pdfs=(pdfCTAUDSS = 3.12685e-16/1,pdfCTAUDF = 21.3285/1), !coefficients=(fDFSS = 1.00002)
     p.d.f value is less than zero (-0.000563), forcing value to zero @ !refCoefNorm=(ctau3D = -0.126103,ctau3DErr = 0.0184183), !pdfs=(pdfCTAUDSS = 3.3045e-06/1,pdfCTAUDF = 24.9614/1), !coefficients=(fDFSS = 1.00002)
     p.d.f value is less than zero (-0.000514), forcing value to zero @ !refCoefNorm=(ctau3D = -0.172693,ctau3DErr = 0.0171792), !pdfs=(pdfCTAUDSS = 5.75604e-13/1,pdfCTAUDF = 22.6449/1), !coefficients=(fDFSS = 1.00002)
     p.d.f value is less than zero (-0.000522), forcing value to zero @ !refCoefNorm=(ctau3D = -0.11327,ctau3DErr = 0.0186381), !pdfs=(pdfCTAUDSS = 5.99808e-05/1,pdfCTAUDF = 25.6401/1), !coefficients=(fDFSS = 1.00002)
     p.d.f value is less than zero (-0.000361), forcing value to zero @ !refCoefNorm=(ctau3D = -0.342247,ctau3DErr = 0.0195713), !pdfs=(pdfCTAUDSS = 3.73291e-38/1,pdfCTAUDF = 15.902/1), !coefficients=(fDFSS = 1.00002)
     p.d.f value is less than zero (-0.000509), forcing value to zero @ !refCoefNorm=(ctau3D = -0.177424,ctau3DErr = 0.0217389), !pdfs=(pdfCTAUDSS = 1.10092e-08/1,pdfCTAUDF = 22.4312/1), !coefficients=(fDFSS = 1.00002)
    ... (remaining 4 messages suppressed)

[#0] WARNING:Minization -- RooMinimizerFcn: Minimized function has error status.
Returning maximum FCN so far (-12068.3) to force MIGRAD to back out of this region. Error log follows
Parameter values: N_Bkg=1535.69, b_Bkg=0.864975, fDF12=0.230624, fDFSS=1.00002, fDLIV=0.717595, fDSS12=0.100083, lambdaDDS_Bkg=0.0555187, lambdaDF_Bkg1=0.556968, lambdaDF_Bkg2=0.460914, lambdaDSS_Bkg1=0.132205, lambdaDSS_Bkg2=0.371683
PID1451255/RooRealMPFE::nll_pdfTot_Bkg_dataw_Bkg_5b88a4322560_MPFE7[ arg=nll_pdfTot_Bkg_dataw_Bkg_GOF7 vars=(N_Bkg,b_Bkg,ctau1_CtauRes,ctau2_CtauRes,ctau3_CtauRes,f2_CtauRes,fDF12,fDFSS,fDLIV,fDSS12,f_CtauRes,lambdaDDS_Bkg,lambdaDF_Bkg1,lambdaDF_Bkg2,lambdaDSS_Bkg1,lambdaDSS_Bkg2,rS21_CtauRes,rS32_CtauRes,s1_CtauRes,zeroMean) ]
     p.d.f value is less than zero (-0.000548), forcing value to zero @ !refCoefNorm=(ctau3D = -0.128967,ctau3DErr = 0.0200602), !pdfs=(pdfCTAUDSS = 1.6402e-05/1,pdfCTAUDF = 24.8425/1), !coefficients=(fDFSS = 1.00002)
     p.d.f value is less than zero (-0.000536), forcing value to zero @ !refCoefNorm=(ctau3D = -0.153542,ctau3DErr = 0.0195274), !pdfs=(pdfCTAUDSS = 4.33306e-08/1,pdfCTAUDF = 23.5966/1), !coefficients=(fDFSS = 1.00002)
     p.d.f value is less than zero (-0.000491), forcing value to zero @ !refCoefNorm=(ctau3D = -0.195586,ctau3DErr = 0.0250272), !pdfs=(pdfCTAUDSS = 5.35729e-08/1,pdfCTAUDF = 21.6222/1), !coefficients=(fDFSS = 1.00002)
     p.d.f value is less than zero (-0.000512), forcing value to zero @ !refCoefNorm=(ctau3D = -0.175138,ctau3DErr = 0.0231868), !pdfs=(pdfCTAUDSS = 1.71103e-07/1,pdfCTAUDF = 22.5623/1), !coefficients=(fDFSS = 1.00002)
     p.d.f value is less than zero (-0.000457), forcing value to zero @ !refCoefNorm=(ctau3D = -0.229924,ctau3DErr = 0.0209632), !pdfs=(pdfCTAUDSS = 2.35979e-15/1,pdfCTAUDF = 20.1162/1), !coefficients=(fDFSS = 1.00002)
     p.d.f value is less than zero (-0.000548), forcing value to zero @ !refCoefNorm=(ctau3D = -0.142637,ctau3DErr = 0.0197828), !pdfs=(pdfCTAUDSS = 7.42714e-07/1,pdfCTAUDF = 24.1415/1), !coefficients=(fDFSS = 1.00002)
     p.d.f value is less than zero (-0.000485), forcing value to zero @ !refCoefNorm=(ctau3D = -0.201407,ctau3DErr = 0.0178409), !pdfs=(pdfCTAUDSS = 3.0961e-16/1,pdfCTAUDF = 21.346/1), !coefficients=(fDFSS = 1.00002)
     p.d.f value is less than zero (-0.000564), forcing value to zero @ !refCoefNorm=(ctau3D = -0.126103,ctau3DErr = 0.0184183), !pdfs=(pdfCTAUDSS = 3.27233e-06/1,pdfCTAUDF = 24.9883/1), !coefficients=(fDFSS = 1.00002)
     p.d.f value is less than zero (-0.000515), forcing value to zero @ !refCoefNorm=(ctau3D = -0.172693,ctau3DErr = 0.0171792), !pdfs=(pdfCTAUDSS = 5.6995e-13/1,pdfCTAUDF = 22.6657/1), !coefficients=(fDFSS = 1.00002)
     p.d.f value is less than zero (-0.000524), forcing value to zero @ !refCoefNorm=(ctau3D = -0.11327,ctau3DErr = 0.0186381), !pdfs=(pdfCTAUDSS = 5.93987e-05/1,pdfCTAUDF = 25.6689/1), !coefficients=(fDFSS = 1.00002)
     p.d.f value is less than zero (-0.000361), forcing value to zero @ !refCoefNorm=(ctau3D = -0.342247,ctau3DErr = 0.0195713), !pdfs=(pdfCTAUDSS = 3.69603e-38/1,pdfCTAUDF = 15.9076/1), !coefficients=(fDFSS = 1.00002)
     p.d.f value is less than zero (-0.000510), forcing value to zero @ !refCoefNorm=(ctau3D = -0.177424,ctau3DErr = 0.0217389), !pdfs=(pdfCTAUDSS = 1.09021e-08/1,pdfCTAUDF = 22.4515/1), !coefficients=(fDFSS = 1.00002)
    ... (remaining 4 messages suppressed)

[#0] WARNING:Minization -- RooMinimizerFcn: Minimized function has error status.
Returning maximum FCN so far (-12068.3) to force MIGRAD to back out of this region. Error log follows
Parameter values: N_Bkg=1535.69, b_Bkg=0.864975, fDF12=0.230624, fDFSS=1.00002, fDLIV=0.717595, fDSS12=0.100083, lambdaDDS_Bkg=0.0555187, lambdaDF_Bkg1=0.556968, lambdaDF_Bkg2=0.460914, lambdaDSS_Bkg1=0.132205, lambdaDSS_Bkg2=0.371683
PID1451255/RooRealMPFE::nll_pdfTot_Bkg_dataw_Bkg_5b88a4322560_MPFE7[ arg=nll_pdfTot_Bkg_dataw_Bkg_GOF7 vars=(N_Bkg,b_Bkg,ctau1_CtauRes,ctau2_CtauRes,ctau3_CtauRes,f2_CtauRes,fDF12,fDFSS,fDLIV,fDSS12,f_CtauRes,lambdaDDS_Bkg,lambdaDF_Bkg1,lambdaDF_Bkg2,lambdaDSS_Bkg1,lambdaDSS_Bkg2,rS21_CtauRes,rS32_CtauRes,s1_CtauRes,zeroMean) ]
     p.d.f value is less than zero (-0.000548), forcing value to zero @ !refCoefNorm=(ctau3D = -0.128967,ctau3DErr = 0.0200602), !pdfs=(pdfCTAUDSS = 1.6402e-05/1,pdfCTAUDF = 24.8425/1), !coefficients=(fDFSS = 1.00002)
     p.d.f value is less than zero (-0.000536), forcing value to zero @ !refCoefNorm=(ctau3D = -0.153542,ctau3DErr = 0.0195274), !pdfs=(pdfCTAUDSS = 4.33306e-08/1,pdfCTAUDF = 23.5966/1), !coefficients=(fDFSS = 1.00002)
     p.d.f value is less than zero (-0.000491), forcing value to zero @ !refCoefNorm=(ctau3D = -0.195586,ctau3DErr = 0.0250272), !pdfs=(pdfCTAUDSS = 5.35729e-08/1,pdfCTAUDF = 21.6222/1), !coefficients=(fDFSS = 1.00002)
     p.d.f value is less than zero (-0.000512), forcing value to zero @ !refCoefNorm=(ctau3D = -0.175138,ctau3DErr = 0.0231868), !pdfs=(pdfCTAUDSS = 1.71103e-07/1,pdfCTAUDF = 22.5623/1), !coefficients=(fDFSS = 1.00002)
     p.d.f value is less than zero (-0.000457), forcing value to zero @ !refCoefNorm=(ctau3D = -0.229924,ctau3DErr = 0.0209632), !pdfs=(pdfCTAUDSS = 2.35979e-15/1,pdfCTAUDF = 20.1162/1), !coefficients=(fDFSS = 1.00002)
     p.d.f value is less than zero (-0.000548), forcing value to zero @ !refCoefNorm=(ctau3D = -0.142637,ctau3DErr = 0.0197828), !pdfs=(pdfCTAUDSS = 7.42714e-07/1,pdfCTAUDF = 24.1415/1), !coefficients=(fDFSS = 1.00002)
     p.d.f value is less than zero (-0.000485), forcing value to zero @ !refCoefNorm=(ctau3D = -0.201407,ctau3DErr = 0.0178409), !pdfs=(pdfCTAUDSS = 3.0961e-16/1,pdfCTAUDF = 21.346/1), !coefficients=(fDFSS = 1.00002)
     p.d.f value is less than zero (-0.000564), forcing value to zero @ !refCoefNorm=(ctau3D = -0.126103,ctau3DErr = 0.0184183), !pdfs=(pdfCTAUDSS = 3.27233e-06/1,pdfCTAUDF = 24.9883/1), !coefficients=(fDFSS = 1.00002)
     p.d.f value is less than zero (-0.000515), forcing value to zero @ !refCoefNorm=(ctau3D = -0.172693,ctau3DErr = 0.0171792), !pdfs=(pdfCTAUDSS = 5.6995e-13/1,pdfCTAUDF = 22.6657/1), !coefficients=(fDFSS = 1.00002)
     p.d.f value is less than zero (-0.000524), forcing value to zero @ !refCoefNorm=(ctau3D = -0.11327,ctau3DErr = 0.0186381), !pdfs=(pdfCTAUDSS = 5.93987e-05/1,pdfCTAUDF = 25.6689/1), !coefficients=(fDFSS = 1.00002)
     p.d.f value is less than zero (-0.000361), forcing value to zero @ !refCoefNorm=(ctau3D = -0.342247,ctau3DErr = 0.0195713), !pdfs=(pdfCTAUDSS = 3.69603e-38/1,pdfCTAUDF = 15.9076/1), !coefficients=(fDFSS = 1.00002)
     p.d.f value is less than zero (-0.000510), forcing value to zero @ !refCoefNorm=(ctau3D = -0.177424,ctau3DErr = 0.0217389), !pdfs=(pdfCTAUDSS = 1.09021e-08/1,pdfCTAUDF = 22.4515/1), !coefficients=(fDFSS = 1.00002)
    ... (remaining 4 messages suppressed)

[#0] WARNING:Minization -- RooMinimizerFcn: Minimized function has error status.
Returning maximum FCN so far (-12068.3) to force MIGRAD to back out of this region. Error log follows
Parameter values: N_Bkg=1506.33, b_Bkg=0.874014, fDF12=0.18378, fDFSS=1.00002, fDLIV=0.695877, fDSS12=0.0310114, lambdaDDS_Bkg=0.0490906, lambdaDF_Bkg1=0.503598, lambdaDF_Bkg2=0.453363, lambdaDSS_Bkg1=0.124582, lambdaDSS_Bkg2=0.376086
PID1451255/RooRealMPFE::nll_pdfTot_Bkg_dataw_Bkg_5b88a4322560_MPFE7[ arg=nll_pdfTot_Bkg_dataw_Bkg_GOF7 vars=(N_Bkg,b_Bkg,ctau1_CtauRes,ctau2_CtauRes,ctau3_CtauRes,f2_CtauRes,fDF12,fDFSS,fDLIV,fDSS12,f_CtauRes,lambdaDDS_Bkg,lambdaDF_Bkg1,lambdaDF_Bkg2,lambdaDSS_Bkg1,lambdaDSS_Bkg2,rS21_CtauRes,rS32_CtauRes,s1_CtauRes,zeroMean) ]
     p.d.f value is less than zero (-0.000566), forcing value to zero @ !refCoefNorm=(ctau3D = -0.128967,ctau3DErr = 0.0200602), !pdfs=(pdfCTAUDSS = 1.46339e-05/1,pdfCTAUDF = 25.5724/1), !coefficients=(fDFSS = 1.00002)
     p.d.f value is less than zero (-0.000550), forcing value to zero @ !refCoefNorm=(ctau3D = -0.153542,ctau3DErr = 0.0195274), !pdfs=(pdfCTAUDSS = 3.86344e-08/1,pdfCTAUDF = 24.2446/1), !coefficients=(fDFSS = 1.00002)
     p.d.f value is less than zero (-0.000503), forcing value to zero @ !refCoefNorm=(ctau3D = -0.195586,ctau3DErr = 0.0250272), !pdfs=(pdfCTAUDSS = 4.7806e-08/1,pdfCTAUDF = 22.1458/1), !coefficients=(fDFSS = 1.00002)
     p.d.f value is less than zero (-0.000525), forcing value to zero @ !refCoefNorm=(ctau3D = -0.175138,ctau3DErr = 0.0231868), !pdfs=(pdfCTAUDSS = 1.5266e-07/1,pdfCTAUDF = 23.1444/1), !coefficients=(fDFSS = 1.00002)
     p.d.f value is less than zero (-0.000466), forcing value to zero @ !refCoefNorm=(ctau3D = -0.229924,ctau3DErr = 0.0209632), !pdfs=(pdfCTAUDSS = 2.10275e-15/1,pdfCTAUDF = 20.5484/1), !coefficients=(fDFSS = 1.00002)
     p.d.f value is less than zero (-0.000563), forcing value to zero @ !refCoefNorm=(ctau3D = -0.142637,ctau3DErr = 0.0197828), !pdfs=(pdfCTAUDSS = 6.624e-07/1,pdfCTAUDF = 24.825/1), !coefficients=(fDFSS = 1.00002)
     p.d.f value is less than zero (-0.000496), forcing value to zero @ !refCoefNorm=(ctau3D = -0.201407,ctau3DErr = 0.0178409), !pdfs=(pdfCTAUDSS = 2.75777e-16/1,pdfCTAUDF = 21.8521/1), !coefficients=(fDFSS = 1.00002)
     p.d.f value is less than zero (-0.000581), forcing value to zero @ !refCoefNorm=(ctau3D = -0.126103,ctau3DErr = 0.0184183), !pdfs=(pdfCTAUDSS = 2.91824e-06/1,pdfCTAUDF = 25.7277/1), !coefficients=(fDFSS = 1.00002)
     p.d.f value is less than zero (-0.000528), forcing value to zero @ !refCoefNorm=(ctau3D = -0.172693,ctau3DErr = 0.0171792), !pdfs=(pdfCTAUDSS = 5.07739e-13/1,pdfCTAUDF = 23.254/1), !coefficients=(fDFSS = 1.00002)
     p.d.f value is less than zero (-0.000547), forcing value to zero @ !refCoefNorm=(ctau3D = -0.11327,ctau3DErr = 0.0186381), !pdfs=(pdfCTAUDSS = 5.29912e-05/1,pdfCTAUDF = 26.454/1), !coefficients=(fDFSS = 1.00002)
     p.d.f value is less than zero (-0.000366), forcing value to zero @ !refCoefNorm=(ctau3D = -0.342247,ctau3DErr = 0.0195713), !pdfs=(pdfCTAUDSS = 3.29036e-38/1,pdfCTAUDF = 16.1075/1), !coefficients=(fDFSS = 1.00002)
     p.d.f value is less than zero (-0.000523), forcing value to zero @ !refCoefNorm=(ctau3D = -0.177424,ctau3DErr = 0.0217389), !pdfs=(pdfCTAUDSS = 9.72264e-09/1,pdfCTAUDF = 23.0265/1), !coefficients=(fDFSS = 1.00002)
    ... (remaining 4 messages suppressed)

[#0] WARNING:Minization -- RooMinimizerFcn: Minimized function has error status.
Returning maximum FCN so far (-12068.3) to force MIGRAD to back out of this region. Error log follows
Parameter values: N_Bkg=1468.6, b_Bkg=0.855655, fDF12=0.0791986, fDFSS=1.00002, fDLIV=0.735057, fDSS12=0.0240548, lambdaDDS_Bkg=0.0559487, lambdaDF_Bkg1=0.464387, lambdaDF_Bkg2=0.445622, lambdaDSS_Bkg1=0.124534, lambdaDSS_Bkg2=0.373913
PID1451255/RooRealMPFE::nll_pdfTot_Bkg_dataw_Bkg_5b88a4322560_MPFE7[ arg=nll_pdfTot_Bkg_dataw_Bkg_GOF7 vars=(N_Bkg,b_Bkg,ctau1_CtauRes,ctau2_CtauRes,ctau3_CtauRes,f2_CtauRes,fDF12,fDFSS,fDLIV,fDSS12,f_CtauRes,lambdaDDS_Bkg,lambdaDF_Bkg1,lambdaDF_Bkg2,lambdaDSS_Bkg1,lambdaDSS_Bkg2,rS21_CtauRes,rS32_CtauRes,s1_CtauRes,zeroMean) ]
     p.d.f value is less than zero (-0.000580), forcing value to zero @ !refCoefNorm=(ctau3D = -0.128967,ctau3DErr = 0.0200602), !pdfs=(pdfCTAUDSS = 1.45254e-05/1,pdfCTAUDF = 26.1842/1), !coefficients=(fDFSS = 1.00002)
     p.d.f value is less than zero (-0.000563), forcing value to zero @ !refCoefNorm=(ctau3D = -0.153542,ctau3DErr = 0.0195274), !pdfs=(pdfCTAUDSS = 3.83448e-08/1,pdfCTAUDF = 24.7823/1), !coefficients=(fDFSS = 1.00002)
     p.d.f value is less than zero (-0.000512), forcing value to zero @ !refCoefNorm=(ctau3D = -0.195586,ctau3DErr = 0.0250272), !pdfs=(pdfCTAUDSS = 4.74524e-08/1,pdfCTAUDF = 22.5717/1), !coefficients=(fDFSS = 1.00002)
     p.d.f value is less than zero (-0.000536), forcing value to zero @ !refCoefNorm=(ctau3D = -0.175138,ctau3DErr = 0.0231868), !pdfs=(pdfCTAUDSS = 1.51528e-07/1,pdfCTAUDF = 23.6228/1), !coefficients=(fDFSS = 1.00002)
     p.d.f value is less than zero (-0.000474), forcing value to zero @ !refCoefNorm=(ctau3D = -0.229924,ctau3DErr = 0.0209632), !pdfs=(pdfCTAUDSS = 2.08683e-15/1,pdfCTAUDF = 20.8928/1), !coefficients=(fDFSS = 1.00002)
     p.d.f value is less than zero (-0.000576), forcing value to zero @ !refCoefNorm=(ctau3D = -0.142637,ctau3DErr = 0.0197828), !pdfs=(pdfCTAUDSS = 6.57456e-07/1,pdfCTAUDF = 25.3949/1), !coefficients=(fDFSS = 1.00002)
     p.d.f value is less than zero (-0.000505), forcing value to zero @ !refCoefNorm=(ctau3D = -0.201407,ctau3DErr = 0.0178409), !pdfs=(pdfCTAUDSS = 2.73676e-16/1,pdfCTAUDF = 22.2622/1), !coefficients=(fDFSS = 1.00002)
     p.d.f value is less than zero (-0.000595), forcing value to zero @ !refCoefNorm=(ctau3D = -0.126103,ctau3DErr = 0.0184183), !pdfs=(pdfCTAUDSS = 2.89643e-06/1,pdfCTAUDF = 26.3482/1), !coefficients=(fDFSS = 1.00002)
     p.d.f value is less than zero (-0.000539), forcing value to zero @ !refCoefNorm=(ctau3D = -0.172693,ctau3DErr = 0.0171792), !pdfs=(pdfCTAUDSS = 5.03881e-13/1,pdfCTAUDF = 23.7378/1), !coefficients=(fDFSS = 1.00002)
     p.d.f value is less than zero (-0.000563), forcing value to zero @ !refCoefNorm=(ctau3D = -0.11327,ctau3DErr = 0.0186381), !pdfs=(pdfCTAUDSS = 5.25976e-05/1,pdfCTAUDF = 27.1162/1), !coefficients=(fDFSS = 1.00002)
     p.d.f value is less than zero (-0.000369), forcing value to zero @ !refCoefNorm=(ctau3D = -0.342247,ctau3DErr = 0.0195713), !pdfs=(pdfCTAUDSS = 3.26509e-38/1,pdfCTAUDF = 16.2485/1), !coefficients=(fDFSS = 1.00002)
     p.d.f value is less than zero (-0.000533), forcing value to zero @ !refCoefNorm=(ctau3D = -0.177424,ctau3DErr = 0.0217389), !pdfs=(pdfCTAUDSS = 9.65001e-09/1,pdfCTAUDF = 23.4984/1), !coefficients=(fDFSS = 1.00002)
    ... (remaining 4 messages suppressed)

[#0] WARNING:Minization -- RooMinimizerFcn: Minimized function has error status.
Returning maximum FCN so far (-12068.3) to force MIGRAD to back out of this region. Error log follows
Parameter values: N_Bkg=1468.6, b_Bkg=0.855655, fDF12=0.0791986, fDFSS=1.00002, fDLIV=0.735057, fDSS12=0.0240548, lambdaDDS_Bkg=0.0559487, lambdaDF_Bkg1=0.464387, lambdaDF_Bkg2=0.445622, lambdaDSS_Bkg1=0.124534, lambdaDSS_Bkg2=0.373913
PID1451255/RooRealMPFE::nll_pdfTot_Bkg_dataw_Bkg_5b88a4322560_MPFE7[ arg=nll_pdfTot_Bkg_dataw_Bkg_GOF7 vars=(N_Bkg,b_Bkg,ctau1_CtauRes,ctau2_CtauRes,ctau3_CtauRes,f2_CtauRes,fDF12,fDFSS,fDLIV,fDSS12,f_CtauRes,lambdaDDS_Bkg,lambdaDF_Bkg1,lambdaDF_Bkg2,lambdaDSS_Bkg1,lambdaDSS_Bkg2,rS21_CtauRes,rS32_CtauRes,s1_CtauRes,zeroMean) ]
     p.d.f value is less than zero (-0.000580), forcing value to zero @ !refCoefNorm=(ctau3D = -0.128967,ctau3DErr = 0.0200602), !pdfs=(pdfCTAUDSS = 1.45254e-05/1,pdfCTAUDF = 26.1842/1), !coefficients=(fDFSS = 1.00002)
     p.d.f value is less than zero (-0.000563), forcing value to zero @ !refCoefNorm=(ctau3D = -0.153542,ctau3DErr = 0.0195274), !pdfs=(pdfCTAUDSS = 3.83448e-08/1,pdfCTAUDF = 24.7823/1), !coefficients=(fDFSS = 1.00002)
     p.d.f value is less than zero (-0.000512), forcing value to zero @ !refCoefNorm=(ctau3D = -0.195586,ctau3DErr = 0.0250272), !pdfs=(pdfCTAUDSS = 4.74524e-08/1,pdfCTAUDF = 22.5717/1), !coefficients=(fDFSS = 1.00002)
     p.d.f value is less than zero (-0.000536), forcing value to zero @ !refCoefNorm=(ctau3D = -0.175138,ctau3DErr = 0.0231868), !pdfs=(pdfCTAUDSS = 1.51528e-07/1,pdfCTAUDF = 23.6228/1), !coefficients=(fDFSS = 1.00002)
     p.d.f value is less than zero (-0.000474), forcing value to zero @ !refCoefNorm=(ctau3D = -0.229924,ctau3DErr = 0.0209632), !pdfs=(pdfCTAUDSS = 2.08683e-15/1,pdfCTAUDF = 20.8928/1), !coefficients=(fDFSS = 1.00002)
     p.d.f value is less than zero (-0.000576), forcing value to zero @ !refCoefNorm=(ctau3D = -0.142637,ctau3DErr = 0.0197828), !pdfs=(pdfCTAUDSS = 6.57456e-07/1,pdfCTAUDF = 25.3949/1), !coefficients=(fDFSS = 1.00002)
     p.d.f value is less than zero (-0.000505), forcing value to zero @ !refCoefNorm=(ctau3D = -0.201407,ctau3DErr = 0.0178409), !pdfs=(pdfCTAUDSS = 2.73676e-16/1,pdfCTAUDF = 22.2622/1), !coefficients=(fDFSS = 1.00002)
     p.d.f value is less than zero (-0.000595), forcing value to zero @ !refCoefNorm=(ctau3D = -0.126103,ctau3DErr = 0.0184183), !pdfs=(pdfCTAUDSS = 2.89643e-06/1,pdfCTAUDF = 26.3482/1), !coefficients=(fDFSS = 1.00002)
     p.d.f value is less than zero (-0.000539), forcing value to zero @ !refCoefNorm=(ctau3D = -0.172693,ctau3DErr = 0.0171792), !pdfs=(pdfCTAUDSS = 5.03881e-13/1,pdfCTAUDF = 23.7378/1), !coefficients=(fDFSS = 1.00002)
     p.d.f value is less than zero (-0.000563), forcing value to zero @ !refCoefNorm=(ctau3D = -0.11327,ctau3DErr = 0.0186381), !pdfs=(pdfCTAUDSS = 5.25976e-05/1,pdfCTAUDF = 27.1162/1), !coefficients=(fDFSS = 1.00002)
     p.d.f value is less than zero (-0.000369), forcing value to zero @ !refCoefNorm=(ctau3D = -0.342247,ctau3DErr = 0.0195713), !pdfs=(pdfCTAUDSS = 3.26509e-38/1,pdfCTAUDF = 16.2485/1), !coefficients=(fDFSS = 1.00002)
     p.d.f value is less than zero (-0.000533), forcing value to zero @ !refCoefNorm=(ctau3D = -0.177424,ctau3DErr = 0.0217389), !pdfs=(pdfCTAUDSS = 9.65001e-09/1,pdfCTAUDF = 23.4984/1), !coefficients=(fDFSS = 1.00002)
    ... (remaining 4 messages suppressed)

[#0] WARNING:Minization -- RooMinimizerFcn: Minimized function has error status.
Returning maximum FCN so far (-12068.3) to force MIGRAD to back out of this region. Error log follows
Parameter values: N_Bkg=1498.05, b_Bkg=0.813653, fDF12=2.412e-06, fDFSS=1.00002, fDLIV=0.775411, fDSS12=0.00975303, lambdaDDS_Bkg=0.0589454, lambdaDF_Bkg1=0.554914, lambdaDF_Bkg2=0.41905, lambdaDSS_Bkg1=0.13518, lambdaDSS_Bkg2=0.371883
PID1451255/RooRealMPFE::nll_pdfTot_Bkg_dataw_Bkg_5b88a4322560_MPFE7[ arg=nll_pdfTot_Bkg_dataw_Bkg_GOF7 vars=(N_Bkg,b_Bkg,ctau1_CtauRes,ctau2_CtauRes,ctau3_CtauRes,f2_CtauRes,fDF12,fDFSS,fDLIV,fDSS12,f_CtauRes,lambdaDDS_Bkg,lambdaDF_Bkg1,lambdaDF_Bkg2,lambdaDSS_Bkg1,lambdaDSS_Bkg2,rS21_CtauRes,rS32_CtauRes,s1_CtauRes,zeroMean) ]
     p.d.f value is less than zero (-0.000607), forcing value to zero @ !refCoefNorm=(ctau3D = -0.128967,ctau3DErr = 0.0200602), !pdfs=(pdfCTAUDSS = 1.41876e-05/1,pdfCTAUDF = 27.4036/1), !coefficients=(fDFSS = 1.00002)
     p.d.f value is less than zero (-0.000586), forcing value to zero @ !refCoefNorm=(ctau3D = -0.153542,ctau3DErr = 0.0195274), !pdfs=(pdfCTAUDSS = 3.74455e-08/1,pdfCTAUDF = 25.8412/1), !coefficients=(fDFSS = 1.00002)
     p.d.f value is less than zero (-0.000530), forcing value to zero @ !refCoefNorm=(ctau3D = -0.195586,ctau3DErr = 0.0250272), !pdfs=(pdfCTAUDSS = 4.63515e-08/1,pdfCTAUDF = 23.3909/1), !coefficients=(fDFSS = 1.00002)
     p.d.f value is less than zero (-0.000557), forcing value to zero @ !refCoefNorm=(ctau3D = -0.175138,ctau3DErr = 0.0231868), !pdfs=(pdfCTAUDSS = 1.48005e-07/1,pdfCTAUDF = 24.5543/1), !coefficients=(fDFSS = 1.00002)
     p.d.f value is less than zero (-0.000488), forcing value to zero @ !refCoefNorm=(ctau3D = -0.229924,ctau3DErr = 0.0209632), !pdfs=(pdfCTAUDSS = 2.0375e-15/1,pdfCTAUDF = 21.539/1), !coefficients=(fDFSS = 1.00002)
     p.d.f value is less than zero (-0.000601), forcing value to zero @ !refCoefNorm=(ctau3D = -0.142637,ctau3DErr = 0.0197828), !pdfs=(pdfCTAUDSS = 6.42092e-07/1,pdfCTAUDF = 26.5233/1), !coefficients=(fDFSS = 1.00002)
     p.d.f value is less than zero (-0.000523), forcing value to zero @ !refCoefNorm=(ctau3D = -0.201407,ctau3DErr = 0.0178409), !pdfs=(pdfCTAUDSS = 2.67173e-16/1,pdfCTAUDF = 23.0477/1), !coefficients=(fDFSS = 1.00002)
     p.d.f value is less than zero (-0.000623), forcing value to zero @ !refCoefNorm=(ctau3D = -0.126103,ctau3DErr = 0.0184183), !pdfs=(pdfCTAUDSS = 2.82868e-06/1,pdfCTAUDF = 27.5865/1), !coefficients=(fDFSS = 1.00002)
     p.d.f value is less than zero (-0.000560), forcing value to zero @ !refCoefNorm=(ctau3D = -0.172693,ctau3DErr = 0.0171792), !pdfs=(pdfCTAUDSS = 4.91929e-13/1,pdfCTAUDF = 24.6807/1), !coefficients=(fDFSS = 1.00002)
     p.d.f value is less than zero (-0.000594), forcing value to zero @ !refCoefNorm=(ctau3D = -0.11327,ctau3DErr = 0.0186381), !pdfs=(pdfCTAUDSS = 5.13732e-05/1,pdfCTAUDF = 28.4451/1), !coefficients=(fDFSS = 1.00002)
     p.d.f value is less than zero (-0.000374), forcing value to zero @ !refCoefNorm=(ctau3D = -0.342247,ctau3DErr = 0.0195713), !pdfs=(pdfCTAUDSS = 3.18696e-38/1,pdfCTAUDF = 16.4719/1), !coefficients=(fDFSS = 1.00002)
     p.d.f value is less than zero (-0.000554), forcing value to zero @ !refCoefNorm=(ctau3D = -0.177424,ctau3DErr = 0.0217389), !pdfs=(pdfCTAUDSS = 9.42434e-09/1,pdfCTAUDF = 24.4161/1), !coefficients=(fDFSS = 1.00002)
    ... (remaining 4 messages suppressed)

[#0] WARNING:Minization -- RooMinimizerFcn: Minimized function has error status.
Returning maximum FCN so far (-12068.3) to force MIGRAD to back out of this region. Error log follows
Parameter values: N_Bkg=1480.9, b_Bkg=0.801669, fDF12=0.0292598, fDFSS=1.00002, fDLIV=0.767133, fDSS12=0.00257608, lambdaDDS_Bkg=0.0607508, lambdaDF_Bkg1=0.570878, lambdaDF_Bkg2=0.402537, lambdaDSS_Bkg1=0.13834, lambdaDSS_Bkg2=0.369814
PID1451255/RooRealMPFE::nll_pdfTot_Bkg_dataw_Bkg_5b88a4322560_MPFE7[ arg=nll_pdfTot_Bkg_dataw_Bkg_GOF7 vars=(N_Bkg,b_Bkg,ctau1_CtauRes,ctau2_CtauRes,ctau3_CtauRes,f2_CtauRes,fDF12,fDFSS,fDLIV,fDSS12,f_CtauRes,lambdaDDS_Bkg,lambdaDF_Bkg1,lambdaDF_Bkg2,lambdaDSS_Bkg1,lambdaDSS_Bkg2,rS21_CtauRes,rS32_CtauRes,s1_CtauRes,zeroMean) ]
     p.d.f value is less than zero (-0.000620), forcing value to zero @ !refCoefNorm=(ctau3D = -0.128967,ctau3DErr = 0.0200602), !pdfs=(pdfCTAUDSS = 1.40934e-05/1,pdfCTAUDF = 27.9866/1), !coefficients=(fDFSS = 1.00002)
     p.d.f value is less than zero (-0.000597), forcing value to zero @ !refCoefNorm=(ctau3D = -0.153542,ctau3DErr = 0.0195274), !pdfs=(pdfCTAUDSS = 3.71941e-08/1,pdfCTAUDF = 26.3384/1), !coefficients=(fDFSS = 1.00002)
     p.d.f value is less than zero (-0.000539), forcing value to zero @ !refCoefNorm=(ctau3D = -0.195586,ctau3DErr = 0.0250272), !pdfs=(pdfCTAUDSS = 4.60443e-08/1,pdfCTAUDF = 23.7614/1), !coefficients=(fDFSS = 1.00002)
     p.d.f value is less than zero (-0.000566), forcing value to zero @ !refCoefNorm=(ctau3D = -0.175138,ctau3DErr = 0.0231868), !pdfs=(pdfCTAUDSS = 1.47021e-07/1,pdfCTAUDF = 24.9839/1), !coefficients=(fDFSS = 1.00002)
     p.d.f value is less than zero (-0.000495), forcing value to zero @ !refCoefNorm=(ctau3D = -0.229924,ctau3DErr = 0.0209632), !pdfs=(pdfCTAUDSS = 2.02368e-15/1,pdfCTAUDF = 21.8192/1), !coefficients=(fDFSS = 1.00002)
     p.d.f value is less than zero (-0.000613), forcing value to zero @ !refCoefNorm=(ctau3D = -0.142637,ctau3DErr = 0.0197828), !pdfs=(pdfCTAUDSS = 6.378e-07/1,pdfCTAUDF = 27.0575/1), !coefficients=(fDFSS = 1.00002)
     p.d.f value is less than zero (-0.000531), forcing value to zero @ !refCoefNorm=(ctau3D = -0.201407,ctau3DErr = 0.0178409), !pdfs=(pdfCTAUDSS = 2.65351e-16/1,pdfCTAUDF = 23.4004/1), !coefficients=(fDFSS = 1.00002)
     p.d.f value is less than zero (-0.000636), forcing value to zero @ !refCoefNorm=(ctau3D = -0.126103,ctau3DErr = 0.0184183), !pdfs=(pdfCTAUDSS = 2.80975e-06/1,pdfCTAUDF = 28.1796/1), !coefficients=(fDFSS = 1.00002)
     p.d.f value is less than zero (-0.000570), forcing value to zero @ !refCoefNorm=(ctau3D = -0.172693,ctau3DErr = 0.0171792), !pdfs=(pdfCTAUDSS = 4.88581e-13/1,pdfCTAUDF = 25.1162/1), !coefficients=(fDFSS = 1.00002)
     p.d.f value is less than zero (-0.000609), forcing value to zero @ !refCoefNorm=(ctau3D = -0.11327,ctau3DErr = 0.0186381), !pdfs=(pdfCTAUDSS = 5.10314e-05/1,pdfCTAUDF = 29.087/1), !coefficients=(fDFSS = 1.00002)
     p.d.f value is less than zero (-0.000375), forcing value to zero @ !refCoefNorm=(ctau3D = -0.342247,ctau3DErr = 0.0195713), !pdfs=(pdfCTAUDSS = 3.16504e-38/1,pdfCTAUDF = 16.5383/1), !coefficients=(fDFSS = 1.00002)
     p.d.f value is less than zero (-0.000563), forcing value to zero @ !refCoefNorm=(ctau3D = -0.177424,ctau3DErr = 0.0217389), !pdfs=(pdfCTAUDSS = 9.36129e-09/1,pdfCTAUDF = 24.8384/1), !coefficients=(fDFSS = 1.00002)
    ... (remaining 4 messages suppressed)

[#0] WARNING:Minization -- RooMinimizerFcn: Minimized function has error status.
Returning maximum FCN so far (-12068.3) to force MIGRAD to back out of this region. Error log follows
Parameter values: N_Bkg=1480.9, b_Bkg=0.801669, fDF12=0.0292598, fDFSS=1.00002, fDLIV=0.767133, fDSS12=0.00257608, lambdaDDS_Bkg=0.0607508, lambdaDF_Bkg1=0.570878, lambdaDF_Bkg2=0.402537, lambdaDSS_Bkg1=0.13834, lambdaDSS_Bkg2=0.369814
PID1451255/RooRealMPFE::nll_pdfTot_Bkg_dataw_Bkg_5b88a4322560_MPFE7[ arg=nll_pdfTot_Bkg_dataw_Bkg_GOF7 vars=(N_Bkg,b_Bkg,ctau1_CtauRes,ctau2_CtauRes,ctau3_CtauRes,f2_CtauRes,fDF12,fDFSS,fDLIV,fDSS12,f_CtauRes,lambdaDDS_Bkg,lambdaDF_Bkg1,lambdaDF_Bkg2,lambdaDSS_Bkg1,lambdaDSS_Bkg2,rS21_CtauRes,rS32_CtauRes,s1_CtauRes,zeroMean) ]
     p.d.f value is less than zero (-0.000620), forcing value to zero @ !refCoefNorm=(ctau3D = -0.128967,ctau3DErr = 0.0200602), !pdfs=(pdfCTAUDSS = 1.40934e-05/1,pdfCTAUDF = 27.9866/1), !coefficients=(fDFSS = 1.00002)
     p.d.f value is less than zero (-0.000597), forcing value to zero @ !refCoefNorm=(ctau3D = -0.153542,ctau3DErr = 0.0195274), !pdfs=(pdfCTAUDSS = 3.71941e-08/1,pdfCTAUDF = 26.3384/1), !coefficients=(fDFSS = 1.00002)
     p.d.f value is less than zero (-0.000539), forcing value to zero @ !refCoefNorm=(ctau3D = -0.195586,ctau3DErr = 0.0250272), !pdfs=(pdfCTAUDSS = 4.60443e-08/1,pdfCTAUDF = 23.7614/1), !coefficients=(fDFSS = 1.00002)
     p.d.f value is less than zero (-0.000566), forcing value to zero @ !refCoefNorm=(ctau3D = -0.175138,ctau3DErr = 0.0231868), !pdfs=(pdfCTAUDSS = 1.47021e-07/1,pdfCTAUDF = 24.9839/1), !coefficients=(fDFSS = 1.00002)
     p.d.f value is less than zero (-0.000495), forcing value to zero @ !refCoefNorm=(ctau3D = -0.229924,ctau3DErr = 0.0209632), !pdfs=(pdfCTAUDSS = 2.02368e-15/1,pdfCTAUDF = 21.8192/1), !coefficients=(fDFSS = 1.00002)
     p.d.f value is less than zero (-0.000613), forcing value to zero @ !refCoefNorm=(ctau3D = -0.142637,ctau3DErr = 0.0197828), !pdfs=(pdfCTAUDSS = 6.378e-07/1,pdfCTAUDF = 27.0575/1), !coefficients=(fDFSS = 1.00002)
     p.d.f value is less than zero (-0.000531), forcing value to zero @ !refCoefNorm=(ctau3D = -0.201407,ctau3DErr = 0.0178409), !pdfs=(pdfCTAUDSS = 2.65351e-16/1,pdfCTAUDF = 23.4004/1), !coefficients=(fDFSS = 1.00002)
     p.d.f value is less than zero (-0.000636), forcing value to zero @ !refCoefNorm=(ctau3D = -0.126103,ctau3DErr = 0.0184183), !pdfs=(pdfCTAUDSS = 2.80975e-06/1,pdfCTAUDF = 28.1796/1), !coefficients=(fDFSS = 1.00002)
     p.d.f value is less than zero (-0.000570), forcing value to zero @ !refCoefNorm=(ctau3D = -0.172693,ctau3DErr = 0.0171792), !pdfs=(pdfCTAUDSS = 4.88581e-13/1,pdfCTAUDF = 25.1162/1), !coefficients=(fDFSS = 1.00002)
     p.d.f value is less than zero (-0.000609), forcing value to zero @ !refCoefNorm=(ctau3D = -0.11327,ctau3DErr = 0.0186381), !pdfs=(pdfCTAUDSS = 5.10314e-05/1,pdfCTAUDF = 29.087/1), !coefficients=(fDFSS = 1.00002)
     p.d.f value is less than zero (-0.000375), forcing value to zero @ !refCoefNorm=(ctau3D = -0.342247,ctau3DErr = 0.0195713), !pdfs=(pdfCTAUDSS = 3.16504e-38/1,pdfCTAUDF = 16.5383/1), !coefficients=(fDFSS = 1.00002)
     p.d.f value is less than zero (-0.000563), forcing value to zero @ !refCoefNorm=(ctau3D = -0.177424,ctau3DErr = 0.0217389), !pdfs=(pdfCTAUDSS = 9.36129e-09/1,pdfCTAUDF = 24.8384/1), !coefficients=(fDFSS = 1.00002)
    ... (remaining 4 messages suppressed)

[#0] WARNING:Minization -- RooMinimizerFcn: Minimized function has error status.
Returning maximum FCN so far (-12068.3) to force MIGRAD to back out of this region. Error log follows
Parameter values: N_Bkg=1479.35, b_Bkg=0.801245, fDF12=0.0209949, fDFSS=1.00002, fDLIV=0.765355, fDSS12=0.00172959, lambdaDDS_Bkg=0.0609625, lambdaDF_Bkg1=0.573266, lambdaDF_Bkg2=0.398128, lambdaDSS_Bkg1=0.138649, lambdaDSS_Bkg2=0.369072
PID1451255/RooRealMPFE::nll_pdfTot_Bkg_dataw_Bkg_5b88a4322560_MPFE7[ arg=nll_pdfTot_Bkg_dataw_Bkg_GOF7 vars=(N_Bkg,b_Bkg,ctau1_CtauRes,ctau2_CtauRes,ctau3_CtauRes,f2_CtauRes,fDF12,fDFSS,fDLIV,fDSS12,f_CtauRes,lambdaDDS_Bkg,lambdaDF_Bkg1,lambdaDF_Bkg2,lambdaDSS_Bkg1,lambdaDSS_Bkg2,rS21_CtauRes,rS32_CtauRes,s1_CtauRes,zeroMean) ]
     p.d.f value is less than zero (-0.000626), forcing value to zero @ !refCoefNorm=(ctau3D = -0.128967,ctau3DErr = 0.0200602), !pdfs=(pdfCTAUDSS = 1.41019e-05/1,pdfCTAUDF = 28.2448/1), !coefficients=(fDFSS = 1.00002)
     p.d.f value is less than zero (-0.000602), forcing value to zero @ !refCoefNorm=(ctau3D = -0.153542,ctau3DErr = 0.0195274), !pdfs=(pdfCTAUDSS = 3.72163e-08/1,pdfCTAUDF = 26.5605/1), !coefficients=(fDFSS = 1.00002)
     p.d.f value is less than zero (-0.000542), forcing value to zero @ !refCoefNorm=(ctau3D = -0.195586,ctau3DErr = 0.0250272), !pdfs=(pdfCTAUDSS = 4.60721e-08/1,pdfCTAUDF = 23.9301/1), !coefficients=(fDFSS = 1.00002)
     p.d.f value is less than zero (-0.000571), forcing value to zero @ !refCoefNorm=(ctau3D = -0.175138,ctau3DErr = 0.0231868), !pdfs=(pdfCTAUDSS = 1.4711e-07/1,pdfCTAUDF = 25.1775/1), !coefficients=(fDFSS = 1.00002)
     p.d.f value is less than zero (-0.000498), forcing value to zero @ !refCoefNorm=(ctau3D = -0.229924,ctau3DErr = 0.0209632), !pdfs=(pdfCTAUDSS = 2.02488e-15/1,pdfCTAUDF = 21.9496/1), !coefficients=(fDFSS = 1.00002)
     p.d.f value is less than zero (-0.000618), forcing value to zero @ !refCoefNorm=(ctau3D = -0.142637,ctau3DErr = 0.0197828), !pdfs=(pdfCTAUDSS = 6.38182e-07/1,pdfCTAUDF = 27.2952/1), !coefficients=(fDFSS = 1.00002)
     p.d.f value is less than zero (-0.000534), forcing value to zero @ !refCoefNorm=(ctau3D = -0.201407,ctau3DErr = 0.0178409), !pdfs=(pdfCTAUDSS = 2.65507e-16/1,pdfCTAUDF = 23.5616/1), !coefficients=(fDFSS = 1.00002)
     p.d.f value is less than zero (-0.000642), forcing value to zero @ !refCoefNorm=(ctau3D = -0.126103,ctau3DErr = 0.0184183), !pdfs=(pdfCTAUDSS = 2.81143e-06/1,pdfCTAUDF = 28.442/1), !coefficients=(fDFSS = 1.00002)
     p.d.f value is less than zero (-0.000574), forcing value to zero @ !refCoefNorm=(ctau3D = -0.172693,ctau3DErr = 0.0171792), !pdfs=(pdfCTAUDSS = 4.8887e-13/1,pdfCTAUDF = 25.3124/1), !coefficients=(fDFSS = 1.00002)
     p.d.f value is less than zero (-0.000615), forcing value to zero @ !refCoefNorm=(ctau3D = -0.11327,ctau3DErr = 0.0186381), !pdfs=(pdfCTAUDSS = 5.1062e-05/1,pdfCTAUDF = 29.3698/1), !coefficients=(fDFSS = 1.00002)
     p.d.f value is less than zero (-0.000376), forcing value to zero @ !refCoefNorm=(ctau3D = -0.342247,ctau3DErr = 0.0195713), !pdfs=(pdfCTAUDSS = 3.16689e-38/1,pdfCTAUDF = 16.577/1), !coefficients=(fDFSS = 1.00002)
     p.d.f value is less than zero (-0.000567), forcing value to zero @ !refCoefNorm=(ctau3D = -0.177424,ctau3DErr = 0.0217389), !pdfs=(pdfCTAUDSS = 9.36689e-09/1,pdfCTAUDF = 25.029/1), !coefficients=(fDFSS = 1.00002)
    ... (remaining 4 messages suppressed)

[#0] WARNING:Minization -- RooMinimizerFcn: Minimized function has error status.
Returning maximum FCN so far (-12068.3) to force MIGRAD to back out of this region. Error log follows
Parameter values: N_Bkg=1481.44, b_Bkg=0.807586, fDF12=3.9253e-05, fDFSS=1.00002, fDLIV=0.761786, fDSS12=0.00210341, lambdaDDS_Bkg=0.0599872, lambdaDF_Bkg1=0.570713, lambdaDF_Bkg2=0.394939, lambdaDSS_Bkg1=0.137755, lambdaDSS_Bkg2=0.367979
PID1451255/RooRealMPFE::nll_pdfTot_Bkg_dataw_Bkg_5b88a4322560_MPFE7[ arg=nll_pdfTot_Bkg_dataw_Bkg_GOF7 vars=(N_Bkg,b_Bkg,ctau1_CtauRes,ctau2_CtauRes,ctau3_CtauRes,f2_CtauRes,fDF12,fDFSS,fDLIV,fDSS12,f_CtauRes,lambdaDDS_Bkg,lambdaDF_Bkg1,lambdaDF_Bkg2,lambdaDSS_Bkg1,lambdaDSS_Bkg2,rS21_CtauRes,rS32_CtauRes,s1_CtauRes,zeroMean) ]
     p.d.f value is less than zero (-0.000633), forcing value to zero @ !refCoefNorm=(ctau3D = -0.128967,ctau3DErr = 0.0200602), !pdfs=(pdfCTAUDSS = 1.41519e-05/1,pdfCTAUDF = 28.5384/1), !coefficients=(fDFSS = 1.00002)
     p.d.f value is less than zero (-0.000608), forcing value to zero @ !refCoefNorm=(ctau3D = -0.153542,ctau3DErr = 0.0195274), !pdfs=(pdfCTAUDSS = 3.73488e-08/1,pdfCTAUDF = 26.8149/1), !coefficients=(fDFSS = 1.00002)
     p.d.f value is less than zero (-0.000547), forcing value to zero @ !refCoefNorm=(ctau3D = -0.195586,ctau3DErr = 0.0250272), !pdfs=(pdfCTAUDSS = 4.62353e-08/1,pdfCTAUDF = 24.1262/1), !coefficients=(fDFSS = 1.00002)
     p.d.f value is less than zero (-0.000576), forcing value to zero @ !refCoefNorm=(ctau3D = -0.175138,ctau3DErr = 0.0231868), !pdfs=(pdfCTAUDSS = 1.47632e-07/1,pdfCTAUDF = 25.4009/1), !coefficients=(fDFSS = 1.00002)
     p.d.f value is less than zero (-0.000501), forcing value to zero @ !refCoefNorm=(ctau3D = -0.229924,ctau3DErr = 0.0209632), !pdfs=(pdfCTAUDSS = 2.03211e-15/1,pdfCTAUDF = 22.1037/1), !coefficients=(fDFSS = 1.00002)
     p.d.f value is less than zero (-0.000624), forcing value to zero @ !refCoefNorm=(ctau3D = -0.142637,ctau3DErr = 0.0197828), !pdfs=(pdfCTAUDSS = 6.40449e-07/1,pdfCTAUDF = 27.5665/1), !coefficients=(fDFSS = 1.00002)
     p.d.f value is less than zero (-0.000538), forcing value to zero @ !refCoefNorm=(ctau3D = -0.201407,ctau3DErr = 0.0178409), !pdfs=(pdfCTAUDSS = 2.66457e-16/1,pdfCTAUDF = 23.7494/1), !coefficients=(fDFSS = 1.00002)
     p.d.f value is less than zero (-0.000649), forcing value to zero @ !refCoefNorm=(ctau3D = -0.126103,ctau3DErr = 0.0184183), !pdfs=(pdfCTAUDSS = 2.82142e-06/1,pdfCTAUDF = 28.7402/1), !coefficients=(fDFSS = 1.00002)
     p.d.f value is less than zero (-0.000579), forcing value to zero @ !refCoefNorm=(ctau3D = -0.172693,ctau3DErr = 0.0171792), !pdfs=(pdfCTAUDSS = 4.90617e-13/1,pdfCTAUDF = 25.5385/1), !coefficients=(fDFSS = 1.00002)
     p.d.f value is less than zero (-0.000622), forcing value to zero @ !refCoefNorm=(ctau3D = -0.11327,ctau3DErr = 0.0186381), !pdfs=(pdfCTAUDSS = 5.12432e-05/1,pdfCTAUDF = 29.6902/1), !coefficients=(fDFSS = 1.00002)
     p.d.f value is less than zero (-0.000377), forcing value to zero @ !refCoefNorm=(ctau3D = -0.342247,ctau3DErr = 0.0195713), !pdfs=(pdfCTAUDSS = 3.17825e-38/1,pdfCTAUDF = 16.6292/1), !coefficients=(fDFSS = 1.00002)
     p.d.f value is less than zero (-0.000572), forcing value to zero @ !refCoefNorm=(ctau3D = -0.177424,ctau3DErr = 0.0217389), !pdfs=(pdfCTAUDSS = 9.40018e-09/1,pdfCTAUDF = 25.249/1), !coefficients=(fDFSS = 1.00002)
    ... (remaining 4 messages suppressed)

[#0] WARNING:Minization -- RooMinimizerFcn: Minimized function has error status.
Returning maximum FCN so far (-12068.3) to force MIGRAD to back out of this region. Error log follows
Parameter values: N_Bkg=1481.44, b_Bkg=0.807586, fDF12=3.9253e-05, fDFSS=1.00002, fDLIV=0.761786, fDSS12=0.00210341, lambdaDDS_Bkg=0.0599872, lambdaDF_Bkg1=0.570713, lambdaDF_Bkg2=0.394939, lambdaDSS_Bkg1=0.137755, lambdaDSS_Bkg2=0.367979
PID1451255/RooRealMPFE::nll_pdfTot_Bkg_dataw_Bkg_5b88a4322560_MPFE7[ arg=nll_pdfTot_Bkg_dataw_Bkg_GOF7 vars=(N_Bkg,b_Bkg,ctau1_CtauRes,ctau2_CtauRes,ctau3_CtauRes,f2_CtauRes,fDF12,fDFSS,fDLIV,fDSS12,f_CtauRes,lambdaDDS_Bkg,lambdaDF_Bkg1,lambdaDF_Bkg2,lambdaDSS_Bkg1,lambdaDSS_Bkg2,rS21_CtauRes,rS32_CtauRes,s1_CtauRes,zeroMean) ]
     p.d.f value is less than zero (-0.000633), forcing value to zero @ !refCoefNorm=(ctau3D = -0.128967,ctau3DErr = 0.0200602), !pdfs=(pdfCTAUDSS = 1.41519e-05/1,pdfCTAUDF = 28.5384/1), !coefficients=(fDFSS = 1.00002)
     p.d.f value is less than zero (-0.000608), forcing value to zero @ !refCoefNorm=(ctau3D = -0.153542,ctau3DErr = 0.0195274), !pdfs=(pdfCTAUDSS = 3.73488e-08/1,pdfCTAUDF = 26.8149/1), !coefficients=(fDFSS = 1.00002)
     p.d.f value is less than zero (-0.000547), forcing value to zero @ !refCoefNorm=(ctau3D = -0.195586,ctau3DErr = 0.0250272), !pdfs=(pdfCTAUDSS = 4.62353e-08/1,pdfCTAUDF = 24.1262/1), !coefficients=(fDFSS = 1.00002)
     p.d.f value is less than zero (-0.000576), forcing value to zero @ !refCoefNorm=(ctau3D = -0.175138,ctau3DErr = 0.0231868), !pdfs=(pdfCTAUDSS = 1.47632e-07/1,pdfCTAUDF = 25.4009/1), !coefficients=(fDFSS = 1.00002)
     p.d.f value is less than zero (-0.000501), forcing value to zero @ !refCoefNorm=(ctau3D = -0.229924,ctau3DErr = 0.0209632), !pdfs=(pdfCTAUDSS = 2.03211e-15/1,pdfCTAUDF = 22.1037/1), !coefficients=(fDFSS = 1.00002)
     p.d.f value is less than zero (-0.000624), forcing value to zero @ !refCoefNorm=(ctau3D = -0.142637,ctau3DErr = 0.0197828), !pdfs=(pdfCTAUDSS = 6.40449e-07/1,pdfCTAUDF = 27.5665/1), !coefficients=(fDFSS = 1.00002)
     p.d.f value is less than zero (-0.000538), forcing value to zero @ !refCoefNorm=(ctau3D = -0.201407,ctau3DErr = 0.0178409), !pdfs=(pdfCTAUDSS = 2.66457e-16/1,pdfCTAUDF = 23.7494/1), !coefficients=(fDFSS = 1.00002)
     p.d.f value is less than zero (-0.000649), forcing value to zero @ !refCoefNorm=(ctau3D = -0.126103,ctau3DErr = 0.0184183), !pdfs=(pdfCTAUDSS = 2.82142e-06/1,pdfCTAUDF = 28.7402/1), !coefficients=(fDFSS = 1.00002)
     p.d.f value is less than zero (-0.000579), forcing value to zero @ !refCoefNorm=(ctau3D = -0.172693,ctau3DErr = 0.0171792), !pdfs=(pdfCTAUDSS = 4.90617e-13/1,pdfCTAUDF = 25.5385/1), !coefficients=(fDFSS = 1.00002)
     p.d.f value is less than zero (-0.000622), forcing value to zero @ !refCoefNorm=(ctau3D = -0.11327,ctau3DErr = 0.0186381), !pdfs=(pdfCTAUDSS = 5.12432e-05/1,pdfCTAUDF = 29.6902/1), !coefficients=(fDFSS = 1.00002)
     p.d.f value is less than zero (-0.000377), forcing value to zero @ !refCoefNorm=(ctau3D = -0.342247,ctau3DErr = 0.0195713), !pdfs=(pdfCTAUDSS = 3.17825e-38/1,pdfCTAUDF = 16.6292/1), !coefficients=(fDFSS = 1.00002)
     p.d.f value is less than zero (-0.000572), forcing value to zero @ !refCoefNorm=(ctau3D = -0.177424,ctau3DErr = 0.0217389), !pdfs=(pdfCTAUDSS = 9.40018e-09/1,pdfCTAUDF = 25.249/1), !coefficients=(fDFSS = 1.00002)
    ... (remaining 4 messages suppressed)

[#0] WARNING:Minization -- RooMinimizerFcn: Minimized function has error status.
Returning maximum FCN so far (-12068.3) to force MIGRAD to back out of this region. Error log follows
Parameter values: N_Bkg=1481.98, b_Bkg=0.808684, fDF12=0.000561899, fDFSS=1.00002, fDLIV=0.761297, fDSS12=0.00210441, lambdaDDS_Bkg=0.0598132, lambdaDF_Bkg1=0.570826, lambdaDF_Bkg2=0.393384, lambdaDSS_Bkg1=0.137637, lambdaDSS_Bkg2=0.367628
PID1451255/RooRealMPFE::nll_pdfTot_Bkg_dataw_Bkg_5b88a4322560_MPFE7[ arg=nll_pdfTot_Bkg_dataw_Bkg_GOF7 vars=(N_Bkg,b_Bkg,ctau1_CtauRes,ctau2_CtauRes,ctau3_CtauRes,f2_CtauRes,fDF12,fDFSS,fDLIV,fDSS12,f_CtauRes,lambdaDDS_Bkg,lambdaDF_Bkg1,lambdaDF_Bkg2,lambdaDSS_Bkg1,lambdaDSS_Bkg2,rS21_CtauRes,rS32_CtauRes,s1_CtauRes,zeroMean) ]
     p.d.f value is less than zero (-0.000634), forcing value to zero @ !refCoefNorm=(ctau3D = -0.128967,ctau3DErr = 0.0200602), !pdfs=(pdfCTAUDSS = 1.41652e-05/1,pdfCTAUDF = 28.6109/1), !coefficients=(fDFSS = 1.00002)
     p.d.f value is less than zero (-0.000609), forcing value to zero @ !refCoefNorm=(ctau3D = -0.153542,ctau3DErr = 0.0195274), !pdfs=(pdfCTAUDSS = 3.7384e-08/1,pdfCTAUDF = 26.8767/1), !coefficients=(fDFSS = 1.00002)
     p.d.f value is less than zero (-0.000548), forcing value to zero @ !refCoefNorm=(ctau3D = -0.195586,ctau3DErr = 0.0250272), !pdfs=(pdfCTAUDSS = 4.62788e-08/1,pdfCTAUDF = 24.1721/1), !coefficients=(fDFSS = 1.00002)
     p.d.f value is less than zero (-0.000577), forcing value to zero @ !refCoefNorm=(ctau3D = -0.175138,ctau3DErr = 0.0231868), !pdfs=(pdfCTAUDSS = 1.47771e-07/1,pdfCTAUDF = 25.4542/1), !coefficients=(fDFSS = 1.00002)
     p.d.f value is less than zero (-0.000502), forcing value to zero @ !refCoefNorm=(ctau3D = -0.229924,ctau3DErr = 0.0209632), !pdfs=(pdfCTAUDSS = 2.03403e-15/1,pdfCTAUDF = 22.1383/1), !coefficients=(fDFSS = 1.00002)
     p.d.f value is less than zero (-0.000626), forcing value to zero @ !refCoefNorm=(ctau3D = -0.142637,ctau3DErr = 0.0197828), !pdfs=(pdfCTAUDSS = 6.41053e-07/1,pdfCTAUDF = 27.6329/1), !coefficients=(fDFSS = 1.00002)
     p.d.f value is less than zero (-0.000539), forcing value to zero @ !refCoefNorm=(ctau3D = -0.201407,ctau3DErr = 0.0178409), !pdfs=(pdfCTAUDSS = 2.66709e-16/1,pdfCTAUDF = 23.7931/1), !coefficients=(fDFSS = 1.00002)
     p.d.f value is less than zero (-0.000650), forcing value to zero @ !refCoefNorm=(ctau3D = -0.126103,ctau3DErr = 0.0184183), !pdfs=(pdfCTAUDSS = 2.82408e-06/1,pdfCTAUDF = 28.814/1), !coefficients=(fDFSS = 1.00002)
     p.d.f value is less than zero (-0.000580), forcing value to zero @ !refCoefNorm=(ctau3D = -0.172693,ctau3DErr = 0.0171792), !pdfs=(pdfCTAUDSS = 4.91082e-13/1,pdfCTAUDF = 25.5925/1), !coefficients=(fDFSS = 1.00002)
     p.d.f value is less than zero (-0.000623), forcing value to zero @ !refCoefNorm=(ctau3D = -0.11327,ctau3DErr = 0.0186381), !pdfs=(pdfCTAUDSS = 5.12914e-05/1,pdfCTAUDF = 29.7702/1), !coefficients=(fDFSS = 1.00002)
     p.d.f value is less than zero (-0.000377), forcing value to zero @ !refCoefNorm=(ctau3D = -0.342247,ctau3DErr = 0.0195713), !pdfs=(pdfCTAUDSS = 3.18127e-38/1,pdfCTAUDF = 16.6371/1), !coefficients=(fDFSS = 1.00002)
     p.d.f value is less than zero (-0.000573), forcing value to zero @ !refCoefNorm=(ctau3D = -0.177424,ctau3DErr = 0.0217389), !pdfs=(pdfCTAUDSS = 9.40905e-09/1,pdfCTAUDF = 25.3013/1), !coefficients=(fDFSS = 1.00002)
    ... (remaining 4 messages suppressed)

[#0] WARNING:Minization -- RooMinimizerFcn: Minimized function has error status.
Returning maximum FCN so far (-12068.3) to force MIGRAD to back out of this region. Error log follows
Parameter values: N_Bkg=1484.22, b_Bkg=0.805908, fDF12=0.000780465, fDFSS=1.00002, fDLIV=0.765357, fDSS12=0.00132117, lambdaDDS_Bkg=0.0600294, lambdaDF_Bkg1=0.58078, lambdaDF_Bkg2=0.380433, lambdaDSS_Bkg1=0.138479, lambdaDSS_Bkg2=0.365779
PID1451255/RooRealMPFE::nll_pdfTot_Bkg_dataw_Bkg_5b88a4322560_MPFE7[ arg=nll_pdfTot_Bkg_dataw_Bkg_GOF7 vars=(N_Bkg,b_Bkg,ctau1_CtauRes,ctau2_CtauRes,ctau3_CtauRes,f2_CtauRes,fDF12,fDFSS,fDLIV,fDSS12,f_CtauRes,lambdaDDS_Bkg,lambdaDF_Bkg1,lambdaDF_Bkg2,lambdaDSS_Bkg1,lambdaDSS_Bkg2,rS21_CtauRes,rS32_CtauRes,s1_CtauRes,zeroMean) ]
     p.d.f value is less than zero (-0.000649), forcing value to zero @ !refCoefNorm=(ctau3D = -0.128967,ctau3DErr = 0.0200602), !pdfs=(pdfCTAUDSS = 1.42174e-05/1,pdfCTAUDF = 29.2568/1), !coefficients=(fDFSS = 1.00002)
     p.d.f value is less than zero (-0.000622), forcing value to zero @ !refCoefNorm=(ctau3D = -0.153542,ctau3DErr = 0.0195274), !pdfs=(pdfCTAUDSS = 3.75219e-08/1,pdfCTAUDF = 27.425/1), !coefficients=(fDFSS = 1.00002)
     p.d.f value is less than zero (-0.000557), forcing value to zero @ !refCoefNorm=(ctau3D = -0.195586,ctau3DErr = 0.0250272), !pdfs=(pdfCTAUDSS = 4.64493e-08/1,pdfCTAUDF = 24.5772/1), !coefficients=(fDFSS = 1.00002)
     p.d.f value is less than zero (-0.000587), forcing value to zero @ !refCoefNorm=(ctau3D = -0.175138,ctau3DErr = 0.0231868), !pdfs=(pdfCTAUDSS = 1.48315e-07/1,pdfCTAUDF = 25.926/1), !coefficients=(fDFSS = 1.00002)
     p.d.f value is less than zero (-0.000509), forcing value to zero @ !refCoefNorm=(ctau3D = -0.229924,ctau3DErr = 0.0209632), !pdfs=(pdfCTAUDSS = 2.04155e-15/1,pdfCTAUDF = 22.4418/1), !coefficients=(fDFSS = 1.00002)
     p.d.f value is less than zero (-0.000639), forcing value to zero @ !refCoefNorm=(ctau3D = -0.142637,ctau3DErr = 0.0197828), !pdfs=(pdfCTAUDSS = 6.43417e-07/1,pdfCTAUDF = 28.2233/1), !coefficients=(fDFSS = 1.00002)
     p.d.f value is less than zero (-0.000548), forcing value to zero @ !refCoefNorm=(ctau3D = -0.201407,ctau3DErr = 0.0178409), !pdfs=(pdfCTAUDSS = 2.67695e-16/1,pdfCTAUDF = 24.178/1), !coefficients=(fDFSS = 1.00002)
     p.d.f value is less than zero (-0.000665), forcing value to zero @ !refCoefNorm=(ctau3D = -0.126103,ctau3DErr = 0.0184183), !pdfs=(pdfCTAUDSS = 2.8345e-06/1,pdfCTAUDF = 29.4713/1), !coefficients=(fDFSS = 1.00002)
     p.d.f value is less than zero (-0.000591), forcing value to zero @ !refCoefNorm=(ctau3D = -0.172693,ctau3DErr = 0.0171792), !pdfs=(pdfCTAUDSS = 4.92896e-13/1,pdfCTAUDF = 26.071/1), !coefficients=(fDFSS = 1.00002)
     p.d.f value is less than zero (-0.000639), forcing value to zero @ !refCoefNorm=(ctau3D = -0.11327,ctau3DErr = 0.0186381), !pdfs=(pdfCTAUDSS = 5.14805e-05/1,pdfCTAUDF = 30.4831/1), !coefficients=(fDFSS = 1.00002)
     p.d.f value is less than zero (-0.000379), forcing value to zero @ !refCoefNorm=(ctau3D = -0.342247,ctau3DErr = 0.0195713), !pdfs=(pdfCTAUDSS = 3.19303e-38/1,pdfCTAUDF = 16.7022/1), !coefficients=(fDFSS = 1.00002)
     p.d.f value is less than zero (-0.000584), forcing value to zero @ !refCoefNorm=(ctau3D = -0.177424,ctau3DErr = 0.0217389), !pdfs=(pdfCTAUDSS = 9.44375e-09/1,pdfCTAUDF = 25.7649/1), !coefficients=(fDFSS = 1.00002)
    ... (remaining 4 messages suppressed)

[#0] WARNING:Minization -- RooMinimizerFcn: Minimized function has error status.
Returning maximum FCN so far (-12068.3) to force MIGRAD to back out of this region. Error log follows
Parameter values: N_Bkg=1484.22, b_Bkg=0.805908, fDF12=0.000780465, fDFSS=1.00002, fDLIV=0.765357, fDSS12=0.00132117, lambdaDDS_Bkg=0.0600294, lambdaDF_Bkg1=0.58078, lambdaDF_Bkg2=0.380433, lambdaDSS_Bkg1=0.138479, lambdaDSS_Bkg2=0.365779
PID1451255/RooRealMPFE::nll_pdfTot_Bkg_dataw_Bkg_5b88a4322560_MPFE7[ arg=nll_pdfTot_Bkg_dataw_Bkg_GOF7 vars=(N_Bkg,b_Bkg,ctau1_CtauRes,ctau2_CtauRes,ctau3_CtauRes,f2_CtauRes,fDF12,fDFSS,fDLIV,fDSS12,f_CtauRes,lambdaDDS_Bkg,lambdaDF_Bkg1,lambdaDF_Bkg2,lambdaDSS_Bkg1,lambdaDSS_Bkg2,rS21_CtauRes,rS32_CtauRes,s1_CtauRes,zeroMean) ]
     p.d.f value is less than zero (-0.000649), forcing value to zero @ !refCoefNorm=(ctau3D = -0.128967,ctau3DErr = 0.0200602), !pdfs=(pdfCTAUDSS = 1.42174e-05/1,pdfCTAUDF = 29.2568/1), !coefficients=(fDFSS = 1.00002)
     p.d.f value is less than zero (-0.000622), forcing value to zero @ !refCoefNorm=(ctau3D = -0.153542,ctau3DErr = 0.0195274), !pdfs=(pdfCTAUDSS = 3.75219e-08/1,pdfCTAUDF = 27.425/1), !coefficients=(fDFSS = 1.00002)
     p.d.f value is less than zero (-0.000557), forcing value to zero @ !refCoefNorm=(ctau3D = -0.195586,ctau3DErr = 0.0250272), !pdfs=(pdfCTAUDSS = 4.64493e-08/1,pdfCTAUDF = 24.5772/1), !coefficients=(fDFSS = 1.00002)
     p.d.f value is less than zero (-0.000587), forcing value to zero @ !refCoefNorm=(ctau3D = -0.175138,ctau3DErr = 0.0231868), !pdfs=(pdfCTAUDSS = 1.48315e-07/1,pdfCTAUDF = 25.926/1), !coefficients=(fDFSS = 1.00002)
     p.d.f value is less than zero (-0.000509), forcing value to zero @ !refCoefNorm=(ctau3D = -0.229924,ctau3DErr = 0.0209632), !pdfs=(pdfCTAUDSS = 2.04155e-15/1,pdfCTAUDF = 22.4418/1), !coefficients=(fDFSS = 1.00002)
     p.d.f value is less than zero (-0.000639), forcing value to zero @ !refCoefNorm=(ctau3D = -0.142637,ctau3DErr = 0.0197828), !pdfs=(pdfCTAUDSS = 6.43417e-07/1,pdfCTAUDF = 28.2233/1), !coefficients=(fDFSS = 1.00002)
     p.d.f value is less than zero (-0.000548), forcing value to zero @ !refCoefNorm=(ctau3D = -0.201407,ctau3DErr = 0.0178409), !pdfs=(pdfCTAUDSS = 2.67695e-16/1,pdfCTAUDF = 24.178/1), !coefficients=(fDFSS = 1.00002)
     p.d.f value is less than zero (-0.000665), forcing value to zero @ !refCoefNorm=(ctau3D = -0.126103,ctau3DErr = 0.0184183), !pdfs=(pdfCTAUDSS = 2.8345e-06/1,pdfCTAUDF = 29.4713/1), !coefficients=(fDFSS = 1.00002)
     p.d.f value is less than zero (-0.000591), forcing value to zero @ !refCoefNorm=(ctau3D = -0.172693,ctau3DErr = 0.0171792), !pdfs=(pdfCTAUDSS = 4.92896e-13/1,pdfCTAUDF = 26.071/1), !coefficients=(fDFSS = 1.00002)
     p.d.f value is less than zero (-0.000639), forcing value to zero @ !refCoefNorm=(ctau3D = -0.11327,ctau3DErr = 0.0186381), !pdfs=(pdfCTAUDSS = 5.14805e-05/1,pdfCTAUDF = 30.4831/1), !coefficients=(fDFSS = 1.00002)
     p.d.f value is less than zero (-0.000379), forcing value to zero @ !refCoefNorm=(ctau3D = -0.342247,ctau3DErr = 0.0195713), !pdfs=(pdfCTAUDSS = 3.19303e-38/1,pdfCTAUDF = 16.7022/1), !coefficients=(fDFSS = 1.00002)
     p.d.f value is less than zero (-0.000584), forcing value to zero @ !refCoefNorm=(ctau3D = -0.177424,ctau3DErr = 0.0217389), !pdfs=(pdfCTAUDSS = 9.44375e-09/1,pdfCTAUDF = 25.7649/1), !coefficients=(fDFSS = 1.00002)
    ... (remaining 4 messages suppressed)

[#0] WARNING:Minization -- RooMinimizerFcn: Minimized function has error status.
Returning maximum FCN so far (-12068.3) to force MIGRAD to back out of this region. Error log follows
Parameter values: N_Bkg=1483.8, b_Bkg=0.805301, fDF12=0.000431343, fDFSS=1.00002, fDLIV=0.765919, fDSS12=0.000748663, lambdaDDS_Bkg=0.060134, lambdaDF_Bkg1=0.583612, lambdaDF_Bkg2=0.370183, lambdaDSS_Bkg1=0.138489, lambdaDSS_Bkg2=0.36481
PID1451255/RooRealMPFE::nll_pdfTot_Bkg_dataw_Bkg_5b88a4322560_MPFE7[ arg=nll_pdfTot_Bkg_dataw_Bkg_GOF7 vars=(N_Bkg,b_Bkg,ctau1_CtauRes,ctau2_CtauRes,ctau3_CtauRes,f2_CtauRes,fDF12,fDFSS,fDLIV,fDSS12,f_CtauRes,lambdaDDS_Bkg,lambdaDF_Bkg1,lambdaDF_Bkg2,lambdaDSS_Bkg1,lambdaDSS_Bkg2,rS21_CtauRes,rS32_CtauRes,s1_CtauRes,zeroMean) ]
     p.d.f value is less than zero (-0.000661), forcing value to zero @ !refCoefNorm=(ctau3D = -0.128967,ctau3DErr = 0.0200602), !pdfs=(pdfCTAUDSS = 1.42417e-05/1,pdfCTAUDF = 29.7907/1), !coefficients=(fDFSS = 1.00002)
     p.d.f value is less than zero (-0.000632), forcing value to zero @ !refCoefNorm=(ctau3D = -0.153542,ctau3DErr = 0.0195274), !pdfs=(pdfCTAUDSS = 3.75861e-08/1,pdfCTAUDF = 27.8753/1), !coefficients=(fDFSS = 1.00002)
     p.d.f value is less than zero (-0.000564), forcing value to zero @ !refCoefNorm=(ctau3D = -0.195586,ctau3DErr = 0.0250272), !pdfs=(pdfCTAUDSS = 4.65286e-08/1,pdfCTAUDF = 24.9054/1), !coefficients=(fDFSS = 1.00002)
     p.d.f value is less than zero (-0.000596), forcing value to zero @ !refCoefNorm=(ctau3D = -0.175138,ctau3DErr = 0.0231868), !pdfs=(pdfCTAUDSS = 1.48568e-07/1,pdfCTAUDF = 26.311/1), !coefficients=(fDFSS = 1.00002)
     p.d.f value is less than zero (-0.000514), forcing value to zero @ !refCoefNorm=(ctau3D = -0.229924,ctau3DErr = 0.0209632), !pdfs=(pdfCTAUDSS = 2.04504e-15/1,pdfCTAUDF = 22.6836/1), !coefficients=(fDFSS = 1.00002)
     p.d.f value is less than zero (-0.000650), forcing value to zero @ !refCoefNorm=(ctau3D = -0.142637,ctau3DErr = 0.0197828), !pdfs=(pdfCTAUDSS = 6.44516e-07/1,pdfCTAUDF = 28.7096/1), !coefficients=(fDFSS = 1.00002)
     p.d.f value is less than zero (-0.000555), forcing value to zero @ !refCoefNorm=(ctau3D = -0.201407,ctau3DErr = 0.0178409), !pdfs=(pdfCTAUDSS = 2.68153e-16/1,pdfCTAUDF = 24.489/1), !coefficients=(fDFSS = 1.00002)
     p.d.f value is less than zero (-0.000677), forcing value to zero @ !refCoefNorm=(ctau3D = -0.126103,ctau3DErr = 0.0184183), !pdfs=(pdfCTAUDSS = 2.83934e-06/1,pdfCTAUDF = 30.015/1), !coefficients=(fDFSS = 1.00002)
     p.d.f value is less than zero (-0.000600), forcing value to zero @ !refCoefNorm=(ctau3D = -0.172693,ctau3DErr = 0.0171792), !pdfs=(pdfCTAUDSS = 4.93739e-13/1,pdfCTAUDF = 26.4616/1), !coefficients=(fDFSS = 1.00002)
     p.d.f value is less than zero (-0.000653), forcing value to zero @ !refCoefNorm=(ctau3D = -0.11327,ctau3DErr = 0.0186381), !pdfs=(pdfCTAUDSS = 5.15684e-05/1,pdfCTAUDF = 31.0746/1), !coefficients=(fDFSS = 1.00002)
     p.d.f value is less than zero (-0.000380), forcing value to zero @ !refCoefNorm=(ctau3D = -0.342247,ctau3DErr = 0.0195713), !pdfs=(pdfCTAUDSS = 3.19849e-38/1,pdfCTAUDF = 16.7442/1), !coefficients=(fDFSS = 1.00002)
     p.d.f value is less than zero (-0.000593), forcing value to zero @ !refCoefNorm=(ctau3D = -0.177424,ctau3DErr = 0.0217389), !pdfs=(pdfCTAUDSS = 9.45988e-09/1,pdfCTAUDF = 26.1428/1), !coefficients=(fDFSS = 1.00002)
    ... (remaining 4 messages suppressed)

[#0] WARNING:Minization -- RooMinimizerFcn: Minimized function has error status.
Returning maximum FCN so far (-12068.3) to force MIGRAD to back out of this region. Error log follows
Parameter values: N_Bkg=1481.99, b_Bkg=0.806127, fDF12=9.14314e-06, fDFSS=1.00002, fDLIV=0.76422, fDSS12=0.000471591, lambdaDDS_Bkg=0.0602003, lambdaDF_Bkg1=0.579942, lambdaDF_Bkg2=0.363804, lambdaDSS_Bkg1=0.137737, lambdaDSS_Bkg2=0.365136
PID1451255/RooRealMPFE::nll_pdfTot_Bkg_dataw_Bkg_5b88a4322560_MPFE7[ arg=nll_pdfTot_Bkg_dataw_Bkg_GOF7 vars=(N_Bkg,b_Bkg,ctau1_CtauRes,ctau2_CtauRes,ctau3_CtauRes,f2_CtauRes,fDF12,fDFSS,fDLIV,fDSS12,f_CtauRes,lambdaDDS_Bkg,lambdaDF_Bkg1,lambdaDF_Bkg2,lambdaDSS_Bkg1,lambdaDSS_Bkg2,rS21_CtauRes,rS32_CtauRes,s1_CtauRes,zeroMean) ]
     p.d.f value is less than zero (-0.000669), forcing value to zero @ !refCoefNorm=(ctau3D = -0.128967,ctau3DErr = 0.0200602), !pdfs=(pdfCTAUDSS = 1.4223e-05/1,pdfCTAUDF = 30.1335/1), !coefficients=(fDFSS = 1.00002)
     p.d.f value is less than zero (-0.000638), forcing value to zero @ !refCoefNorm=(ctau3D = -0.153542,ctau3DErr = 0.0195274), !pdfs=(pdfCTAUDSS = 3.75366e-08/1,pdfCTAUDF = 28.163/1), !coefficients=(fDFSS = 1.00002)
     p.d.f value is less than zero (-0.000569), forcing value to zero @ !refCoefNorm=(ctau3D = -0.195586,ctau3DErr = 0.0250272), !pdfs=(pdfCTAUDSS = 4.64678e-08/1,pdfCTAUDF = 25.1128/1), !coefficients=(fDFSS = 1.00002)
     p.d.f value is less than zero (-0.000602), forcing value to zero @ !refCoefNorm=(ctau3D = -0.175138,ctau3DErr = 0.0231868), !pdfs=(pdfCTAUDSS = 1.48374e-07/1,pdfCTAUDF = 26.5557/1), !coefficients=(fDFSS = 1.00002)
     p.d.f value is less than zero (-0.000518), forcing value to zero @ !refCoefNorm=(ctau3D = -0.229924,ctau3DErr = 0.0209632), !pdfs=(pdfCTAUDSS = 2.04234e-15/1,pdfCTAUDF = 22.8346/1), !coefficients=(fDFSS = 1.00002)
     p.d.f value is less than zero (-0.000657), forcing value to zero @ !refCoefNorm=(ctau3D = -0.142637,ctau3DErr = 0.0197828), !pdfs=(pdfCTAUDSS = 6.4367e-07/1,pdfCTAUDF = 29.021/1), !coefficients=(fDFSS = 1.00002)
     p.d.f value is less than zero (-0.000559), forcing value to zero @ !refCoefNorm=(ctau3D = -0.201407,ctau3DErr = 0.0178409), !pdfs=(pdfCTAUDSS = 2.67798e-16/1,pdfCTAUDF = 24.6851/1), !coefficients=(fDFSS = 1.00002)
     p.d.f value is less than zero (-0.000685), forcing value to zero @ !refCoefNorm=(ctau3D = -0.126103,ctau3DErr = 0.0184183), !pdfs=(pdfCTAUDSS = 2.83561e-06/1,pdfCTAUDF = 30.3643/1), !coefficients=(fDFSS = 1.00002)
     p.d.f value is less than zero (-0.000605), forcing value to zero @ !refCoefNorm=(ctau3D = -0.172693,ctau3DErr = 0.0171792), !pdfs=(pdfCTAUDSS = 4.93086e-13/1,pdfCTAUDF = 26.71/1), !coefficients=(fDFSS = 1.00002)
     p.d.f value is less than zero (-0.000661), forcing value to zero @ !refCoefNorm=(ctau3D = -0.11327,ctau3DErr = 0.0186381), !pdfs=(pdfCTAUDSS = 5.15008e-05/1,pdfCTAUDF = 31.4555/1), !coefficients=(fDFSS = 1.00002)
     p.d.f value is less than zero (-0.000380), forcing value to zero @ !refCoefNorm=(ctau3D = -0.342247,ctau3DErr = 0.0195713), !pdfs=(pdfCTAUDSS = 3.19425e-38/1,pdfCTAUDF = 16.7654/1), !coefficients=(fDFSS = 1.00002)
     p.d.f value is less than zero (-0.000598), forcing value to zero @ !refCoefNorm=(ctau3D = -0.177424,ctau3DErr = 0.0217389), !pdfs=(pdfCTAUDSS = 9.44746e-09/1,pdfCTAUDF = 26.3828/1), !coefficients=(fDFSS = 1.00002)
    ... (remaining 4 messages suppressed)

[#0] WARNING:Minization -- RooMinimizerFcn: Minimized function has error status.
Returning maximum FCN so far (-12068.3) to force MIGRAD to back out of this region. Error log follows
Parameter values: N_Bkg=1481.99, b_Bkg=0.806127, fDF12=9.14314e-06, fDFSS=1.00002, fDLIV=0.76422, fDSS12=0.000471591, lambdaDDS_Bkg=0.0602003, lambdaDF_Bkg1=0.579942, lambdaDF_Bkg2=0.363804, lambdaDSS_Bkg1=0.137737, lambdaDSS_Bkg2=0.365136
PID1451255/RooRealMPFE::nll_pdfTot_Bkg_dataw_Bkg_5b88a4322560_MPFE7[ arg=nll_pdfTot_Bkg_dataw_Bkg_GOF7 vars=(N_Bkg,b_Bkg,ctau1_CtauRes,ctau2_CtauRes,ctau3_CtauRes,f2_CtauRes,fDF12,fDFSS,fDLIV,fDSS12,f_CtauRes,lambdaDDS_Bkg,lambdaDF_Bkg1,lambdaDF_Bkg2,lambdaDSS_Bkg1,lambdaDSS_Bkg2,rS21_CtauRes,rS32_CtauRes,s1_CtauRes,zeroMean) ]
     p.d.f value is less than zero (-0.000669), forcing value to zero @ !refCoefNorm=(ctau3D = -0.128967,ctau3DErr = 0.0200602), !pdfs=(pdfCTAUDSS = 1.4223e-05/1,pdfCTAUDF = 30.1335/1), !coefficients=(fDFSS = 1.00002)
     p.d.f value is less than zero (-0.000638), forcing value to zero @ !refCoefNorm=(ctau3D = -0.153542,ctau3DErr = 0.0195274), !pdfs=(pdfCTAUDSS = 3.75366e-08/1,pdfCTAUDF = 28.163/1), !coefficients=(fDFSS = 1.00002)
     p.d.f value is less than zero (-0.000569), forcing value to zero @ !refCoefNorm=(ctau3D = -0.195586,ctau3DErr = 0.0250272), !pdfs=(pdfCTAUDSS = 4.64678e-08/1,pdfCTAUDF = 25.1128/1), !coefficients=(fDFSS = 1.00002)
     p.d.f value is less than zero (-0.000602), forcing value to zero @ !refCoefNorm=(ctau3D = -0.175138,ctau3DErr = 0.0231868), !pdfs=(pdfCTAUDSS = 1.48374e-07/1,pdfCTAUDF = 26.5557/1), !coefficients=(fDFSS = 1.00002)
     p.d.f value is less than zero (-0.000518), forcing value to zero @ !refCoefNorm=(ctau3D = -0.229924,ctau3DErr = 0.0209632), !pdfs=(pdfCTAUDSS = 2.04234e-15/1,pdfCTAUDF = 22.8346/1), !coefficients=(fDFSS = 1.00002)
     p.d.f value is less than zero (-0.000657), forcing value to zero @ !refCoefNorm=(ctau3D = -0.142637,ctau3DErr = 0.0197828), !pdfs=(pdfCTAUDSS = 6.4367e-07/1,pdfCTAUDF = 29.021/1), !coefficients=(fDFSS = 1.00002)
     p.d.f value is less than zero (-0.000559), forcing value to zero @ !refCoefNorm=(ctau3D = -0.201407,ctau3DErr = 0.0178409), !pdfs=(pdfCTAUDSS = 2.67798e-16/1,pdfCTAUDF = 24.6851/1), !coefficients=(fDFSS = 1.00002)
     p.d.f value is less than zero (-0.000685), forcing value to zero @ !refCoefNorm=(ctau3D = -0.126103,ctau3DErr = 0.0184183), !pdfs=(pdfCTAUDSS = 2.83561e-06/1,pdfCTAUDF = 30.3643/1), !coefficients=(fDFSS = 1.00002)
     p.d.f value is less than zero (-0.000605), forcing value to zero @ !refCoefNorm=(ctau3D = -0.172693,ctau3DErr = 0.0171792), !pdfs=(pdfCTAUDSS = 4.93086e-13/1,pdfCTAUDF = 26.71/1), !coefficients=(fDFSS = 1.00002)
     p.d.f value is less than zero (-0.000661), forcing value to zero @ !refCoefNorm=(ctau3D = -0.11327,ctau3DErr = 0.0186381), !pdfs=(pdfCTAUDSS = 5.15008e-05/1,pdfCTAUDF = 31.4555/1), !coefficients=(fDFSS = 1.00002)
     p.d.f value is less than zero (-0.000380), forcing value to zero @ !refCoefNorm=(ctau3D = -0.342247,ctau3DErr = 0.0195713), !pdfs=(pdfCTAUDSS = 3.19425e-38/1,pdfCTAUDF = 16.7654/1), !coefficients=(fDFSS = 1.00002)
     p.d.f value is less than zero (-0.000598), forcing value to zero @ !refCoefNorm=(ctau3D = -0.177424,ctau3DErr = 0.0217389), !pdfs=(pdfCTAUDSS = 9.44746e-09/1,pdfCTAUDF = 26.3828/1), !coefficients=(fDFSS = 1.00002)
    ... (remaining 4 messages suppressed)

[#0] WARNING:Minization -- RooMinimizerFcn: Minimized function has error status.
Returning maximum FCN so far (-12068.3) to force MIGRAD to back out of this region. Error log follows
Parameter values: N_Bkg=1481.69, b_Bkg=0.806287, fDF12=5.88134e-05, fDFSS=1.00002, fDLIV=0.763926, fDSS12=0.000397822, lambdaDDS_Bkg=0.0602174, lambdaDF_Bkg1=0.579266, lambdaDF_Bkg2=0.36146, lambdaDSS_Bkg1=0.137548, lambdaDSS_Bkg2=0.365181
PID1451255/RooRealMPFE::nll_pdfTot_Bkg_dataw_Bkg_5b88a4322560_MPFE7[ arg=nll_pdfTot_Bkg_dataw_Bkg_GOF7 vars=(N_Bkg,b_Bkg,ctau1_CtauRes,ctau2_CtauRes,ctau3_CtauRes,f2_CtauRes,fDF12,fDFSS,fDLIV,fDSS12,f_CtauRes,lambdaDDS_Bkg,lambdaDF_Bkg1,lambdaDF_Bkg2,lambdaDSS_Bkg1,lambdaDSS_Bkg2,rS21_CtauRes,rS32_CtauRes,s1_CtauRes,zeroMean) ]
     p.d.f value is less than zero (-0.000672), forcing value to zero @ !refCoefNorm=(ctau3D = -0.128967,ctau3DErr = 0.0200602), !pdfs=(pdfCTAUDSS = 1.42197e-05/1,pdfCTAUDF = 30.2594/1), !coefficients=(fDFSS = 1.00002)
     p.d.f value is less than zero (-0.000641), forcing value to zero @ !refCoefNorm=(ctau3D = -0.153542,ctau3DErr = 0.0195274), !pdfs=(pdfCTAUDSS = 3.75277e-08/1,pdfCTAUDF = 28.2683/1), !coefficients=(fDFSS = 1.00002)
     p.d.f value is less than zero (-0.000571), forcing value to zero @ !refCoefNorm=(ctau3D = -0.195586,ctau3DErr = 0.0250272), !pdfs=(pdfCTAUDSS = 4.64568e-08/1,pdfCTAUDF = 25.1882/1), !coefficients=(fDFSS = 1.00002)
     p.d.f value is less than zero (-0.000604), forcing value to zero @ !refCoefNorm=(ctau3D = -0.175138,ctau3DErr = 0.0231868), !pdfs=(pdfCTAUDSS = 1.48339e-07/1,pdfCTAUDF = 26.6449/1), !coefficients=(fDFSS = 1.00002)
     p.d.f value is less than zero (-0.000519), forcing value to zero @ !refCoefNorm=(ctau3D = -0.229924,ctau3DErr = 0.0209632), !pdfs=(pdfCTAUDSS = 2.04185e-15/1,pdfCTAUDF = 22.8889/1), !coefficients=(fDFSS = 1.00002)
     p.d.f value is less than zero (-0.000660), forcing value to zero @ !refCoefNorm=(ctau3D = -0.142637,ctau3DErr = 0.0197828), !pdfs=(pdfCTAUDSS = 6.43518e-07/1,pdfCTAUDF = 29.1352/1), !coefficients=(fDFSS = 1.00002)
     p.d.f value is less than zero (-0.000561), forcing value to zero @ !refCoefNorm=(ctau3D = -0.201407,ctau3DErr = 0.0178409), !pdfs=(pdfCTAUDSS = 2.67734e-16/1,pdfCTAUDF = 24.7562/1), !coefficients=(fDFSS = 1.00002)
     p.d.f value is less than zero (-0.000688), forcing value to zero @ !refCoefNorm=(ctau3D = -0.126103,ctau3DErr = 0.0184183), !pdfs=(pdfCTAUDSS = 2.83494e-06/1,pdfCTAUDF = 30.4926/1), !coefficients=(fDFSS = 1.00002)
     p.d.f value is less than zero (-0.000607), forcing value to zero @ !refCoefNorm=(ctau3D = -0.172693,ctau3DErr = 0.0171792), !pdfs=(pdfCTAUDSS = 4.92968e-13/1,pdfCTAUDF = 26.8006/1), !coefficients=(fDFSS = 1.00002)
     p.d.f value is less than zero (-0.000665), forcing value to zero @ !refCoefNorm=(ctau3D = -0.11327,ctau3DErr = 0.0186381), !pdfs=(pdfCTAUDSS = 5.14887e-05/1,pdfCTAUDF = 31.5957/1), !coefficients=(fDFSS = 1.00002)
     p.d.f value is less than zero (-0.000380), forcing value to zero @ !refCoefNorm=(ctau3D = -0.342247,ctau3DErr = 0.0195713), !pdfs=(pdfCTAUDSS = 3.19348e-38/1,pdfCTAUDF = 16.7717/1), !coefficients=(fDFSS = 1.00002)
     p.d.f value is less than zero (-0.000600), forcing value to zero @ !refCoefNorm=(ctau3D = -0.177424,ctau3DErr = 0.0217389), !pdfs=(pdfCTAUDSS = 9.44522e-09/1,pdfCTAUDF = 26.4703/1), !coefficients=(fDFSS = 1.00002)
    ... (remaining 4 messages suppressed)

[#0] WARNING:Minization -- RooMinimizerFcn: Minimized function has error status.
Returning maximum FCN so far (-12068.3) to force MIGRAD to back out of this region. Error log follows
Parameter values: N_Bkg=1483.49, b_Bkg=0.806338, fDF12=4.61484e-06, fDFSS=1.00002, fDLIV=0.764883, fDSS12=7.03744e-05, lambdaDDS_Bkg=0.0602368, lambdaDF_Bkg1=0.578869, lambdaDF_Bkg2=0.338063, lambdaDSS_Bkg1=0.136431, lambdaDSS_Bkg2=0.365422
PID1451255/RooRealMPFE::nll_pdfTot_Bkg_dataw_Bkg_5b88a4322560_MPFE7[ arg=nll_pdfTot_Bkg_dataw_Bkg_GOF7 vars=(N_Bkg,b_Bkg,ctau1_CtauRes,ctau2_CtauRes,ctau3_CtauRes,f2_CtauRes,fDF12,fDFSS,fDLIV,fDSS12,f_CtauRes,lambdaDDS_Bkg,lambdaDF_Bkg1,lambdaDF_Bkg2,lambdaDSS_Bkg1,lambdaDSS_Bkg2,rS21_CtauRes,rS32_CtauRes,s1_CtauRes,zeroMean) ]
     p.d.f value is less than zero (-0.000701), forcing value to zero @ !refCoefNorm=(ctau3D = -0.128967,ctau3DErr = 0.0200602), !pdfs=(pdfCTAUDSS = 1.4203e-05/1,pdfCTAUDF = 31.5717/1), !coefficients=(fDFSS = 1.00002)
     p.d.f value is less than zero (-0.000665), forcing value to zero @ !refCoefNorm=(ctau3D = -0.153542,ctau3DErr = 0.0195274), !pdfs=(pdfCTAUDSS = 3.74836e-08/1,pdfCTAUDF = 29.3554/1), !coefficients=(fDFSS = 1.00002)
     p.d.f value is less than zero (-0.000588), forcing value to zero @ !refCoefNorm=(ctau3D = -0.195586,ctau3DErr = 0.0250272), !pdfs=(pdfCTAUDSS = 4.64024e-08/1,pdfCTAUDF = 25.9507/1), !coefficients=(fDFSS = 1.00002)
     p.d.f value is less than zero (-0.000624), forcing value to zero @ !refCoefNorm=(ctau3D = -0.175138,ctau3DErr = 0.0231868), !pdfs=(pdfCTAUDSS = 1.48165e-07/1,pdfCTAUDF = 27.5579/1), !coefficients=(fDFSS = 1.00002)
     p.d.f value is less than zero (-0.000531), forcing value to zero @ !refCoefNorm=(ctau3D = -0.229924,ctau3DErr = 0.0209632), !pdfs=(pdfCTAUDSS = 2.03944e-15/1,pdfCTAUDF = 23.4248/1), !coefficients=(fDFSS = 1.00002)
     p.d.f value is less than zero (-0.000687), forcing value to zero @ !refCoefNorm=(ctau3D = -0.142637,ctau3DErr = 0.0197828), !pdfs=(pdfCTAUDSS = 6.42762e-07/1,pdfCTAUDF = 30.3191/1), !coefficients=(fDFSS = 1.00002)
     p.d.f value is less than zero (-0.000577), forcing value to zero @ !refCoefNorm=(ctau3D = -0.201407,ctau3DErr = 0.0178409), !pdfs=(pdfCTAUDSS = 2.67417e-16/1,pdfCTAUDF = 25.4728/1), !coefficients=(fDFSS = 1.00002)
     p.d.f value is less than zero (-0.000719), forcing value to zero @ !refCoefNorm=(ctau3D = -0.126103,ctau3DErr = 0.0184183), !pdfs=(pdfCTAUDSS = 2.83161e-06/1,pdfCTAUDF = 31.8314/1), !coefficients=(fDFSS = 1.00002)
     p.d.f value is less than zero (-0.000628), forcing value to zero @ !refCoefNorm=(ctau3D = -0.172693,ctau3DErr = 0.0171792), !pdfs=(pdfCTAUDSS = 4.92385e-13/1,pdfCTAUDF = 27.7281/1), !coefficients=(fDFSS = 1.00002)
     p.d.f value is less than zero (-0.000698), forcing value to zero @ !refCoefNorm=(ctau3D = -0.11327,ctau3DErr = 0.0186381), !pdfs=(pdfCTAUDSS = 5.14283e-05/1,pdfCTAUDF = 33.0642/1), !coefficients=(fDFSS = 1.00002)
     p.d.f value is less than zero (-0.000381), forcing value to zero @ !refCoefNorm=(ctau3D = -0.342247,ctau3DErr = 0.0195713), !pdfs=(pdfCTAUDSS = 3.18968e-38/1,pdfCTAUDF = 16.7985/1), !coefficients=(fDFSS = 1.00002)
     p.d.f value is less than zero (-0.000620), forcing value to zero @ !refCoefNorm=(ctau3D = -0.177424,ctau3DErr = 0.0217389), !pdfs=(pdfCTAUDSS = 9.43412e-09/1,pdfCTAUDF = 27.3643/1), !coefficients=(fDFSS = 1.00002)
    ... (remaining 4 messages suppressed)

[#0] WARNING:Minization -- RooMinimizerFcn: Minimized function has error status.
Returning maximum FCN so far (-12068.3) to force MIGRAD to back out of this region. Error log follows
Parameter values: N_Bkg=1483.49, b_Bkg=0.806338, fDF12=4.61484e-06, fDFSS=1.00002, fDLIV=0.764883, fDSS12=7.03744e-05, lambdaDDS_Bkg=0.0602368, lambdaDF_Bkg1=0.578869, lambdaDF_Bkg2=0.338063, lambdaDSS_Bkg1=0.136431, lambdaDSS_Bkg2=0.365422
PID1451255/RooRealMPFE::nll_pdfTot_Bkg_dataw_Bkg_5b88a4322560_MPFE7[ arg=nll_pdfTot_Bkg_dataw_Bkg_GOF7 vars=(N_Bkg,b_Bkg,ctau1_CtauRes,ctau2_CtauRes,ctau3_CtauRes,f2_CtauRes,fDF12,fDFSS,fDLIV,fDSS12,f_CtauRes,lambdaDDS_Bkg,lambdaDF_Bkg1,lambdaDF_Bkg2,lambdaDSS_Bkg1,lambdaDSS_Bkg2,rS21_CtauRes,rS32_CtauRes,s1_CtauRes,zeroMean) ]
     p.d.f value is less than zero (-0.000701), forcing value to zero @ !refCoefNorm=(ctau3D = -0.128967,ctau3DErr = 0.0200602), !pdfs=(pdfCTAUDSS = 1.4203e-05/1,pdfCTAUDF = 31.5717/1), !coefficients=(fDFSS = 1.00002)
     p.d.f value is less than zero (-0.000665), forcing value to zero @ !refCoefNorm=(ctau3D = -0.153542,ctau3DErr = 0.0195274), !pdfs=(pdfCTAUDSS = 3.74836e-08/1,pdfCTAUDF = 29.3554/1), !coefficients=(fDFSS = 1.00002)
     p.d.f value is less than zero (-0.000588), forcing value to zero @ !refCoefNorm=(ctau3D = -0.195586,ctau3DErr = 0.0250272), !pdfs=(pdfCTAUDSS = 4.64024e-08/1,pdfCTAUDF = 25.9507/1), !coefficients=(fDFSS = 1.00002)
     p.d.f value is less than zero (-0.000624), forcing value to zero @ !refCoefNorm=(ctau3D = -0.175138,ctau3DErr = 0.0231868), !pdfs=(pdfCTAUDSS = 1.48165e-07/1,pdfCTAUDF = 27.5579/1), !coefficients=(fDFSS = 1.00002)
     p.d.f value is less than zero (-0.000531), forcing value to zero @ !refCoefNorm=(ctau3D = -0.229924,ctau3DErr = 0.0209632), !pdfs=(pdfCTAUDSS = 2.03944e-15/1,pdfCTAUDF = 23.4248/1), !coefficients=(fDFSS = 1.00002)
     p.d.f value is less than zero (-0.000687), forcing value to zero @ !refCoefNorm=(ctau3D = -0.142637,ctau3DErr = 0.0197828), !pdfs=(pdfCTAUDSS = 6.42762e-07/1,pdfCTAUDF = 30.3191/1), !coefficients=(fDFSS = 1.00002)
     p.d.f value is less than zero (-0.000577), forcing value to zero @ !refCoefNorm=(ctau3D = -0.201407,ctau3DErr = 0.0178409), !pdfs=(pdfCTAUDSS = 2.67417e-16/1,pdfCTAUDF = 25.4728/1), !coefficients=(fDFSS = 1.00002)
     p.d.f value is less than zero (-0.000719), forcing value to zero @ !refCoefNorm=(ctau3D = -0.126103,ctau3DErr = 0.0184183), !pdfs=(pdfCTAUDSS = 2.83161e-06/1,pdfCTAUDF = 31.8314/1), !coefficients=(fDFSS = 1.00002)
     p.d.f value is less than zero (-0.000628), forcing value to zero @ !refCoefNorm=(ctau3D = -0.172693,ctau3DErr = 0.0171792), !pdfs=(pdfCTAUDSS = 4.92385e-13/1,pdfCTAUDF = 27.7281/1), !coefficients=(fDFSS = 1.00002)
     p.d.f value is less than zero (-0.000698), forcing value to zero @ !refCoefNorm=(ctau3D = -0.11327,ctau3DErr = 0.0186381), !pdfs=(pdfCTAUDSS = 5.14283e-05/1,pdfCTAUDF = 33.0642/1), !coefficients=(fDFSS = 1.00002)
     p.d.f value is less than zero (-0.000381), forcing value to zero @ !refCoefNorm=(ctau3D = -0.342247,ctau3DErr = 0.0195713), !pdfs=(pdfCTAUDSS = 3.18968e-38/1,pdfCTAUDF = 16.7985/1), !coefficients=(fDFSS = 1.00002)
     p.d.f value is less than zero (-0.000620), forcing value to zero @ !refCoefNorm=(ctau3D = -0.177424,ctau3DErr = 0.0217389), !pdfs=(pdfCTAUDSS = 9.43412e-09/1,pdfCTAUDF = 27.3643/1), !coefficients=(fDFSS = 1.00002)
    ... (remaining 4 messages suppressed)

[#0] WARNING:Minization -- RooMinimizerFcn: Minimized function has error status.
Returning maximum FCN so far (-12068.3) to force MIGRAD to back out of this region. Error log follows
Parameter values: N_Bkg=1483.36, b_Bkg=0.80628, fDF12=4.7529e-06, fDFSS=1.00002, fDLIV=0.76493, fDSS12=1.45961e-05, lambdaDDS_Bkg=0.0601816, lambdaDF_Bkg1=0.578373, lambdaDF_Bkg2=0.316021, lambdaDSS_Bkg1=0.135626, lambdaDSS_Bkg2=0.36537
PID1451255/RooRealMPFE::nll_pdfTot_Bkg_dataw_Bkg_5b88a4322560_MPFE7[ arg=nll_pdfTot_Bkg_dataw_Bkg_GOF7 vars=(N_Bkg,b_Bkg,ctau1_CtauRes,ctau2_CtauRes,ctau3_CtauRes,f2_CtauRes,fDF12,fDFSS,fDLIV,fDSS12,f_CtauRes,lambdaDDS_Bkg,lambdaDF_Bkg1,lambdaDF_Bkg2,lambdaDSS_Bkg1,lambdaDSS_Bkg2,rS21_CtauRes,rS32_CtauRes,s1_CtauRes,zeroMean) ]
     p.d.f value is less than zero (-0.000731), forcing value to zero @ !refCoefNorm=(ctau3D = -0.128967,ctau3DErr = 0.0200602), !pdfs=(pdfCTAUDSS = 1.42037e-05/1,pdfCTAUDF = 32.8954/1), !coefficients=(fDFSS = 1.00002)
     p.d.f value is less than zero (-0.000690), forcing value to zero @ !refCoefNorm=(ctau3D = -0.153542,ctau3DErr = 0.0195274), !pdfs=(pdfCTAUDSS = 3.74855e-08/1,pdfCTAUDF = 30.4311/1), !coefficients=(fDFSS = 1.00002)
     p.d.f value is less than zero (-0.000605), forcing value to zero @ !refCoefNorm=(ctau3D = -0.195586,ctau3DErr = 0.0250272), !pdfs=(pdfCTAUDSS = 4.64048e-08/1,pdfCTAUDF = 26.6734/1), !coefficients=(fDFSS = 1.00002)
     p.d.f value is less than zero (-0.000645), forcing value to zero @ !refCoefNorm=(ctau3D = -0.175138,ctau3DErr = 0.0231868), !pdfs=(pdfCTAUDSS = 1.48173e-07/1,pdfCTAUDF = 28.4435/1), !coefficients=(fDFSS = 1.00002)
     p.d.f value is less than zero (-0.000542), forcing value to zero @ !refCoefNorm=(ctau3D = -0.229924,ctau3DErr = 0.0209632), !pdfs=(pdfCTAUDSS = 2.03954e-15/1,pdfCTAUDF = 23.9043/1), !coefficients=(fDFSS = 1.00002)
     p.d.f value is less than zero (-0.000713), forcing value to zero @ !refCoefNorm=(ctau3D = -0.142637,ctau3DErr = 0.0197828), !pdfs=(pdfCTAUDSS = 6.42795e-07/1,pdfCTAUDF = 31.501/1), !coefficients=(fDFSS = 1.00002)
     p.d.f value is less than zero (-0.000593), forcing value to zero @ !refCoefNorm=(ctau3D = -0.201407,ctau3DErr = 0.0178409), !pdfs=(pdfCTAUDSS = 2.6743e-16/1,pdfCTAUDF = 26.1456/1), !coefficients=(fDFSS = 1.00002)
     p.d.f value is less than zero (-0.000749), forcing value to zero @ !refCoefNorm=(ctau3D = -0.126103,ctau3DErr = 0.0184183), !pdfs=(pdfCTAUDSS = 2.83175e-06/1,pdfCTAUDF = 33.1842/1), !coefficients=(fDFSS = 1.00002)
     p.d.f value is less than zero (-0.000649), forcing value to zero @ !refCoefNorm=(ctau3D = -0.172693,ctau3DErr = 0.0171792), !pdfs=(pdfCTAUDSS = 4.9241e-13/1,pdfCTAUDF = 28.6291/1), !coefficients=(fDFSS = 1.00002)
     p.d.f value is less than zero (-0.000732), forcing value to zero @ !refCoefNorm=(ctau3D = -0.11327,ctau3DErr = 0.0186381), !pdfs=(pdfCTAUDSS = 5.1431e-05/1,pdfCTAUDF = 34.5609/1), !coefficients=(fDFSS = 1.00002)
     p.d.f value is less than zero (-0.000380), forcing value to zero @ !refCoefNorm=(ctau3D = -0.342247,ctau3DErr = 0.0195713), !pdfs=(pdfCTAUDSS = 3.18985e-38/1,pdfCTAUDF = 16.7491/1), !coefficients=(fDFSS = 1.00002)
     p.d.f value is less than zero (-0.000640), forcing value to zero @ !refCoefNorm=(ctau3D = -0.177424,ctau3DErr = 0.0217389), !pdfs=(pdfCTAUDSS = 9.43461e-09/1,pdfCTAUDF = 28.2291/1), !coefficients=(fDFSS = 1.00002)
    ... (remaining 4 messages suppressed)

[#0] WARNING:Minization -- RooMinimizerFcn: Minimized function has error status.
Returning maximum FCN so far (-12068.3) to force MIGRAD to back out of this region. Error log follows
Parameter values: N_Bkg=1482.67, b_Bkg=0.806256, fDF12=1.6107e-06, fDFSS=1.00002, fDLIV=0.764621, fDSS12=4.99464e-06, lambdaDDS_Bkg=0.06016, lambdaDF_Bkg1=0.578186, lambdaDF_Bkg2=0.315716, lambdaDSS_Bkg1=0.135826, lambdaDSS_Bkg2=0.365324
PID1451255/RooRealMPFE::nll_pdfTot_Bkg_dataw_Bkg_5b88a4322560_MPFE7[ arg=nll_pdfTot_Bkg_dataw_Bkg_GOF7 vars=(N_Bkg,b_Bkg,ctau1_CtauRes,ctau2_CtauRes,ctau3_CtauRes,f2_CtauRes,fDF12,fDFSS,fDLIV,fDSS12,f_CtauRes,lambdaDDS_Bkg,lambdaDF_Bkg1,lambdaDF_Bkg2,lambdaDSS_Bkg1,lambdaDSS_Bkg2,rS21_CtauRes,rS32_CtauRes,s1_CtauRes,zeroMean) ]
     p.d.f value is less than zero (-0.000732), forcing value to zero @ !refCoefNorm=(ctau3D = -0.128967,ctau3DErr = 0.0200602), !pdfs=(pdfCTAUDSS = 1.42053e-05/1,pdfCTAUDF = 32.9143/1), !coefficients=(fDFSS = 1.00002)
     p.d.f value is less than zero (-0.000690), forcing value to zero @ !refCoefNorm=(ctau3D = -0.153542,ctau3DErr = 0.0195274), !pdfs=(pdfCTAUDSS = 3.74895e-08/1,pdfCTAUDF = 30.4463/1), !coefficients=(fDFSS = 1.00002)
     p.d.f value is less than zero (-0.000605), forcing value to zero @ !refCoefNorm=(ctau3D = -0.195586,ctau3DErr = 0.0250272), !pdfs=(pdfCTAUDSS = 4.64098e-08/1,pdfCTAUDF = 26.6834/1), !coefficients=(fDFSS = 1.00002)
     p.d.f value is less than zero (-0.000645), forcing value to zero @ !refCoefNorm=(ctau3D = -0.175138,ctau3DErr = 0.0231868), !pdfs=(pdfCTAUDSS = 1.48189e-07/1,pdfCTAUDF = 28.4559/1), !coefficients=(fDFSS = 1.00002)
     p.d.f value is less than zero (-0.000542), forcing value to zero @ !refCoefNorm=(ctau3D = -0.229924,ctau3DErr = 0.0209632), !pdfs=(pdfCTAUDSS = 2.03976e-15/1,pdfCTAUDF = 23.9107/1), !coefficients=(fDFSS = 1.00002)
     p.d.f value is less than zero (-0.000714), forcing value to zero @ !refCoefNorm=(ctau3D = -0.142637,ctau3DErr = 0.0197828), !pdfs=(pdfCTAUDSS = 6.42864e-07/1,pdfCTAUDF = 31.5178/1), !coefficients=(fDFSS = 1.00002)
     p.d.f value is less than zero (-0.000593), forcing value to zero @ !refCoefNorm=(ctau3D = -0.201407,ctau3DErr = 0.0178409), !pdfs=(pdfCTAUDSS = 2.67459e-16/1,pdfCTAUDF = 26.1548/1), !coefficients=(fDFSS = 1.00002)
     p.d.f value is less than zero (-0.000750), forcing value to zero @ !refCoefNorm=(ctau3D = -0.126103,ctau3DErr = 0.0184183), !pdfs=(pdfCTAUDSS = 2.83206e-06/1,pdfCTAUDF = 33.2036/1), !coefficients=(fDFSS = 1.00002)
     p.d.f value is less than zero (-0.000649), forcing value to zero @ !refCoefNorm=(ctau3D = -0.172693,ctau3DErr = 0.0171792), !pdfs=(pdfCTAUDSS = 4.92463e-13/1,pdfCTAUDF = 28.6418/1), !coefficients=(fDFSS = 1.00002)
     p.d.f value is less than zero (-0.000732), forcing value to zero @ !refCoefNorm=(ctau3D = -0.11327,ctau3DErr = 0.0186381), !pdfs=(pdfCTAUDSS = 5.14365e-05/1,pdfCTAUDF = 34.5825/1), !coefficients=(fDFSS = 1.00002)
     p.d.f value is less than zero (-0.000380), forcing value to zero @ !refCoefNorm=(ctau3D = -0.342247,ctau3DErr = 0.0195713), !pdfs=(pdfCTAUDSS = 3.19019e-38/1,pdfCTAUDF = 16.7478/1), !coefficients=(fDFSS = 1.00002)
     p.d.f value is less than zero (-0.000640), forcing value to zero @ !refCoefNorm=(ctau3D = -0.177424,ctau3DErr = 0.0217389), !pdfs=(pdfCTAUDSS = 9.43562e-09/1,pdfCTAUDF = 28.2412/1), !coefficients=(fDFSS = 1.00002)
    ... (remaining 4 messages suppressed)

[#0] WARNING:Minization -- RooMinimizerFcn: Minimized function has error status.
Returning maximum FCN so far (-12068.3) to force MIGRAD to back out of this region. Error log follows
Parameter values: N_Bkg=1482.67, b_Bkg=0.806256, fDF12=1.6107e-06, fDFSS=1.00002, fDLIV=0.764621, fDSS12=4.99464e-06, lambdaDDS_Bkg=0.06016, lambdaDF_Bkg1=0.578186, lambdaDF_Bkg2=0.315716, lambdaDSS_Bkg1=0.135826, lambdaDSS_Bkg2=0.365324
PID1451255/RooRealMPFE::nll_pdfTot_Bkg_dataw_Bkg_5b88a4322560_MPFE7[ arg=nll_pdfTot_Bkg_dataw_Bkg_GOF7 vars=(N_Bkg,b_Bkg,ctau1_CtauRes,ctau2_CtauRes,ctau3_CtauRes,f2_CtauRes,fDF12,fDFSS,fDLIV,fDSS12,f_CtauRes,lambdaDDS_Bkg,lambdaDF_Bkg1,lambdaDF_Bkg2,lambdaDSS_Bkg1,lambdaDSS_Bkg2,rS21_CtauRes,rS32_CtauRes,s1_CtauRes,zeroMean) ]
     p.d.f value is less than zero (-0.000732), forcing value to zero @ !refCoefNorm=(ctau3D = -0.128967,ctau3DErr = 0.0200602), !pdfs=(pdfCTAUDSS = 1.42053e-05/1,pdfCTAUDF = 32.9143/1), !coefficients=(fDFSS = 1.00002)
     p.d.f value is less than zero (-0.000690), forcing value to zero @ !refCoefNorm=(ctau3D = -0.153542,ctau3DErr = 0.0195274), !pdfs=(pdfCTAUDSS = 3.74895e-08/1,pdfCTAUDF = 30.4463/1), !coefficients=(fDFSS = 1.00002)
     p.d.f value is less than zero (-0.000605), forcing value to zero @ !refCoefNorm=(ctau3D = -0.195586,ctau3DErr = 0.0250272), !pdfs=(pdfCTAUDSS = 4.64098e-08/1,pdfCTAUDF = 26.6834/1), !coefficients=(fDFSS = 1.00002)
     p.d.f value is less than zero (-0.000645), forcing value to zero @ !refCoefNorm=(ctau3D = -0.175138,ctau3DErr = 0.0231868), !pdfs=(pdfCTAUDSS = 1.48189e-07/1,pdfCTAUDF = 28.4559/1), !coefficients=(fDFSS = 1.00002)
     p.d.f value is less than zero (-0.000542), forcing value to zero @ !refCoefNorm=(ctau3D = -0.229924,ctau3DErr = 0.0209632), !pdfs=(pdfCTAUDSS = 2.03976e-15/1,pdfCTAUDF = 23.9107/1), !coefficients=(fDFSS = 1.00002)
     p.d.f value is less than zero (-0.000714), forcing value to zero @ !refCoefNorm=(ctau3D = -0.142637,ctau3DErr = 0.0197828), !pdfs=(pdfCTAUDSS = 6.42864e-07/1,pdfCTAUDF = 31.5178/1), !coefficients=(fDFSS = 1.00002)
     p.d.f value is less than zero (-0.000593), forcing value to zero @ !refCoefNorm=(ctau3D = -0.201407,ctau3DErr = 0.0178409), !pdfs=(pdfCTAUDSS = 2.67459e-16/1,pdfCTAUDF = 26.1548/1), !coefficients=(fDFSS = 1.00002)
     p.d.f value is less than zero (-0.000750), forcing value to zero @ !refCoefNorm=(ctau3D = -0.126103,ctau3DErr = 0.0184183), !pdfs=(pdfCTAUDSS = 2.83206e-06/1,pdfCTAUDF = 33.2036/1), !coefficients=(fDFSS = 1.00002)
     p.d.f value is less than zero (-0.000649), forcing value to zero @ !refCoefNorm=(ctau3D = -0.172693,ctau3DErr = 0.0171792), !pdfs=(pdfCTAUDSS = 4.92463e-13/1,pdfCTAUDF = 28.6418/1), !coefficients=(fDFSS = 1.00002)
     p.d.f value is less than zero (-0.000732), forcing value to zero @ !refCoefNorm=(ctau3D = -0.11327,ctau3DErr = 0.0186381), !pdfs=(pdfCTAUDSS = 5.14365e-05/1,pdfCTAUDF = 34.5825/1), !coefficients=(fDFSS = 1.00002)
     p.d.f value is less than zero (-0.000380), forcing value to zero @ !refCoefNorm=(ctau3D = -0.342247,ctau3DErr = 0.0195713), !pdfs=(pdfCTAUDSS = 3.19019e-38/1,pdfCTAUDF = 16.7478/1), !coefficients=(fDFSS = 1.00002)
     p.d.f value is less than zero (-0.000640), forcing value to zero @ !refCoefNorm=(ctau3D = -0.177424,ctau3DErr = 0.0217389), !pdfs=(pdfCTAUDSS = 9.43562e-09/1,pdfCTAUDF = 28.2412/1), !coefficients=(fDFSS = 1.00002)
    ... (remaining 4 messages suppressed)

[#0] WARNING:Minization -- RooMinimizerFcn: Minimized function has error status.
Returning maximum FCN so far (-12068.3) to force MIGRAD to back out of this region. Error log follows
Parameter values: N_Bkg=1482.46, b_Bkg=0.806266, fDF12=1.00085e-06, fDFSS=1.00002, fDLIV=0.764516, fDSS12=6.0176e-06, lambdaDDS_Bkg=0.0601525, lambdaDF_Bkg1=0.578006, lambdaDF_Bkg2=0.312451, lambdaDSS_Bkg1=0.13582, lambdaDSS_Bkg2=0.365325
PID1451255/RooRealMPFE::nll_pdfTot_Bkg_dataw_Bkg_5b88a4322560_MPFE7[ arg=nll_pdfTot_Bkg_dataw_Bkg_GOF7 vars=(N_Bkg,b_Bkg,ctau1_CtauRes,ctau2_CtauRes,ctau3_CtauRes,f2_CtauRes,fDF12,fDFSS,fDLIV,fDSS12,f_CtauRes,lambdaDDS_Bkg,lambdaDF_Bkg1,lambdaDF_Bkg2,lambdaDSS_Bkg1,lambdaDSS_Bkg2,rS21_CtauRes,rS32_CtauRes,s1_CtauRes,zeroMean) ]
     p.d.f value is less than zero (-0.000736), forcing value to zero @ !refCoefNorm=(ctau3D = -0.128967,ctau3DErr = 0.0200602), !pdfs=(pdfCTAUDSS = 1.42053e-05/1,pdfCTAUDF = 33.118/1), !coefficients=(fDFSS = 1.00002)
     p.d.f value is less than zero (-0.000694), forcing value to zero @ !refCoefNorm=(ctau3D = -0.153542,ctau3DErr = 0.0195274), !pdfs=(pdfCTAUDSS = 3.74895e-08/1,pdfCTAUDF = 30.6098/1), !coefficients=(fDFSS = 1.00002)
     p.d.f value is less than zero (-0.000607), forcing value to zero @ !refCoefNorm=(ctau3D = -0.195586,ctau3DErr = 0.0250272), !pdfs=(pdfCTAUDSS = 4.64098e-08/1,pdfCTAUDF = 26.79/1), !coefficients=(fDFSS = 1.00002)
     p.d.f value is less than zero (-0.000648), forcing value to zero @ !refCoefNorm=(ctau3D = -0.175138,ctau3DErr = 0.0231868), !pdfs=(pdfCTAUDSS = 1.48189e-07/1,pdfCTAUDF = 28.5887/1), !coefficients=(fDFSS = 1.00002)
     p.d.f value is less than zero (-0.000543), forcing value to zero @ !refCoefNorm=(ctau3D = -0.229924,ctau3DErr = 0.0209632), !pdfs=(pdfCTAUDSS = 2.03976e-15/1,pdfCTAUDF = 23.9785/1), !coefficients=(fDFSS = 1.00002)
     p.d.f value is less than zero (-0.000718), forcing value to zero @ !refCoefNorm=(ctau3D = -0.142637,ctau3DErr = 0.0197828), !pdfs=(pdfCTAUDSS = 6.42864e-07/1,pdfCTAUDF = 31.6985/1), !coefficients=(fDFSS = 1.00002)
     p.d.f value is less than zero (-0.000595), forcing value to zero @ !refCoefNorm=(ctau3D = -0.201407,ctau3DErr = 0.0178409), !pdfs=(pdfCTAUDSS = 2.67459e-16/1,pdfCTAUDF = 26.2535/1), !coefficients=(fDFSS = 1.00002)
     p.d.f value is less than zero (-0.000754), forcing value to zero @ !refCoefNorm=(ctau3D = -0.126103,ctau3DErr = 0.0184183), !pdfs=(pdfCTAUDSS = 2.83206e-06/1,pdfCTAUDF = 33.412/1), !coefficients=(fDFSS = 1.00002)
     p.d.f value is less than zero (-0.000652), forcing value to zero @ !refCoefNorm=(ctau3D = -0.172693,ctau3DErr = 0.0171792), !pdfs=(pdfCTAUDSS = 4.92463e-13/1,pdfCTAUDF = 28.777/1), !coefficients=(fDFSS = 1.00002)
     p.d.f value is less than zero (-0.000738), forcing value to zero @ !refCoefNorm=(ctau3D = -0.11327,ctau3DErr = 0.0186381), !pdfs=(pdfCTAUDSS = 5.14365e-05/1,pdfCTAUDF = 34.8144/1), !coefficients=(fDFSS = 1.00002)
     p.d.f value is less than zero (-0.000379), forcing value to zero @ !refCoefNorm=(ctau3D = -0.342247,ctau3DErr = 0.0195713), !pdfs=(pdfCTAUDSS = 3.19019e-38/1,pdfCTAUDF = 16.7329/1), !coefficients=(fDFSS = 1.00002)
     p.d.f value is less than zero (-0.000643), forcing value to zero @ !refCoefNorm=(ctau3D = -0.177424,ctau3DErr = 0.0217389), !pdfs=(pdfCTAUDSS = 9.43562e-09/1,pdfCTAUDF = 28.3707/1), !coefficients=(fDFSS = 1.00002)
    ... (remaining 4 messages suppressed)

[#0] WARNING:Minization -- RooMinimizerFcn: Minimized function has error status.
Returning maximum FCN so far (-12068.3) to force MIGRAD to back out of this region. Error log follows
Parameter values: N_Bkg=1482.46, b_Bkg=0.806266, fDF12=1.00085e-06, fDFSS=1.00008, fDLIV=0.764516, fDSS12=6.0176e-06, lambdaDDS_Bkg=0.0601525, lambdaDF_Bkg1=0.578006, lambdaDF_Bkg2=0.312451, lambdaDSS_Bkg1=0.13582, lambdaDSS_Bkg2=0.365325
PID1451255/RooRealMPFE::nll_pdfTot_Bkg_dataw_Bkg_5b88a4322560_MPFE7[ arg=nll_pdfTot_Bkg_dataw_Bkg_GOF7 vars=(N_Bkg,b_Bkg,ctau1_CtauRes,ctau2_CtauRes,ctau3_CtauRes,f2_CtauRes,fDF12,fDFSS,fDLIV,fDSS12,f_CtauRes,lambdaDDS_Bkg,lambdaDF_Bkg1,lambdaDF_Bkg2,lambdaDSS_Bkg1,lambdaDSS_Bkg2,rS21_CtauRes,rS32_CtauRes,s1_CtauRes,zeroMean) ]
     p.d.f value is less than zero (-0.002512), forcing value to zero @ !refCoefNorm=(ctau3D = -0.128967,ctau3DErr = 0.0200602), !pdfs=(pdfCTAUDSS = 1.42053e-05/1,pdfCTAUDF = 33.118/1), !coefficients=(fDFSS = 1.00008)
     p.d.f value is less than zero (-0.002335), forcing value to zero @ !refCoefNorm=(ctau3D = -0.153542,ctau3DErr = 0.0195274), !pdfs=(pdfCTAUDSS = 3.74895e-08/1,pdfCTAUDF = 30.6098/1), !coefficients=(fDFSS = 1.00008)
     p.d.f value is less than zero (-0.002044), forcing value to zero @ !refCoefNorm=(ctau3D = -0.195586,ctau3DErr = 0.0250272), !pdfs=(pdfCTAUDSS = 4.64098e-08/1,pdfCTAUDF = 26.79/1), !coefficients=(fDFSS = 1.00008)
     p.d.f value is less than zero (-0.002181), forcing value to zero @ !refCoefNorm=(ctau3D = -0.175138,ctau3DErr = 0.0231868), !pdfs=(pdfCTAUDSS = 1.48189e-07/1,pdfCTAUDF = 28.5887/1), !coefficients=(fDFSS = 1.00008)
     p.d.f value is less than zero (-0.000928), forcing value to zero @ !refCoefNorm=(ctau3D = -0.0891678,ctau3DErr = 0.0179615), !pdfs=(pdfCTAUDSS = 0.00193974/1,pdfCTAUDF = 37.5991/1), !coefficients=(fDFSS = 1.00008)
     p.d.f value is less than zero (-0.001829), forcing value to zero @ !refCoefNorm=(ctau3D = -0.229924,ctau3DErr = 0.0209632), !pdfs=(pdfCTAUDSS = 2.03976e-15/1,pdfCTAUDF = 23.9785/1), !coefficients=(fDFSS = 1.00008)
     p.d.f value is less than zero (-0.002418), forcing value to zero @ !refCoefNorm=(ctau3D = -0.142637,ctau3DErr = 0.0197828), !pdfs=(pdfCTAUDSS = 6.42864e-07/1,pdfCTAUDF = 31.6985/1), !coefficients=(fDFSS = 1.00008)
     p.d.f value is less than zero (-0.002003), forcing value to zero @ !refCoefNorm=(ctau3D = -0.201407,ctau3DErr = 0.0178409), !pdfs=(pdfCTAUDSS = 2.67459e-16/1,pdfCTAUDF = 26.2535/1), !coefficients=(fDFSS = 1.00008)
     p.d.f value is less than zero (-0.002546), forcing value to zero @ !refCoefNorm=(ctau3D = -0.126103,ctau3DErr = 0.0184183), !pdfs=(pdfCTAUDSS = 2.83206e-06/1,pdfCTAUDF = 33.412/1), !coefficients=(fDFSS = 1.00008)
     p.d.f value is less than zero (-0.000334), forcing value to zero @ !refCoefNorm=(ctau3D = -0.11805,ctau3DErr = 0.024057), !pdfs=(pdfCTAUDSS = 0.0022846/1,pdfCTAUDF = 34.3243/1), !coefficients=(fDFSS = 1.00008)
     p.d.f value is less than zero (-0.002195), forcing value to zero @ !refCoefNorm=(ctau3D = -0.172693,ctau3DErr = 0.0171792), !pdfs=(pdfCTAUDSS = 4.92463e-13/1,pdfCTAUDF = 28.777/1), !coefficients=(fDFSS = 1.00008)
     p.d.f value is less than zero (-0.002604), forcing value to zero @ !refCoefNorm=(ctau3D = -0.11327,ctau3DErr = 0.0186381), !pdfs=(pdfCTAUDSS = 5.14365e-05/1,pdfCTAUDF = 34.8144/1), !coefficients=(fDFSS = 1.00008)
    ... (remaining 6 messages suppressed)

[#0] WARNING:Minization -- RooMinimizerFcn: Minimized function has error status.
Returning maximum FCN so far (-12068.3) to force MIGRAD to back out of this region. Error log follows
Parameter values: N_Bkg=1482.46, b_Bkg=0.806266, fDF12=1.00085e-06, fDFSS=1.00102, fDLIV=0.764516, fDSS12=6.0176e-06, lambdaDDS_Bkg=0.0601525, lambdaDF_Bkg1=0.578006, lambdaDF_Bkg2=0.312451, lambdaDSS_Bkg1=0.13582, lambdaDSS_Bkg2=0.365325
PID1451255/RooRealMPFE::nll_pdfTot_Bkg_dataw_Bkg_5b88a4322560_MPFE7[ arg=nll_pdfTot_Bkg_dataw_Bkg_GOF7 vars=(N_Bkg,b_Bkg,ctau1_CtauRes,ctau2_CtauRes,ctau3_CtauRes,f2_CtauRes,fDF12,fDFSS,fDLIV,fDSS12,f_CtauRes,lambdaDDS_Bkg,lambdaDF_Bkg1,lambdaDF_Bkg2,lambdaDSS_Bkg1,lambdaDSS_Bkg2,rS21_CtauRes,rS32_CtauRes,s1_CtauRes,zeroMean) ]
     p.d.f value is less than zero (-0.033745), forcing value to zero @ !refCoefNorm=(ctau3D = -0.128967,ctau3DErr = 0.0200602), !pdfs=(pdfCTAUDSS = 1.42053e-05/1,pdfCTAUDF = 33.118/1), !coefficients=(fDFSS = 1.00102)
     p.d.f value is less than zero (-0.031202), forcing value to zero @ !refCoefNorm=(ctau3D = -0.153542,ctau3DErr = 0.0195274), !pdfs=(pdfCTAUDSS = 3.74895e-08/1,pdfCTAUDF = 30.6098/1), !coefficients=(fDFSS = 1.00102)
     p.d.f value is less than zero (-0.027308), forcing value to zero @ !refCoefNorm=(ctau3D = -0.195586,ctau3DErr = 0.0250272), !pdfs=(pdfCTAUDSS = 4.64098e-08/1,pdfCTAUDF = 26.79/1), !coefficients=(fDFSS = 1.00102)
     p.d.f value is less than zero (-0.030028), forcing value to zero @ !refCoefNorm=(ctau3D = -0.132412,ctau3DErr = 0.0277776), !pdfs=(pdfCTAUDSS = 0.00341689/1,pdfCTAUDF = 32.8136/1), !coefficients=(fDFSS = 1.00102)
     p.d.f value is less than zero (-0.029142), forcing value to zero @ !refCoefNorm=(ctau3D = -0.175138,ctau3DErr = 0.0231868), !pdfs=(pdfCTAUDSS = 1.48189e-07/1,pdfCTAUDF = 28.5887/1), !coefficients=(fDFSS = 1.00102)
     p.d.f value is less than zero (-0.036385), forcing value to zero @ !refCoefNorm=(ctau3D = -0.0891678,ctau3DErr = 0.0179615), !pdfs=(pdfCTAUDSS = 0.00193974/1,pdfCTAUDF = 37.5991/1), !coefficients=(fDFSS = 1.00102)
     p.d.f value is less than zero (-0.024442), forcing value to zero @ !refCoefNorm=(ctau3D = -0.229924,ctau3DErr = 0.0209632), !pdfs=(pdfCTAUDSS = 2.03976e-15/1,pdfCTAUDF = 23.9785/1), !coefficients=(fDFSS = 1.00102)
     p.d.f value is less than zero (-0.020014), forcing value to zero @ !refCoefNorm=(ctau3D = -0.106789,ctau3DErr = 0.0254784), !pdfs=(pdfCTAUDSS = 0.0162374/1,pdfCTAUDF = 35.5798/1), !coefficients=(fDFSS = 1.00102)
     p.d.f value is less than zero (-0.032311), forcing value to zero @ !refCoefNorm=(ctau3D = -0.142637,ctau3DErr = 0.0197828), !pdfs=(pdfCTAUDSS = 6.42864e-07/1,pdfCTAUDF = 31.6985/1), !coefficients=(fDFSS = 1.00102)
     p.d.f value is less than zero (-0.026761), forcing value to zero @ !refCoefNorm=(ctau3D = -0.201407,ctau3DErr = 0.0178409), !pdfs=(pdfCTAUDSS = 2.67459e-16/1,pdfCTAUDF = 26.2535/1), !coefficients=(fDFSS = 1.00102)
     p.d.f value is less than zero (-0.034056), forcing value to zero @ !refCoefNorm=(ctau3D = -0.126103,ctau3DErr = 0.0184183), !pdfs=(pdfCTAUDSS = 2.83206e-06/1,pdfCTAUDF = 33.412/1), !coefficients=(fDFSS = 1.00102)
     p.d.f value is less than zero (-0.014641), forcing value to zero @ !refCoefNorm=(ctau3D = -0.0812561,ctau3DErr = 0.0201756), !pdfs=(pdfCTAUDSS = 0.0246326/1,pdfCTAUDF = 38.5525/1), !coefficients=(fDFSS = 1.00102)
    ... (remaining 13 messages suppressed)

[#0] WARNING:Minization -- RooMinimizerFcn: Minimized function has error status.
Returning maximum FCN so far (-12068.3) to force MIGRAD to back out of this region. Error log follows
Parameter values: N_Bkg=1482.46, b_Bkg=0.806266, fDF12=1.00085e-06, fDFSS=1.00008, fDLIV=0.764516, fDSS12=6.0176e-06, lambdaDDS_Bkg=0.0601525, lambdaDF_Bkg1=0.578006, lambdaDF_Bkg2=0.312451, lambdaDSS_Bkg1=0.13582, lambdaDSS_Bkg2=0.365325
PID1451255/RooRealMPFE::nll_pdfTot_Bkg_dataw_Bkg_5b88a4322560_MPFE7[ arg=nll_pdfTot_Bkg_dataw_Bkg_GOF7 vars=(N_Bkg,b_Bkg,ctau1_CtauRes,ctau2_CtauRes,ctau3_CtauRes,f2_CtauRes,fDF12,fDFSS,fDLIV,fDSS12,f_CtauRes,lambdaDDS_Bkg,lambdaDF_Bkg1,lambdaDF_Bkg2,lambdaDSS_Bkg1,lambdaDSS_Bkg2,rS21_CtauRes,rS32_CtauRes,s1_CtauRes,zeroMean) ]
     p.d.f value is less than zero (-0.002582), forcing value to zero @ !refCoefNorm=(ctau3D = -0.128967,ctau3DErr = 0.0200602), !pdfs=(pdfCTAUDSS = 1.42053e-05/1,pdfCTAUDF = 33.118/1), !coefficients=(fDFSS = 1.00008)
     p.d.f value is less than zero (-0.002399), forcing value to zero @ !refCoefNorm=(ctau3D = -0.153542,ctau3DErr = 0.0195274), !pdfs=(pdfCTAUDSS = 3.74895e-08/1,pdfCTAUDF = 30.6098/1), !coefficients=(fDFSS = 1.00008)
     p.d.f value is less than zero (-0.002100), forcing value to zero @ !refCoefNorm=(ctau3D = -0.195586,ctau3DErr = 0.0250272), !pdfs=(pdfCTAUDSS = 4.64098e-08/1,pdfCTAUDF = 26.79/1), !coefficients=(fDFSS = 1.00008)
     p.d.f value is less than zero (-0.002241), forcing value to zero @ !refCoefNorm=(ctau3D = -0.175138,ctau3DErr = 0.0231868), !pdfs=(pdfCTAUDSS = 1.48189e-07/1,pdfCTAUDF = 28.5887/1), !coefficients=(fDFSS = 1.00008)
     p.d.f value is less than zero (-0.001007), forcing value to zero @ !refCoefNorm=(ctau3D = -0.0891678,ctau3DErr = 0.0179615), !pdfs=(pdfCTAUDSS = 0.00193974/1,pdfCTAUDF = 37.5991/1), !coefficients=(fDFSS = 1.00008)
     p.d.f value is less than zero (-0.001880), forcing value to zero @ !refCoefNorm=(ctau3D = -0.229924,ctau3DErr = 0.0209632), !pdfs=(pdfCTAUDSS = 2.03976e-15/1,pdfCTAUDF = 23.9785/1), !coefficients=(fDFSS = 1.00008)
     p.d.f value is less than zero (-0.002484), forcing value to zero @ !refCoefNorm=(ctau3D = -0.142637,ctau3DErr = 0.0197828), !pdfs=(pdfCTAUDSS = 6.42864e-07/1,pdfCTAUDF = 31.6985/1), !coefficients=(fDFSS = 1.00008)
     p.d.f value is less than zero (-0.002058), forcing value to zero @ !refCoefNorm=(ctau3D = -0.201407,ctau3DErr = 0.0178409), !pdfs=(pdfCTAUDSS = 2.67459e-16/1,pdfCTAUDF = 26.2535/1), !coefficients=(fDFSS = 1.00008)
     p.d.f value is less than zero (-0.002616), forcing value to zero @ !refCoefNorm=(ctau3D = -0.126103,ctau3DErr = 0.0184183), !pdfs=(pdfCTAUDSS = 2.83206e-06/1,pdfCTAUDF = 33.412/1), !coefficients=(fDFSS = 1.00008)
     p.d.f value is less than zero (-0.000406), forcing value to zero @ !refCoefNorm=(ctau3D = -0.11805,ctau3DErr = 0.024057), !pdfs=(pdfCTAUDSS = 0.0022846/1,pdfCTAUDF = 34.3243/1), !coefficients=(fDFSS = 1.00008)
     p.d.f value is less than zero (-0.002256), forcing value to zero @ !refCoefNorm=(ctau3D = -0.172693,ctau3DErr = 0.0171792), !pdfs=(pdfCTAUDSS = 4.92463e-13/1,pdfCTAUDF = 28.777/1), !coefficients=(fDFSS = 1.00008)
     p.d.f value is less than zero (-0.002678), forcing value to zero @ !refCoefNorm=(ctau3D = -0.11327,ctau3DErr = 0.0186381), !pdfs=(pdfCTAUDSS = 5.14365e-05/1,pdfCTAUDF = 34.8144/1), !coefficients=(fDFSS = 1.00008)
    ... (remaining 6 messages suppressed)

[#0] WARNING:Minization -- RooMinimizerFcn: Minimized function has error status.
Returning maximum FCN so far (-12068.3) to force MIGRAD to back out of this region. Error log follows
Parameter values: N_Bkg=1546.59, b_Bkg=0.806266, fDF12=1.00085e-06, fDFSS=1.00008, fDLIV=0.764516, fDSS12=6.0176e-06, lambdaDDS_Bkg=0.0601525, lambdaDF_Bkg1=0.578006, lambdaDF_Bkg2=0.312451, lambdaDSS_Bkg1=0.13582, lambdaDSS_Bkg2=0.365325
PID1451255/RooRealMPFE::nll_pdfTot_Bkg_dataw_Bkg_5b88a4322560_MPFE7[ arg=nll_pdfTot_Bkg_dataw_Bkg_GOF7 vars=(N_Bkg,b_Bkg,ctau1_CtauRes,ctau2_CtauRes,ctau3_CtauRes,f2_CtauRes,fDF12,fDFSS,fDLIV,fDSS12,f_CtauRes,lambdaDDS_Bkg,lambdaDF_Bkg1,lambdaDF_Bkg2,lambdaDSS_Bkg1,lambdaDSS_Bkg2,rS21_CtauRes,rS32_CtauRes,s1_CtauRes,zeroMean) ]
     p.d.f value is less than zero (-0.002582), forcing value to zero @ !refCoefNorm=(ctau3D = -0.128967,ctau3DErr = 0.0200602), !pdfs=(pdfCTAUDSS = 1.42053e-05/1,pdfCTAUDF = 33.118/1), !coefficients=(fDFSS = 1.00008)
     p.d.f value is less than zero (-0.002399), forcing value to zero @ !refCoefNorm=(ctau3D = -0.153542,ctau3DErr = 0.0195274), !pdfs=(pdfCTAUDSS = 3.74895e-08/1,pdfCTAUDF = 30.6098/1), !coefficients=(fDFSS = 1.00008)
     p.d.f value is less than zero (-0.002100), forcing value to zero @ !refCoefNorm=(ctau3D = -0.195586,ctau3DErr = 0.0250272), !pdfs=(pdfCTAUDSS = 4.64098e-08/1,pdfCTAUDF = 26.79/1), !coefficients=(fDFSS = 1.00008)
     p.d.f value is less than zero (-0.002241), forcing value to zero @ !refCoefNorm=(ctau3D = -0.175138,ctau3DErr = 0.0231868), !pdfs=(pdfCTAUDSS = 1.48189e-07/1,pdfCTAUDF = 28.5887/1), !coefficients=(fDFSS = 1.00008)
     p.d.f value is less than zero (-0.001007), forcing value to zero @ !refCoefNorm=(ctau3D = -0.0891678,ctau3DErr = 0.0179615), !pdfs=(pdfCTAUDSS = 0.00193974/1,pdfCTAUDF = 37.5991/1), !coefficients=(fDFSS = 1.00008)
     p.d.f value is less than zero (-0.001880), forcing value to zero @ !refCoefNorm=(ctau3D = -0.229924,ctau3DErr = 0.0209632), !pdfs=(pdfCTAUDSS = 2.03976e-15/1,pdfCTAUDF = 23.9785/1), !coefficients=(fDFSS = 1.00008)
     p.d.f value is less than zero (-0.002484), forcing value to zero @ !refCoefNorm=(ctau3D = -0.142637,ctau3DErr = 0.0197828), !pdfs=(pdfCTAUDSS = 6.42864e-07/1,pdfCTAUDF = 31.6985/1), !coefficients=(fDFSS = 1.00008)
     p.d.f value is less than zero (-0.002058), forcing value to zero @ !refCoefNorm=(ctau3D = -0.201407,ctau3DErr = 0.0178409), !pdfs=(pdfCTAUDSS = 2.67459e-16/1,pdfCTAUDF = 26.2535/1), !coefficients=(fDFSS = 1.00008)
     p.d.f value is less than zero (-0.002616), forcing value to zero @ !refCoefNorm=(ctau3D = -0.126103,ctau3DErr = 0.0184183), !pdfs=(pdfCTAUDSS = 2.83206e-06/1,pdfCTAUDF = 33.412/1), !coefficients=(fDFSS = 1.00008)
     p.d.f value is less than zero (-0.000406), forcing value to zero @ !refCoefNorm=(ctau3D = -0.11805,ctau3DErr = 0.024057), !pdfs=(pdfCTAUDSS = 0.0022846/1,pdfCTAUDF = 34.3243/1), !coefficients=(fDFSS = 1.00008)
     p.d.f value is less than zero (-0.002256), forcing value to zero @ !refCoefNorm=(ctau3D = -0.172693,ctau3DErr = 0.0171792), !pdfs=(pdfCTAUDSS = 4.92463e-13/1,pdfCTAUDF = 28.777/1), !coefficients=(fDFSS = 1.00008)
     p.d.f value is less than zero (-0.002678), forcing value to zero @ !refCoefNorm=(ctau3D = -0.11327,ctau3DErr = 0.0186381), !pdfs=(pdfCTAUDSS = 5.14365e-05/1,pdfCTAUDF = 34.8144/1), !coefficients=(fDFSS = 1.00008)
    ... (remaining 6 messages suppressed)

[#0] WARNING:Minization -- RooMinimizerFcn: Minimized function has error status.
Returning maximum FCN so far (-12068.3) to force MIGRAD to back out of this region. Error log follows
Parameter values: N_Bkg=1482.46, b_Bkg=0.831413, fDF12=1.00085e-06, fDFSS=1.00008, fDLIV=0.764516, fDSS12=6.0176e-06, lambdaDDS_Bkg=0.0601525, lambdaDF_Bkg1=0.578006, lambdaDF_Bkg2=0.312451, lambdaDSS_Bkg1=0.13582, lambdaDSS_Bkg2=0.365325
PID1451255/RooRealMPFE::nll_pdfTot_Bkg_dataw_Bkg_5b88a4322560_MPFE7[ arg=nll_pdfTot_Bkg_dataw_Bkg_GOF7 vars=(N_Bkg,b_Bkg,ctau1_CtauRes,ctau2_CtauRes,ctau3_CtauRes,f2_CtauRes,fDF12,fDFSS,fDLIV,fDSS12,f_CtauRes,lambdaDDS_Bkg,lambdaDF_Bkg1,lambdaDF_Bkg2,lambdaDSS_Bkg1,lambdaDSS_Bkg2,rS21_CtauRes,rS32_CtauRes,s1_CtauRes,zeroMean) ]
     p.d.f value is less than zero (-0.002582), forcing value to zero @ !refCoefNorm=(ctau3D = -0.128967,ctau3DErr = 0.0200602), !pdfs=(pdfCTAUDSS = 1.42053e-05/1,pdfCTAUDF = 33.118/1), !coefficients=(fDFSS = 1.00008)
     p.d.f value is less than zero (-0.002399), forcing value to zero @ !refCoefNorm=(ctau3D = -0.153542,ctau3DErr = 0.0195274), !pdfs=(pdfCTAUDSS = 3.74895e-08/1,pdfCTAUDF = 30.6098/1), !coefficients=(fDFSS = 1.00008)
     p.d.f value is less than zero (-0.002100), forcing value to zero @ !refCoefNorm=(ctau3D = -0.195586,ctau3DErr = 0.0250272), !pdfs=(pdfCTAUDSS = 4.64098e-08/1,pdfCTAUDF = 26.79/1), !coefficients=(fDFSS = 1.00008)
     p.d.f value is less than zero (-0.002241), forcing value to zero @ !refCoefNorm=(ctau3D = -0.175138,ctau3DErr = 0.0231868), !pdfs=(pdfCTAUDSS = 1.48189e-07/1,pdfCTAUDF = 28.5887/1), !coefficients=(fDFSS = 1.00008)
     p.d.f value is less than zero (-0.001007), forcing value to zero @ !refCoefNorm=(ctau3D = -0.0891678,ctau3DErr = 0.0179615), !pdfs=(pdfCTAUDSS = 0.00193974/1,pdfCTAUDF = 37.5991/1), !coefficients=(fDFSS = 1.00008)
     p.d.f value is less than zero (-0.001880), forcing value to zero @ !refCoefNorm=(ctau3D = -0.229924,ctau3DErr = 0.0209632), !pdfs=(pdfCTAUDSS = 2.03976e-15/1,pdfCTAUDF = 23.9785/1), !coefficients=(fDFSS = 1.00008)
     p.d.f value is less than zero (-0.002484), forcing value to zero @ !refCoefNorm=(ctau3D = -0.142637,ctau3DErr = 0.0197828), !pdfs=(pdfCTAUDSS = 6.42864e-07/1,pdfCTAUDF = 31.6985/1), !coefficients=(fDFSS = 1.00008)
     p.d.f value is less than zero (-0.002058), forcing value to zero @ !refCoefNorm=(ctau3D = -0.201407,ctau3DErr = 0.0178409), !pdfs=(pdfCTAUDSS = 2.67459e-16/1,pdfCTAUDF = 26.2535/1), !coefficients=(fDFSS = 1.00008)
     p.d.f value is less than zero (-0.002616), forcing value to zero @ !refCoefNorm=(ctau3D = -0.126103,ctau3DErr = 0.0184183), !pdfs=(pdfCTAUDSS = 2.83206e-06/1,pdfCTAUDF = 33.412/1), !coefficients=(fDFSS = 1.00008)
     p.d.f value is less than zero (-0.000406), forcing value to zero @ !refCoefNorm=(ctau3D = -0.11805,ctau3DErr = 0.024057), !pdfs=(pdfCTAUDSS = 0.0022846/1,pdfCTAUDF = 34.3243/1), !coefficients=(fDFSS = 1.00008)
     p.d.f value is less than zero (-0.002256), forcing value to zero @ !refCoefNorm=(ctau3D = -0.172693,ctau3DErr = 0.0171792), !pdfs=(pdfCTAUDSS = 4.92463e-13/1,pdfCTAUDF = 28.777/1), !coefficients=(fDFSS = 1.00008)
     p.d.f value is less than zero (-0.002678), forcing value to zero @ !refCoefNorm=(ctau3D = -0.11327,ctau3DErr = 0.0186381), !pdfs=(pdfCTAUDSS = 5.14365e-05/1,pdfCTAUDF = 34.8144/1), !coefficients=(fDFSS = 1.00008)
    ... (remaining 6 messages suppressed)

[#0] WARNING:Minization -- RooMinimizerFcn: Minimized function has error status.
Returning maximum FCN so far (-12068.3) to force MIGRAD to back out of this region. Error log follows
Parameter values: N_Bkg=1482.46, b_Bkg=0.806266, fDF12=0.0612236, fDFSS=1.00008, fDLIV=0.764516, fDSS12=6.0176e-06, lambdaDDS_Bkg=0.0601525, lambdaDF_Bkg1=0.578006, lambdaDF_Bkg2=0.312451, lambdaDSS_Bkg1=0.13582, lambdaDSS_Bkg2=0.365325
PID1451255/RooRealMPFE::nll_pdfTot_Bkg_dataw_Bkg_5b88a4322560_MPFE7[ arg=nll_pdfTot_Bkg_dataw_Bkg_GOF7 vars=(N_Bkg,b_Bkg,ctau1_CtauRes,ctau2_CtauRes,ctau3_CtauRes,f2_CtauRes,fDF12,fDFSS,fDLIV,fDSS12,f_CtauRes,lambdaDDS_Bkg,lambdaDF_Bkg1,lambdaDF_Bkg2,lambdaDSS_Bkg1,lambdaDSS_Bkg2,rS21_CtauRes,rS32_CtauRes,s1_CtauRes,zeroMean) ]
     p.d.f value is less than zero (-0.002527), forcing value to zero @ !refCoefNorm=(ctau3D = -0.128967,ctau3DErr = 0.0200602), !pdfs=(pdfCTAUDSS = 1.42053e-05/1,pdfCTAUDF = 32.4147/1), !coefficients=(fDFSS = 1.00008)
     p.d.f value is less than zero (-0.002352), forcing value to zero @ !refCoefNorm=(ctau3D = -0.153542,ctau3DErr = 0.0195274), !pdfs=(pdfCTAUDSS = 3.74895e-08/1,pdfCTAUDF = 30.0048/1), !coefficients=(fDFSS = 1.00008)
     p.d.f value is less than zero (-0.002064), forcing value to zero @ !refCoefNorm=(ctau3D = -0.195586,ctau3DErr = 0.0250272), !pdfs=(pdfCTAUDSS = 4.64098e-08/1,pdfCTAUDF = 26.3304/1), !coefficients=(fDFSS = 1.00008)
     p.d.f value is less than zero (-0.002199), forcing value to zero @ !refCoefNorm=(ctau3D = -0.175138,ctau3DErr = 0.0231868), !pdfs=(pdfCTAUDSS = 1.48189e-07/1,pdfCTAUDF = 28.0612/1), !coefficients=(fDFSS = 1.00008)
     p.d.f value is less than zero (-0.000938), forcing value to zero @ !refCoefNorm=(ctau3D = -0.0891678,ctau3DErr = 0.0179615), !pdfs=(pdfCTAUDSS = 0.00193974/1,pdfCTAUDF = 36.7156/1), !coefficients=(fDFSS = 1.00008)
     p.d.f value is less than zero (-0.001852), forcing value to zero @ !refCoefNorm=(ctau3D = -0.229924,ctau3DErr = 0.0209632), !pdfs=(pdfCTAUDSS = 2.03976e-15/1,pdfCTAUDF = 23.6226/1), !coefficients=(fDFSS = 1.00008)
     p.d.f value is less than zero (-0.002433), forcing value to zero @ !refCoefNorm=(ctau3D = -0.142637,ctau3DErr = 0.0197828), !pdfs=(pdfCTAUDSS = 6.42864e-07/1,pdfCTAUDF = 31.0511/1), !coefficients=(fDFSS = 1.00008)
     p.d.f value is less than zero (-0.002024), forcing value to zero @ !refCoefNorm=(ctau3D = -0.201407,ctau3DErr = 0.0178409), !pdfs=(pdfCTAUDSS = 2.67459e-16/1,pdfCTAUDF = 25.8143/1), !coefficients=(fDFSS = 1.00008)
     p.d.f value is less than zero (-0.002560), forcing value to zero @ !refCoefNorm=(ctau3D = -0.126103,ctau3DErr = 0.0184183), !pdfs=(pdfCTAUDSS = 2.83206e-06/1,pdfCTAUDF = 32.6972/1), !coefficients=(fDFSS = 1.00008)
     p.d.f value is less than zero (-0.000347), forcing value to zero @ !refCoefNorm=(ctau3D = -0.11805,ctau3DErr = 0.024057), !pdfs=(pdfCTAUDSS = 0.0022846/1,pdfCTAUDF = 33.5727/1), !coefficients=(fDFSS = 1.00008)
     p.d.f value is less than zero (-0.002214), forcing value to zero @ !refCoefNorm=(ctau3D = -0.172693,ctau3DErr = 0.0171792), !pdfs=(pdfCTAUDSS = 4.92463e-13/1,pdfCTAUDF = 28.2428/1), !coefficients=(fDFSS = 1.00008)
     p.d.f value is less than zero (-0.002617), forcing value to zero @ !refCoefNorm=(ctau3D = -0.11327,ctau3DErr = 0.0186381), !pdfs=(pdfCTAUDSS = 5.14365e-05/1,pdfCTAUDF = 34.0436/1), !coefficients=(fDFSS = 1.00008)
    ... (remaining 6 messages suppressed)

[#0] WARNING:Minization -- RooMinimizerFcn: Minimized function has error status.
Returning maximum FCN so far (-12068.3) to force MIGRAD to back out of this region. Error log follows
Parameter values: N_Bkg=1482.46, b_Bkg=0.806266, fDF12=1.00085e-06, fDFSS=1.00008, fDLIV=0.73136, fDSS12=6.0176e-06, lambdaDDS_Bkg=0.0601525, lambdaDF_Bkg1=0.578006, lambdaDF_Bkg2=0.312451, lambdaDSS_Bkg1=0.13582, lambdaDSS_Bkg2=0.365325
PID1451255/RooRealMPFE::nll_pdfTot_Bkg_dataw_Bkg_5b88a4322560_MPFE7[ arg=nll_pdfTot_Bkg_dataw_Bkg_GOF7 vars=(N_Bkg,b_Bkg,ctau1_CtauRes,ctau2_CtauRes,ctau3_CtauRes,f2_CtauRes,fDF12,fDFSS,fDLIV,fDSS12,f_CtauRes,lambdaDDS_Bkg,lambdaDF_Bkg1,lambdaDF_Bkg2,lambdaDSS_Bkg1,lambdaDSS_Bkg2,rS21_CtauRes,rS32_CtauRes,s1_CtauRes,zeroMean) ]
     p.d.f value is less than zero (-0.002582), forcing value to zero @ !refCoefNorm=(ctau3D = -0.128967,ctau3DErr = 0.0200602), !pdfs=(pdfCTAUDSS = 1.42053e-05/1,pdfCTAUDF = 33.118/1), !coefficients=(fDFSS = 1.00008)
     p.d.f value is less than zero (-0.002399), forcing value to zero @ !refCoefNorm=(ctau3D = -0.153542,ctau3DErr = 0.0195274), !pdfs=(pdfCTAUDSS = 3.74895e-08/1,pdfCTAUDF = 30.6098/1), !coefficients=(fDFSS = 1.00008)
     p.d.f value is less than zero (-0.002100), forcing value to zero @ !refCoefNorm=(ctau3D = -0.195586,ctau3DErr = 0.0250272), !pdfs=(pdfCTAUDSS = 4.64098e-08/1,pdfCTAUDF = 26.79/1), !coefficients=(fDFSS = 1.00008)
     p.d.f value is less than zero (-0.002241), forcing value to zero @ !refCoefNorm=(ctau3D = -0.175138,ctau3DErr = 0.0231868), !pdfs=(pdfCTAUDSS = 1.48189e-07/1,pdfCTAUDF = 28.5887/1), !coefficients=(fDFSS = 1.00008)
     p.d.f value is less than zero (-0.001007), forcing value to zero @ !refCoefNorm=(ctau3D = -0.0891678,ctau3DErr = 0.0179615), !pdfs=(pdfCTAUDSS = 0.00193974/1,pdfCTAUDF = 37.5991/1), !coefficients=(fDFSS = 1.00008)
     p.d.f value is less than zero (-0.001880), forcing value to zero @ !refCoefNorm=(ctau3D = -0.229924,ctau3DErr = 0.0209632), !pdfs=(pdfCTAUDSS = 2.03976e-15/1,pdfCTAUDF = 23.9785/1), !coefficients=(fDFSS = 1.00008)
     p.d.f value is less than zero (-0.002484), forcing value to zero @ !refCoefNorm=(ctau3D = -0.142637,ctau3DErr = 0.0197828), !pdfs=(pdfCTAUDSS = 6.42864e-07/1,pdfCTAUDF = 31.6985/1), !coefficients=(fDFSS = 1.00008)
     p.d.f value is less than zero (-0.002058), forcing value to zero @ !refCoefNorm=(ctau3D = -0.201407,ctau3DErr = 0.0178409), !pdfs=(pdfCTAUDSS = 2.67459e-16/1,pdfCTAUDF = 26.2535/1), !coefficients=(fDFSS = 1.00008)
     p.d.f value is less than zero (-0.002616), forcing value to zero @ !refCoefNorm=(ctau3D = -0.126103,ctau3DErr = 0.0184183), !pdfs=(pdfCTAUDSS = 2.83206e-06/1,pdfCTAUDF = 33.412/1), !coefficients=(fDFSS = 1.00008)
     p.d.f value is less than zero (-0.000406), forcing value to zero @ !refCoefNorm=(ctau3D = -0.11805,ctau3DErr = 0.024057), !pdfs=(pdfCTAUDSS = 0.0022846/1,pdfCTAUDF = 34.3243/1), !coefficients=(fDFSS = 1.00008)
     p.d.f value is less than zero (-0.002256), forcing value to zero @ !refCoefNorm=(ctau3D = -0.172693,ctau3DErr = 0.0171792), !pdfs=(pdfCTAUDSS = 4.92463e-13/1,pdfCTAUDF = 28.777/1), !coefficients=(fDFSS = 1.00008)
     p.d.f value is less than zero (-0.002678), forcing value to zero @ !refCoefNorm=(ctau3D = -0.11327,ctau3DErr = 0.0186381), !pdfs=(pdfCTAUDSS = 5.14365e-05/1,pdfCTAUDF = 34.8144/1), !coefficients=(fDFSS = 1.00008)
    ... (remaining 6 messages suppressed)

[#0] WARNING:Minization -- RooMinimizerFcn: Minimized function has error status.
Returning maximum FCN so far (-12068.3) to force MIGRAD to back out of this region. Error log follows
Parameter values: N_Bkg=1482.46, b_Bkg=0.806266, fDF12=1.00085e-06, fDFSS=1.00008, fDLIV=0.764516, fDSS12=0.0601402, lambdaDDS_Bkg=0.0601525, lambdaDF_Bkg1=0.578006, lambdaDF_Bkg2=0.312451, lambdaDSS_Bkg1=0.13582, lambdaDSS_Bkg2=0.365325
PID1451255/RooRealMPFE::nll_pdfTot_Bkg_dataw_Bkg_5b88a4322560_MPFE7[ arg=nll_pdfTot_Bkg_dataw_Bkg_GOF7 vars=(N_Bkg,b_Bkg,ctau1_CtauRes,ctau2_CtauRes,ctau3_CtauRes,f2_CtauRes,fDF12,fDFSS,fDLIV,fDSS12,f_CtauRes,lambdaDDS_Bkg,lambdaDF_Bkg1,lambdaDF_Bkg2,lambdaDSS_Bkg1,lambdaDSS_Bkg2,rS21_CtauRes,rS32_CtauRes,s1_CtauRes,zeroMean) ]
     p.d.f value is less than zero (-0.002580), forcing value to zero @ !refCoefNorm=(ctau3D = -0.128967,ctau3DErr = 0.0200602), !pdfs=(pdfCTAUDSS = 1.55958e-05/1,pdfCTAUDF = 33.118/1), !coefficients=(fDFSS = 1.00008)
     p.d.f value is less than zero (-0.002399), forcing value to zero @ !refCoefNorm=(ctau3D = -0.153542,ctau3DErr = 0.0195274), !pdfs=(pdfCTAUDSS = 4.11845e-08/1,pdfCTAUDF = 30.6098/1), !coefficients=(fDFSS = 1.00008)
     p.d.f value is less than zero (-0.002100), forcing value to zero @ !refCoefNorm=(ctau3D = -0.195586,ctau3DErr = 0.0250272), !pdfs=(pdfCTAUDSS = 5.09446e-08/1,pdfCTAUDF = 26.79/1), !coefficients=(fDFSS = 1.00008)
     p.d.f value is less than zero (-0.002241), forcing value to zero @ !refCoefNorm=(ctau3D = -0.175138,ctau3DErr = 0.0231868), !pdfs=(pdfCTAUDSS = 1.62693e-07/1,pdfCTAUDF = 28.5887/1), !coefficients=(fDFSS = 1.00008)
     p.d.f value is less than zero (-0.000818), forcing value to zero @ !refCoefNorm=(ctau3D = -0.0891678,ctau3DErr = 0.0179615), !pdfs=(pdfCTAUDSS = 0.00212883/1,pdfCTAUDF = 37.5991/1), !coefficients=(fDFSS = 1.00008)
     p.d.f value is less than zero (-0.001880), forcing value to zero @ !refCoefNorm=(ctau3D = -0.229924,ctau3DErr = 0.0209632), !pdfs=(pdfCTAUDSS = 2.24209e-15/1,pdfCTAUDF = 23.9785/1), !coefficients=(fDFSS = 1.00008)
     p.d.f value is less than zero (-0.002484), forcing value to zero @ !refCoefNorm=(ctau3D = -0.142637,ctau3DErr = 0.0197828), !pdfs=(pdfCTAUDSS = 7.06044e-07/1,pdfCTAUDF = 31.6985/1), !coefficients=(fDFSS = 1.00008)
     p.d.f value is less than zero (-0.002058), forcing value to zero @ !refCoefNorm=(ctau3D = -0.201407,ctau3DErr = 0.0178409), !pdfs=(pdfCTAUDSS = 2.94098e-16/1,pdfCTAUDF = 26.2535/1), !coefficients=(fDFSS = 1.00008)
     p.d.f value is less than zero (-0.002616), forcing value to zero @ !refCoefNorm=(ctau3D = -0.126103,ctau3DErr = 0.0184183), !pdfs=(pdfCTAUDSS = 3.11062e-06/1,pdfCTAUDF = 33.412/1), !coefficients=(fDFSS = 1.00008)
     p.d.f value is less than zero (-0.000186), forcing value to zero @ !refCoefNorm=(ctau3D = -0.11805,ctau3DErr = 0.024057), !pdfs=(pdfCTAUDSS = 0.00250415/1,pdfCTAUDF = 34.3243/1), !coefficients=(fDFSS = 1.00008)
     p.d.f value is less than zero (-0.002256), forcing value to zero @ !refCoefNorm=(ctau3D = -0.172693,ctau3DErr = 0.0171792), !pdfs=(pdfCTAUDSS = 5.4144e-13/1,pdfCTAUDF = 28.777/1), !coefficients=(fDFSS = 1.00008)
     p.d.f value is less than zero (-0.002673), forcing value to zero @ !refCoefNorm=(ctau3D = -0.11327,ctau3DErr = 0.0186381), !pdfs=(pdfCTAUDSS = 5.6476e-05/1,pdfCTAUDF = 34.8144/1), !coefficients=(fDFSS = 1.00008)
    ... (remaining 6 messages suppressed)

[#0] WARNING:Minization -- RooMinimizerFcn: Minimized function has error status.
Returning maximum FCN so far (-12068.3) to force MIGRAD to back out of this region. Error log follows
Parameter values: N_Bkg=1482.46, b_Bkg=0.806266, fDF12=1.00085e-06, fDFSS=1.00008, fDLIV=0.764516, fDSS12=6.0176e-06, lambdaDDS_Bkg=0.0620146, lambdaDF_Bkg1=0.578006, lambdaDF_Bkg2=0.312451, lambdaDSS_Bkg1=0.13582, lambdaDSS_Bkg2=0.365325
PID1451255/RooRealMPFE::nll_pdfTot_Bkg_dataw_Bkg_5b88a4322560_MPFE7[ arg=nll_pdfTot_Bkg_dataw_Bkg_GOF7 vars=(N_Bkg,b_Bkg,ctau1_CtauRes,ctau2_CtauRes,ctau3_CtauRes,f2_CtauRes,fDF12,fDFSS,fDLIV,fDSS12,f_CtauRes,lambdaDDS_Bkg,lambdaDF_Bkg1,lambdaDF_Bkg2,lambdaDSS_Bkg1,lambdaDSS_Bkg2,rS21_CtauRes,rS32_CtauRes,s1_CtauRes,zeroMean) ]
     p.d.f value is less than zero (-0.002582), forcing value to zero @ !refCoefNorm=(ctau3D = -0.128967,ctau3DErr = 0.0200602), !pdfs=(pdfCTAUDSS = 1.42053e-05/1,pdfCTAUDF = 33.118/1), !coefficients=(fDFSS = 1.00008)
     p.d.f value is less than zero (-0.002399), forcing value to zero @ !refCoefNorm=(ctau3D = -0.153542,ctau3DErr = 0.0195274), !pdfs=(pdfCTAUDSS = 3.74895e-08/1,pdfCTAUDF = 30.6098/1), !coefficients=(fDFSS = 1.00008)
     p.d.f value is less than zero (-0.002100), forcing value to zero @ !refCoefNorm=(ctau3D = -0.195586,ctau3DErr = 0.0250272), !pdfs=(pdfCTAUDSS = 4.64098e-08/1,pdfCTAUDF = 26.79/1), !coefficients=(fDFSS = 1.00008)
     p.d.f value is less than zero (-0.002241), forcing value to zero @ !refCoefNorm=(ctau3D = -0.175138,ctau3DErr = 0.0231868), !pdfs=(pdfCTAUDSS = 1.48189e-07/1,pdfCTAUDF = 28.5887/1), !coefficients=(fDFSS = 1.00008)
     p.d.f value is less than zero (-0.001007), forcing value to zero @ !refCoefNorm=(ctau3D = -0.0891678,ctau3DErr = 0.0179615), !pdfs=(pdfCTAUDSS = 0.00193974/1,pdfCTAUDF = 37.5991/1), !coefficients=(fDFSS = 1.00008)
     p.d.f value is less than zero (-0.001880), forcing value to zero @ !refCoefNorm=(ctau3D = -0.229924,ctau3DErr = 0.0209632), !pdfs=(pdfCTAUDSS = 2.03976e-15/1,pdfCTAUDF = 23.9785/1), !coefficients=(fDFSS = 1.00008)
     p.d.f value is less than zero (-0.002484), forcing value to zero @ !refCoefNorm=(ctau3D = -0.142637,ctau3DErr = 0.0197828), !pdfs=(pdfCTAUDSS = 6.42864e-07/1,pdfCTAUDF = 31.6985/1), !coefficients=(fDFSS = 1.00008)
     p.d.f value is less than zero (-0.002058), forcing value to zero @ !refCoefNorm=(ctau3D = -0.201407,ctau3DErr = 0.0178409), !pdfs=(pdfCTAUDSS = 2.67459e-16/1,pdfCTAUDF = 26.2535/1), !coefficients=(fDFSS = 1.00008)
     p.d.f value is less than zero (-0.002616), forcing value to zero @ !refCoefNorm=(ctau3D = -0.126103,ctau3DErr = 0.0184183), !pdfs=(pdfCTAUDSS = 2.83206e-06/1,pdfCTAUDF = 33.412/1), !coefficients=(fDFSS = 1.00008)
     p.d.f value is less than zero (-0.000406), forcing value to zero @ !refCoefNorm=(ctau3D = -0.11805,ctau3DErr = 0.024057), !pdfs=(pdfCTAUDSS = 0.0022846/1,pdfCTAUDF = 34.3243/1), !coefficients=(fDFSS = 1.00008)
     p.d.f value is less than zero (-0.002256), forcing value to zero @ !refCoefNorm=(ctau3D = -0.172693,ctau3DErr = 0.0171792), !pdfs=(pdfCTAUDSS = 4.92463e-13/1,pdfCTAUDF = 28.777/1), !coefficients=(fDFSS = 1.00008)
     p.d.f value is less than zero (-0.002678), forcing value to zero @ !refCoefNorm=(ctau3D = -0.11327,ctau3DErr = 0.0186381), !pdfs=(pdfCTAUDSS = 5.14365e-05/1,pdfCTAUDF = 34.8144/1), !coefficients=(fDFSS = 1.00008)
    ... (remaining 6 messages suppressed)

[#0] WARNING:Minization -- RooMinimizerFcn: Minimized function has error status.
Returning maximum FCN so far (-12068.3) to force MIGRAD to back out of this region. Error log follows
Parameter values: N_Bkg=1482.46, b_Bkg=0.806266, fDF12=1.00085e-06, fDFSS=1.00008, fDLIV=0.764516, fDSS12=6.0176e-06, lambdaDDS_Bkg=0.0601525, lambdaDF_Bkg1=0.331706, lambdaDF_Bkg2=0.312451, lambdaDSS_Bkg1=0.13582, lambdaDSS_Bkg2=0.365325
PID1451255/RooRealMPFE::nll_pdfTot_Bkg_dataw_Bkg_5b88a4322560_MPFE7[ arg=nll_pdfTot_Bkg_dataw_Bkg_GOF7 vars=(N_Bkg,b_Bkg,ctau1_CtauRes,ctau2_CtauRes,ctau3_CtauRes,f2_CtauRes,fDF12,fDFSS,fDLIV,fDSS12,f_CtauRes,lambdaDDS_Bkg,lambdaDF_Bkg1,lambdaDF_Bkg2,lambdaDSS_Bkg1,lambdaDSS_Bkg2,rS21_CtauRes,rS32_CtauRes,s1_CtauRes,zeroMean) ]
     p.d.f value is less than zero (-0.002582), forcing value to zero @ !refCoefNorm=(ctau3D = -0.128967,ctau3DErr = 0.0200602), !pdfs=(pdfCTAUDSS = 1.42053e-05/1,pdfCTAUDF = 33.118/1), !coefficients=(fDFSS = 1.00008)
     p.d.f value is less than zero (-0.002399), forcing value to zero @ !refCoefNorm=(ctau3D = -0.153542,ctau3DErr = 0.0195274), !pdfs=(pdfCTAUDSS = 3.74895e-08/1,pdfCTAUDF = 30.6098/1), !coefficients=(fDFSS = 1.00008)
     p.d.f value is less than zero (-0.002100), forcing value to zero @ !refCoefNorm=(ctau3D = -0.195586,ctau3DErr = 0.0250272), !pdfs=(pdfCTAUDSS = 4.64098e-08/1,pdfCTAUDF = 26.79/1), !coefficients=(fDFSS = 1.00008)
     p.d.f value is less than zero (-0.002241), forcing value to zero @ !refCoefNorm=(ctau3D = -0.175138,ctau3DErr = 0.0231868), !pdfs=(pdfCTAUDSS = 1.48189e-07/1,pdfCTAUDF = 28.5887/1), !coefficients=(fDFSS = 1.00008)
     p.d.f value is less than zero (-0.001007), forcing value to zero @ !refCoefNorm=(ctau3D = -0.0891678,ctau3DErr = 0.0179615), !pdfs=(pdfCTAUDSS = 0.00193974/1,pdfCTAUDF = 37.5991/1), !coefficients=(fDFSS = 1.00008)
     p.d.f value is less than zero (-0.001880), forcing value to zero @ !refCoefNorm=(ctau3D = -0.229924,ctau3DErr = 0.0209632), !pdfs=(pdfCTAUDSS = 2.03976e-15/1,pdfCTAUDF = 23.9785/1), !coefficients=(fDFSS = 1.00008)
     p.d.f value is less than zero (-0.002484), forcing value to zero @ !refCoefNorm=(ctau3D = -0.142637,ctau3DErr = 0.0197828), !pdfs=(pdfCTAUDSS = 6.42864e-07/1,pdfCTAUDF = 31.6985/1), !coefficients=(fDFSS = 1.00008)
     p.d.f value is less than zero (-0.002058), forcing value to zero @ !refCoefNorm=(ctau3D = -0.201407,ctau3DErr = 0.0178409), !pdfs=(pdfCTAUDSS = 2.67459e-16/1,pdfCTAUDF = 26.2535/1), !coefficients=(fDFSS = 1.00008)
     p.d.f value is less than zero (-0.002616), forcing value to zero @ !refCoefNorm=(ctau3D = -0.126103,ctau3DErr = 0.0184183), !pdfs=(pdfCTAUDSS = 2.83206e-06/1,pdfCTAUDF = 33.412/1), !coefficients=(fDFSS = 1.00008)
     p.d.f value is less than zero (-0.000406), forcing value to zero @ !refCoefNorm=(ctau3D = -0.11805,ctau3DErr = 0.024057), !pdfs=(pdfCTAUDSS = 0.0022846/1,pdfCTAUDF = 34.3243/1), !coefficients=(fDFSS = 1.00008)
     p.d.f value is less than zero (-0.002256), forcing value to zero @ !refCoefNorm=(ctau3D = -0.172693,ctau3DErr = 0.0171792), !pdfs=(pdfCTAUDSS = 4.92463e-13/1,pdfCTAUDF = 28.777/1), !coefficients=(fDFSS = 1.00008)
     p.d.f value is less than zero (-0.002678), forcing value to zero @ !refCoefNorm=(ctau3D = -0.11327,ctau3DErr = 0.0186381), !pdfs=(pdfCTAUDSS = 5.14365e-05/1,pdfCTAUDF = 34.8144/1), !coefficients=(fDFSS = 1.00008)
    ... (remaining 6 messages suppressed)

[#0] WARNING:Minization -- RooMinimizerFcn: Minimized function has error status.
Returning maximum FCN so far (-12068.3) to force MIGRAD to back out of this region. Error log follows
Parameter values: N_Bkg=1482.46, b_Bkg=0.806266, fDF12=1.00085e-06, fDFSS=1.00008, fDLIV=0.764516, fDSS12=6.0176e-06, lambdaDDS_Bkg=0.0601525, lambdaDF_Bkg1=0.578006, lambdaDF_Bkg2=0.557591, lambdaDSS_Bkg1=0.13582, lambdaDSS_Bkg2=0.365325
PID1451255/RooRealMPFE::nll_pdfTot_Bkg_dataw_Bkg_5b88a4322560_MPFE7[ arg=nll_pdfTot_Bkg_dataw_Bkg_GOF7 vars=(N_Bkg,b_Bkg,ctau1_CtauRes,ctau2_CtauRes,ctau3_CtauRes,f2_CtauRes,fDF12,fDFSS,fDLIV,fDSS12,f_CtauRes,lambdaDDS_Bkg,lambdaDF_Bkg1,lambdaDF_Bkg2,lambdaDSS_Bkg1,lambdaDSS_Bkg2,rS21_CtauRes,rS32_CtauRes,s1_CtauRes,zeroMean) ]
     p.d.f value is less than zero (-0.001729), forcing value to zero @ !refCoefNorm=(ctau3D = -0.128967,ctau3DErr = 0.0200602), !pdfs=(pdfCTAUDSS = 1.42053e-05/1,pdfCTAUDF = 22.2357/1), !coefficients=(fDFSS = 1.00008)
     p.d.f value is less than zero (-0.001668), forcing value to zero @ !refCoefNorm=(ctau3D = -0.153542,ctau3DErr = 0.0195274), !pdfs=(pdfCTAUDSS = 3.74895e-08/1,pdfCTAUDF = 21.2763/1), !coefficients=(fDFSS = 1.00008)
     p.d.f value is less than zero (-0.001547), forcing value to zero @ !refCoefNorm=(ctau3D = -0.195586,ctau3DErr = 0.0250272), !pdfs=(pdfCTAUDSS = 4.64098e-08/1,pdfCTAUDF = 19.7388/1), !coefficients=(fDFSS = 1.00008)
     p.d.f value is less than zero (-0.001605), forcing value to zero @ !refCoefNorm=(ctau3D = -0.175138,ctau3DErr = 0.0231868), !pdfs=(pdfCTAUDSS = 1.48189e-07/1,pdfCTAUDF = 20.4732/1), !coefficients=(fDFSS = 1.00008)
     p.d.f value is less than zero (-0.001454), forcing value to zero @ !refCoefNorm=(ctau3D = -0.229924,ctau3DErr = 0.0209632), !pdfs=(pdfCTAUDSS = 2.03976e-15/1,pdfCTAUDF = 18.5543/1), !coefficients=(fDFSS = 1.00008)
     p.d.f value is less than zero (-0.001700), forcing value to zero @ !refCoefNorm=(ctau3D = -0.142637,ctau3DErr = 0.0197828), !pdfs=(pdfCTAUDSS = 6.42864e-07/1,pdfCTAUDF = 21.6968/1), !coefficients=(fDFSS = 1.00008)
     p.d.f value is less than zero (-0.001530), forcing value to zero @ !refCoefNorm=(ctau3D = -0.201407,ctau3DErr = 0.0178409), !pdfs=(pdfCTAUDSS = 2.67459e-16/1,pdfCTAUDF = 19.524/1), !coefficients=(fDFSS = 1.00008)
     p.d.f value is less than zero (-0.001749), forcing value to zero @ !refCoefNorm=(ctau3D = -0.126103,ctau3DErr = 0.0184183), !pdfs=(pdfCTAUDSS = 2.83206e-06/1,pdfCTAUDF = 22.3479/1), !coefficients=(fDFSS = 1.00008)
     p.d.f value is less than zero (-0.001611), forcing value to zero @ !refCoefNorm=(ctau3D = -0.172693,ctau3DErr = 0.0171792), !pdfs=(pdfCTAUDSS = 4.92463e-13/1,pdfCTAUDF = 20.555/1), !coefficients=(fDFSS = 1.00008)
     p.d.f value is less than zero (-0.001741), forcing value to zero @ !refCoefNorm=(ctau3D = -0.11327,ctau3DErr = 0.0186381), !pdfs=(pdfCTAUDSS = 5.14365e-05/1,pdfCTAUDF = 22.8685/1), !coefficients=(fDFSS = 1.00008)
     p.d.f value is less than zero (-0.001189), forcing value to zero @ !refCoefNorm=(ctau3D = -0.342247,ctau3DErr = 0.0195713), !pdfs=(pdfCTAUDSS = 3.19019e-38/1,pdfCTAUDF = 15.1677/1), !coefficients=(fDFSS = 1.00008)
     p.d.f value is less than zero (-0.001598), forcing value to zero @ !refCoefNorm=(ctau3D = -0.177424,ctau3DErr = 0.0217389), !pdfs=(pdfCTAUDSS = 9.43562e-09/1,pdfCTAUDF = 20.3873/1), !coefficients=(fDFSS = 1.00008)
    ... (remaining 4 messages suppressed)

[#0] WARNING:Minization -- RooMinimizerFcn: Minimized function has error status.
Returning maximum FCN so far (-12068.3) to force MIGRAD to back out of this region. Error log follows
Parameter values: N_Bkg=1482.46, b_Bkg=0.806266, fDF12=1.00085e-06, fDFSS=1.00008, fDLIV=0.764516, fDSS12=6.0176e-06, lambdaDDS_Bkg=0.0601525, lambdaDF_Bkg1=0.578006, lambdaDF_Bkg2=0.312451, lambdaDSS_Bkg1=0.344598, lambdaDSS_Bkg2=0.365325
PID1451255/RooRealMPFE::nll_pdfTot_Bkg_dataw_Bkg_5b88a4322560_MPFE7[ arg=nll_pdfTot_Bkg_dataw_Bkg_GOF7 vars=(N_Bkg,b_Bkg,ctau1_CtauRes,ctau2_CtauRes,ctau3_CtauRes,f2_CtauRes,fDF12,fDFSS,fDLIV,fDSS12,f_CtauRes,lambdaDDS_Bkg,lambdaDF_Bkg1,lambdaDF_Bkg2,lambdaDSS_Bkg1,lambdaDSS_Bkg2,rS21_CtauRes,rS32_CtauRes,s1_CtauRes,zeroMean) ]
     p.d.f value is less than zero (-0.002582), forcing value to zero @ !refCoefNorm=(ctau3D = -0.128967,ctau3DErr = 0.0200602), !pdfs=(pdfCTAUDSS = 1.42051e-05/1,pdfCTAUDF = 33.118/1), !coefficients=(fDFSS = 1.00008)
     p.d.f value is less than zero (-0.002399), forcing value to zero @ !refCoefNorm=(ctau3D = -0.153542,ctau3DErr = 0.0195274), !pdfs=(pdfCTAUDSS = 3.74892e-08/1,pdfCTAUDF = 30.6098/1), !coefficients=(fDFSS = 1.00008)
     p.d.f value is less than zero (-0.002100), forcing value to zero @ !refCoefNorm=(ctau3D = -0.195586,ctau3DErr = 0.0250272), !pdfs=(pdfCTAUDSS = 4.64094e-08/1,pdfCTAUDF = 26.79/1), !coefficients=(fDFSS = 1.00008)
     p.d.f value is less than zero (-0.002241), forcing value to zero @ !refCoefNorm=(ctau3D = -0.175138,ctau3DErr = 0.0231868), !pdfs=(pdfCTAUDSS = 1.48187e-07/1,pdfCTAUDF = 28.5887/1), !coefficients=(fDFSS = 1.00008)
     p.d.f value is less than zero (-0.001007), forcing value to zero @ !refCoefNorm=(ctau3D = -0.0891678,ctau3DErr = 0.0179615), !pdfs=(pdfCTAUDSS = 0.00193972/1,pdfCTAUDF = 37.5991/1), !coefficients=(fDFSS = 1.00008)
     p.d.f value is less than zero (-0.001880), forcing value to zero @ !refCoefNorm=(ctau3D = -0.229924,ctau3DErr = 0.0209632), !pdfs=(pdfCTAUDSS = 2.03974e-15/1,pdfCTAUDF = 23.9785/1), !coefficients=(fDFSS = 1.00008)
     p.d.f value is less than zero (-0.002484), forcing value to zero @ !refCoefNorm=(ctau3D = -0.142637,ctau3DErr = 0.0197828), !pdfs=(pdfCTAUDSS = 6.42858e-07/1,pdfCTAUDF = 31.6985/1), !coefficients=(fDFSS = 1.00008)
     p.d.f value is less than zero (-0.002058), forcing value to zero @ !refCoefNorm=(ctau3D = -0.201407,ctau3DErr = 0.0178409), !pdfs=(pdfCTAUDSS = 2.67457e-16/1,pdfCTAUDF = 26.2535/1), !coefficients=(fDFSS = 1.00008)
     p.d.f value is less than zero (-0.002616), forcing value to zero @ !refCoefNorm=(ctau3D = -0.126103,ctau3DErr = 0.0184183), !pdfs=(pdfCTAUDSS = 2.83203e-06/1,pdfCTAUDF = 33.412/1), !coefficients=(fDFSS = 1.00008)
     p.d.f value is less than zero (-0.000406), forcing value to zero @ !refCoefNorm=(ctau3D = -0.11805,ctau3DErr = 0.024057), !pdfs=(pdfCTAUDSS = 0.00228458/1,pdfCTAUDF = 34.3243/1), !coefficients=(fDFSS = 1.00008)
     p.d.f value is less than zero (-0.002256), forcing value to zero @ !refCoefNorm=(ctau3D = -0.172693,ctau3DErr = 0.0171792), !pdfs=(pdfCTAUDSS = 4.92458e-13/1,pdfCTAUDF = 28.777/1), !coefficients=(fDFSS = 1.00008)
     p.d.f value is less than zero (-0.002678), forcing value to zero @ !refCoefNorm=(ctau3D = -0.11327,ctau3DErr = 0.0186381), !pdfs=(pdfCTAUDSS = 5.1436e-05/1,pdfCTAUDF = 34.8144/1), !coefficients=(fDFSS = 1.00008)
    ... (remaining 6 messages suppressed)

[#0] WARNING:Minization -- RooMinimizerFcn: Minimized function has error status.
Returning maximum FCN so far (-12068.3) to force MIGRAD to back out of this region. Error log follows
Parameter values: N_Bkg=1482.46, b_Bkg=0.806266, fDF12=1.00085e-06, fDFSS=1.00008, fDLIV=0.764516, fDSS12=6.0176e-06, lambdaDDS_Bkg=0.0601525, lambdaDF_Bkg1=0.578006, lambdaDF_Bkg2=0.312451, lambdaDSS_Bkg1=0.13582, lambdaDSS_Bkg2=0.386542
PID1451255/RooRealMPFE::nll_pdfTot_Bkg_dataw_Bkg_5b88a4322560_MPFE7[ arg=nll_pdfTot_Bkg_dataw_Bkg_GOF7 vars=(N_Bkg,b_Bkg,ctau1_CtauRes,ctau2_CtauRes,ctau3_CtauRes,f2_CtauRes,fDF12,fDFSS,fDLIV,fDSS12,f_CtauRes,lambdaDDS_Bkg,lambdaDF_Bkg1,lambdaDF_Bkg2,lambdaDSS_Bkg1,lambdaDSS_Bkg2,rS21_CtauRes,rS32_CtauRes,s1_CtauRes,zeroMean) ]
     p.d.f value is less than zero (-0.002583), forcing value to zero @ !refCoefNorm=(ctau3D = -0.128967,ctau3DErr = 0.0200602), !pdfs=(pdfCTAUDSS = 1.34358e-05/1,pdfCTAUDF = 33.118/1), !coefficients=(fDFSS = 1.00008)
     p.d.f value is less than zero (-0.002399), forcing value to zero @ !refCoefNorm=(ctau3D = -0.153542,ctau3DErr = 0.0195274), !pdfs=(pdfCTAUDSS = 3.54538e-08/1,pdfCTAUDF = 30.6098/1), !coefficients=(fDFSS = 1.00008)
     p.d.f value is less than zero (-0.002100), forcing value to zero @ !refCoefNorm=(ctau3D = -0.195586,ctau3DErr = 0.0250272), !pdfs=(pdfCTAUDSS = 4.38976e-08/1,pdfCTAUDF = 26.79/1), !coefficients=(fDFSS = 1.00008)
     p.d.f value is less than zero (-0.002241), forcing value to zero @ !refCoefNorm=(ctau3D = -0.175138,ctau3DErr = 0.0231868), !pdfs=(pdfCTAUDSS = 1.40162e-07/1,pdfCTAUDF = 28.5887/1), !coefficients=(fDFSS = 1.00008)
     p.d.f value is less than zero (-0.001112), forcing value to zero @ !refCoefNorm=(ctau3D = -0.0891678,ctau3DErr = 0.0179615), !pdfs=(pdfCTAUDSS = 0.00183483/1,pdfCTAUDF = 37.5991/1), !coefficients=(fDFSS = 1.00008)
     p.d.f value is less than zero (-0.001880), forcing value to zero @ !refCoefNorm=(ctau3D = -0.229924,ctau3DErr = 0.0209632), !pdfs=(pdfCTAUDSS = 1.92875e-15/1,pdfCTAUDF = 23.9785/1), !coefficients=(fDFSS = 1.00008)
     p.d.f value is less than zero (-0.002484), forcing value to zero @ !refCoefNorm=(ctau3D = -0.142637,ctau3DErr = 0.0197828), !pdfs=(pdfCTAUDSS = 6.07992e-07/1,pdfCTAUDF = 31.6985/1), !coefficients=(fDFSS = 1.00008)
     p.d.f value is less than zero (-0.002058), forcing value to zero @ !refCoefNorm=(ctau3D = -0.201407,ctau3DErr = 0.0178409), !pdfs=(pdfCTAUDSS = 2.52882e-16/1,pdfCTAUDF = 26.2535/1), !coefficients=(fDFSS = 1.00008)
     p.d.f value is less than zero (-0.002616), forcing value to zero @ !refCoefNorm=(ctau3D = -0.126103,ctau3DErr = 0.0184183), !pdfs=(pdfCTAUDSS = 2.67839e-06/1,pdfCTAUDF = 33.412/1), !coefficients=(fDFSS = 1.00008)
     p.d.f value is less than zero (-0.000529), forcing value to zero @ !refCoefNorm=(ctau3D = -0.11805,ctau3DErr = 0.024057), !pdfs=(pdfCTAUDSS = 0.00216167/1,pdfCTAUDF = 34.3243/1), !coefficients=(fDFSS = 1.00008)
     p.d.f value is less than zero (-0.002256), forcing value to zero @ !refCoefNorm=(ctau3D = -0.172693,ctau3DErr = 0.0171792), !pdfs=(pdfCTAUDSS = 4.65636e-13/1,pdfCTAUDF = 28.777/1), !coefficients=(fDFSS = 1.00008)
     p.d.f value is less than zero (-0.002680), forcing value to zero @ !refCoefNorm=(ctau3D = -0.11327,ctau3DErr = 0.0186381), !pdfs=(pdfCTAUDSS = 4.86495e-05/1,pdfCTAUDF = 34.8144/1), !coefficients=(fDFSS = 1.00008)
    ... (remaining 6 messages suppressed)

RooArgSet::dependents = (ctau3D)
RooSetProxy::!refCoefNorm = (ctau3DErr,ctau3D)
RooArgSet::dependents = (ctau3D)
RooSetProxy::!refCoefNorm = (ctau3DErr,ctau3D)
RooArgSet:: = ()
RooSetProxy::!refCoefNorm = (ctau3DErr,ctau3D)
RooArgSet::dependents = (ctau3D)
RooSetProxy::!refCoefNorm = (ctau3DErr,ctau3D)
RooArgSet::dependents = (ctau3D)
RooArgSet::dependents = (ctau3D)
RooSetProxy::!refCoefNorm = (ctau3DErr,ctau3D)
RooSetProxy::!refCoefNorm = (ctau3DErr,ctau3D)
RooArgSet::dependents = (ctau3D)
RooSetProxy::!refCoefNorm = (ctau3DErr,ctau3D)
RooArgSet::dependents = (ctau3D)
RooSetProxy::!refCoefNorm = (ctau3DErr,ctau3D)
RooArgSet::dependents = (ctau3D)
RooSetProxy::!refCoefNorm = (ctau3DErr,ctau3D)
RooArgSet::dependents = (ctau3D)
RooSetProxy::!refCoefNorm = (ctau3DErr,ctau3D)
RooArgSet::dependents = (ctau3D)
RooSetProxy::!refCoefNorm = (ctau3DErr,ctau3D)
RooArgSet::dependents = (ctau3D)
RooSetProxy::!refCoefNorm = (ctau3DErr,ctau3D)
RooArgSet::dependents = (ctau3D)
RooSetProxy::!refCoefNorm = (ctau3DErr,ctau3D)
RooArgSet::dependents = (ctau3D)
RooSetProxy::!refCoefNorm = (ctau3DErr,ctau3D)
RooArgSet::dependents = (ctau3D)
RooSetProxy::!refCoefNorm = (ctau3DErr,ctau3D)
RooArgSet::dependents = (ctau3D)
RooSetProxy::!refCoefNorm = (ctau3DErr,ctau3D)
RooArgSet::dependents = (ctau3D)
RooSetProxy::!refCoefNorm = (ctau3DErr,ctau3D)
RooArgSet:: = ()
RooSetProxy::!refCoefNorm = (ctau3DErr,ctau3D)
RooArgSet:: = ()
RooSetProxy::!refCoefNorm = (ctau3DErr,ctau3D)
RooArgSet:: = ()
RooArgSet::dependents = (ctau3D)
RooSetProxy::!refCoefNorm = (ctau3DErr,ctau3D)
RooSetProxy::!refCoefNorm = (ctau3DErr,ctau3D)
RooArgSet:: = ()
RooArgSet:: = ()
RooSetProxy::!refCoefNorm = (ctau3DErr,ctau3D)
RooSetProxy::!refCoefNorm = (ctau3DErr,ctau3D)
RooArgSet:: = ()
RooSetProxy::!refCoefNorm = (ctau3DErr,ctau3D)
RooArgSet::dependents = (ctau3D)
RooSetProxy::!refCoefNorm = (ctau3DErr,ctau3D)
RooArgSet:: = ()
RooSetProxy::!refCoefNorm = (ctau3DErr,ctau3D)
RooArgSet:: = ()
RooSetProxy::!refCoefNorm = (ctau3DErr,ctau3D)
[#0] ERROR:Eval -- RooAbsReal::logEvalError(pdfCTAU_Bkg) evaluation error, 
 origin       : RooAddPdf::pdfCTAU_Bkg[ b_Bkg * pdfCTAU_BkgNoPR + [%] * pdfCTAU_BkgPR ]
 message      : p.d.f value is Not-a-Number (-nan), forcing value to zero
 server values: !refCoefNorm=(ctau3DErr = 0.0693359,ctau3D = -4), !pdfs=(pdfCTAU_BkgNoPR = 0/1,pdfCTAU_BkgPR = 0/1), !coefficients=(b_Bkg = 0.806266 +/- 1184.85)
[#0] ERROR:Eval -- RooAbsReal::logEvalError(pdfCTAU_Bkg_Tot) evaluation error, 
 origin       : RooAddPdf::pdfCTAU_Bkg_Tot[ N_Bkg * pdfCTAU_Bkg ]
 message      : p.d.f value is Not-a-Number (-nan), forcing value to zero
 server values: !refCoefNorm=(ctau3DErr = 0.0693359,ctau3D = -4), !pdfs=(pdfCTAU_Bkg = -nan/1), !coefficients=(N_Bkg = 1482.46 +/- 32.4246)
[#0] ERROR:Eval -- RooAbsReal::logEvalError(pdfCTAU_Bkg) evaluation error, 
 origin       : RooAddPdf::pdfCTAU_Bkg[ b_Bkg * pdfCTAU_BkgNoPR + [%] * pdfCTAU_BkgPR ]
 message      : p.d.f value is Not-a-Number (-nan), forcing value to zero
 server values: !refCoefNorm=(ctau3DErr = 0.0699768,ctau3D = -4), !pdfs=(pdfCTAU_BkgNoPR = 0/1,pdfCTAU_BkgPR = 0/1), !coefficients=(b_Bkg = 0.806266 +/- 1184.85)
[#0] ERROR:Eval -- RooAbsReal::logEvalError(pdfCTAU_Bkg_Tot) evaluation error, 
 origin       : RooAddPdf::pdfCTAU_Bkg_Tot[ N_Bkg * pdfCTAU_Bkg ]
 message      : p.d.f value is Not-a-Number (-nan), forcing value to zero
 server values: !refCoefNorm=(ctau3DErr = 0.0699768,ctau3D = -4), !pdfs=(pdfCTAU_Bkg = -nan/1), !coefficients=(N_Bkg = 1482.46 +/- 32.4246)
[#0] ERROR:Eval -- RooAbsReal::logEvalError(pdfCTAU_Bkg) evaluation error, 
 origin       : RooAddPdf::pdfCTAU_Bkg[ b_Bkg * pdfCTAU_BkgNoPR + [%] * pdfCTAU_BkgPR ]
 message      : p.d.f value is Not-a-Number (-nan), forcing value to zero
 server values: !refCoefNorm=(ctau3DErr = 0.0456219,ctau3D = -4), !pdfs=(pdfCTAU_BkgNoPR = 0/1,pdfCTAU_BkgPR = 0/1), !coefficients=(b_Bkg = 0.806266 +/- 1184.85)
[#0] ERROR:Eval -- RooAbsReal::logEvalError(pdfCTAU_Bkg) evaluation error, 
 origin       : RooAddPdf::pdfCTAU_Bkg[ b_Bkg * pdfCTAU_BkgNoPR + [%] * pdfCTAU_BkgPR ]
 message      : p.d.f value is Not-a-Number (-nan), forcing value to zero
 server values: !refCoefNorm=(ctau3DErr = 0.076386,ctau3D = -4), !pdfs=(pdfCTAU_BkgNoPR = 0/1,pdfCTAU_BkgPR = 0/1), !coefficients=(b_Bkg = 0.806266 +/- 1184.85)
[#0] ERROR:Eval -- RooAbsReal::logEvalError(pdfCTAU_Bkg_Tot) evaluation error, 
 origin       : RooAddPdf::pdfCTAU_Bkg_Tot[ N_Bkg * pdfCTAU_Bkg ]
 message      : p.d.f value is Not-a-Number (-nan), forcing value to zero
 server values: !refCoefNorm=(ctau3DErr = 0.0456219,ctau3D = -4), !pdfs=(pdfCTAU_Bkg = -nan/1), !coefficients=(N_Bkg = 1482.46 +/- 32.4246)
[#0] ERROR:Eval -- RooAbsReal::logEvalError(pdfCTAU_Bkg_Tot) evaluation error, 
 origin       : RooAddPdf::pdfCTAU_Bkg_Tot[ N_Bkg * pdfCTAU_Bkg ]
 message      : p.d.f value is Not-a-Number (-nan), forcing value to zero
 server values: !refCoefNorm=(ctau3DErr = 0.076386,ctau3D = -4), !pdfs=(pdfCTAU_Bkg = -nan/1), !coefficients=(N_Bkg = 1482.46 +/- 32.4246)
[#0] ERROR:Eval -- RooAbsReal::logEvalError(pdfCTAU_Bkg) evaluation error, 
 origin       : RooAddPdf::pdfCTAU_Bkg[ b_Bkg * pdfCTAU_BkgNoPR + [%] * pdfCTAU_BkgPR ]
 message      : p.d.f value is Not-a-Number (-nan), forcing value to zero
 server values: !refCoefNorm=(ctau3DErr = 0.0462628,ctau3D = -4), !pdfs=(pdfCTAU_BkgNoPR = 0/1,pdfCTAU_BkgPR = 0/1), !coefficients=(b_Bkg = 0.806266 +/- 1184.85)
[#0] ERROR:Eval -- RooAbsReal::logEvalError(pdfCTAU_Bkg_Tot) evaluation error, 
 origin       : RooAddPdf::pdfCTAU_Bkg_Tot[ N_Bkg * pdfCTAU_Bkg ]
 message      : p.d.f value is Not-a-Number (-nan), forcing value to zero
 server values: !refCoefNorm=(ctau3DErr = 0.0462628,ctau3D = -4), !pdfs=(pdfCTAU_Bkg = -nan/1), !coefficients=(N_Bkg = 1482.46 +/- 32.4246)
[#0] ERROR:Eval -- RooAbsReal::logEvalError(pdfCTAU_Bkg) evaluation error, 
 origin       : RooAddPdf::pdfCTAU_Bkg[ b_Bkg * pdfCTAU_BkgNoPR + [%] * pdfCTAU_BkgPR ]
 message      : p.d.f value is Not-a-Number (-nan), forcing value to zero
 server values: !refCoefNorm=(ctau3DErr = 0.0469038,ctau3D = -4), !pdfs=(pdfCTAU_BkgNoPR = 0/1,pdfCTAU_BkgPR = 0/1), !coefficients=(b_Bkg = 0.806266 +/- 1184.85)
[#0] ERROR:Eval -- RooAbsReal::logEvalError(pdfCTAU_Bkg_Tot) evaluation error, 
 origin       : RooAddPdf::pdfCTAU_Bkg_Tot[ N_Bkg * pdfCTAU_Bkg ]
 message      : p.d.f value is Not-a-Number (-nan), forcing value to zero
 server values: !refCoefNorm=(ctau3DErr = 0.0469038,ctau3D = -4), !pdfs=(pdfCTAU_Bkg = -nan/1), !coefficients=(N_Bkg = 1482.46 +/- 32.4246)
[#0] ERROR:Eval -- RooAbsReal::logEvalError(pdfCTAU_Bkg) evaluation error, 
 origin       : RooAddPdf::pdfCTAU_Bkg[ b_Bkg * pdfCTAU_BkgNoPR + [%] * pdfCTAU_BkgPR ]
 message      : p.d.f value is Not-a-Number (-nan), forcing value to zero
 server values: !refCoefNorm=(ctau3DErr = 0.0475447,ctau3D = -4), !pdfs=(pdfCTAU_BkgNoPR = 0/1,pdfCTAU_BkgPR = 0/1), !coefficients=(b_Bkg = 0.806266 +/- 1184.85)
[#0] ERROR:Eval -- RooAbsReal::logEvalError(pdfCTAU_Bkg_Tot) evaluation error, 
 origin       : RooAddPdf::pdfCTAU_Bkg_Tot[ N_Bkg * pdfCTAU_Bkg ]
 message      : p.d.f value is Not-a-Number (-nan), forcing value to zero
 server values: !refCoefNorm=(ctau3DErr = 0.0475447,ctau3D = -4), !pdfs=(pdfCTAU_Bkg = -nan/1), !coefficients=(N_Bkg = 1482.46 +/- 32.4246)
[#0] ERROR:Eval -- RooAbsReal::logEvalError(pdfCTAU_Bkg) evaluation error, 
 origin       : RooAddPdf::pdfCTAU_Bkg[ b_Bkg * pdfCTAU_BkgNoPR + [%] * pdfCTAU_BkgPR ]
 message      : p.d.f value is Not-a-Number (-nan), forcing value to zero
 server values: !refCoefNorm=(ctau3DErr = 0.0481856,ctau3D = -4), !pdfs=(pdfCTAU_BkgNoPR = 0/1,pdfCTAU_BkgPR = 0/1), !coefficients=(b_Bkg = 0.806266 +/- 1184.85)
[#0] ERROR:Eval -- RooAbsReal::logEvalError(pdfCTAU_Bkg_Tot) evaluation error, 
 origin       : RooAddPdf::pdfCTAU_Bkg_Tot[ N_Bkg * pdfCTAU_Bkg ]
 message      : p.d.f value is Not-a-Number (-nan), forcing value to zero
 server values: !refCoefNorm=(ctau3DErr = 0.0481856,ctau3D = -4), !pdfs=(pdfCTAU_Bkg = -nan/1), !coefficients=(N_Bkg = 1482.46 +/- 32.4246)
[#0] ERROR:Eval -- RooAbsReal::logEvalError(pdfCTAU_Bkg) evaluation error, 
 origin       : RooAddPdf::pdfCTAU_Bkg[ b_Bkg * pdfCTAU_BkgNoPR + [%] * pdfCTAU_BkgPR ]
 message      : p.d.f value is Not-a-Number (-nan), forcing value to zero
 server values: !refCoefNorm=(ctau3DErr = 0.0507493,ctau3D = -4), !pdfs=(pdfCTAU_BkgNoPR = 0/1,pdfCTAU_BkgPR = 0/1), !coefficients=(b_Bkg = 0.806266 +/- 1184.85)
[#0] ERROR:Eval -- RooAbsReal::logEvalError(pdfCTAU_Bkg_Tot) evaluation error, 
 origin       : RooAddPdf::pdfCTAU_Bkg_Tot[ N_Bkg * pdfCTAU_Bkg ]
 message      : p.d.f value is Not-a-Number (-nan), forcing value to zero
 server values: !refCoefNorm=(ctau3DErr = 0.0507493,ctau3D = -4), !pdfs=(pdfCTAU_Bkg = -nan/1), !coefficients=(N_Bkg = 1482.46 +/- 32.4246)
[#0] ERROR:Eval -- RooAbsReal::logEvalError(pdfCTAU_Bkg) evaluation error, 
 origin       : RooAddPdf::pdfCTAU_Bkg[ b_Bkg * pdfCTAU_BkgNoPR + [%] * pdfCTAU_BkgPR ]
 message      : p.d.f value is Not-a-Number (-nan), forcing value to zero
 server values: !refCoefNorm=(ctau3DErr = 0.052672,ctau3D = -4), !pdfs=(pdfCTAU_BkgNoPR = 0/1,pdfCTAU_BkgPR = 0/1), !coefficients=(b_Bkg = 0.806266 +/- 1184.85)
[#0] ERROR:Eval -- RooAbsReal::logEvalError(pdfCTAU_Bkg_Tot) evaluation error, 
 origin       : RooAddPdf::pdfCTAU_Bkg_Tot[ N_Bkg * pdfCTAU_Bkg ]
 message      : p.d.f value is Not-a-Number (-nan), forcing value to zero
 server values: !refCoefNorm=(ctau3DErr = 0.052672,ctau3D = -4), !pdfs=(pdfCTAU_Bkg = -nan/1), !coefficients=(N_Bkg = 1482.46 +/- 32.4246)
[#0] ERROR:Eval -- RooAbsReal::logEvalError(pdfCTAU_Bkg) evaluation error, 
 origin       : RooAddPdf::pdfCTAU_Bkg[ b_Bkg * pdfCTAU_BkgNoPR + [%] * pdfCTAU_BkgPR ]
 message      : p.d.f value is Not-a-Number (-nan), forcing value to zero
 server values: !refCoefNorm=(ctau3DErr = 0.053313,ctau3D = -4), !pdfs=(pdfCTAU_BkgNoPR = 0/1,pdfCTAU_BkgPR = 0/1), !coefficients=(b_Bkg = 0.806266 +/- 1184.85)
[#0] ERROR:Eval -- RooAbsReal::logEvalError(pdfCTAU_Bkg_Tot) evaluation error, 
 origin       : RooAddPdf::pdfCTAU_Bkg_Tot[ N_Bkg * pdfCTAU_Bkg ]
 message      : p.d.f value is Not-a-Number (-nan), forcing value to zero
 server values: !refCoefNorm=(ctau3DErr = 0.053313,ctau3D = -4), !pdfs=(pdfCTAU_Bkg = -nan/1), !coefficients=(N_Bkg = 1482.46 +/- 32.4246)
[#0] ERROR:Eval -- RooAbsReal::logEvalError(pdfCTAU_Bkg) evaluation error, 
 origin       : RooAddPdf::pdfCTAU_Bkg[ b_Bkg * pdfCTAU_BkgNoPR + [%] * pdfCTAU_BkgPR ]
 message      : p.d.f value is Not-a-Number (-nan), forcing value to zero
 server values: !refCoefNorm=(ctau3DErr = 0.0539539,ctau3D = -4), !pdfs=(pdfCTAU_BkgNoPR = 0/1,pdfCTAU_BkgPR = 0/1), !coefficients=(b_Bkg = 0.806266 +/- 1184.85)
[#0] ERROR:Eval -- RooAbsReal::logEvalError(pdfCTAU_Bkg_Tot) evaluation error, 
 origin       : RooAddPdf::pdfCTAU_Bkg_Tot[ N_Bkg * pdfCTAU_Bkg ]
 message      : p.d.f value is Not-a-Number (-nan), forcing value to zero
 server values: !refCoefNorm=(ctau3DErr = 0.0539539,ctau3D = -4), !pdfs=(pdfCTAU_Bkg = -nan/1), !coefficients=(N_Bkg = 1482.46 +/- 32.4246)
RooArgSet::dependents = (ctau3D)
RooSetProxy::!refCoefNorm = (ctau3DErr,ctau3D)
RooArgSet::dependents = (ctau3D)
RooSetProxy::!refCoefNorm = (ctau3DErr,ctau3D)
RooArgSet:: = ()
RooSetProxy::!refCoefNorm = (ctau3DErr,ctau3D)
RooArgSet::dependents = (ctau3D)
RooArgSet::dependents = (ctau3D)
RooSetProxy::!refCoefNorm = (ctau3DErr,ctau3D)
RooSetProxy::!refCoefNorm = (ctau3DErr,ctau3D)
RooArgSet::dependents = (ctau3D)
RooSetProxy::!refCoefNorm = (ctau3DErr,ctau3D)
RooArgSet::dependents = (ctau3D)
RooArgSet::dependents = (ctau3D)
RooSetProxy::!refCoefNorm = (ctau3DErr,ctau3D)
RooSetProxy::!refCoefNorm = (ctau3DErr,ctau3D)
RooArgSet::dependents = (ctau3D)
RooSetProxy::!refCoefNorm = (ctau3DErr,ctau3D)
RooArgSet::dependents = (ctau3D)
RooSetProxy::!refCoefNorm = (ctau3DErr,ctau3D)
RooArgSet::dependents = (ctau3D)
RooSetProxy::!refCoefNorm = (ctau3DErr,ctau3D)
RooArgSet::dependents = (ctau3D)
RooArgSet::dependents = (ctau3D)
RooSetProxy::!refCoefNorm = (ctau3DErr,ctau3D)
RooArgSet:: = ()
RooSetProxy::!refCoefNorm = (ctau3DErr,ctau3D)
RooArgSet:: = ()
RooSetProxy::!refCoefNorm = (ctau3DErr,ctau3D)
RooSetProxy::!refCoefNorm = (ctau3DErr,ctau3D)
RooArgSet::dependents = (ctau3D)
RooSetProxy::!refCoefNorm = (ctau3DErr,ctau3D)
RooArgSet:: = ()
RooSetProxy::!refCoefNorm = (ctau3DErr,ctau3D)
RooArgSet::dependents = (ctau3D)
RooSetProxy::!refCoefNorm = (ctau3DErr,ctau3D)
RooArgSet::dependents = (ctau3D)
RooSetProxy::!refCoefNorm = (ctau3DErr,ctau3D)
RooArgSet::dependents = (ctau3D)
RooArgSet::dependents = (ctau3D)
RooSetProxy::!refCoefNorm = (ctau3DErr,ctau3D)
RooSetProxy::!refCoefNorm = (ctau3DErr,ctau3D)
RooArgSet:: = ()
RooSetProxy::!refCoefNorm = (ctau3DErr,ctau3D)
RooArgSet::dependents = (ctau3D)
RooSetProxy::!refCoefNorm = (ctau3DErr,ctau3D)
RooArgSet:: = ()
RooSetProxy::!refCoefNorm = (ctau3DErr,ctau3D)
RooArgSet:: = ()
RooSetProxy::!refCoefNorm = (ctau3DErr,ctau3D)
RooArgSet:: = ()
RooSetProxy::!refCoefNorm = (ctau3DErr,ctau3D)
RooArgSet:: = ()
RooSetProxy::!refCoefNorm = (ctau3DErr,ctau3D)
[#0] ERROR:Eval -- RooAbsReal::logEvalError(pdfCTAU_Bkg) evaluation error, 
 origin       : RooAddPdf::pdfCTAU_Bkg[ b_Bkg * pdfCTAU_BkgNoPR + [%] * pdfCTAU_BkgPR ]
 message      : p.d.f value is Not-a-Number (-nan), forcing value to zero
 server values: !refCoefNorm=(ctau3DErr = 0.0693359,ctau3D = -4), !pdfs=(pdfCTAU_BkgNoPR = 0/1,pdfCTAU_BkgPR = 0/1), !coefficients=(b_Bkg = 0.806266 +/- 1184.85)
[#0] ERROR:Eval -- RooAbsReal::logEvalError(pdfCTAU_Bkg_Tot) evaluation error, 
 origin       : RooAddPdf::pdfCTAU_Bkg_Tot[ N_Bkg * pdfCTAU_Bkg ]
 message      : p.d.f value is Not-a-Number (-nan), forcing value to zero
 server values: !refCoefNorm=(ctau3DErr = 0.0693359,ctau3D = -4), !pdfs=(pdfCTAU_Bkg = -nan/1), !coefficients=(N_Bkg = 1482.46 +/- 32.4246)
[#0] ERROR:Eval -- RooAbsReal::logEvalError(pdfCTAU_Bkg) evaluation error, 
 origin       : RooAddPdf::pdfCTAU_Bkg[ b_Bkg * pdfCTAU_BkgNoPR + [%] * pdfCTAU_BkgPR ]
 message      : p.d.f value is Not-a-Number (-nan), forcing value to zero
 server values: !refCoefNorm=(ctau3DErr = 0.0699768,ctau3D = -4), !pdfs=(pdfCTAU_BkgNoPR = 0/1,pdfCTAU_BkgPR = 0/1), !coefficients=(b_Bkg = 0.806266 +/- 1184.85)
[#0] ERROR:Eval -- RooAbsReal::logEvalError(pdfCTAU_Bkg_Tot) evaluation error, 
 origin       : RooAddPdf::pdfCTAU_Bkg_Tot[ N_Bkg * pdfCTAU_Bkg ]
 message      : p.d.f value is Not-a-Number (-nan), forcing value to zero
 server values: !refCoefNorm=(ctau3DErr = 0.0699768,ctau3D = -4), !pdfs=(pdfCTAU_Bkg = -nan/1), !coefficients=(N_Bkg = 1482.46 +/- 32.4246)
[#0] ERROR:Eval -- RooAbsReal::logEvalError(pdfCTAU_Bkg) evaluation error, 
 origin       : RooAddPdf::pdfCTAU_Bkg[ b_Bkg * pdfCTAU_BkgNoPR + [%] * pdfCTAU_BkgPR ]
 message      : p.d.f value is Not-a-Number (-nan), forcing value to zero
 server values: !refCoefNorm=(ctau3DErr = 0.076386,ctau3D = -4), !pdfs=(pdfCTAU_BkgNoPR = 0/1,pdfCTAU_BkgPR = 0/1), !coefficients=(b_Bkg = 0.806266 +/- 1184.85)
[#0] ERROR:Eval -- RooAbsReal::logEvalError(pdfCTAU_Bkg_Tot) evaluation error, 
 origin       : RooAddPdf::pdfCTAU_Bkg_Tot[ N_Bkg * pdfCTAU_Bkg ]
 message      : p.d.f value is Not-a-Number (-nan), forcing value to zero
 server values: !refCoefNorm=(ctau3DErr = 0.076386,ctau3D = -4), !pdfs=(pdfCTAU_Bkg = -nan/1), !coefficients=(N_Bkg = 1482.46 +/- 32.4246)
[#0] ERROR:Eval -- RooAbsReal::logEvalError(pdfCTAU_Bkg) evaluation error, 
 origin       : RooAddPdf::pdfCTAU_Bkg[ b_Bkg * pdfCTAU_BkgNoPR + [%] * pdfCTAU_BkgPR ]
 message      : p.d.f value is Not-a-Number (-nan), forcing value to zero
 server values: !refCoefNorm=(ctau3DErr = 0.052672,ctau3D = -4), !pdfs=(pdfCTAU_BkgNoPR = 0/1,pdfCTAU_BkgPR = 0/1), !coefficients=(b_Bkg = 0.806266 +/- 1184.85)
[#0] ERROR:Eval -- RooAbsReal::logEvalError(pdfCTAU_Bkg_Tot) evaluation error, 
 origin       : RooAddPdf::pdfCTAU_Bkg_Tot[ N_Bkg * pdfCTAU_Bkg ]
 message      : p.d.f value is Not-a-Number (-nan), forcing value to zero
 server values: !refCoefNorm=(ctau3DErr = 0.052672,ctau3D = -4), !pdfs=(pdfCTAU_Bkg = -nan/1), !coefficients=(N_Bkg = 1482.46 +/- 32.4246)
[#0] ERROR:Eval -- RooAbsReal::logEvalError(pdfCTAU_Bkg) evaluation error, 
 origin       : RooAddPdf::pdfCTAU_Bkg[ b_Bkg * pdfCTAU_BkgNoPR + [%] * pdfCTAU_BkgPR ]
 message      : p.d.f value is Not-a-Number (-nan), forcing value to zero
 server values: !refCoefNorm=(ctau3DErr = 0.053313,ctau3D = -4), !pdfs=(pdfCTAU_BkgNoPR = 0/1,pdfCTAU_BkgPR = 0/1), !coefficients=(b_Bkg = 0.806266 +/- 1184.85)
[#0] ERROR:Eval -- RooAbsReal::logEvalError(pdfCTAU_Bkg_Tot) evaluation error, 
 origin       : RooAddPdf::pdfCTAU_Bkg_Tot[ N_Bkg * pdfCTAU_Bkg ]
 message      : p.d.f value is Not-a-Number (-nan), forcing value to zero
 server values: !refCoefNorm=(ctau3DErr = 0.053313,ctau3D = -4), !pdfs=(pdfCTAU_Bkg = -nan/1), !coefficients=(N_Bkg = 1482.46 +/- 32.4246)
[#0] ERROR:Eval -- RooAbsReal::logEvalError(pdfCTAU_Bkg) evaluation error, 
 origin       : RooAddPdf::pdfCTAU_Bkg[ b_Bkg * pdfCTAU_BkgNoPR + [%] * pdfCTAU_BkgPR ]
 message      : p.d.f value is Not-a-Number (-nan), forcing value to zero
 server values: !refCoefNorm=(ctau3DErr = 0.0539539,ctau3D = -4), !pdfs=(pdfCTAU_BkgNoPR = 0/1,pdfCTAU_BkgPR = 0/1), !coefficients=(b_Bkg = 0.806266 +/- 1184.85)
[#0] ERROR:Eval -- RooAbsReal::logEvalError(pdfCTAU_Bkg_Tot) evaluation error, 
 origin       : RooAddPdf::pdfCTAU_Bkg_Tot[ N_Bkg * pdfCTAU_Bkg ]
 message      : p.d.f value is Not-a-Number (-nan), forcing value to zero
 server values: !refCoefNorm=(ctau3DErr = 0.0539539,ctau3D = -4), !pdfs=(pdfCTAU_Bkg = -nan/1), !coefficients=(N_Bkg = 1482.46 +/- 32.4246)
[#0] ERROR:Eval -- RooAbsReal::logEvalError(pdfCTAU_Bkg) evaluation error, 
 origin       : RooAddPdf::pdfCTAU_Bkg[ b_Bkg * pdfCTAU_BkgNoPR + [%] * pdfCTAU_BkgPR ]
 message      : p.d.f value is Not-a-Number (-nan), forcing value to zero
 server values: !refCoefNorm=(ctau3DErr = 0.0456219,ctau3D = -4), !pdfs=(pdfCTAU_BkgNoPR = 0/1,pdfCTAU_BkgPR = 0/1), !coefficients=(b_Bkg = 0.806266 +/- 1184.85)
[#0] ERROR:Eval -- RooAbsReal::logEvalError(pdfCTAU_Bkg_Tot) evaluation error, 
 origin       : RooAddPdf::pdfCTAU_Bkg_Tot[ N_Bkg * pdfCTAU_Bkg ]
 message      : p.d.f value is Not-a-Number (-nan), forcing value to zero
 server values: !refCoefNorm=(ctau3DErr = 0.0456219,ctau3D = -4), !pdfs=(pdfCTAU_Bkg = -nan/1), !coefficients=(N_Bkg = 1482.46 +/- 32.4246)
[#0] ERROR:Eval -- RooAbsReal::logEvalError(pdfCTAU_Bkg) evaluation error, 
 origin       : RooAddPdf::pdfCTAU_Bkg[ b_Bkg * pdfCTAU_BkgNoPR + [%] * pdfCTAU_BkgPR ]
 message      : p.d.f value is Not-a-Number (-nan), forcing value to zero
 server values: !refCoefNorm=(ctau3DErr = 0.0462628,ctau3D = -4), !pdfs=(pdfCTAU_BkgNoPR = 0/1,pdfCTAU_BkgPR = 0/1), !coefficients=(b_Bkg = 0.806266 +/- 1184.85)
[#0] ERROR:Eval -- RooAbsReal::logEvalError(pdfCTAU_Bkg_Tot) evaluation error, 
 origin       : RooAddPdf::pdfCTAU_Bkg_Tot[ N_Bkg * pdfCTAU_Bkg ]
 message      : p.d.f value is Not-a-Number (-nan), forcing value to zero
 server values: !refCoefNorm=(ctau3DErr = 0.0462628,ctau3D = -4), !pdfs=(pdfCTAU_Bkg = -nan/1), !coefficients=(N_Bkg = 1482.46 +/- 32.4246)
[#0] ERROR:Eval -- RooAbsReal::logEvalError(pdfCTAU_Bkg) evaluation error, 
 origin       : RooAddPdf::pdfCTAU_Bkg[ b_Bkg * pdfCTAU_BkgNoPR + [%] * pdfCTAU_BkgPR ]
 message      : p.d.f value is Not-a-Number (-nan), forcing value to zero
 server values: !refCoefNorm=(ctau3DErr = 0.0469038,ctau3D = -4), !pdfs=(pdfCTAU_BkgNoPR = 0/1,pdfCTAU_BkgPR = 0/1), !coefficients=(b_Bkg = 0.806266 +/- 1184.85)
[#0] ERROR:Eval -- RooAbsReal::logEvalError(pdfCTAU_Bkg_Tot) evaluation error, 
 origin       : RooAddPdf::pdfCTAU_Bkg_Tot[ N_Bkg * pdfCTAU_Bkg ]
 message      : p.d.f value is Not-a-Number (-nan), forcing value to zero
 server values: !refCoefNorm=(ctau3DErr = 0.0469038,ctau3D = -4), !pdfs=(pdfCTAU_Bkg = -nan/1), !coefficients=(N_Bkg = 1482.46 +/- 32.4246)
[#0] ERROR:Eval -- RooAbsReal::logEvalError(pdfCTAU_Bkg) evaluation error, 
 origin       : RooAddPdf::pdfCTAU_Bkg[ b_Bkg * pdfCTAU_BkgNoPR + [%] * pdfCTAU_BkgPR ]
 message      : p.d.f value is Not-a-Number (-nan), forcing value to zero
 server values: !refCoefNorm=(ctau3DErr = 0.0475447,ctau3D = -4), !pdfs=(pdfCTAU_BkgNoPR = 0/1,pdfCTAU_BkgPR = 0/1), !coefficients=(b_Bkg = 0.806266 +/- 1184.85)
[#0] ERROR:Eval -- RooAbsReal::logEvalError(pdfCTAU_Bkg_Tot) evaluation error, 
 origin       : RooAddPdf::pdfCTAU_Bkg_Tot[ N_Bkg * pdfCTAU_Bkg ]
 message      : p.d.f value is Not-a-Number (-nan), forcing value to zero
 server values: !refCoefNorm=(ctau3DErr = 0.0475447,ctau3D = -4), !pdfs=(pdfCTAU_Bkg = -nan/1), !coefficients=(N_Bkg = 1482.46 +/- 32.4246)
[#0] ERROR:Eval -- RooAbsReal::logEvalError(pdfCTAU_Bkg) evaluation error, 
 origin       : RooAddPdf::pdfCTAU_Bkg[ b_Bkg * pdfCTAU_BkgNoPR + [%] * pdfCTAU_BkgPR ]
 message      : p.d.f value is Not-a-Number (-nan), forcing value to zero
 server values: !refCoefNorm=(ctau3DErr = 0.0481856,ctau3D = -4), !pdfs=(pdfCTAU_BkgNoPR = 0/1,pdfCTAU_BkgPR = 0/1), !coefficients=(b_Bkg = 0.806266 +/- 1184.85)
[#0] ERROR:Eval -- RooAbsReal::logEvalError(pdfCTAU_Bkg_Tot) evaluation error, 
 origin       : RooAddPdf::pdfCTAU_Bkg_Tot[ N_Bkg * pdfCTAU_Bkg ]
 message      : p.d.f value is Not-a-Number (-nan), forcing value to zero
 server values: !refCoefNorm=(ctau3DErr = 0.0481856,ctau3D = -4), !pdfs=(pdfCTAU_Bkg = -nan/1), !coefficients=(N_Bkg = 1482.46 +/- 32.4246)
[#0] ERROR:Eval -- RooAbsReal::logEvalError(pdfCTAU_Bkg) evaluation error, 
 origin       : RooAddPdf::pdfCTAU_Bkg[ b_Bkg * pdfCTAU_BkgNoPR + [%] * pdfCTAU_BkgPR ]
 message      : p.d.f value is Not-a-Number (-nan), forcing value to zero
 server values: !refCoefNorm=(ctau3DErr = 0.0507493,ctau3D = -4), !pdfs=(pdfCTAU_BkgNoPR = 0/1,pdfCTAU_BkgPR = 0/1), !coefficients=(b_Bkg = 0.806266 +/- 1184.85)
[#0] ERROR:Eval -- RooAbsReal::logEvalError(pdfCTAU_Bkg_Tot) evaluation error, 
 origin       : RooAddPdf::pdfCTAU_Bkg_Tot[ N_Bkg * pdfCTAU_Bkg ]
 message      : p.d.f value is Not-a-Number (-nan), forcing value to zero
 server values: !refCoefNorm=(ctau3DErr = 0.0507493,ctau3D = -4), !pdfs=(pdfCTAU_Bkg = -nan/1), !coefficients=(N_Bkg = 1482.46 +/- 32.4246)
RooArgSet::dependents = (ctau3D)
RooSetProxy::!refCoefNorm = (ctau3DErr,ctau3D)
RooArgSet::dependents = (ctau3D)
RooSetProxy::!refCoefNorm = (ctau3DErr,ctau3D)
RooArgSet:: = ()
RooSetProxy::!refCoefNorm = (ctau3DErr,ctau3D)
RooArgSet::dependents = (ctau3D)
RooSetProxy::!refCoefNorm = (ctau3DErr,ctau3D)
RooArgSet::dependents = (ctau3D)
RooSetProxy::!refCoefNorm = (ctau3DErr,ctau3D)
RooArgSet::dependents = (ctau3D)
RooSetProxy::!refCoefNorm = (ctau3DErr,ctau3D)
RooArgSet::dependents = (ctau3D)
RooArgSet::dependents = (ctau3D)
RooArgSet::dependents = (ctau3D)
RooSetProxy::!refCoefNorm = (ctau3DErr,ctau3D)
RooSetProxy::!refCoefNorm = (ctau3DErr,ctau3D)
RooSetProxy::!refCoefNorm = (ctau3DErr,ctau3D)
RooArgSet::dependents = (ctau3D)
RooArgSet::dependents = (ctau3D)
RooArgSet::dependents = (ctau3D)
RooSetProxy::!refCoefNorm = (ctau3DErr,ctau3D)
RooSetProxy::!refCoefNorm = (ctau3DErr,ctau3D)
RooSetProxy::!refCoefNorm = (ctau3DErr,ctau3D)
RooArgSet:: = ()
RooSetProxy::!refCoefNorm = (ctau3DErr,ctau3D)
RooArgSet::dependents = (ctau3D)
RooArgSet::dependents = (ctau3D)
RooSetProxy::!refCoefNorm = (ctau3DErr,ctau3D)
RooSetProxy::!refCoefNorm = (ctau3DErr,ctau3D)
RooArgSet::dependents = (ctau3D)
RooSetProxy::!refCoefNorm = (ctau3DErr,ctau3D)
RooArgSet::dependents = (ctau3D)
RooSetProxy::!refCoefNorm = (ctau3DErr,ctau3D)
RooArgSet::dependents = (ctau3D)
RooSetProxy::!refCoefNorm = (ctau3DErr,ctau3D)
RooArgSet::dependents = (ctau3D)
RooSetProxy::!refCoefNorm = (ctau3DErr,ctau3D)
RooArgSet::dependents = (ctau3D)
RooSetProxy::!refCoefNorm = (ctau3DErr,ctau3D)
RooArgSet:: = ()
RooSetProxy::!refCoefNorm = (ctau3DErr,ctau3D)
RooArgSet:: = ()
RooArgSet:: = ()
RooSetProxy::!refCoefNorm = (ctau3DErr,ctau3D)
RooSetProxy::!refCoefNorm = (ctau3DErr,ctau3D)
RooArgSet:: = ()
RooSetProxy::!refCoefNorm = (ctau3DErr,ctau3D)
RooArgSet:: = ()
RooSetProxy::!refCoefNorm = (ctau3DErr,ctau3D)
RooArgSet:: = ()
RooSetProxy::!refCoefNorm = (ctau3DErr,ctau3D)
RooArgSet:: = ()
RooSetProxy::!refCoefNorm = (ctau3DErr,ctau3D)
[#0] ERROR:Eval -- RooAbsReal::logEvalError(pdfCTAU_Bkg) evaluation error, 
 origin       : RooAddPdf::pdfCTAU_Bkg[ b_Bkg * pdfCTAU_BkgNoPR + [%] * pdfCTAU_BkgPR ]
 message      : p.d.f value is Not-a-Number (-nan), forcing value to zero
 server values: !refCoefNorm=(ctau3DErr = 0.0693359,ctau3D = -4), !pdfs=(pdfCTAU_BkgNoPR = 0/1,pdfCTAU_BkgPR = 0/1), !coefficients=(b_Bkg = 0.806266 +/- 1184.85)
[#0] ERROR:Eval -- RooAbsReal::logEvalError(pdfCTAU_Bkg_Tot) evaluation error, 
 origin       : RooAddPdf::pdfCTAU_Bkg_Tot[ N_Bkg * pdfCTAU_Bkg ]
 message      : p.d.f value is Not-a-Number (-nan), forcing value to zero
 server values: !refCoefNorm=(ctau3DErr = 0.0693359,ctau3D = -4), !pdfs=(pdfCTAU_Bkg = -nan/1), !coefficients=(N_Bkg = 1482.46 +/- 32.4246)
[#0] ERROR:Eval -- RooAbsReal::logEvalError(pdfCTAU_Bkg) evaluation error, 
 origin       : RooAddPdf::pdfCTAU_Bkg[ b_Bkg * pdfCTAU_BkgNoPR + [%] * pdfCTAU_BkgPR ]
 message      : p.d.f value is Not-a-Number (-nan), forcing value to zero
 server values: !refCoefNorm=(ctau3DErr = 0.0699768,ctau3D = -4), !pdfs=(pdfCTAU_BkgNoPR = 0/1,pdfCTAU_BkgPR = 0/1), !coefficients=(b_Bkg = 0.806266 +/- 1184.85)
[#0] ERROR:Eval -- RooAbsReal::logEvalError(pdfCTAU_Bkg_Tot) evaluation error, 
 origin       : RooAddPdf::pdfCTAU_Bkg_Tot[ N_Bkg * pdfCTAU_Bkg ]
 message      : p.d.f value is Not-a-Number (-nan), forcing value to zero
 server values: !refCoefNorm=(ctau3DErr = 0.0699768,ctau3D = -4), !pdfs=(pdfCTAU_Bkg = -nan/1), !coefficients=(N_Bkg = 1482.46 +/- 32.4246)
[#0] ERROR:Eval -- RooAbsReal::logEvalError(pdfCTAU_Bkg) evaluation error, 
 origin       : RooAddPdf::pdfCTAU_Bkg[ b_Bkg * pdfCTAU_BkgNoPR + [%] * pdfCTAU_BkgPR ]
 message      : p.d.f value is Not-a-Number (-nan), forcing value to zero
 server values: !refCoefNorm=(ctau3DErr = 0.076386,ctau3D = -4), !pdfs=(pdfCTAU_BkgNoPR = 0/1,pdfCTAU_BkgPR = 0/1), !coefficients=(b_Bkg = 0.806266 +/- 1184.85)
[#0] ERROR:Eval -- RooAbsReal::logEvalError(pdfCTAU_Bkg_Tot) evaluation error, 
 origin       : RooAddPdf::pdfCTAU_Bkg_Tot[ N_Bkg * pdfCTAU_Bkg ]
 message      : p.d.f value is Not-a-Number (-nan), forcing value to zero
 server values: !refCoefNorm=(ctau3DErr = 0.076386,ctau3D = -4), !pdfs=(pdfCTAU_Bkg = -nan/1), !coefficients=(N_Bkg = 1482.46 +/- 32.4246)
[#0] ERROR:Eval -- RooAbsReal::logEvalError(pdfCTAU_Bkg) evaluation error, 
 origin       : RooAddPdf::pdfCTAU_Bkg[ b_Bkg * pdfCTAU_BkgNoPR + [%] * pdfCTAU_BkgPR ]
 message      : p.d.f value is Not-a-Number (-nan), forcing value to zero
 server values: !refCoefNorm=(ctau3DErr = 0.052672,ctau3D = -4), !pdfs=(pdfCTAU_BkgNoPR = 0/1,pdfCTAU_BkgPR = 0/1), !coefficients=(b_Bkg = 0.806266 +/- 1184.85)
[#0] ERROR:Eval -- RooAbsReal::logEvalError(pdfCTAU_Bkg_Tot) evaluation error, 
 origin       : RooAddPdf::pdfCTAU_Bkg_Tot[ N_Bkg * pdfCTAU_Bkg ]
 message      : p.d.f value is Not-a-Number (-nan), forcing value to zero
 server values: !refCoefNorm=(ctau3DErr = 0.052672,ctau3D = -4), !pdfs=(pdfCTAU_Bkg = -nan/1), !coefficients=(N_Bkg = 1482.46 +/- 32.4246)
[#0] ERROR:Eval -- RooAbsReal::logEvalError(pdfCTAU_Bkg) evaluation error, 
 origin       : RooAddPdf::pdfCTAU_Bkg[ b_Bkg * pdfCTAU_BkgNoPR + [%] * pdfCTAU_BkgPR ]
 message      : p.d.f value is Not-a-Number (-nan), forcing value to zero
 server values: !refCoefNorm=(ctau3DErr = 0.053313,ctau3D = -4), !pdfs=(pdfCTAU_BkgNoPR = 0/1,pdfCTAU_BkgPR = 0/1), !coefficients=(b_Bkg = 0.806266 +/- 1184.85)
[#0] ERROR:Eval -- RooAbsReal::logEvalError(pdfCTAU_Bkg_Tot) evaluation error, 
 origin       : RooAddPdf::pdfCTAU_Bkg_Tot[ N_Bkg * pdfCTAU_Bkg ]
 message      : p.d.f value is Not-a-Number (-nan), forcing value to zero
 server values: !refCoefNorm=(ctau3DErr = 0.053313,ctau3D = -4), !pdfs=(pdfCTAU_Bkg = -nan/1), !coefficients=(N_Bkg = 1482.46 +/- 32.4246)
[#0] ERROR:Eval -- RooAbsReal::logEvalError(pdfCTAU_Bkg) evaluation error, 
 origin       : RooAddPdf::pdfCTAU_Bkg[ b_Bkg * pdfCTAU_BkgNoPR + [%] * pdfCTAU_BkgPR ]
 message      : p.d.f value is Not-a-Number (-nan), forcing value to zero
 server values: !refCoefNorm=(ctau3DErr = 0.0539539,ctau3D = -4), !pdfs=(pdfCTAU_BkgNoPR = 0/1,pdfCTAU_BkgPR = 0/1), !coefficients=(b_Bkg = 0.806266 +/- 1184.85)
[#0] ERROR:Eval -- RooAbsReal::logEvalError(pdfCTAU_Bkg_Tot) evaluation error, 
 origin       : RooAddPdf::pdfCTAU_Bkg_Tot[ N_Bkg * pdfCTAU_Bkg ]
 message      : p.d.f value is Not-a-Number (-nan), forcing value to zero
 server values: !refCoefNorm=(ctau3DErr = 0.0539539,ctau3D = -4), !pdfs=(pdfCTAU_Bkg = -nan/1), !coefficients=(N_Bkg = 1482.46 +/- 32.4246)
[#0] ERROR:Eval -- RooAbsReal::logEvalError(pdfCTAU_Bkg) evaluation error, 
 origin       : RooAddPdf::pdfCTAU_Bkg[ b_Bkg * pdfCTAU_BkgNoPR + [%] * pdfCTAU_BkgPR ]
 message      : p.d.f value is Not-a-Number (-nan), forcing value to zero
 server values: !refCoefNorm=(ctau3DErr = 0.0456219,ctau3D = -4), !pdfs=(pdfCTAU_BkgNoPR = 0/1,pdfCTAU_BkgPR = 0/1), !coefficients=(b_Bkg = 0.806266 +/- 1184.85)
[#0] ERROR:Eval -- RooAbsReal::logEvalError(pdfCTAU_Bkg_Tot) evaluation error, 
 origin       : RooAddPdf::pdfCTAU_Bkg_Tot[ N_Bkg * pdfCTAU_Bkg ]
 message      : p.d.f value is Not-a-Number (-nan), forcing value to zero
 server values: !refCoefNorm=(ctau3DErr = 0.0456219,ctau3D = -4), !pdfs=(pdfCTAU_Bkg = -nan/1), !coefficients=(N_Bkg = 1482.46 +/- 32.4246)
[#0] ERROR:Eval -- RooAbsReal::logEvalError(pdfCTAU_Bkg) evaluation error, 
 origin       : RooAddPdf::pdfCTAU_Bkg[ b_Bkg * pdfCTAU_BkgNoPR + [%] * pdfCTAU_BkgPR ]
 message      : p.d.f value is Not-a-Number (-nan), forcing value to zero
 server values: !refCoefNorm=(ctau3DErr = 0.0462628,ctau3D = -4), !pdfs=(pdfCTAU_BkgNoPR = 0/1,pdfCTAU_BkgPR = 0/1), !coefficients=(b_Bkg = 0.806266 +/- 1184.85)
[#0] ERROR:Eval -- RooAbsReal::logEvalError(pdfCTAU_Bkg_Tot) evaluation error, 
 origin       : RooAddPdf::pdfCTAU_Bkg_Tot[ N_Bkg * pdfCTAU_Bkg ]
 message      : p.d.f value is Not-a-Number (-nan), forcing value to zero
 server values: !refCoefNorm=(ctau3DErr = 0.0462628,ctau3D = -4), !pdfs=(pdfCTAU_Bkg = -nan/1), !coefficients=(N_Bkg = 1482.46 +/- 32.4246)
[#0] ERROR:Eval -- RooAbsReal::logEvalError(pdfCTAU_Bkg) evaluation error, 
 origin       : RooAddPdf::pdfCTAU_Bkg[ b_Bkg * pdfCTAU_BkgNoPR + [%] * pdfCTAU_BkgPR ]
 message      : p.d.f value is Not-a-Number (-nan), forcing value to zero
 server values: !refCoefNorm=(ctau3DErr = 0.0469038,ctau3D = -4), !pdfs=(pdfCTAU_BkgNoPR = 0/1,pdfCTAU_BkgPR = 0/1), !coefficients=(b_Bkg = 0.806266 +/- 1184.85)
[#0] ERROR:Eval -- RooAbsReal::logEvalError(pdfCTAU_Bkg_Tot) evaluation error, 
 origin       : RooAddPdf::pdfCTAU_Bkg_Tot[ N_Bkg * pdfCTAU_Bkg ]
 message      : p.d.f value is Not-a-Number (-nan), forcing value to zero
 server values: !refCoefNorm=(ctau3DErr = 0.0469038,ctau3D = -4), !pdfs=(pdfCTAU_Bkg = -nan/1), !coefficients=(N_Bkg = 1482.46 +/- 32.4246)
[#0] ERROR:Eval -- RooAbsReal::logEvalError(pdfCTAU_Bkg) evaluation error, 
 origin       : RooAddPdf::pdfCTAU_Bkg[ b_Bkg * pdfCTAU_BkgNoPR + [%] * pdfCTAU_BkgPR ]
 message      : p.d.f value is Not-a-Number (-nan), forcing value to zero
 server values: !refCoefNorm=(ctau3DErr = 0.0475447,ctau3D = -4), !pdfs=(pdfCTAU_BkgNoPR = 0/1,pdfCTAU_BkgPR = 0/1), !coefficients=(b_Bkg = 0.806266 +/- 1184.85)
[#0] ERROR:Eval -- RooAbsReal::logEvalError(pdfCTAU_Bkg_Tot) evaluation error, 
 origin       : RooAddPdf::pdfCTAU_Bkg_Tot[ N_Bkg * pdfCTAU_Bkg ]
 message      : p.d.f value is Not-a-Number (-nan), forcing value to zero
 server values: !refCoefNorm=(ctau3DErr = 0.0475447,ctau3D = -4), !pdfs=(pdfCTAU_Bkg = -nan/1), !coefficients=(N_Bkg = 1482.46 +/- 32.4246)
[#0] ERROR:Eval -- RooAbsReal::logEvalError(pdfCTAU_Bkg) evaluation error, 
 origin       : RooAddPdf::pdfCTAU_Bkg[ b_Bkg * pdfCTAU_BkgNoPR + [%] * pdfCTAU_BkgPR ]
 message      : p.d.f value is Not-a-Number (-nan), forcing value to zero
 server values: !refCoefNorm=(ctau3DErr = 0.0481856,ctau3D = -4), !pdfs=(pdfCTAU_BkgNoPR = 0/1,pdfCTAU_BkgPR = 0/1), !coefficients=(b_Bkg = 0.806266 +/- 1184.85)
[#0] ERROR:Eval -- RooAbsReal::logEvalError(pdfCTAU_Bkg_Tot) evaluation error, 
 origin       : RooAddPdf::pdfCTAU_Bkg_Tot[ N_Bkg * pdfCTAU_Bkg ]
 message      : p.d.f value is Not-a-Number (-nan), forcing value to zero
 server values: !refCoefNorm=(ctau3DErr = 0.0481856,ctau3D = -4), !pdfs=(pdfCTAU_Bkg = -nan/1), !coefficients=(N_Bkg = 1482.46 +/- 32.4246)
[#0] ERROR:Eval -- RooAbsReal::logEvalError(pdfCTAU_Bkg) evaluation error, 
 origin       : RooAddPdf::pdfCTAU_Bkg[ b_Bkg * pdfCTAU_BkgNoPR + [%] * pdfCTAU_BkgPR ]
 message      : p.d.f value is Not-a-Number (-nan), forcing value to zero
 server values: !refCoefNorm=(ctau3DErr = 0.0507493,ctau3D = -4), !pdfs=(pdfCTAU_BkgNoPR = 0/1,pdfCTAU_BkgPR = 0/1), !coefficients=(b_Bkg = 0.806266 +/- 1184.85)
[#0] ERROR:Eval -- RooAbsReal::logEvalError(pdfCTAU_Bkg_Tot) evaluation error, 
 origin       : RooAddPdf::pdfCTAU_Bkg_Tot[ N_Bkg * pdfCTAU_Bkg ]
 message      : p.d.f value is Not-a-Number (-nan), forcing value to zero
 server values: !refCoefNorm=(ctau3DErr = 0.0507493,ctau3D = -4), !pdfs=(pdfCTAU_Bkg = -nan/1), !coefficients=(N_Bkg = 1482.46 +/- 32.4246)
RooArgSet::dependents = (ctau3D)
RooSetProxy::!refCoefNorm = (ctau3DErr,ctau3D)
RooArgSet::dependents = (ctau3D)
RooSetProxy::!refCoefNorm = (ctau3DErr,ctau3D)
RooArgSet:: = ()
RooSetProxy::!refCoefNorm = (ctau3DErr,ctau3D)
RooArgSet::dependents = (ctau3D)
RooSetProxy::!refCoefNorm = (ctau3DErr,ctau3D)
RooArgSet::dependents = (ctau3D)
RooArgSet::dependents = (ctau3D)
RooSetProxy::!refCoefNorm = (ctau3DErr,ctau3D)
RooArgSet::dependents = (ctau3D)
RooArgSet::dependents = (ctau3D)
RooSetProxy::!refCoefNorm = (ctau3DErr,ctau3D)
RooSetProxy::!refCoefNorm = (ctau3DErr,ctau3D)
RooSetProxy::!refCoefNorm = (ctau3DErr,ctau3D)
RooArgSet::dependents = (ctau3D)
RooSetProxy::!refCoefNorm = (ctau3DErr,ctau3D)
RooArgSet::dependents = (ctau3D)
RooSetProxy::!refCoefNorm = (ctau3DErr,ctau3D)
RooArgSet::dependents = (ctau3D)
RooSetProxy::!refCoefNorm = (ctau3DErr,ctau3D)
RooArgSet::dependents = (ctau3D)
RooSetProxy::!refCoefNorm = (ctau3DErr,ctau3D)
RooArgSet::dependents = (ctau3D)
RooSetProxy::!refCoefNorm = (ctau3DErr,ctau3D)
RooArgSet::dependents = (ctau3D)
RooArgSet::dependents = (ctau3D)
RooSetProxy::!refCoefNorm = (ctau3DErr,ctau3D)
RooSetProxy::!refCoefNorm = (ctau3DErr,ctau3D)
RooArgSet::dependents = (ctau3D)
RooSetProxy::!refCoefNorm = (ctau3DErr,ctau3D)
RooArgSet::dependents = (ctau3D)
RooSetProxy::!refCoefNorm = (ctau3DErr,ctau3D)
RooArgSet:: = ()
RooSetProxy::!refCoefNorm = (ctau3DErr,ctau3D)
RooArgSet::dependents = (ctau3D)
RooSetProxy::!refCoefNorm = (ctau3DErr,ctau3D)
RooArgSet::dependents = (ctau3D)
RooSetProxy::!refCoefNorm = (ctau3DErr,ctau3D)
RooArgSet:: = ()
RooSetProxy::!refCoefNorm = (ctau3DErr,ctau3D)
RooArgSet:: = ()
RooArgSet:: = ()
RooSetProxy::!refCoefNorm = (ctau3DErr,ctau3D)
RooSetProxy::!refCoefNorm = (ctau3DErr,ctau3D)
RooArgSet:: = ()
RooSetProxy::!refCoefNorm = (ctau3DErr,ctau3D)
RooArgSet:: = ()
RooSetProxy::!refCoefNorm = (ctau3DErr,ctau3D)
RooArgSet:: = ()
RooSetProxy::!refCoefNorm = (ctau3DErr,ctau3D)
RooArgSet:: = ()
RooSetProxy::!refCoefNorm = (ctau3DErr,ctau3D)
[#0] ERROR:Eval -- RooAbsReal::logEvalError(pdfCTAU_Bkg) evaluation error, 
 origin       : RooAddPdf::pdfCTAU_Bkg[ b_Bkg * pdfCTAU_BkgNoPR + [%] * pdfCTAU_BkgPR ]
 message      : p.d.f value is Not-a-Number (-nan), forcing value to zero
 server values: !refCoefNorm=(ctau3DErr = 0.052672,ctau3D = -4), !pdfs=(pdfCTAU_BkgNoPR = 0/1,pdfCTAU_BkgPR = 0/1), !coefficients=(b_Bkg = 0.806266 +/- 1184.85)
[#0] ERROR:Eval -- RooAbsReal::logEvalError(pdfCTAU_Bkg_Tot) evaluation error, 
 origin       : RooAddPdf::pdfCTAU_Bkg_Tot[ N_Bkg * pdfCTAU_Bkg ]
 message      : p.d.f value is Not-a-Number (-nan), forcing value to zero
 server values: !refCoefNorm=(ctau3DErr = 0.052672,ctau3D = -4), !pdfs=(pdfCTAU_Bkg = -nan/1), !coefficients=(N_Bkg = 1482.46 +/- 32.4246)
[#0] ERROR:Eval -- RooAbsReal::logEvalError(pdfCTAU_Bkg) evaluation error, 
 origin       : RooAddPdf::pdfCTAU_Bkg[ b_Bkg * pdfCTAU_BkgNoPR + [%] * pdfCTAU_BkgPR ]
 message      : p.d.f value is Not-a-Number (-nan), forcing value to zero
 server values: !refCoefNorm=(ctau3DErr = 0.053313,ctau3D = -4), !pdfs=(pdfCTAU_BkgNoPR = 0/1,pdfCTAU_BkgPR = 0/1), !coefficients=(b_Bkg = 0.806266 +/- 1184.85)
[#0] ERROR:Eval -- RooAbsReal::logEvalError(pdfCTAU_Bkg_Tot) evaluation error, 
 origin       : RooAddPdf::pdfCTAU_Bkg_Tot[ N_Bkg * pdfCTAU_Bkg ]
 message      : p.d.f value is Not-a-Number (-nan), forcing value to zero
 server values: !refCoefNorm=(ctau3DErr = 0.053313,ctau3D = -4), !pdfs=(pdfCTAU_Bkg = -nan/1), !coefficients=(N_Bkg = 1482.46 +/- 32.4246)
[#0] ERROR:Eval -- RooAbsReal::logEvalError(pdfCTAU_Bkg) evaluation error, 
 origin       : RooAddPdf::pdfCTAU_Bkg[ b_Bkg * pdfCTAU_BkgNoPR + [%] * pdfCTAU_BkgPR ]
 message      : p.d.f value is Not-a-Number (-nan), forcing value to zero
 server values: !refCoefNorm=(ctau3DErr = 0.0539539,ctau3D = -4), !pdfs=(pdfCTAU_BkgNoPR = 0/1,pdfCTAU_BkgPR = 0/1), !coefficients=(b_Bkg = 0.806266 +/- 1184.85)
[#0] ERROR:Eval -- RooAbsReal::logEvalError(pdfCTAU_Bkg_Tot) evaluation error, 
 origin       : RooAddPdf::pdfCTAU_Bkg_Tot[ N_Bkg * pdfCTAU_Bkg ]
 message      : p.d.f value is Not-a-Number (-nan), forcing value to zero
 server values: !refCoefNorm=(ctau3DErr = 0.0539539,ctau3D = -4), !pdfs=(pdfCTAU_Bkg = -nan/1), !coefficients=(N_Bkg = 1482.46 +/- 32.4246)
[#0] ERROR:Eval -- RooAbsReal::logEvalError(pdfCTAU_Bkg) evaluation error, 
 origin       : RooAddPdf::pdfCTAU_Bkg[ b_Bkg * pdfCTAU_BkgNoPR + [%] * pdfCTAU_BkgPR ]
 message      : p.d.f value is Not-a-Number (-nan), forcing value to zero
 server values: !refCoefNorm=(ctau3DErr = 0.0456219,ctau3D = -4), !pdfs=(pdfCTAU_BkgNoPR = 0/1,pdfCTAU_BkgPR = 0/1), !coefficients=(b_Bkg = 0.806266 +/- 1184.85)
[#0] ERROR:Eval -- RooAbsReal::logEvalError(pdfCTAU_Bkg_Tot) evaluation error, 
 origin       : RooAddPdf::pdfCTAU_Bkg_Tot[ N_Bkg * pdfCTAU_Bkg ]
 message      : p.d.f value is Not-a-Number (-nan), forcing value to zero
 server values: !refCoefNorm=(ctau3DErr = 0.0456219,ctau3D = -4), !pdfs=(pdfCTAU_Bkg = -nan/1), !coefficients=(N_Bkg = 1482.46 +/- 32.4246)
[#0] ERROR:Eval -- RooAbsReal::logEvalError(pdfCTAU_Bkg) evaluation error, 
 origin       : RooAddPdf::pdfCTAU_Bkg[ b_Bkg * pdfCTAU_BkgNoPR + [%] * pdfCTAU_BkgPR ]
 message      : p.d.f value is Not-a-Number (-nan), forcing value to zero
 server values: !refCoefNorm=(ctau3DErr = 0.0462628,ctau3D = -4), !pdfs=(pdfCTAU_BkgNoPR = 0/1,pdfCTAU_BkgPR = 0/1), !coefficients=(b_Bkg = 0.806266 +/- 1184.85)
[#0] ERROR:Eval -- RooAbsReal::logEvalError(pdfCTAU_Bkg_Tot) evaluation error, 
 origin       : RooAddPdf::pdfCTAU_Bkg_Tot[ N_Bkg * pdfCTAU_Bkg ]
 message      : p.d.f value is Not-a-Number (-nan), forcing value to zero
 server values: !refCoefNorm=(ctau3DErr = 0.0462628,ctau3D = -4), !pdfs=(pdfCTAU_Bkg = -nan/1), !coefficients=(N_Bkg = 1482.46 +/- 32.4246)
[#0] ERROR:Eval -- RooAbsReal::logEvalError(pdfCTAU_Bkg) evaluation error, 
 origin       : RooAddPdf::pdfCTAU_Bkg[ b_Bkg * pdfCTAU_BkgNoPR + [%] * pdfCTAU_BkgPR ]
 message      : p.d.f value is Not-a-Number (-nan), forcing value to zero
 server values: !refCoefNorm=(ctau3DErr = 0.0469038,ctau3D = -4), !pdfs=(pdfCTAU_BkgNoPR = 0/1,pdfCTAU_BkgPR = 0/1), !coefficients=(b_Bkg = 0.806266 +/- 1184.85)
[#0] ERROR:Eval -- RooAbsReal::logEvalError(pdfCTAU_Bkg_Tot) evaluation error, 
 origin       : RooAddPdf::pdfCTAU_Bkg_Tot[ N_Bkg * pdfCTAU_Bkg ]
 message      : p.d.f value is Not-a-Number (-nan), forcing value to zero
 server values: !refCoefNorm=(ctau3DErr = 0.0469038,ctau3D = -4), !pdfs=(pdfCTAU_Bkg = -nan/1), !coefficients=(N_Bkg = 1482.46 +/- 32.4246)
[#0] ERROR:Eval -- RooAbsReal::logEvalError(pdfCTAU_Bkg) evaluation error, 
 origin       : RooAddPdf::pdfCTAU_Bkg[ b_Bkg * pdfCTAU_BkgNoPR + [%] * pdfCTAU_BkgPR ]
 message      : p.d.f value is Not-a-Number (-nan), forcing value to zero
 server values: !refCoefNorm=(ctau3DErr = 0.0475447,ctau3D = -4), !pdfs=(pdfCTAU_BkgNoPR = 0/1,pdfCTAU_BkgPR = 0/1), !coefficients=(b_Bkg = 0.806266 +/- 1184.85)
[#0] ERROR:Eval -- RooAbsReal::logEvalError(pdfCTAU_Bkg_Tot) evaluation error, 
 origin       : RooAddPdf::pdfCTAU_Bkg_Tot[ N_Bkg * pdfCTAU_Bkg ]
 message      : p.d.f value is Not-a-Number (-nan), forcing value to zero
 server values: !refCoefNorm=(ctau3DErr = 0.0475447,ctau3D = -4), !pdfs=(pdfCTAU_Bkg = -nan/1), !coefficients=(N_Bkg = 1482.46 +/- 32.4246)
[#0] ERROR:Eval -- RooAbsReal::logEvalError(pdfCTAU_Bkg) evaluation error, 
 origin       : RooAddPdf::pdfCTAU_Bkg[ b_Bkg * pdfCTAU_BkgNoPR + [%] * pdfCTAU_BkgPR ]
 message      : p.d.f value is Not-a-Number (-nan), forcing value to zero
 server values: !refCoefNorm=(ctau3DErr = 0.0481856,ctau3D = -4), !pdfs=(pdfCTAU_BkgNoPR = 0/1,pdfCTAU_BkgPR = 0/1), !coefficients=(b_Bkg = 0.806266 +/- 1184.85)
[#0] ERROR:Eval -- RooAbsReal::logEvalError(pdfCTAU_Bkg_Tot) evaluation error, 
 origin       : RooAddPdf::pdfCTAU_Bkg_Tot[ N_Bkg * pdfCTAU_Bkg ]
 message      : p.d.f value is Not-a-Number (-nan), forcing value to zero
 server values: !refCoefNorm=(ctau3DErr = 0.0481856,ctau3D = -4), !pdfs=(pdfCTAU_Bkg = -nan/1), !coefficients=(N_Bkg = 1482.46 +/- 32.4246)
[#0] ERROR:Eval -- RooAbsReal::logEvalError(pdfCTAU_Bkg) evaluation error, 
 origin       : RooAddPdf::pdfCTAU_Bkg[ b_Bkg * pdfCTAU_BkgNoPR + [%] * pdfCTAU_BkgPR ]
 message      : p.d.f value is Not-a-Number (-nan), forcing value to zero
 server values: !refCoefNorm=(ctau3DErr = 0.0507493,ctau3D = -4), !pdfs=(pdfCTAU_BkgNoPR = 0/1,pdfCTAU_BkgPR = 0/1), !coefficients=(b_Bkg = 0.806266 +/- 1184.85)
[#0] ERROR:Eval -- RooAbsReal::logEvalError(pdfCTAU_Bkg_Tot) evaluation error, 
 origin       : RooAddPdf::pdfCTAU_Bkg_Tot[ N_Bkg * pdfCTAU_Bkg ]
 message      : p.d.f value is Not-a-Number (-nan), forcing value to zero
 server values: !refCoefNorm=(ctau3DErr = 0.0507493,ctau3D = -4), !pdfs=(pdfCTAU_Bkg = -nan/1), !coefficients=(N_Bkg = 1482.46 +/- 32.4246)
[#0] ERROR:Eval -- RooAbsReal::logEvalError(pdfCTAU_Bkg) evaluation error, 
 origin       : RooAddPdf::pdfCTAU_Bkg[ b_Bkg * pdfCTAU_BkgNoPR + [%] * pdfCTAU_BkgPR ]
 message      : p.d.f value is Not-a-Number (-nan), forcing value to zero
 server values: !refCoefNorm=(ctau3DErr = 0.0693359,ctau3D = -4), !pdfs=(pdfCTAU_BkgNoPR = 0/1,pdfCTAU_BkgPR = 0/1), !coefficients=(b_Bkg = 0.806266 +/- 1184.85)
[#0] ERROR:Eval -- RooAbsReal::logEvalError(pdfCTAU_Bkg_Tot) evaluation error, 
 origin       : RooAddPdf::pdfCTAU_Bkg_Tot[ N_Bkg * pdfCTAU_Bkg ]
 message      : p.d.f value is Not-a-Number (-nan), forcing value to zero
 server values: !refCoefNorm=(ctau3DErr = 0.0693359,ctau3D = -4), !pdfs=(pdfCTAU_Bkg = -nan/1), !coefficients=(N_Bkg = 1482.46 +/- 32.4246)
[#0] ERROR:Eval -- RooAbsReal::logEvalError(pdfCTAU_Bkg) evaluation error, 
 origin       : RooAddPdf::pdfCTAU_Bkg[ b_Bkg * pdfCTAU_BkgNoPR + [%] * pdfCTAU_BkgPR ]
 message      : p.d.f value is Not-a-Number (-nan), forcing value to zero
 server values: !refCoefNorm=(ctau3DErr = 0.0699768,ctau3D = -4), !pdfs=(pdfCTAU_BkgNoPR = 0/1,pdfCTAU_BkgPR = 0/1), !coefficients=(b_Bkg = 0.806266 +/- 1184.85)
[#0] ERROR:Eval -- RooAbsReal::logEvalError(pdfCTAU_Bkg_Tot) evaluation error, 
 origin       : RooAddPdf::pdfCTAU_Bkg_Tot[ N_Bkg * pdfCTAU_Bkg ]
 message      : p.d.f value is Not-a-Number (-nan), forcing value to zero
 server values: !refCoefNorm=(ctau3DErr = 0.0699768,ctau3D = -4), !pdfs=(pdfCTAU_Bkg = -nan/1), !coefficients=(N_Bkg = 1482.46 +/- 32.4246)
[#0] ERROR:Eval -- RooAbsReal::logEvalError(pdfCTAU_Bkg) evaluation error, 
 origin       : RooAddPdf::pdfCTAU_Bkg[ b_Bkg * pdfCTAU_BkgNoPR + [%] * pdfCTAU_BkgPR ]
 message      : p.d.f value is Not-a-Number (-nan), forcing value to zero
 server values: !refCoefNorm=(ctau3DErr = 0.076386,ctau3D = -4), !pdfs=(pdfCTAU_BkgNoPR = 0/1,pdfCTAU_BkgPR = 0/1), !coefficients=(b_Bkg = 0.806266 +/- 1184.85)
[#0] ERROR:Eval -- RooAbsReal::logEvalError(pdfCTAU_Bkg_Tot) evaluation error, 
 origin       : RooAddPdf::pdfCTAU_Bkg_Tot[ N_Bkg * pdfCTAU_Bkg ]
 message      : p.d.f value is Not-a-Number (-nan), forcing value to zero
 server values: !refCoefNorm=(ctau3DErr = 0.076386,ctau3D = -4), !pdfs=(pdfCTAU_Bkg = -nan/1), !coefficients=(N_Bkg = 1482.46 +/- 32.4246)
Info in <TCanvas::Print>: pdf file figs/2DFit_No_Weight/CtauBkg/Bkg_pt13.0-15.0_y0.0-1.6_muPt0.0_centrality0-180_PRw_Effw0_Accw0_PtW0_TnP0.pdf has been created

  RooFitResult: minimized FCN value: -23414.5, estimated distance to minimum: 140.163
                covariance matrix quality: Unknown, matrix was externally provided
                Status : MINIMIZE=0 HESSE=0 HESSE=0 

    Floating Parameter    FinalValue +/-  Error   
  --------------------  --------------------------
                 N_Bkg    1.4825e+03 +/-  3.24e+01
                 b_Bkg    8.0627e-01 +/-  1.18e+03
                 fDF12    1.0008e-06 +/-  1.48e+00
                 fDFSS    9.9997e-01 +/-  3.67e+03
                 fDLIV    7.6452e-01 +/-  2.02e+03
                fDSS12    6.0176e-06 +/-  7.56e-02
         lambdaDDS_Bkg    6.0153e-02 +/-  2.33e+03
         lambdaDF_Bkg1    5.7801e-01 +/-  1.81e+01
         lambdaDF_Bkg2    3.1245e-01 +/-  3.49e+05
        lambdaDSS_Bkg1    1.3582e-01 +/-  6.34e-01
        lambdaDSS_Bkg2    3.6532e-01 +/-  1.77e+02

RooDataSet::dataw_Bkg[ctau3DErr,ctau3DRes,ctau3D,mass,weight:N_Bkg_sw] = 915 entries (1482.76 weighted)

###### Fit Convergence Check ######
Hesse: 0	 edm: 140.163	 mll: -23414.5
[31m[Stuck] b_Bkg [0m // Final Value : 0.806266 (0.001 ~ 1)

[31m[Stuck] fDF12 [0m // Final Value : 1.00085e-06 (1e-06 ~ 1)

[31m[Stuck] fDFSS [0m // Final Value : 0.999971 (0.001 ~ 1.01)

[31m[Stuck] fDLIV [0m // Final Value : 0.764516 (0.001 ~ 1)

[31m[Stuck] fDSS12 [0m // Final Value : 6.0176e-06 (1e-06 ~ 1)

[31m[Stuck] lambdaDDS_Bkg [0m // Final Value : 0.0601525 (0.0001 ~ 1)

[31m[Stuck] lambdaDF_Bkg1 [0m // Final Value : 0.578006 (0.0001 ~ 1)

[31m[Stuck] lambdaDF_Bkg2 [0m // Final Value : 0.312451 (0.0001 ~ 1)

[31m[Stuck] lambdaDSS_Bkg1 [0m // Final Value : 0.13582 (0.0001 ~ 1)

[31m[Stuck] lambdaDSS_Bkg2 [0m // Final Value : 0.365325 (0.0001 ~ 1)

RealTime=244.574009 seconds, CpuTime=110.570000 seconds
# STAGE: ctauBkg
# CMD: /opt/conda/envs/root618/bin/root -l -b -q 'CtauBkg_2exp.C(13,15,0,1.6,0,180)'

