
Processing CtauBkg_2exp.C(11,13,0,1.6,0,180)...

[1mRooFit v3.60 -- Developed by Wouter Verkerke and David Kirkby[0m 
                Copyright (C) 2000-2013 NIKHEF, University of California & Stanford University
                All rights reserved, please read http://roofit.sourceforge.net/license.txt

####################################
pt: 11-13, y: 0-1.6
******** New Combined Dataset ***********
RooRealVar::ctau3D = -0.0151009  L(-4 - 6.5) // [mm]
RooRealVar::ctau3DErr = 0.0163881  L(0.0126805 - 0.0869524) // [mm]

************** Start BKG Ctau Fit *****************

N_Bkg : 7124.73+/-103.669
ctau1_CtauRes : 0
s1_CtauRes : 0.750904
f_CtauRes : 0.456866+/-2.63799e-05
f2_CtauRes : 0.995562+/-3.52064e-06
RooArgSet::dependents = (ctau3D,ctau3DErr)
RooSetProxy::!refCoefNorm = (ctau3D,ctau3DErr)
RooArgSet::dependents = (ctau3D,ctau3DErr)
RooSetProxy::!refCoefNorm = (ctau3D,ctau3DErr)
RooArgSet::dependents = (ctau3D,ctau3DErr)
RooSetProxy::!refCoefNorm = (ctau3D,ctau3DErr)
RooArgSet::dependents = (ctau3D,ctau3DErr)
RooSetProxy::!refCoefNorm = (ctau3D,ctau3DErr)
RooArgSet::dependents = (ctau3D,ctau3DErr)
RooArgSet::dependents = (ctau3D,ctau3DErr)
RooArgSet::dependents = (ctau3D,ctau3DErr)
RooSetProxy::!refCoefNorm = (ctau3D,ctau3DErr)
RooSetProxy::!refCoefNorm = (ctau3D,ctau3DErr)
RooArgSet::dependents = (ctau3D,ctau3DErr)
RooSetProxy::!refCoefNorm = (ctau3D,ctau3DErr)
RooSetProxy::!refCoefNorm = (ctau3D,ctau3DErr)
RooArgSet::dependents = (ctau3D,ctau3DErr)
RooSetProxy::!refCoefNorm = (ctau3D,ctau3DErr)
RooArgSet::dependents = (ctau3D,ctau3DErr)
RooSetProxy::!refCoefNorm = (ctau3D,ctau3DErr)
RooArgSet::dependents = (ctau3D,ctau3DErr)
RooSetProxy::!refCoefNorm = (ctau3D,ctau3DErr)
RooArgSet::dependents = (ctau3D,ctau3DErr)
RooSetProxy::!refCoefNorm = (ctau3D,ctau3DErr)
RooArgSet::dependents = (ctau3D,ctau3DErr)
RooSetProxy::!refCoefNorm = (ctau3D,ctau3DErr)
RooArgSet::dependents = (ctau3D,ctau3DErr)
RooSetProxy::!refCoefNorm = (ctau3D,ctau3DErr)
RooArgSet::dependents = (ctau3D,ctau3DErr)
RooSetProxy::!refCoefNorm = (ctau3D,ctau3DErr)
RooArgSet::dependents = (ctau3D,ctau3DErr)
RooSetProxy::!refCoefNorm = (ctau3D,ctau3DErr)
RooArgSet::dependents = (ctau3D,ctau3DErr)
RooArgSet::dependents = (ctau3D,ctau3DErr)
RooSetProxy::!refCoefNorm = (ctau3D,ctau3DErr)
RooSetProxy::!refCoefNorm = (ctau3D,ctau3DErr)
RooArgSet::dependents = (ctau3D,ctau3DErr)
RooSetProxy::!refCoefNorm = (ctau3D,ctau3DErr)
RooArgSet::dependents = (ctau3D,ctau3DErr)
RooSetProxy::!refCoefNorm = (ctau3D,ctau3DErr)
RooArgSet::dependents = (ctau3D,ctau3DErr)
RooSetProxy::!refCoefNorm = (ctau3D,ctau3DErr)
RooArgSet::dependents = (ctau3D,ctau3DErr)
RooSetProxy::!refCoefNorm = (ctau3D,ctau3DErr)
RooArgSet::dependents = (ctau3D,ctau3DErr)
RooSetProxy::!refCoefNorm = (ctau3D,ctau3DErr)
RooArgSet::dependents = (ctau3D,ctau3DErr)
RooSetProxy::!refCoefNorm = (ctau3D,ctau3DErr)
RooArgSet::dependents = (ctau3D,ctau3DErr)
RooSetProxy::!refCoefNorm = (ctau3D,ctau3DErr)
RooArgSet::dependents = (ctau3D,ctau3DErr)
RooSetProxy::!refCoefNorm = (ctau3D,ctau3DErr)
RooArgSet::dependents = (ctau3D,ctau3DErr)
RooSetProxy::!refCoefNorm = (ctau3D,ctau3DErr)
RooArgSet::dependents = (ctau3D,ctau3DErr)
RooSetProxy::!refCoefNorm = (ctau3D,ctau3DErr)
RooArgSet::dependents = (ctau3D,ctau3DErr)
RooSetProxy::!refCoefNorm = (ctau3D,ctau3DErr)
RooArgSet::dependents = (ctau3D,ctau3DErr)
RooSetProxy::!refCoefNorm = (ctau3D,ctau3DErr)
RooArgSet::dependents = (ctau3D,ctau3DErr)
RooSetProxy::!refCoefNorm = (ctau3D,ctau3DErr)
RooArgSet::dependents = (ctau3D,ctau3DErr)
RooSetProxy::!refCoefNorm = (ctau3D,ctau3DErr)
RooArgSet::dependents = (ctau3D,ctau3DErr)
RooSetProxy::!refCoefNorm = (ctau3D,ctau3DErr)
RooArgSet::dependents = (ctau3D,ctau3DErr)
RooSetProxy::!refCoefNorm = (ctau3D,ctau3DErr)
[#0] WARNING:Eval -- RooAddPdf::updateCoefCache(pdfCTAU1 WARNING: sum of PDF coefficients not in range [0-1], value=1.00899[#0] WARNING:Eval -- RooAddPdf::updateCoefCache(pdfCTAU1 WARNING: sum of PDF coefficients not in range [0-1], value=1.00899[#0] WARNING:Eval -- RooAddPdf::updateCoefCache(pdfCTAU1 WARNING: sum of PDF coefficients not in range [0-1], value=1.00899[#0] WARNING:Eval -- RooAddPdf::updateCoefCache(pdfCTAU1 WARNING: sum of PDF coefficients not in range [0-1], value=1.00899[#0] WARNING:Eval -- RooAddPdf::updateCoefCache(pdfCTAU1 WARNING: sum of PDF coefficients not in range [0-1], value=1.00899[#0] WARNING:Eval -- 
[#0] WARNING:Eval -- RooAddPdf::updateCoefCache(pdfCTAU1 WARNING: sum of PDF coefficients not in range [0-1], value=1.00899[#0] WARNING:Eval -- RooAddPdf::updateCoefCache(pdfCTAU1 WARNING: sum of PDF coefficients not in range [0-1], value=1.00899[#0] WARNING:Eval -- 
[#0] WARNING:Eval -- RooAddPdf::updateCoefCache(pdfCTAU1 WARNING: sum of PDF coefficients not in range [0-1], value=1.00899[#0] WARNING:Eval -- 
[#0] WARNING:Eval -- 
[#0] WARNING:Eval -- 
[#0] WARNING:Eval -- RooAddPdf::updateCoefCache(pdfCTAU1 WARNING: sum of PDF coefficients not in range [0-1], value=1.00899[#0] WARNING:Eval -- 
[#0] WARNING:Eval -- 
[#0] WARNING:Eval -- RooAddPdf::updateCoefCache(pdfCTAU1 WARNING: sum of PDF coefficients not in range [0-1], value=1.00899[#0] WARNING:Eval -- 
[#0] WARNING:Eval -- RooAddPdf::updateCoefCache(pdfCTAU1 WARNING: sum of PDF coefficients not in range [0-1], value=1.00899[#0] WARNING:Eval -- RooAddPdf::updateCoefCache(pdfCTAU1 WARNING: sum of PDF coefficients not in range [0-1], value=1.00899[#0] WARNING:Eval -- RooAddPdf::updateCoefCache(pdfCTAU1 WARNING: sum of PDF coefficients not in range [0-1], value=1.00899[#0] WARNING:Eval -- 
[#0] WARNING:Eval -- RooAddPdf::updateCoefCache(pdfCTAU1 WARNING: sum of PDF coefficients not in range [0-1], value=1.00899[#0] WARNING:Eval -- RooAddPdf::updateCoefCache(pdfCTAU1 WARNING: sum of PDF coefficients not in range [0-1], value=1.00899[#0] WARNING:Eval -- 
[#0] WARNING:Eval -- 
[#0] WARNING:Eval -- RooAddPdf::updateCoefCache(pdfCTAU1 WARNING: sum of PDF coefficients not in range [0-1], value=1.00899[#0] WARNING:Eval -- 
[#0] WARNING:Eval -- 
[#0] WARNING:Eval -- RooAddPdf::updateCoefCache(pdfCTAU1 WARNING: sum of PDF coefficients not in range [0-1], value=1.00899[#0] WARNING:Eval -- 
[#0] WARNING:Eval -- 
[#0] WARNING:Eval -- RooAddPdf::updateCoefCache(pdfCTAU1 WARNING: sum of PDF coefficients not in range [0-1], value=1.00899[#0] WARNING:Eval -- RooAddPdf::updateCoefCache(pdfCTAU1 WARNING: sum of PDF coefficients not in range [0-1], value=1.00899[#0] WARNING:Eval -- 
[#0] WARNING:Eval -- RooAddPdf::updateCoefCache(pdfCTAU1 WARNING: sum of PDF coefficients not in range [0-1], value=1.00899[#0] WARNING:Eval -- RooAddPdf::updateCoefCache(pdfCTAU1 WARNING: sum of PDF coefficients not in range [0-1], value=1.00899[#0] WARNING:Eval -- 
[#0] WARNING:Eval -- RooAddPdf::updateCoefCache(pdfCTAU1 WARNING: sum of PDF coefficients not in range [0-1], value=1.00899[#0] WARNING:Eval -- RooAddPdf::updateCoefCache(pdfCTAU1 WARNING: sum of PDF coefficients not in range [0-1], value=1.00899[#0] WARNING:Eval -- 
[#0] WARNING:Eval -- 
[#0] WARNING:Eval -- RooAddPdf::updateCoefCache(pdfCTAU1 WARNING: sum of PDF coefficients not in range [0-1], value=1.00899[#0] WARNING:Eval -- 
[#0] WARNING:Eval -- 
[#0] WARNING:Eval -- RooAddPdf::updateCoefCache(pdfCTAU1 WARNING: sum of PDF coefficients not in range [0-1], value=1.00899[#0] WARNING:Eval -- 
[#0] WARNING:Eval -- 
[#0] WARNING:Eval -- RooAddPdf::updateCoefCache(pdfCTAU1 WARNING: sum of PDF coefficients not in range [0-1], value=1.00899[#0] WARNING:Eval -- RooAddPdf::updateCoefCache(pdfCTAU1 WARNING: sum of PDF coefficients not in range [0-1], value=1.00899[#0] WARNING:Eval -- 
[#0] WARNING:Eval -- RooAddPdf::updateCoefCache(pdfCTAU1 WARNING: sum of PDF coefficients not in range [0-1], value=1.00899[#0] WARNING:Eval -- RooAddPdf::updateCoefCache(pdfCTAU1 WARNING: sum of PDF coefficients not in range [0-1], value=1.00899[#0] WARNING:Eval -- 
[#0] WARNING:Eval -- RooAddPdf::updateCoefCache(pdfCTAU1 WARNING: sum of PDF coefficients not in range [0-1], value=1.00899[#0] WARNING:Eval -- RooAddPdf::updateCoefCache(pdfCTAU1 WARNING: sum of PDF coefficients not in range [0-1], value=1.00899[#0] WARNING:Eval -- 
[#0] WARNING:Eval -- 
[#0] WARNING:Eval -- RooAddPdf::updateCoefCache(pdfCTAU1 WARNING: sum of PDF coefficients not in range [0-1], value=1.00899[#0] WARNING:Eval -- 
[#0] WARNING:Eval -- 
[#0] WARNING:Eval -- RooAddPdf::updateCoefCache(pdfCTAU1 WARNING: sum of PDF coefficients not in range [0-1], value=1.00899[#0] WARNING:Eval -- 
[#0] WARNING:Eval -- 
[#0] WARNING:Eval -- RooAddPdf::updateCoefCache(pdfCTAU1 WARNING: sum of PDF coefficients not in range [0-1], value=1.00899[#0] WARNING:Eval -- RooAddPdf::updateCoefCache(pdfCTAU1 WARNING: sum of PDF coefficients not in range [0-1], value=1.00899[#0] WARNING:Eval -- RooAddPdf::updateCoefCache(pdfCTAU1 WARNING: sum of PDF coefficients not in range [0-1], value=1.00899[#0] WARNING:Eval -- 
[#0] WARNING:Eval -- RooAddPdf::updateCoefCache(pdfCTAU1 WARNING: sum of PDF coefficients not in range [0-1], value=1.00899[#0] WARNING:Eval -- RooAddPdf::updateCoefCache(pdfCTAU1 WARNING: sum of PDF coefficients not in range [0-1], value=1.00899[#0] WARNING:Eval -- 
[#0] WARNING:Eval -- RooAddPdf::updateCoefCache(pdfCTAU1 WARNING: sum of PDF coefficients not in range [0-1], value=1.00899[#0] WARNING:Eval -- 
[#0] WARNING:Eval -- 
[#0] WARNING:Eval -- 
[#0] WARNING:Eval -- 
[#0] WARNING:Eval -- RooAddPdf::updateCoefCache(pdfCTAU1 WARNING: sum of PDF coefficients not in range [0-1], value=1.00899[#0] WARNING:Eval -- 
[#0] WARNING:Eval -- RooAddPdf::updateCoefCache(pdfCTAU1 WARNING: sum of PDF coefficients not in range [0-1], value=1.00899[#0] WARNING:Eval -- 
[#0] WARNING:Eval -- RooAddPdf::updateCoefCache(pdfCTAU1 WARNING: sum of PDF coefficients not in range [0-1], value=1.00899[#0] WARNING:Eval -- RooAddPdf::updateCoefCache(pdfCTAU1 WARNING: sum of PDF coefficients not in range [0-1], value=1.00899[#0] WARNING:Eval -- RooAddPdf::updateCoefCache(pdfCTAU1 WARNING: sum of PDF coefficients not in range [0-1], value=1.00899[#0] WARNING:Eval -- 
[#0] WARNING:Eval -- RooAddPdf::updateCoefCache(pdfCTAU1 WARNING: sum of PDF coefficients not in range [0-1], value=1.00899[#0] WARNING:Eval -- 
[#0] WARNING:Eval -- RooAddPdf::updateCoefCache(pdfCTAU1 WARNING: sum of PDF coefficients not in range [0-1], value=1.00899[#0] WARNING:Eval -- 
[#0] WARNING:Eval -- 
[#0] WARNING:Eval -- 
[#0] WARNING:Eval -- RooAddPdf::updateCoefCache(pdfCTAU1 WARNING: sum of PDF coefficients not in range [0-1], value=1.00899[#0] WARNING:Eval -- 
[#0] WARNING:Eval -- RooAddPdf::updateCoefCache(pdfCTAU1 WARNING: sum of PDF coefficients not in range [0-1], value=1.00899[#0] WARNING:Eval -- 
[#0] WARNING:Eval -- RooAddPdf::updateCoefCache(pdfCTAU1 WARNING: sum of PDF coefficients not in range [0-1], value=1.00899[#0] WARNING:Eval -- RooAddPdf::updateCoefCache(pdfCTAU1 WARNING: sum of PDF coefficients not in range [0-1], value=1.00899[#0] WARNING:Eval -- RooAddPdf::updateCoefCache(pdfCTAU1 WARNING: sum of PDF coefficients not in range [0-1], value=1.00899[#0] WARNING:Eval -- 
[#0] WARNING:Eval -- RooAddPdf::updateCoefCache(pdfCTAU1 WARNING: sum of PDF coefficients not in range [0-1], value=1.00899[#0] WARNING:Eval -- 
[#0] WARNING:Eval -- RooAddPdf::updateCoefCache(pdfCTAU1 WARNING: sum of PDF coefficients not in range [0-1], value=1.00899[#0] WARNING:Eval -- 
[#0] WARNING:Eval -- 
[#0] WARNING:Eval -- 
[#0] WARNING:Eval -- RooAddPdf::updateCoefCache(pdfCTAU1 WARNING: sum of PDF coefficients not in range [0-1], value=1.00899[#0] WARNING:Eval -- RooAddPdf::updateCoefCache(pdfCTAU1 WARNING: sum of PDF coefficients not in range [0-1], value=1.00899[#0] WARNING:Eval -- 
[#0] WARNING:Eval -- RooAddPdf::updateCoefCache(pdfCTAU1 WARNING: sum of PDF coefficients not in range [0-1], value=1.00899[#0] WARNING:Eval -- 
[#0] WARNING:Eval -- RooAddPdf::updateCoefCache(pdfCTAU1 WARNING: sum of PDF coefficients not in range [0-1], value=1.00899[#0] WARNING:Eval -- RooAddPdf::updateCoefCache(pdfCTAU1 WARNING: sum of PDF coefficients not in range [0-1], value=1.00899[#0] WARNING:Eval -- 
[#0] WARNING:Eval -- 
[#0] WARNING:Eval -- RooAddPdf::updateCoefCache(pdfCTAU1 WARNING: sum of PDF coefficients not in range [0-1], value=1.00899[#0] WARNING:Eval -- 
[#0] WARNING:Eval -- RooAddPdf::updateCoefCache(pdfCTAU1 WARNING: sum of PDF coefficients not in range [0-1], value=1.00899[#0] WARNING:Eval -- 
[#0] WARNING:Eval -- 
[#0] WARNING:Eval -- RooAddPdf::updateCoefCache(pdfCTAU1 WARNING: sum of PDF coefficients not in range [0-1], value=1.00899[#0] WARNING:Eval -- RooAddPdf::updateCoefCache(pdfCTAU1 WARNING: sum of PDF coefficients not in range [0-1], value=1.00899[#0] WARNING:Eval -- 
[#0] WARNING:Eval -- RooAddPdf::updateCoefCache(pdfCTAU1 WARNING: sum of PDF coefficients not in range [0-1], value=1.00899[#0] WARNING:Eval -- 
[#0] WARNING:Eval -- RooAddPdf::updateCoefCache(pdfCTAU1 WARNING: sum of PDF coefficients not in range [0-1], value=1.00899[#0] WARNING:Eval -- RooAddPdf::updateCoefCache(pdfCTAU1 WARNING: sum of PDF coefficients not in range [0-1], value=1.00899[#0] WARNING:Eval -- 
[#0] WARNING:Eval -- 
[#0] WARNING:Eval -- RooAddPdf::updateCoefCache(pdfCTAU1 WARNING: sum of PDF coefficients not in range [0-1], value=1.00899[#0] WARNING:Eval -- RooAddPdf::updateCoefCache(pdfCTAU1 WARNING: sum of PDF coefficients not in range [0-1], value=1.00899[#0] WARNING:Eval -- 
[#0] WARNING:Eval -- RooAddPdf::updateCoefCache(pdfCTAU1 WARNING: sum of PDF coefficients not in range [0-1], value=1.00899[#0] WARNING:Eval -- 
[#0] WARNING:Eval -- 
[#0] WARNING:Eval -- RooAddPdf::updateCoefCache(pdfCTAU1 WARNING: sum of PDF coefficients not in range [0-1], value=1.00899[#0] WARNING:Eval --  (no more will be printed)[#0] WARNING:Eval -- 
[#0] WARNING:Eval -- RooAddPdf::updateCoefCache(pdfCTAU1 WARNING: sum of PDF coefficients not in range [0-1], value=1.00899[#0] WARNING:Eval -- 
[#0] WARNING:Eval -- RooAddPdf::updateCoefCache(pdfCTAU1 WARNING: sum of PDF coefficients not in range [0-1], value=1.00899[#0] WARNING:Eval -- RooAddPdf::updateCoefCache(pdfCTAU1 WARNING: sum of PDF coefficients not in range [0-1], value=1.00899[#0] WARNING:Eval --  (no more will be printed)[#0] WARNING:Eval -- 
[#0] WARNING:Eval -- RooAddPdf::updateCoefCache(pdfCTAU1 WARNING: sum of PDF coefficients not in range [0-1], value=1.00899[#0] WARNING:Eval --  (no more will be printed)[#0] WARNING:Eval -- RooAddPdf::updateCoefCache(pdfCTAU1 WARNING: sum of PDF coefficients not in range [0-1], value=1.00899[#0] WARNING:Eval --  (no more will be printed)[#0] WARNING:Eval --  (no more will be printed)[#0] WARNING:Eval -- 
[#0] WARNING:Eval -- RooAddPdf::updateCoefCache(pdfCTAU1 WARNING: sum of PDF coefficients not in range [0-1], value=1.00899[#0] WARNING:Eval --  (no more will be printed)[#0] WARNING:Eval -- 
[#0] WARNING:Eval --  (no more will be printed)[#0] WARNING:Eval -- 
[#0] WARNING:Eval -- 
[#0] WARNING:Eval -- 
[#0] WARNING:Eval -- 
[#0] WARNING:Eval -- 
[#0] WARNING:Eval -- RooAddPdf::updateCoefCache(pdfCTAU1 WARNING: sum of PDF coefficients not in range [0-1], value=1.00899[#0] WARNING:Eval -- 
[#0] WARNING:Eval -- RooAddPdf::updateCoefCache(pdfCTAU1 WARNING: sum of PDF coefficients not in range [0-1], value=1.00899[#0] WARNING:Eval -- 
[#0] WARNING:Eval -- RooAddPdf::updateCoefCache(pdfCTAU1 WARNING: sum of PDF coefficients not in range [0-1], value=1.00899[#0] WARNING:Eval -- 
[#0] WARNING:Eval -- RooAddPdf::updateCoefCache(pdfCTAU1 WARNING: sum of PDF coefficients not in range [0-1], value=1.00899[#0] WARNING:Eval -- 
[#0] WARNING:Eval -- RooAddPdf::updateCoefCache(pdfCTAU1 WARNING: sum of PDF coefficients not in range [0-1], value=1.00899[#0] WARNING:Eval --  (no more will be printed)[#0] WARNING:Eval -- 
[#0] WARNING:Minization -- RooMinimizerFcn: Minimized function has error status.
Returning maximum FCN so far (-24317.5) to force MIGRAD to back out of this region. Error log follows
Parameter values: N_Bkg=7124.73, b_Bkg=0.4, fDF12=0.999958, fDFSS=1.00899, fDLIV=0.3, fDSS12=0.03, lambdaDDS_Bkg=0.4, lambdaDF_Bkg1=0.5, lambdaDF_Bkg2=0.51, lambdaDSS_Bkg1=0.3, lambdaDSS_Bkg2=0.3
PID1450957/RooRealMPFE::nll_pdfTot_Bkg_dataw_Bkg_5b127a8e3ae0_MPFE7[ arg=nll_pdfTot_Bkg_dataw_Bkg_GOF7 vars=(N_Bkg,b_Bkg,ctau1_CtauRes,ctau2_CtauRes,ctau3_CtauRes,f2_CtauRes,fDF12,fDFSS,fDLIV,fDSS12,f_CtauRes,lambdaDDS_Bkg,lambdaDF_Bkg1,lambdaDF_Bkg2,lambdaDSS_Bkg1,lambdaDSS_Bkg2,rS21_CtauRes,rS32_CtauRes,s1_CtauRes,zeroMean) ]
     p.d.f value is less than zero (-0.147003), forcing value to zero @ !refCoefNorm=(ctau3D = -0.211845,ctau3DErr = 0.0202879), !pdfs=(pdfCTAUDSS = 0.0121499/1,pdfCTAUDF = 17.7099/1), !coefficients=(fDFSS = 1.00899)
     p.d.f value is less than zero (-0.142913), forcing value to zero @ !refCoefNorm=(ctau3D = -0.264964,ctau3DErr = 0.0198425), !pdfs=(pdfCTAUDSS = 0.000327319/1,pdfCTAUDF = 15.9286/1), !coefficients=(fDFSS = 1.00899)
     p.d.f value is less than zero (-0.059905), forcing value to zero @ !refCoefNorm=(ctau3D = -0.70215,ctau3DErr = 0.0248188), !pdfs=(pdfCTAUDSS = 8.49504e-18/1,pdfCTAUDF = 6.6614/1), !coefficients=(fDFSS = 1.00899)
     p.d.f value is less than zero (-0.135197), forcing value to zero @ !refCoefNorm=(ctau3D = -0.235834,ctau3DErr = 0.0232438), !pdfs=(pdfCTAUDSS = 0.0166489/1,pdfCTAUDF = 16.9019/1), !coefficients=(fDFSS = 1.00899)
     p.d.f value is less than zero (-0.076141), forcing value to zero @ !refCoefNorm=(ctau3D = -0.186655,ctau3DErr = 0.0220625), !pdfs=(pdfCTAUDSS = 0.0902137/1,pdfCTAUDF = 18.5889/1), !coefficients=(fDFSS = 1.00899)
     p.d.f value is less than zero (-0.095317), forcing value to zero @ !refCoefNorm=(ctau3D = -0.147327,ctau3DErr = 0.0172365), !pdfs=(pdfCTAUDSS = 0.0844639/1,pdfCTAUDF = 20.0761/1), !coefficients=(fDFSS = 1.00899)
     p.d.f value is less than zero (-0.123292), forcing value to zero @ !refCoefNorm=(ctau3D = -0.339658,ctau3DErr = 0.0184631), !pdfs=(pdfCTAUDSS = 9.37701e-08/1,pdfCTAUDF = 13.7101/1), !coefficients=(fDFSS = 1.00899)
     p.d.f value is less than zero (-0.148285), forcing value to zero @ !refCoefNorm=(ctau3D = -0.242133,ctau3DErr = 0.0199531), !pdfs=(pdfCTAUDSS = 0.00163607/1,pdfCTAUDF = 16.6728/1), !coefficients=(fDFSS = 1.00899)
     p.d.f value is less than zero (-0.116749), forcing value to zero @ !refCoefNorm=(ctau3D = -0.367051,ctau3DErr = 0.0190442), !pdfs=(pdfCTAUDSS = 1.76819e-08/1,pdfCTAUDF = 12.9824/1), !coefficients=(fDFSS = 1.00899)
     p.d.f value is less than zero (-0.031408), forcing value to zero @ !refCoefNorm=(ctau3D = -0.201126,ctau3DErr = 0.0249919), !pdfs=(pdfCTAUDSS = 0.129811/1,pdfCTAUDF = 18.0573/1), !coefficients=(fDFSS = 1.00899)
     p.d.f value is less than zero (-0.031722), forcing value to zero @ !refCoefNorm=(ctau3D = -0.156926,ctau3DErr = 0.0197396), !pdfs=(pdfCTAUDSS = 0.143905/1,pdfCTAUDF = 19.6737/1), !coefficients=(fDFSS = 1.00899)
     p.d.f value is less than zero (-0.096258), forcing value to zero @ !refCoefNorm=(ctau3D = -0.464568,ctau3DErr = 0.0232197), !pdfs=(pdfCTAUDSS = 4.11302e-09/1,pdfCTAUDF = 10.7039/1), !coefficients=(fDFSS = 1.00899)
    ... (remaining 5 messages suppressed)

[#0] WARNING:Minization -- RooMinimizerFcn: Minimized function has error status.
Returning maximum FCN so far (-24317.5) to force MIGRAD to back out of this region. Error log follows
Parameter values: N_Bkg=7124.73, b_Bkg=0.4, fDF12=0.999958, fDFSS=1.00902, fDLIV=0.3, fDSS12=0.03, lambdaDDS_Bkg=0.4, lambdaDF_Bkg1=0.5, lambdaDF_Bkg2=0.51, lambdaDSS_Bkg1=0.3, lambdaDSS_Bkg2=0.3
PID1450957/RooRealMPFE::nll_pdfTot_Bkg_dataw_Bkg_5b127a8e3ae0_MPFE7[ arg=nll_pdfTot_Bkg_dataw_Bkg_GOF7 vars=(N_Bkg,b_Bkg,ctau1_CtauRes,ctau2_CtauRes,ctau3_CtauRes,f2_CtauRes,fDF12,fDFSS,fDLIV,fDSS12,f_CtauRes,lambdaDDS_Bkg,lambdaDF_Bkg1,lambdaDF_Bkg2,lambdaDSS_Bkg1,lambdaDSS_Bkg2,rS21_CtauRes,rS32_CtauRes,s1_CtauRes,zeroMean) ]
     p.d.f value is less than zero (-0.147429), forcing value to zero @ !refCoefNorm=(ctau3D = -0.211845,ctau3DErr = 0.0202879), !pdfs=(pdfCTAUDSS = 0.0121499/1,pdfCTAUDF = 17.7099/1), !coefficients=(fDFSS = 1.00902)
     p.d.f value is less than zero (-0.143297), forcing value to zero @ !refCoefNorm=(ctau3D = -0.264964,ctau3DErr = 0.0198425), !pdfs=(pdfCTAUDSS = 0.000327319/1,pdfCTAUDF = 15.9286/1), !coefficients=(fDFSS = 1.00902)
     p.d.f value is less than zero (-0.060065), forcing value to zero @ !refCoefNorm=(ctau3D = -0.70215,ctau3DErr = 0.0248188), !pdfs=(pdfCTAUDSS = 8.49504e-18/1,pdfCTAUDF = 6.6614/1), !coefficients=(fDFSS = 1.00902)
     p.d.f value is less than zero (-0.135604), forcing value to zero @ !refCoefNorm=(ctau3D = -0.235834,ctau3DErr = 0.0232438), !pdfs=(pdfCTAUDSS = 0.0166489/1,pdfCTAUDF = 16.9019/1), !coefficients=(fDFSS = 1.00902)
     p.d.f value is less than zero (-0.076587), forcing value to zero @ !refCoefNorm=(ctau3D = -0.186655,ctau3DErr = 0.0220625), !pdfs=(pdfCTAUDSS = 0.0902137/1,pdfCTAUDF = 18.5889/1), !coefficients=(fDFSS = 1.00902)
     p.d.f value is less than zero (-0.095799), forcing value to zero @ !refCoefNorm=(ctau3D = -0.147327,ctau3DErr = 0.0172365), !pdfs=(pdfCTAUDSS = 0.0844639/1,pdfCTAUDF = 20.0761/1), !coefficients=(fDFSS = 1.00902)
     p.d.f value is less than zero (-0.123622), forcing value to zero @ !refCoefNorm=(ctau3D = -0.339658,ctau3DErr = 0.0184631), !pdfs=(pdfCTAUDSS = 9.37701e-08/1,pdfCTAUDF = 13.7101/1), !coefficients=(fDFSS = 1.00902)
     p.d.f value is less than zero (-0.148686), forcing value to zero @ !refCoefNorm=(ctau3D = -0.242133,ctau3DErr = 0.0199531), !pdfs=(pdfCTAUDSS = 0.00163607/1,pdfCTAUDF = 16.6728/1), !coefficients=(fDFSS = 1.00902)
     p.d.f value is less than zero (-0.117061), forcing value to zero @ !refCoefNorm=(ctau3D = -0.367051,ctau3DErr = 0.0190442), !pdfs=(pdfCTAUDSS = 1.76819e-08/1,pdfCTAUDF = 12.9824/1), !coefficients=(fDFSS = 1.00902)
     p.d.f value is less than zero (-0.031840), forcing value to zero @ !refCoefNorm=(ctau3D = -0.201126,ctau3DErr = 0.0249919), !pdfs=(pdfCTAUDSS = 0.129811/1,pdfCTAUDF = 18.0573/1), !coefficients=(fDFSS = 1.00902)
     p.d.f value is less than zero (-0.032193), forcing value to zero @ !refCoefNorm=(ctau3D = -0.156926,ctau3DErr = 0.0197396), !pdfs=(pdfCTAUDSS = 0.143905/1,pdfCTAUDF = 19.6737/1), !coefficients=(fDFSS = 1.00902)
     p.d.f value is less than zero (-0.096516), forcing value to zero @ !refCoefNorm=(ctau3D = -0.464568,ctau3DErr = 0.0232197), !pdfs=(pdfCTAUDSS = 4.11302e-09/1,pdfCTAUDF = 10.7039/1), !coefficients=(fDFSS = 1.00902)
    ... (remaining 5 messages suppressed)

[#0] WARNING:Minization -- RooMinimizerFcn: Minimized function has error status.
Returning maximum FCN so far (-24317.5) to force MIGRAD to back out of this region. Error log follows
Parameter values: N_Bkg=7124.73, b_Bkg=0.4, fDF12=0.999958, fDFSS=1.0093, fDLIV=0.3, fDSS12=0.03, lambdaDDS_Bkg=0.4, lambdaDF_Bkg1=0.5, lambdaDF_Bkg2=0.51, lambdaDSS_Bkg1=0.3, lambdaDSS_Bkg2=0.3
PID1450957/RooRealMPFE::nll_pdfTot_Bkg_dataw_Bkg_5b127a8e3ae0_MPFE7[ arg=nll_pdfTot_Bkg_dataw_Bkg_GOF7 vars=(N_Bkg,b_Bkg,ctau1_CtauRes,ctau2_CtauRes,ctau3_CtauRes,f2_CtauRes,fDF12,fDFSS,fDLIV,fDSS12,f_CtauRes,lambdaDDS_Bkg,lambdaDF_Bkg1,lambdaDF_Bkg2,lambdaDSS_Bkg1,lambdaDSS_Bkg2,rS21_CtauRes,rS32_CtauRes,s1_CtauRes,zeroMean) ]
     p.d.f value is less than zero (-0.152473), forcing value to zero @ !refCoefNorm=(ctau3D = -0.211845,ctau3DErr = 0.0202879), !pdfs=(pdfCTAUDSS = 0.0121499/1,pdfCTAUDF = 17.7099/1), !coefficients=(fDFSS = 1.0093)
     p.d.f value is less than zero (-0.147837), forcing value to zero @ !refCoefNorm=(ctau3D = -0.264964,ctau3DErr = 0.0198425), !pdfs=(pdfCTAUDSS = 0.000327319/1,pdfCTAUDF = 15.9286/1), !coefficients=(fDFSS = 1.0093)
     p.d.f value is less than zero (-0.061964), forcing value to zero @ !refCoefNorm=(ctau3D = -0.70215,ctau3DErr = 0.0248188), !pdfs=(pdfCTAUDSS = 8.49504e-18/1,pdfCTAUDF = 6.6614/1), !coefficients=(fDFSS = 1.0093)
     p.d.f value is less than zero (-0.140417), forcing value to zero @ !refCoefNorm=(ctau3D = -0.235834,ctau3DErr = 0.0232438), !pdfs=(pdfCTAUDSS = 0.0166489/1,pdfCTAUDF = 16.9019/1), !coefficients=(fDFSS = 1.0093)
     p.d.f value is less than zero (-0.081859), forcing value to zero @ !refCoefNorm=(ctau3D = -0.186655,ctau3DErr = 0.0220625), !pdfs=(pdfCTAUDSS = 0.0902137/1,pdfCTAUDF = 18.5889/1), !coefficients=(fDFSS = 1.0093)
     p.d.f value is less than zero (-0.101497), forcing value to zero @ !refCoefNorm=(ctau3D = -0.147327,ctau3DErr = 0.0172365), !pdfs=(pdfCTAUDSS = 0.0844639/1,pdfCTAUDF = 20.0761/1), !coefficients=(fDFSS = 1.0093)
     p.d.f value is less than zero (-0.127530), forcing value to zero @ !refCoefNorm=(ctau3D = -0.339658,ctau3DErr = 0.0184631), !pdfs=(pdfCTAUDSS = 9.37701e-08/1,pdfCTAUDF = 13.7101/1), !coefficients=(fDFSS = 1.0093)
     p.d.f value is less than zero (-0.153438), forcing value to zero @ !refCoefNorm=(ctau3D = -0.242133,ctau3DErr = 0.0199531), !pdfs=(pdfCTAUDSS = 0.00163607/1,pdfCTAUDF = 16.6728/1), !coefficients=(fDFSS = 1.0093)
     p.d.f value is less than zero (-0.001915), forcing value to zero @ !refCoefNorm=(ctau3D = -0.217775,ctau3DErr = 0.0279059), !pdfs=(pdfCTAUDSS = 0.159131/1,pdfCTAUDF = 17.4722/1), !coefficients=(fDFSS = 1.0093)
     p.d.f value is less than zero (-0.120762), forcing value to zero @ !refCoefNorm=(ctau3D = -0.367051,ctau3DErr = 0.0190442), !pdfs=(pdfCTAUDSS = 1.76819e-08/1,pdfCTAUDF = 12.9824/1), !coefficients=(fDFSS = 1.0093)
     p.d.f value is less than zero (-0.036950), forcing value to zero @ !refCoefNorm=(ctau3D = -0.201126,ctau3DErr = 0.0249919), !pdfs=(pdfCTAUDSS = 0.129811/1,pdfCTAUDF = 18.0573/1), !coefficients=(fDFSS = 1.0093)
     p.d.f value is less than zero (-0.037759), forcing value to zero @ !refCoefNorm=(ctau3D = -0.156926,ctau3DErr = 0.0197396), !pdfs=(pdfCTAUDSS = 0.143905/1,pdfCTAUDF = 19.6737/1), !coefficients=(fDFSS = 1.0093)
    ... (remaining 6 messages suppressed)

[#0] WARNING:Minization -- RooMinimizerFcn: Minimized function has error status.
Returning maximum FCN so far (-24317.5) to force MIGRAD to back out of this region. Error log follows
Parameter values: N_Bkg=7124.73, b_Bkg=0.4, fDF12=0.999958, fDFSS=1.00676, fDLIV=0.3, fDSS12=0.03, lambdaDDS_Bkg=0.4, lambdaDF_Bkg1=0.5, lambdaDF_Bkg2=0.51, lambdaDSS_Bkg1=0.3, lambdaDSS_Bkg2=0.3
PID1450957/RooRealMPFE::nll_pdfTot_Bkg_dataw_Bkg_5b127a8e3ae0_MPFE7[ arg=nll_pdfTot_Bkg_dataw_Bkg_GOF7 vars=(N_Bkg,b_Bkg,ctau1_CtauRes,ctau2_CtauRes,ctau3_CtauRes,f2_CtauRes,fDF12,fDFSS,fDLIV,fDSS12,f_CtauRes,lambdaDDS_Bkg,lambdaDF_Bkg1,lambdaDF_Bkg2,lambdaDSS_Bkg1,lambdaDSS_Bkg2,rS21_CtauRes,rS32_CtauRes,s1_CtauRes,zeroMean) ]
     p.d.f value is less than zero (-0.107469), forcing value to zero @ !refCoefNorm=(ctau3D = -0.211845,ctau3DErr = 0.0202879), !pdfs=(pdfCTAUDSS = 0.0121499/1,pdfCTAUDF = 17.7099/1), !coefficients=(fDFSS = 1.00676)
     p.d.f value is less than zero (-0.107331), forcing value to zero @ !refCoefNorm=(ctau3D = -0.264964,ctau3DErr = 0.0198425), !pdfs=(pdfCTAUDSS = 0.000327319/1,pdfCTAUDF = 15.9286/1), !coefficients=(fDFSS = 1.00676)
     p.d.f value is less than zero (-0.045024), forcing value to zero @ !refCoefNorm=(ctau3D = -0.70215,ctau3DErr = 0.0248188), !pdfs=(pdfCTAUDSS = 8.49504e-18/1,pdfCTAUDF = 6.6614/1), !coefficients=(fDFSS = 1.00676)
     p.d.f value is less than zero (-0.097478), forcing value to zero @ !refCoefNorm=(ctau3D = -0.235834,ctau3DErr = 0.0232438), !pdfs=(pdfCTAUDSS = 0.0166489/1,pdfCTAUDF = 16.9019/1), !coefficients=(fDFSS = 1.00676)
     p.d.f value is less than zero (-0.034818), forcing value to zero @ !refCoefNorm=(ctau3D = -0.186655,ctau3DErr = 0.0220625), !pdfs=(pdfCTAUDSS = 0.0902137/1,pdfCTAUDF = 18.5889/1), !coefficients=(fDFSS = 1.00676)
     p.d.f value is less than zero (-0.050659), forcing value to zero @ !refCoefNorm=(ctau3D = -0.147327,ctau3DErr = 0.0172365), !pdfs=(pdfCTAUDSS = 0.0844639/1,pdfCTAUDF = 20.0761/1), !coefficients=(fDFSS = 1.00676)
     p.d.f value is less than zero (-0.092666), forcing value to zero @ !refCoefNorm=(ctau3D = -0.339658,ctau3DErr = 0.0184631), !pdfs=(pdfCTAUDSS = 9.37701e-08/1,pdfCTAUDF = 13.7101/1), !coefficients=(fDFSS = 1.00676)
     p.d.f value is less than zero (-0.111044), forcing value to zero @ !refCoefNorm=(ctau3D = -0.242133,ctau3DErr = 0.0199531), !pdfs=(pdfCTAUDSS = 0.00163607/1,pdfCTAUDF = 16.6728/1), !coefficients=(fDFSS = 1.00676)
     p.d.f value is less than zero (-0.087748), forcing value to zero @ !refCoefNorm=(ctau3D = -0.367051,ctau3DErr = 0.0190442), !pdfs=(pdfCTAUDSS = 1.76819e-08/1,pdfCTAUDF = 12.9824/1), !coefficients=(fDFSS = 1.00676)
     p.d.f value is less than zero (-0.072347), forcing value to zero @ !refCoefNorm=(ctau3D = -0.464568,ctau3DErr = 0.0232197), !pdfs=(pdfCTAUDSS = 4.11302e-09/1,pdfCTAUDF = 10.7039/1), !coefficients=(fDFSS = 1.00676)
     p.d.f value is less than zero (-0.061551), forcing value to zero @ !refCoefNorm=(ctau3D = -0.337736,ctau3DErr = 0.0356037), !pdfs=(pdfCTAUDSS = 0.0321052/1,pdfCTAUDF = 13.8887/1), !coefficients=(fDFSS = 1.00676)
     p.d.f value is less than zero (-0.113267), forcing value to zero @ !refCoefNorm=(ctau3D = -0.179647,ctau3DErr = 0.0174223), !pdfs=(pdfCTAUDSS = 0.0141366/1,pdfCTAUDF = 18.8637/1), !coefficients=(fDFSS = 1.00676)
    ... (remaining 3 messages suppressed)

[#0] WARNING:Minization -- RooMinimizerFcn: Minimized function has error status.
Returning maximum FCN so far (-24317.5) to force MIGRAD to back out of this region. Error log follows
Parameter values: N_Bkg=2731.02, b_Bkg=0.510309, fDF12=0.996199, fDFSS=1.00268, fDLIV=0.929599, fDSS12=0.000773315, lambdaDDS_Bkg=0.168225, lambdaDF_Bkg1=0.268089, lambdaDF_Bkg2=0.397173, lambdaDSS_Bkg1=0.675008, lambdaDSS_Bkg2=0.362441
PID1450957/RooRealMPFE::nll_pdfTot_Bkg_dataw_Bkg_5b127a8e3ae0_MPFE7[ arg=nll_pdfTot_Bkg_dataw_Bkg_GOF7 vars=(N_Bkg,b_Bkg,ctau1_CtauRes,ctau2_CtauRes,ctau3_CtauRes,f2_CtauRes,fDF12,fDFSS,fDLIV,fDSS12,f_CtauRes,lambdaDDS_Bkg,lambdaDF_Bkg1,lambdaDF_Bkg2,lambdaDSS_Bkg1,lambdaDSS_Bkg2,rS21_CtauRes,rS32_CtauRes,s1_CtauRes,zeroMean) ]
     p.d.f value is less than zero (-0.051938), forcing value to zero @ !refCoefNorm=(ctau3D = -0.211845,ctau3DErr = 0.0202879), !pdfs=(pdfCTAUDSS = 0.0101482/1,pdfCTAUDF = 23.1423/1), !coefficients=(fDFSS = 1.00268)
     p.d.f value is less than zero (-0.050682), forcing value to zero @ !refCoefNorm=(ctau3D = -0.264964,ctau3DErr = 0.0198425), !pdfs=(pdfCTAUDSS = 0.0002729/1,pdfCTAUDF = 18.9852/1), !coefficients=(fDFSS = 1.00268)
     p.d.f value is less than zero (-0.010091), forcing value to zero @ !refCoefNorm=(ctau3D = -0.70215,ctau3DErr = 0.0248188), !pdfs=(pdfCTAUDSS = 7.06339e-18/1,pdfCTAUDF = 3.75984/1), !coefficients=(fDFSS = 1.00268)
     p.d.f value is less than zero (-0.043115), forcing value to zero @ !refCoefNorm=(ctau3D = -0.235834,ctau3DErr = 0.0232438), !pdfs=(pdfCTAUDSS = 0.0139273/1,pdfCTAUDF = 21.2668/1), !coefficients=(fDFSS = 1.00268)
     p.d.f value is less than zero (-0.007666), forcing value to zero @ !refCoefNorm=(ctau3D = -0.147327,ctau3DErr = 0.0172365), !pdfs=(pdfCTAUDSS = 0.0705402/1,pdfCTAUDF = 29.209/1), !coefficients=(fDFSS = 1.00268)
     p.d.f value is less than zero (-0.038496), forcing value to zero @ !refCoefNorm=(ctau3D = -0.339658,ctau3DErr = 0.0184631), !pdfs=(pdfCTAUDSS = 7.80084e-08/1,pdfCTAUDF = 14.343/1), !coefficients=(fDFSS = 1.00268)
     p.d.f value is less than zero (-0.054117), forcing value to zero @ !refCoefNorm=(ctau3D = -0.242133,ctau3DErr = 0.0199531), !pdfs=(pdfCTAUDSS = 0.00136494/1,pdfCTAUDF = 20.6729/1), !coefficients=(fDFSS = 1.00268)
     p.d.f value is less than zero (-0.034792), forcing value to zero @ !refCoefNorm=(ctau3D = -0.367051,ctau3DErr = 0.0190442), !pdfs=(pdfCTAUDSS = 1.47089e-08/1,pdfCTAUDF = 12.9629/1), !coefficients=(fDFSS = 1.00268)
     p.d.f value is less than zero (-0.024368), forcing value to zero @ !refCoefNorm=(ctau3D = -0.464568,ctau3DErr = 0.0232197), !pdfs=(pdfCTAUDSS = 3.42462e-09/1,pdfCTAUDF = 9.07919/1), !coefficients=(fDFSS = 1.00268)
     p.d.f value is less than zero (-0.013053), forcing value to zero @ !refCoefNorm=(ctau3D = -0.337736,ctau3DErr = 0.0356037), !pdfs=(pdfCTAUDSS = 0.0270228/1,pdfCTAUDF = 14.9585/1), !coefficients=(fDFSS = 1.00268)
     p.d.f value is less than zero (-0.057900), forcing value to zero @ !refCoefNorm=(ctau3D = -0.179647,ctau3DErr = 0.0174223), !pdfs=(pdfCTAUDSS = 0.0117934/1,pdfCTAUDF = 25.9783/1), !coefficients=(fDFSS = 1.00268)
     p.d.f value is less than zero (-0.021875), forcing value to zero @ !refCoefNorm=(ctau3D = -0.210326,ctau3DErr = 0.0230951), !pdfs=(pdfCTAUDSS = 0.0406621/1,pdfCTAUDF = 23.341/1), !coefficients=(fDFSS = 1.00268)
    ... (remaining 2 messages suppressed)

[#0] WARNING:Minization -- RooMinimizerFcn: Minimized function has error status.
Returning maximum FCN so far (-24317.5) to force MIGRAD to back out of this region. Error log follows
Parameter values: N_Bkg=2731.01, b_Bkg=0.510308, fDF12=0.996205, fDFSS=1.00267, fDLIV=0.929633, fDSS12=0.000771775, lambdaDDS_Bkg=0.168195, lambdaDF_Bkg1=0.26803, lambdaDF_Bkg2=0.39724, lambdaDSS_Bkg1=0.675085, lambdaDSS_Bkg2=0.362439
PID1450957/RooRealMPFE::nll_pdfTot_Bkg_dataw_Bkg_5b127a8e3ae0_MPFE7[ arg=nll_pdfTot_Bkg_dataw_Bkg_GOF7 vars=(N_Bkg,b_Bkg,ctau1_CtauRes,ctau2_CtauRes,ctau3_CtauRes,f2_CtauRes,fDF12,fDFSS,fDLIV,fDSS12,f_CtauRes,lambdaDDS_Bkg,lambdaDF_Bkg1,lambdaDF_Bkg2,lambdaDSS_Bkg1,lambdaDSS_Bkg2,rS21_CtauRes,rS32_CtauRes,s1_CtauRes,zeroMean) ]
     p.d.f value is less than zero (-0.051728), forcing value to zero @ !refCoefNorm=(ctau3D = -0.211845,ctau3DErr = 0.0202879), !pdfs=(pdfCTAUDSS = 0.0101482/1,pdfCTAUDF = 23.1435/1), !coefficients=(fDFSS = 1.00267)
     p.d.f value is less than zero (-0.050508), forcing value to zero @ !refCoefNorm=(ctau3D = -0.264964,ctau3DErr = 0.0198425), !pdfs=(pdfCTAUDSS = 0.000272901/1,pdfCTAUDF = 18.9854/1), !coefficients=(fDFSS = 1.00267)
     p.d.f value is less than zero (-0.010053), forcing value to zero @ !refCoefNorm=(ctau3D = -0.70215,ctau3DErr = 0.0248188), !pdfs=(pdfCTAUDSS = 7.06342e-18/1,pdfCTAUDF = 3.75854/1), !coefficients=(fDFSS = 1.00267)
     p.d.f value is less than zero (-0.042921), forcing value to zero @ !refCoefNorm=(ctau3D = -0.235834,ctau3DErr = 0.0232438), !pdfs=(pdfCTAUDSS = 0.0139273/1,pdfCTAUDF = 21.2675/1), !coefficients=(fDFSS = 1.00267)
     p.d.f value is less than zero (-0.007406), forcing value to zero @ !refCoefNorm=(ctau3D = -0.147327,ctau3DErr = 0.0172365), !pdfs=(pdfCTAUDSS = 0.0705405/1,pdfCTAUDF = 29.212/1), !coefficients=(fDFSS = 1.00267)
     p.d.f value is less than zero (-0.038362), forcing value to zero @ !refCoefNorm=(ctau3D = -0.339658,ctau3DErr = 0.0184631), !pdfs=(pdfCTAUDSS = 7.80087e-08/1,pdfCTAUDF = 14.3422/1), !coefficients=(fDFSS = 1.00267)
     p.d.f value is less than zero (-0.053928), forcing value to zero @ !refCoefNorm=(ctau3D = -0.242133,ctau3DErr = 0.0199531), !pdfs=(pdfCTAUDSS = 0.00136495/1,pdfCTAUDF = 20.6735/1), !coefficients=(fDFSS = 1.00267)
     p.d.f value is less than zero (-0.034670), forcing value to zero @ !refCoefNorm=(ctau3D = -0.367051,ctau3DErr = 0.0190442), !pdfs=(pdfCTAUDSS = 1.4709e-08/1,pdfCTAUDF = 12.9619/1), !coefficients=(fDFSS = 1.00267)
     p.d.f value is less than zero (-0.024281), forcing value to zero @ !refCoefNorm=(ctau3D = -0.464568,ctau3DErr = 0.0232197), !pdfs=(pdfCTAUDSS = 3.42464e-09/1,pdfCTAUDF = 9.07781/1), !coefficients=(fDFSS = 1.00267)
     p.d.f value is less than zero (-0.012914), forcing value to zero @ !refCoefNorm=(ctau3D = -0.337736,ctau3DErr = 0.0356037), !pdfs=(pdfCTAUDSS = 0.0270229/1,pdfCTAUDF = 14.958/1), !coefficients=(fDFSS = 1.00267)
     p.d.f value is less than zero (-0.057666), forcing value to zero @ !refCoefNorm=(ctau3D = -0.179647,ctau3DErr = 0.0174223), !pdfs=(pdfCTAUDSS = 0.0117934/1,pdfCTAUDF = 25.9804/1), !coefficients=(fDFSS = 1.00267)
     p.d.f value is less than zero (-0.021664), forcing value to zero @ !refCoefNorm=(ctau3D = -0.210326,ctau3DErr = 0.0230951), !pdfs=(pdfCTAUDSS = 0.0406623/1,pdfCTAUDF = 23.3423/1), !coefficients=(fDFSS = 1.00267)
    ... (remaining 2 messages suppressed)

[#0] WARNING:Minization -- RooMinimizerFcn: Minimized function has error status.
Returning maximum FCN so far (-24317.5) to force MIGRAD to back out of this region. Error log follows
Parameter values: N_Bkg=2730.48, b_Bkg=0.510021, fDF12=0.99711, fDFSS=1.00124, fDLIV=0.934606, fDSS12=0.000558741, lambdaDDS_Bkg=0.163631, lambdaDF_Bkg1=0.259257, lambdaDF_Bkg2=0.407353, lambdaDSS_Bkg1=0.686428, lambdaDSS_Bkg2=0.362236
PID1450957/RooRealMPFE::nll_pdfTot_Bkg_dataw_Bkg_5b127a8e3ae0_MPFE7[ arg=nll_pdfTot_Bkg_dataw_Bkg_GOF7 vars=(N_Bkg,b_Bkg,ctau1_CtauRes,ctau2_CtauRes,ctau3_CtauRes,f2_CtauRes,fDF12,fDFSS,fDLIV,fDSS12,f_CtauRes,lambdaDDS_Bkg,lambdaDF_Bkg1,lambdaDF_Bkg2,lambdaDSS_Bkg1,lambdaDSS_Bkg2,rS21_CtauRes,rS32_CtauRes,s1_CtauRes,zeroMean) ]
     p.d.f value is less than zero (-0.018655), forcing value to zero @ !refCoefNorm=(ctau3D = -0.211845,ctau3DErr = 0.0202879), !pdfs=(pdfCTAUDSS = 0.0101546/1,pdfCTAUDF = 23.3233/1), !coefficients=(fDFSS = 1.00124)
     p.d.f value is less than zero (-0.023211), forcing value to zero @ !refCoefNorm=(ctau3D = -0.264964,ctau3DErr = 0.0198425), !pdfs=(pdfCTAUDSS = 0.000273073/1,pdfCTAUDF = 19.0038/1), !coefficients=(fDFSS = 1.00124)
     p.d.f value is less than zero (-0.004401), forcing value to zero @ !refCoefNorm=(ctau3D = -0.70215,ctau3DErr = 0.0248188), !pdfs=(pdfCTAUDSS = 7.06793e-18/1,pdfCTAUDF = 3.56165/1), !coefficients=(fDFSS = 1.00124)
     p.d.f value is less than zero (-0.012462), forcing value to zero @ !refCoefNorm=(ctau3D = -0.235834,ctau3DErr = 0.0232438), !pdfs=(pdfCTAUDSS = 0.013936/1,pdfCTAUDF = 21.3751/1), !coefficients=(fDFSS = 1.00124)
     p.d.f value is less than zero (-0.017571), forcing value to zero @ !refCoefNorm=(ctau3D = -0.339658,ctau3DErr = 0.0184631), !pdfs=(pdfCTAUDSS = 7.80584e-08/1,pdfCTAUDF = 14.2187/1), !coefficients=(fDFSS = 1.00124)
     p.d.f value is less than zero (-0.024280), forcing value to zero @ !refCoefNorm=(ctau3D = -0.242133,ctau3DErr = 0.0199531), !pdfs=(pdfCTAUDSS = 0.00136581/1,pdfCTAUDF = 20.7538/1), !coefficients=(fDFSS = 1.00124)
     p.d.f value is less than zero (-0.015826), forcing value to zero @ !refCoefNorm=(ctau3D = -0.367051,ctau3DErr = 0.0190442), !pdfs=(pdfCTAUDSS = 1.47183e-08/1,pdfCTAUDF = 12.8065/1), !coefficients=(fDFSS = 1.00124)
     p.d.f value is less than zero (-0.010953), forcing value to zero @ !refCoefNorm=(ctau3D = -0.464568,ctau3DErr = 0.0232197), !pdfs=(pdfCTAUDSS = 3.42681e-09/1,pdfCTAUDF = 8.86322/1), !coefficients=(fDFSS = 1.00124)
     p.d.f value is less than zero (-0.020662), forcing value to zero @ !refCoefNorm=(ctau3D = -0.179647,ctau3DErr = 0.0174223), !pdfs=(pdfCTAUDSS = 0.0118008/1,pdfCTAUDF = 26.2813/1), !coefficients=(fDFSS = 1.00124)

[#0] WARNING:Minization -- RooMinimizerFcn: Minimized function has error status.
Returning maximum FCN so far (-24317.5) to force MIGRAD to back out of this region. Error log follows
Parameter values: N_Bkg=2730.21, b_Bkg=0.509877, fDF12=0.997517, fDFSS=1.00047, fDLIV=0.937029, fDSS12=0.000465111, lambdaDDS_Bkg=0.161368, lambdaDF_Bkg1=0.254907, lambdaDF_Bkg2=0.412424, lambdaDSS_Bkg1=0.692059, lambdaDSS_Bkg2=0.362135
PID1450957/RooRealMPFE::nll_pdfTot_Bkg_dataw_Bkg_5b127a8e3ae0_MPFE7[ arg=nll_pdfTot_Bkg_dataw_Bkg_GOF7 vars=(N_Bkg,b_Bkg,ctau1_CtauRes,ctau2_CtauRes,ctau3_CtauRes,f2_CtauRes,fDF12,fDFSS,fDLIV,fDSS12,f_CtauRes,lambdaDDS_Bkg,lambdaDF_Bkg1,lambdaDF_Bkg2,lambdaDSS_Bkg1,lambdaDSS_Bkg2,rS21_CtauRes,rS32_CtauRes,s1_CtauRes,zeroMean) ]
     p.d.f value is less than zero (-0.000801), forcing value to zero @ !refCoefNorm=(ctau3D = -0.211845,ctau3DErr = 0.0202879), !pdfs=(pdfCTAUDSS = 0.0101577/1,pdfCTAUDF = 23.4079/1), !coefficients=(fDFSS = 1.00047)
     p.d.f value is less than zero (-0.008628), forcing value to zero @ !refCoefNorm=(ctau3D = -0.264964,ctau3DErr = 0.0198425), !pdfs=(pdfCTAUDSS = 0.000273158/1,pdfCTAUDF = 19.0056/1), !coefficients=(fDFSS = 1.00047)
     p.d.f value is less than zero (-0.001621), forcing value to zero @ !refCoefNorm=(ctau3D = -0.70215,ctau3DErr = 0.0248188), !pdfs=(pdfCTAUDSS = 7.07016e-18/1,pdfCTAUDF = 3.4616/1), !coefficients=(fDFSS = 1.00047)
     p.d.f value is less than zero (-0.006627), forcing value to zero @ !refCoefNorm=(ctau3D = -0.339658,ctau3DErr = 0.0184631), !pdfs=(pdfCTAUDSS = 7.8083e-08/1,pdfCTAUDF = 14.1488/1), !coefficients=(fDFSS = 1.00047)
     p.d.f value is less than zero (-0.008369), forcing value to zero @ !refCoefNorm=(ctau3D = -0.242133,ctau3DErr = 0.0199531), !pdfs=(pdfCTAUDSS = 0.00136623/1,pdfCTAUDF = 20.7871/1), !coefficients=(fDFSS = 1.00047)
     p.d.f value is less than zero (-0.005958), forcing value to zero @ !refCoefNorm=(ctau3D = -0.367051,ctau3DErr = 0.0190442), !pdfs=(pdfCTAUDSS = 1.4723e-08/1,pdfCTAUDF = 12.7209/1), !coefficients=(fDFSS = 1.00047)
     p.d.f value is less than zero (-0.004098), forcing value to zero @ !refCoefNorm=(ctau3D = -0.464568,ctau3DErr = 0.0232197), !pdfs=(pdfCTAUDSS = 3.42789e-09/1,pdfCTAUDF = 8.74969/1), !coefficients=(fDFSS = 1.00047)
     p.d.f value is less than zero (-0.000568), forcing value to zero @ !refCoefNorm=(ctau3D = -0.179647,ctau3DErr = 0.0174223), !pdfs=(pdfCTAUDSS = 0.0118045/1,pdfCTAUDF = 26.4286/1), !coefficients=(fDFSS = 1.00047)

[#0] WARNING:Minization -- RooMinimizerFcn: Minimized function has error status.
Returning maximum FCN so far (-24317.5) to force MIGRAD to back out of this region. Error log follows
Parameter values: N_Bkg=2730.07, b_Bkg=0.509805, fDF12=0.997709, fDFSS=1.00007, fDLIV=0.938224, fDSS12=0.000421519, lambdaDDS_Bkg=0.160241, lambdaDF_Bkg1=0.25274, lambdaDF_Bkg2=0.414963, lambdaDSS_Bkg1=0.694863, lambdaDSS_Bkg2=0.362084
PID1450956/RooRealMPFE::nll_pdfTot_Bkg_dataw_Bkg_5b127a8e3ae0_MPFE6[ arg=nll_pdfTot_Bkg_dataw_Bkg_GOF6 vars=(N_Bkg,b_Bkg,ctau1_CtauRes,ctau2_CtauRes,ctau3_CtauRes,f2_CtauRes,fDF12,fDFSS,fDLIV,fDSS12,f_CtauRes,lambdaDDS_Bkg,lambdaDF_Bkg1,lambdaDF_Bkg2,lambdaDSS_Bkg1,lambdaDSS_Bkg2,rS21_CtauRes,rS32_CtauRes,s1_CtauRes,zeroMean) ]
     p.d.f value is less than zero (-0.001108), forcing value to zero @ !refCoefNorm=(ctau3D = -0.264964,ctau3DErr = 0.0198425), !pdfs=(pdfCTAUDSS = 0.0002732/1,pdfCTAUDF = 19.0044/1), !coefficients=(fDFSS = 1.00007)
     p.d.f value is less than zero (-0.000248), forcing value to zero @ !refCoefNorm=(ctau3D = -0.70215,ctau3DErr = 0.0248188), !pdfs=(pdfCTAUDSS = 7.07126e-18/1,pdfCTAUDF = 3.41122/1), !coefficients=(fDFSS = 1.00007)
     p.d.f value is less than zero (-0.001026), forcing value to zero @ !refCoefNorm=(ctau3D = -0.339658,ctau3DErr = 0.0184631), !pdfs=(pdfCTAUDSS = 7.80952e-08/1,pdfCTAUDF = 14.1117/1), !coefficients=(fDFSS = 1.00007)
     p.d.f value is less than zero (-0.000146), forcing value to zero @ !refCoefNorm=(ctau3D = -0.242133,ctau3DErr = 0.0199531), !pdfs=(pdfCTAUDSS = 0.00136644/1,pdfCTAUDF = 20.802/1), !coefficients=(fDFSS = 1.00007)
     p.d.f value is less than zero (-0.000921), forcing value to zero @ !refCoefNorm=(ctau3D = -0.367051,ctau3DErr = 0.0190442), !pdfs=(pdfCTAUDSS = 1.47253e-08/1,pdfCTAUDF = 12.6761/1), !coefficients=(fDFSS = 1.00007)
     p.d.f value is less than zero (-0.000632), forcing value to zero @ !refCoefNorm=(ctau3D = -0.464568,ctau3DErr = 0.0232197), !pdfs=(pdfCTAUDSS = 3.42842e-09/1,pdfCTAUDF = 8.69135/1), !coefficients=(fDFSS = 1.00007)

[#0] WARNING:Minization -- RooMinimizerFcn: Minimized function has error status.
Returning maximum FCN so far (-24317.5) to force MIGRAD to back out of this region. Error log follows
Parameter values: N_Bkg=2729.94, b_Bkg=0.509734, fDF12=0.997893, fDFSS=1.00018, fDLIV=0.939409, fDSS12=0.000380075, lambdaDDS_Bkg=0.159117, lambdaDF_Bkg1=0.25058, lambdaDF_Bkg2=0.417505, lambdaDSS_Bkg1=0.697661, lambdaDSS_Bkg2=0.362033
PID1450956/RooRealMPFE::nll_pdfTot_Bkg_dataw_Bkg_5b127a8e3ae0_MPFE6[ arg=nll_pdfTot_Bkg_dataw_Bkg_GOF6 vars=(N_Bkg,b_Bkg,ctau1_CtauRes,ctau2_CtauRes,ctau3_CtauRes,f2_CtauRes,fDF12,fDFSS,fDLIV,fDSS12,f_CtauRes,lambdaDDS_Bkg,lambdaDF_Bkg1,lambdaDF_Bkg2,lambdaDSS_Bkg1,lambdaDSS_Bkg2,rS21_CtauRes,rS32_CtauRes,s1_CtauRes,zeroMean) ]
     p.d.f value is less than zero (-0.003197), forcing value to zero @ !refCoefNorm=(ctau3D = -0.264964,ctau3DErr = 0.0198425), !pdfs=(pdfCTAUDSS = 0.000273242/1,pdfCTAUDF = 19.002/1), !coefficients=(fDFSS = 1.00018)
     p.d.f value is less than zero (-0.000614), forcing value to zero @ !refCoefNorm=(ctau3D = -0.70215,ctau3DErr = 0.0248188), !pdfs=(pdfCTAUDSS = 7.07236e-18/1,pdfCTAUDF = 3.36061/1), !coefficients=(fDFSS = 1.00018)
     p.d.f value is less than zero (-0.002570), forcing value to zero @ !refCoefNorm=(ctau3D = -0.339658,ctau3DErr = 0.0184631), !pdfs=(pdfCTAUDSS = 7.81073e-08/1,pdfCTAUDF = 14.0732/1), !coefficients=(fDFSS = 1.00018)
     p.d.f value is less than zero (-0.002435), forcing value to zero @ !refCoefNorm=(ctau3D = -0.242133,ctau3DErr = 0.0199531), !pdfs=(pdfCTAUDSS = 0.00136665/1,pdfCTAUDF = 20.8157/1), !coefficients=(fDFSS = 1.00018)
     p.d.f value is less than zero (-0.002307), forcing value to zero @ !refCoefNorm=(ctau3D = -0.367051,ctau3DErr = 0.0190442), !pdfs=(pdfCTAUDSS = 1.47275e-08/1,pdfCTAUDF = 12.6298/1), !coefficients=(fDFSS = 1.00018)
     p.d.f value is less than zero (-0.001576), forcing value to zero @ !refCoefNorm=(ctau3D = -0.464568,ctau3DErr = 0.0232197), !pdfs=(pdfCTAUDSS = 3.42895e-09/1,pdfCTAUDF = 8.63196/1), !coefficients=(fDFSS = 1.00018)

[#0] WARNING:Minization -- RooMinimizerFcn: Minimized function has error status.
Returning maximum FCN so far (-24317.5) to force MIGRAD to back out of this region. Error log follows
Parameter values: N_Bkg=2729.94, b_Bkg=0.509734, fDF12=0.997893, fDFSS=1.00018, fDLIV=0.939409, fDSS12=0.000380075, lambdaDDS_Bkg=0.159117, lambdaDF_Bkg1=0.25058, lambdaDF_Bkg2=0.417505, lambdaDSS_Bkg1=0.697661, lambdaDSS_Bkg2=0.362033
PID1450956/RooRealMPFE::nll_pdfTot_Bkg_dataw_Bkg_5b127a8e3ae0_MPFE6[ arg=nll_pdfTot_Bkg_dataw_Bkg_GOF6 vars=(N_Bkg,b_Bkg,ctau1_CtauRes,ctau2_CtauRes,ctau3_CtauRes,f2_CtauRes,fDF12,fDFSS,fDLIV,fDSS12,f_CtauRes,lambdaDDS_Bkg,lambdaDF_Bkg1,lambdaDF_Bkg2,lambdaDSS_Bkg1,lambdaDSS_Bkg2,rS21_CtauRes,rS32_CtauRes,s1_CtauRes,zeroMean) ]
     p.d.f value is less than zero (-0.003197), forcing value to zero @ !refCoefNorm=(ctau3D = -0.264964,ctau3DErr = 0.0198425), !pdfs=(pdfCTAUDSS = 0.000273242/1,pdfCTAUDF = 19.002/1), !coefficients=(fDFSS = 1.00018)
     p.d.f value is less than zero (-0.000614), forcing value to zero @ !refCoefNorm=(ctau3D = -0.70215,ctau3DErr = 0.0248188), !pdfs=(pdfCTAUDSS = 7.07236e-18/1,pdfCTAUDF = 3.36061/1), !coefficients=(fDFSS = 1.00018)
     p.d.f value is less than zero (-0.002570), forcing value to zero @ !refCoefNorm=(ctau3D = -0.339658,ctau3DErr = 0.0184631), !pdfs=(pdfCTAUDSS = 7.81073e-08/1,pdfCTAUDF = 14.0732/1), !coefficients=(fDFSS = 1.00018)
     p.d.f value is less than zero (-0.002435), forcing value to zero @ !refCoefNorm=(ctau3D = -0.242133,ctau3DErr = 0.0199531), !pdfs=(pdfCTAUDSS = 0.00136665/1,pdfCTAUDF = 20.8157/1), !coefficients=(fDFSS = 1.00018)
     p.d.f value is less than zero (-0.002307), forcing value to zero @ !refCoefNorm=(ctau3D = -0.367051,ctau3DErr = 0.0190442), !pdfs=(pdfCTAUDSS = 1.47275e-08/1,pdfCTAUDF = 12.6298/1), !coefficients=(fDFSS = 1.00018)
     p.d.f value is less than zero (-0.001576), forcing value to zero @ !refCoefNorm=(ctau3D = -0.464568,ctau3DErr = 0.0232197), !pdfs=(pdfCTAUDSS = 3.42895e-09/1,pdfCTAUDF = 8.63196/1), !coefficients=(fDFSS = 1.00018)

[#0] WARNING:Minization -- RooMinimizerFcn: Minimized function has error status.
Returning maximum FCN so far (-24317.5) to force MIGRAD to back out of this region. Error log follows
Parameter values: N_Bkg=2729.94, b_Bkg=0.509734, fDF12=0.997893, fDFSS=1.00018, fDLIV=0.939409, fDSS12=0.000380075, lambdaDDS_Bkg=0.159117, lambdaDF_Bkg1=0.25058, lambdaDF_Bkg2=0.417505, lambdaDSS_Bkg1=0.697661, lambdaDSS_Bkg2=0.362033
PID1450956/RooRealMPFE::nll_pdfTot_Bkg_dataw_Bkg_5b127a8e3ae0_MPFE6[ arg=nll_pdfTot_Bkg_dataw_Bkg_GOF6 vars=(N_Bkg,b_Bkg,ctau1_CtauRes,ctau2_CtauRes,ctau3_CtauRes,f2_CtauRes,fDF12,fDFSS,fDLIV,fDSS12,f_CtauRes,lambdaDDS_Bkg,lambdaDF_Bkg1,lambdaDF_Bkg2,lambdaDSS_Bkg1,lambdaDSS_Bkg2,rS21_CtauRes,rS32_CtauRes,s1_CtauRes,zeroMean) ]
     p.d.f value is less than zero (-0.003197), forcing value to zero @ !refCoefNorm=(ctau3D = -0.264964,ctau3DErr = 0.0198425), !pdfs=(pdfCTAUDSS = 0.000273242/1,pdfCTAUDF = 19.002/1), !coefficients=(fDFSS = 1.00018)
     p.d.f value is less than zero (-0.000614), forcing value to zero @ !refCoefNorm=(ctau3D = -0.70215,ctau3DErr = 0.0248188), !pdfs=(pdfCTAUDSS = 7.07236e-18/1,pdfCTAUDF = 3.36061/1), !coefficients=(fDFSS = 1.00018)
     p.d.f value is less than zero (-0.002570), forcing value to zero @ !refCoefNorm=(ctau3D = -0.339658,ctau3DErr = 0.0184631), !pdfs=(pdfCTAUDSS = 7.81073e-08/1,pdfCTAUDF = 14.0732/1), !coefficients=(fDFSS = 1.00018)
     p.d.f value is less than zero (-0.002435), forcing value to zero @ !refCoefNorm=(ctau3D = -0.242133,ctau3DErr = 0.0199531), !pdfs=(pdfCTAUDSS = 0.00136665/1,pdfCTAUDF = 20.8157/1), !coefficients=(fDFSS = 1.00018)
     p.d.f value is less than zero (-0.002307), forcing value to zero @ !refCoefNorm=(ctau3D = -0.367051,ctau3DErr = 0.0190442), !pdfs=(pdfCTAUDSS = 1.47275e-08/1,pdfCTAUDF = 12.6298/1), !coefficients=(fDFSS = 1.00018)
     p.d.f value is less than zero (-0.001576), forcing value to zero @ !refCoefNorm=(ctau3D = -0.464568,ctau3DErr = 0.0232197), !pdfs=(pdfCTAUDSS = 3.42895e-09/1,pdfCTAUDF = 8.63196/1), !coefficients=(fDFSS = 1.00018)

[#0] WARNING:Minization -- RooMinimizerFcn: Minimized function has error status.
Returning maximum FCN so far (-24317.5) to force MIGRAD to back out of this region. Error log follows
Parameter values: N_Bkg=2735.86, b_Bkg=0.509734, fDF12=0.997893, fDFSS=1.00018, fDLIV=0.939409, fDSS12=0.000380075, lambdaDDS_Bkg=0.159117, lambdaDF_Bkg1=0.25058, lambdaDF_Bkg2=0.417505, lambdaDSS_Bkg1=0.697661, lambdaDSS_Bkg2=0.362033
PID1450956/RooRealMPFE::nll_pdfTot_Bkg_dataw_Bkg_5b127a8e3ae0_MPFE6[ arg=nll_pdfTot_Bkg_dataw_Bkg_GOF6 vars=(N_Bkg,b_Bkg,ctau1_CtauRes,ctau2_CtauRes,ctau3_CtauRes,f2_CtauRes,fDF12,fDFSS,fDLIV,fDSS12,f_CtauRes,lambdaDDS_Bkg,lambdaDF_Bkg1,lambdaDF_Bkg2,lambdaDSS_Bkg1,lambdaDSS_Bkg2,rS21_CtauRes,rS32_CtauRes,s1_CtauRes,zeroMean) ]
     p.d.f value is less than zero (-0.003197), forcing value to zero @ !refCoefNorm=(ctau3D = -0.264964,ctau3DErr = 0.0198425), !pdfs=(pdfCTAUDSS = 0.000273242/1,pdfCTAUDF = 19.002/1), !coefficients=(fDFSS = 1.00018)
     p.d.f value is less than zero (-0.000614), forcing value to zero @ !refCoefNorm=(ctau3D = -0.70215,ctau3DErr = 0.0248188), !pdfs=(pdfCTAUDSS = 7.07236e-18/1,pdfCTAUDF = 3.36061/1), !coefficients=(fDFSS = 1.00018)
     p.d.f value is less than zero (-0.002570), forcing value to zero @ !refCoefNorm=(ctau3D = -0.339658,ctau3DErr = 0.0184631), !pdfs=(pdfCTAUDSS = 7.81073e-08/1,pdfCTAUDF = 14.0732/1), !coefficients=(fDFSS = 1.00018)
     p.d.f value is less than zero (-0.002435), forcing value to zero @ !refCoefNorm=(ctau3D = -0.242133,ctau3DErr = 0.0199531), !pdfs=(pdfCTAUDSS = 0.00136665/1,pdfCTAUDF = 20.8157/1), !coefficients=(fDFSS = 1.00018)
     p.d.f value is less than zero (-0.002307), forcing value to zero @ !refCoefNorm=(ctau3D = -0.367051,ctau3DErr = 0.0190442), !pdfs=(pdfCTAUDSS = 1.47275e-08/1,pdfCTAUDF = 12.6298/1), !coefficients=(fDFSS = 1.00018)
     p.d.f value is less than zero (-0.001576), forcing value to zero @ !refCoefNorm=(ctau3D = -0.464568,ctau3DErr = 0.0232197), !pdfs=(pdfCTAUDSS = 3.42895e-09/1,pdfCTAUDF = 8.63196/1), !coefficients=(fDFSS = 1.00018)

[#0] WARNING:Minization -- RooMinimizerFcn: Minimized function has error status.
Returning maximum FCN so far (-24317.5) to force MIGRAD to back out of this region. Error log follows
Parameter values: N_Bkg=2729.94, b_Bkg=0.511183, fDF12=0.997893, fDFSS=1.00018, fDLIV=0.939409, fDSS12=0.000380075, lambdaDDS_Bkg=0.159117, lambdaDF_Bkg1=0.25058, lambdaDF_Bkg2=0.417505, lambdaDSS_Bkg1=0.697661, lambdaDSS_Bkg2=0.362033
PID1450956/RooRealMPFE::nll_pdfTot_Bkg_dataw_Bkg_5b127a8e3ae0_MPFE6[ arg=nll_pdfTot_Bkg_dataw_Bkg_GOF6 vars=(N_Bkg,b_Bkg,ctau1_CtauRes,ctau2_CtauRes,ctau3_CtauRes,f2_CtauRes,fDF12,fDFSS,fDLIV,fDSS12,f_CtauRes,lambdaDDS_Bkg,lambdaDF_Bkg1,lambdaDF_Bkg2,lambdaDSS_Bkg1,lambdaDSS_Bkg2,rS21_CtauRes,rS32_CtauRes,s1_CtauRes,zeroMean) ]
     p.d.f value is less than zero (-0.003197), forcing value to zero @ !refCoefNorm=(ctau3D = -0.264964,ctau3DErr = 0.0198425), !pdfs=(pdfCTAUDSS = 0.000273242/1,pdfCTAUDF = 19.002/1), !coefficients=(fDFSS = 1.00018)
     p.d.f value is less than zero (-0.000614), forcing value to zero @ !refCoefNorm=(ctau3D = -0.70215,ctau3DErr = 0.0248188), !pdfs=(pdfCTAUDSS = 7.07236e-18/1,pdfCTAUDF = 3.36061/1), !coefficients=(fDFSS = 1.00018)
     p.d.f value is less than zero (-0.002570), forcing value to zero @ !refCoefNorm=(ctau3D = -0.339658,ctau3DErr = 0.0184631), !pdfs=(pdfCTAUDSS = 7.81073e-08/1,pdfCTAUDF = 14.0732/1), !coefficients=(fDFSS = 1.00018)
     p.d.f value is less than zero (-0.002435), forcing value to zero @ !refCoefNorm=(ctau3D = -0.242133,ctau3DErr = 0.0199531), !pdfs=(pdfCTAUDSS = 0.00136665/1,pdfCTAUDF = 20.8157/1), !coefficients=(fDFSS = 1.00018)
     p.d.f value is less than zero (-0.002307), forcing value to zero @ !refCoefNorm=(ctau3D = -0.367051,ctau3DErr = 0.0190442), !pdfs=(pdfCTAUDSS = 1.47275e-08/1,pdfCTAUDF = 12.6298/1), !coefficients=(fDFSS = 1.00018)
     p.d.f value is less than zero (-0.001576), forcing value to zero @ !refCoefNorm=(ctau3D = -0.464568,ctau3DErr = 0.0232197), !pdfs=(pdfCTAUDSS = 3.42895e-09/1,pdfCTAUDF = 8.63196/1), !coefficients=(fDFSS = 1.00018)

[#0] WARNING:Minization -- RooMinimizerFcn: Minimized function has error status.
Returning maximum FCN so far (-24317.5) to force MIGRAD to back out of this region. Error log follows
Parameter values: N_Bkg=2729.94, b_Bkg=0.509734, fDF12=0.914957, fDFSS=1.00018, fDLIV=0.939409, fDSS12=0.000380075, lambdaDDS_Bkg=0.159117, lambdaDF_Bkg1=0.25058, lambdaDF_Bkg2=0.417505, lambdaDSS_Bkg1=0.697661, lambdaDSS_Bkg2=0.362033
PID1450956/RooRealMPFE::nll_pdfTot_Bkg_dataw_Bkg_5b127a8e3ae0_MPFE6[ arg=nll_pdfTot_Bkg_dataw_Bkg_GOF6 vars=(N_Bkg,b_Bkg,ctau1_CtauRes,ctau2_CtauRes,ctau3_CtauRes,f2_CtauRes,fDF12,fDFSS,fDLIV,fDSS12,f_CtauRes,lambdaDDS_Bkg,lambdaDF_Bkg1,lambdaDF_Bkg2,lambdaDSS_Bkg1,lambdaDSS_Bkg2,rS21_CtauRes,rS32_CtauRes,s1_CtauRes,zeroMean) ]
     p.d.f value is less than zero (-0.003170), forcing value to zero @ !refCoefNorm=(ctau3D = -0.264964,ctau3DErr = 0.0198425), !pdfs=(pdfCTAUDSS = 0.000273242/1,pdfCTAUDF = 18.8529/1), !coefficients=(fDFSS = 1.00018)
     p.d.f value is less than zero (-0.000655), forcing value to zero @ !refCoefNorm=(ctau3D = -0.70215,ctau3DErr = 0.0248188), !pdfs=(pdfCTAUDSS = 7.07236e-18/1,pdfCTAUDF = 3.5851/1), !coefficients=(fDFSS = 1.00018)
     p.d.f value is less than zero (-0.002575), forcing value to zero @ !refCoefNorm=(ctau3D = -0.339658,ctau3DErr = 0.0184631), !pdfs=(pdfCTAUDSS = 7.81073e-08/1,pdfCTAUDF = 14.0985/1), !coefficients=(fDFSS = 1.00018)
     p.d.f value is less than zero (-0.002395), forcing value to zero @ !refCoefNorm=(ctau3D = -0.242133,ctau3DErr = 0.0199531), !pdfs=(pdfCTAUDSS = 0.00136665/1,pdfCTAUDF = 20.5963/1), !coefficients=(fDFSS = 1.00018)
     p.d.f value is less than zero (-0.002319), forcing value to zero @ !refCoefNorm=(ctau3D = -0.367051,ctau3DErr = 0.0190442), !pdfs=(pdfCTAUDSS = 1.47275e-08/1,pdfCTAUDF = 12.6996/1), !coefficients=(fDFSS = 1.00018)
     p.d.f value is less than zero (-0.001608), forcing value to zero @ !refCoefNorm=(ctau3D = -0.464568,ctau3DErr = 0.0232197), !pdfs=(pdfCTAUDSS = 3.42895e-09/1,pdfCTAUDF = 8.80341/1), !coefficients=(fDFSS = 1.00018)

[#0] WARNING:Minization -- RooMinimizerFcn: Minimized function has error status.
Returning maximum FCN so far (-24317.5) to force MIGRAD to back out of this region. Error log follows
Parameter values: N_Bkg=2729.94, b_Bkg=0.509734, fDF12=0.997893, fDFSS=1.00018, fDLIV=0.937229, fDSS12=0.000380075, lambdaDDS_Bkg=0.159117, lambdaDF_Bkg1=0.25058, lambdaDF_Bkg2=0.417505, lambdaDSS_Bkg1=0.697661, lambdaDSS_Bkg2=0.362033
PID1450956/RooRealMPFE::nll_pdfTot_Bkg_dataw_Bkg_5b127a8e3ae0_MPFE6[ arg=nll_pdfTot_Bkg_dataw_Bkg_GOF6 vars=(N_Bkg,b_Bkg,ctau1_CtauRes,ctau2_CtauRes,ctau3_CtauRes,f2_CtauRes,fDF12,fDFSS,fDLIV,fDSS12,f_CtauRes,lambdaDDS_Bkg,lambdaDF_Bkg1,lambdaDF_Bkg2,lambdaDSS_Bkg1,lambdaDSS_Bkg2,rS21_CtauRes,rS32_CtauRes,s1_CtauRes,zeroMean) ]
     p.d.f value is less than zero (-0.003197), forcing value to zero @ !refCoefNorm=(ctau3D = -0.264964,ctau3DErr = 0.0198425), !pdfs=(pdfCTAUDSS = 0.000273242/1,pdfCTAUDF = 19.002/1), !coefficients=(fDFSS = 1.00018)
     p.d.f value is less than zero (-0.000614), forcing value to zero @ !refCoefNorm=(ctau3D = -0.70215,ctau3DErr = 0.0248188), !pdfs=(pdfCTAUDSS = 7.07236e-18/1,pdfCTAUDF = 3.36061/1), !coefficients=(fDFSS = 1.00018)
     p.d.f value is less than zero (-0.002570), forcing value to zero @ !refCoefNorm=(ctau3D = -0.339658,ctau3DErr = 0.0184631), !pdfs=(pdfCTAUDSS = 7.81073e-08/1,pdfCTAUDF = 14.0732/1), !coefficients=(fDFSS = 1.00018)
     p.d.f value is less than zero (-0.002435), forcing value to zero @ !refCoefNorm=(ctau3D = -0.242133,ctau3DErr = 0.0199531), !pdfs=(pdfCTAUDSS = 0.00136665/1,pdfCTAUDF = 20.8157/1), !coefficients=(fDFSS = 1.00018)
     p.d.f value is less than zero (-0.002307), forcing value to zero @ !refCoefNorm=(ctau3D = -0.367051,ctau3DErr = 0.0190442), !pdfs=(pdfCTAUDSS = 1.47275e-08/1,pdfCTAUDF = 12.6298/1), !coefficients=(fDFSS = 1.00018)
     p.d.f value is less than zero (-0.001576), forcing value to zero @ !refCoefNorm=(ctau3D = -0.464568,ctau3DErr = 0.0232197), !pdfs=(pdfCTAUDSS = 3.42895e-09/1,pdfCTAUDF = 8.63196/1), !coefficients=(fDFSS = 1.00018)

[#0] WARNING:Minization -- RooMinimizerFcn: Minimized function has error status.
Returning maximum FCN so far (-24317.5) to force MIGRAD to back out of this region. Error log follows
Parameter values: N_Bkg=2729.94, b_Bkg=0.509734, fDF12=0.997893, fDFSS=1.00018, fDLIV=0.939409, fDSS12=1.68933e-05, lambdaDDS_Bkg=0.159117, lambdaDF_Bkg1=0.25058, lambdaDF_Bkg2=0.417505, lambdaDSS_Bkg1=0.697661, lambdaDSS_Bkg2=0.362033
PID1450956/RooRealMPFE::nll_pdfTot_Bkg_dataw_Bkg_5b127a8e3ae0_MPFE6[ arg=nll_pdfTot_Bkg_dataw_Bkg_GOF6 vars=(N_Bkg,b_Bkg,ctau1_CtauRes,ctau2_CtauRes,ctau3_CtauRes,f2_CtauRes,fDF12,fDFSS,fDLIV,fDSS12,f_CtauRes,lambdaDDS_Bkg,lambdaDF_Bkg1,lambdaDF_Bkg2,lambdaDSS_Bkg1,lambdaDSS_Bkg2,rS21_CtauRes,rS32_CtauRes,s1_CtauRes,zeroMean) ]
     p.d.f value is less than zero (-0.003197), forcing value to zero @ !refCoefNorm=(ctau3D = -0.264964,ctau3DErr = 0.0198425), !pdfs=(pdfCTAUDSS = 0.000273289/1,pdfCTAUDF = 19.002/1), !coefficients=(fDFSS = 1.00018)
     p.d.f value is less than zero (-0.000614), forcing value to zero @ !refCoefNorm=(ctau3D = -0.70215,ctau3DErr = 0.0248188), !pdfs=(pdfCTAUDSS = 7.07359e-18/1,pdfCTAUDF = 3.36061/1), !coefficients=(fDFSS = 1.00018)
     p.d.f value is less than zero (-0.002570), forcing value to zero @ !refCoefNorm=(ctau3D = -0.339658,ctau3DErr = 0.0184631), !pdfs=(pdfCTAUDSS = 7.81207e-08/1,pdfCTAUDF = 14.0732/1), !coefficients=(fDFSS = 1.00018)
     p.d.f value is less than zero (-0.002435), forcing value to zero @ !refCoefNorm=(ctau3D = -0.242133,ctau3DErr = 0.0199531), !pdfs=(pdfCTAUDSS = 0.00136688/1,pdfCTAUDF = 20.8157/1), !coefficients=(fDFSS = 1.00018)
     p.d.f value is less than zero (-0.002307), forcing value to zero @ !refCoefNorm=(ctau3D = -0.367051,ctau3DErr = 0.0190442), !pdfs=(pdfCTAUDSS = 1.47301e-08/1,pdfCTAUDF = 12.6298/1), !coefficients=(fDFSS = 1.00018)
     p.d.f value is less than zero (-0.001576), forcing value to zero @ !refCoefNorm=(ctau3D = -0.464568,ctau3DErr = 0.0232197), !pdfs=(pdfCTAUDSS = 3.42954e-09/1,pdfCTAUDF = 8.63196/1), !coefficients=(fDFSS = 1.00018)

[#0] WARNING:Minization -- RooMinimizerFcn: Minimized function has error status.
Returning maximum FCN so far (-24317.5) to force MIGRAD to back out of this region. Error log follows
Parameter values: N_Bkg=2729.94, b_Bkg=0.509734, fDF12=0.997893, fDFSS=1.00018, fDLIV=0.939409, fDSS12=0.000380075, lambdaDDS_Bkg=0.162516, lambdaDF_Bkg1=0.25058, lambdaDF_Bkg2=0.417505, lambdaDSS_Bkg1=0.697661, lambdaDSS_Bkg2=0.362033
PID1450956/RooRealMPFE::nll_pdfTot_Bkg_dataw_Bkg_5b127a8e3ae0_MPFE6[ arg=nll_pdfTot_Bkg_dataw_Bkg_GOF6 vars=(N_Bkg,b_Bkg,ctau1_CtauRes,ctau2_CtauRes,ctau3_CtauRes,f2_CtauRes,fDF12,fDFSS,fDLIV,fDSS12,f_CtauRes,lambdaDDS_Bkg,lambdaDF_Bkg1,lambdaDF_Bkg2,lambdaDSS_Bkg1,lambdaDSS_Bkg2,rS21_CtauRes,rS32_CtauRes,s1_CtauRes,zeroMean) ]
     p.d.f value is less than zero (-0.003197), forcing value to zero @ !refCoefNorm=(ctau3D = -0.264964,ctau3DErr = 0.0198425), !pdfs=(pdfCTAUDSS = 0.000273242/1,pdfCTAUDF = 19.002/1), !coefficients=(fDFSS = 1.00018)
     p.d.f value is less than zero (-0.000614), forcing value to zero @ !refCoefNorm=(ctau3D = -0.70215,ctau3DErr = 0.0248188), !pdfs=(pdfCTAUDSS = 7.07236e-18/1,pdfCTAUDF = 3.36061/1), !coefficients=(fDFSS = 1.00018)
     p.d.f value is less than zero (-0.002570), forcing value to zero @ !refCoefNorm=(ctau3D = -0.339658,ctau3DErr = 0.0184631), !pdfs=(pdfCTAUDSS = 7.81073e-08/1,pdfCTAUDF = 14.0732/1), !coefficients=(fDFSS = 1.00018)
     p.d.f value is less than zero (-0.002435), forcing value to zero @ !refCoefNorm=(ctau3D = -0.242133,ctau3DErr = 0.0199531), !pdfs=(pdfCTAUDSS = 0.00136665/1,pdfCTAUDF = 20.8157/1), !coefficients=(fDFSS = 1.00018)
     p.d.f value is less than zero (-0.002307), forcing value to zero @ !refCoefNorm=(ctau3D = -0.367051,ctau3DErr = 0.0190442), !pdfs=(pdfCTAUDSS = 1.47275e-08/1,pdfCTAUDF = 12.6298/1), !coefficients=(fDFSS = 1.00018)
     p.d.f value is less than zero (-0.001576), forcing value to zero @ !refCoefNorm=(ctau3D = -0.464568,ctau3DErr = 0.0232197), !pdfs=(pdfCTAUDSS = 3.42895e-09/1,pdfCTAUDF = 8.63196/1), !coefficients=(fDFSS = 1.00018)

[#0] WARNING:Minization -- RooMinimizerFcn: Minimized function has error status.
Returning maximum FCN so far (-24317.5) to force MIGRAD to back out of this region. Error log follows
Parameter values: N_Bkg=2729.94, b_Bkg=0.509734, fDF12=0.997893, fDFSS=1.00018, fDLIV=0.939409, fDSS12=0.000380075, lambdaDDS_Bkg=0.159117, lambdaDF_Bkg1=0.166853, lambdaDF_Bkg2=0.417505, lambdaDSS_Bkg1=0.697661, lambdaDSS_Bkg2=0.362033
PID1450956/RooRealMPFE::nll_pdfTot_Bkg_dataw_Bkg_5b127a8e3ae0_MPFE6[ arg=nll_pdfTot_Bkg_dataw_Bkg_GOF6 vars=(N_Bkg,b_Bkg,ctau1_CtauRes,ctau2_CtauRes,ctau3_CtauRes,f2_CtauRes,fDF12,fDFSS,fDLIV,fDSS12,f_CtauRes,lambdaDDS_Bkg,lambdaDF_Bkg1,lambdaDF_Bkg2,lambdaDSS_Bkg1,lambdaDSS_Bkg2,rS21_CtauRes,rS32_CtauRes,s1_CtauRes,zeroMean) ]
     p.d.f value is less than zero (-0.002865), forcing value to zero @ !refCoefNorm=(ctau3D = -0.264964,ctau3DErr = 0.0198425), !pdfs=(pdfCTAUDSS = 0.000273242/1,pdfCTAUDF = 17.1829/1), !coefficients=(fDFSS = 1.00018)
     p.d.f value is less than zero (-0.000236), forcing value to zero @ !refCoefNorm=(ctau3D = -0.70215,ctau3DErr = 0.0248188), !pdfs=(pdfCTAUDSS = 7.07236e-18/1,pdfCTAUDF = 1.29099/1), !coefficients=(fDFSS = 1.00018)
     p.d.f value is less than zero (-0.001996), forcing value to zero @ !refCoefNorm=(ctau3D = -0.339658,ctau3DErr = 0.0184631), !pdfs=(pdfCTAUDSS = 7.81073e-08/1,pdfCTAUDF = 10.9281/1), !coefficients=(fDFSS = 1.00018)
     p.d.f value is less than zero (-0.002232), forcing value to zero @ !refCoefNorm=(ctau3D = -0.242133,ctau3DErr = 0.0199531), !pdfs=(pdfCTAUDSS = 0.00136665/1,pdfCTAUDF = 19.7058/1), !coefficients=(fDFSS = 1.00018)
     p.d.f value is less than zero (-0.001698), forcing value to zero @ !refCoefNorm=(ctau3D = -0.367051,ctau3DErr = 0.0190442), !pdfs=(pdfCTAUDSS = 1.47275e-08/1,pdfCTAUDF = 9.29763/1), !coefficients=(fDFSS = 1.00018)
     p.d.f value is less than zero (-0.000966), forcing value to zero @ !refCoefNorm=(ctau3D = -0.464568,ctau3DErr = 0.0232197), !pdfs=(pdfCTAUDSS = 3.42895e-09/1,pdfCTAUDF = 5.28761/1), !coefficients=(fDFSS = 1.00018)

[#0] WARNING:Minization -- RooMinimizerFcn: Minimized function has error status.
Returning maximum FCN so far (-24317.5) to force MIGRAD to back out of this region. Error log follows
Parameter values: N_Bkg=2729.94, b_Bkg=0.509734, fDF12=0.997893, fDFSS=1.00018, fDLIV=0.939409, fDSS12=0.000380075, lambdaDDS_Bkg=0.159117, lambdaDF_Bkg1=0.25058, lambdaDF_Bkg2=0.664009, lambdaDSS_Bkg1=0.697661, lambdaDSS_Bkg2=0.362033
PID1450956/RooRealMPFE::nll_pdfTot_Bkg_dataw_Bkg_5b127a8e3ae0_MPFE6[ arg=nll_pdfTot_Bkg_dataw_Bkg_GOF6 vars=(N_Bkg,b_Bkg,ctau1_CtauRes,ctau2_CtauRes,ctau3_CtauRes,f2_CtauRes,fDF12,fDFSS,fDLIV,fDSS12,f_CtauRes,lambdaDDS_Bkg,lambdaDF_Bkg1,lambdaDF_Bkg2,lambdaDSS_Bkg1,lambdaDSS_Bkg2,rS21_CtauRes,rS32_CtauRes,s1_CtauRes,zeroMean) ]
     p.d.f value is less than zero (-0.003196), forcing value to zero @ !refCoefNorm=(ctau3D = -0.264964,ctau3DErr = 0.0198425), !pdfs=(pdfCTAUDSS = 0.000273242/1,pdfCTAUDF = 18.9945/1), !coefficients=(fDFSS = 1.00018)
     p.d.f value is less than zero (-0.000614), forcing value to zero @ !refCoefNorm=(ctau3D = -0.70215,ctau3DErr = 0.0248188), !pdfs=(pdfCTAUDSS = 7.07236e-18/1,pdfCTAUDF = 3.36278/1), !coefficients=(fDFSS = 1.00018)
     p.d.f value is less than zero (-0.002569), forcing value to zero @ !refCoefNorm=(ctau3D = -0.339658,ctau3DErr = 0.0184631), !pdfs=(pdfCTAUDSS = 7.81073e-08/1,pdfCTAUDF = 14.0687/1), !coefficients=(fDFSS = 1.00018)
     p.d.f value is less than zero (-0.002433), forcing value to zero @ !refCoefNorm=(ctau3D = -0.242133,ctau3DErr = 0.0199531), !pdfs=(pdfCTAUDSS = 0.00136665/1,pdfCTAUDF = 20.8072/1), !coefficients=(fDFSS = 1.00018)
     p.d.f value is less than zero (-0.002306), forcing value to zero @ !refCoefNorm=(ctau3D = -0.367051,ctau3DErr = 0.0190442), !pdfs=(pdfCTAUDSS = 1.47275e-08/1,pdfCTAUDF = 12.6261/1), !coefficients=(fDFSS = 1.00018)
     p.d.f value is less than zero (-0.001576), forcing value to zero @ !refCoefNorm=(ctau3D = -0.464568,ctau3DErr = 0.0232197), !pdfs=(pdfCTAUDSS = 3.42895e-09/1,pdfCTAUDF = 8.63077/1), !coefficients=(fDFSS = 1.00018)

[#0] WARNING:Minization -- RooMinimizerFcn: Minimized function has error status.
Returning maximum FCN so far (-24317.5) to force MIGRAD to back out of this region. Error log follows
Parameter values: N_Bkg=2729.94, b_Bkg=0.509734, fDF12=0.997893, fDFSS=1.00018, fDLIV=0.939409, fDSS12=0.000380075, lambdaDDS_Bkg=0.159117, lambdaDF_Bkg1=0.25058, lambdaDF_Bkg2=0.417505, lambdaDSS_Bkg1=0.89364, lambdaDSS_Bkg2=0.362033
PID1450956/RooRealMPFE::nll_pdfTot_Bkg_dataw_Bkg_5b127a8e3ae0_MPFE6[ arg=nll_pdfTot_Bkg_dataw_Bkg_GOF6 vars=(N_Bkg,b_Bkg,ctau1_CtauRes,ctau2_CtauRes,ctau3_CtauRes,f2_CtauRes,fDF12,fDFSS,fDLIV,fDSS12,f_CtauRes,lambdaDDS_Bkg,lambdaDF_Bkg1,lambdaDF_Bkg2,lambdaDSS_Bkg1,lambdaDSS_Bkg2,rS21_CtauRes,rS32_CtauRes,s1_CtauRes,zeroMean) ]
     p.d.f value is less than zero (-0.003197), forcing value to zero @ !refCoefNorm=(ctau3D = -0.264964,ctau3DErr = 0.0198425), !pdfs=(pdfCTAUDSS = 0.000273231/1,pdfCTAUDF = 19.002/1), !coefficients=(fDFSS = 1.00018)
     p.d.f value is less than zero (-0.000614), forcing value to zero @ !refCoefNorm=(ctau3D = -0.70215,ctau3DErr = 0.0248188), !pdfs=(pdfCTAUDSS = 7.07206e-18/1,pdfCTAUDF = 3.36061/1), !coefficients=(fDFSS = 1.00018)
     p.d.f value is less than zero (-0.002570), forcing value to zero @ !refCoefNorm=(ctau3D = -0.339658,ctau3DErr = 0.0184631), !pdfs=(pdfCTAUDSS = 7.81039e-08/1,pdfCTAUDF = 14.0732/1), !coefficients=(fDFSS = 1.00018)
     p.d.f value is less than zero (-0.002435), forcing value to zero @ !refCoefNorm=(ctau3D = -0.242133,ctau3DErr = 0.0199531), !pdfs=(pdfCTAUDSS = 0.00136659/1,pdfCTAUDF = 20.8157/1), !coefficients=(fDFSS = 1.00018)
     p.d.f value is less than zero (-0.002307), forcing value to zero @ !refCoefNorm=(ctau3D = -0.367051,ctau3DErr = 0.0190442), !pdfs=(pdfCTAUDSS = 1.47269e-08/1,pdfCTAUDF = 12.6298/1), !coefficients=(fDFSS = 1.00018)
     p.d.f value is less than zero (-0.001576), forcing value to zero @ !refCoefNorm=(ctau3D = -0.464568,ctau3DErr = 0.0232197), !pdfs=(pdfCTAUDSS = 3.4288e-09/1,pdfCTAUDF = 8.63196/1), !coefficients=(fDFSS = 1.00018)

[#0] WARNING:Minization -- RooMinimizerFcn: Minimized function has error status.
Returning maximum FCN so far (-24317.5) to force MIGRAD to back out of this region. Error log follows
Parameter values: N_Bkg=2729.94, b_Bkg=0.509734, fDF12=0.997893, fDFSS=1.00018, fDLIV=0.939409, fDSS12=0.000380075, lambdaDDS_Bkg=0.159117, lambdaDF_Bkg1=0.25058, lambdaDF_Bkg2=0.417505, lambdaDSS_Bkg1=0.697661, lambdaDSS_Bkg2=0.36327
PID1450956/RooRealMPFE::nll_pdfTot_Bkg_dataw_Bkg_5b127a8e3ae0_MPFE6[ arg=nll_pdfTot_Bkg_dataw_Bkg_GOF6 vars=(N_Bkg,b_Bkg,ctau1_CtauRes,ctau2_CtauRes,ctau3_CtauRes,f2_CtauRes,fDF12,fDFSS,fDLIV,fDSS12,f_CtauRes,lambdaDDS_Bkg,lambdaDF_Bkg1,lambdaDF_Bkg2,lambdaDSS_Bkg1,lambdaDSS_Bkg2,rS21_CtauRes,rS32_CtauRes,s1_CtauRes,zeroMean) ]
     p.d.f value is less than zero (-0.003198), forcing value to zero @ !refCoefNorm=(ctau3D = -0.264964,ctau3DErr = 0.0198425), !pdfs=(pdfCTAUDSS = 0.000272346/1,pdfCTAUDF = 19.002/1), !coefficients=(fDFSS = 1.00018)
     p.d.f value is less than zero (-0.000614), forcing value to zero @ !refCoefNorm=(ctau3D = -0.70215,ctau3DErr = 0.0248188), !pdfs=(pdfCTAUDSS = 7.04886e-18/1,pdfCTAUDF = 3.36061/1), !coefficients=(fDFSS = 1.00018)
     p.d.f value is less than zero (-0.002570), forcing value to zero @ !refCoefNorm=(ctau3D = -0.339658,ctau3DErr = 0.0184631), !pdfs=(pdfCTAUDSS = 7.78483e-08/1,pdfCTAUDF = 14.0732/1), !coefficients=(fDFSS = 1.00018)
     p.d.f value is less than zero (-0.002439), forcing value to zero @ !refCoefNorm=(ctau3D = -0.242133,ctau3DErr = 0.0199531), !pdfs=(pdfCTAUDSS = 0.00136218/1,pdfCTAUDF = 20.8157/1), !coefficients=(fDFSS = 1.00018)
     p.d.f value is less than zero (-0.002307), forcing value to zero @ !refCoefNorm=(ctau3D = -0.367051,ctau3DErr = 0.0190442), !pdfs=(pdfCTAUDSS = 1.46787e-08/1,pdfCTAUDF = 12.6298/1), !coefficients=(fDFSS = 1.00018)
     p.d.f value is less than zero (-0.001576), forcing value to zero @ !refCoefNorm=(ctau3D = -0.464568,ctau3DErr = 0.0232197), !pdfs=(pdfCTAUDSS = 3.41763e-09/1,pdfCTAUDF = 8.63196/1), !coefficients=(fDFSS = 1.00018)

[#0] WARNING:Minization -- RooMinimizerFcn: Minimized function has error status.
Returning maximum FCN so far (-24317.5) to force MIGRAD to back out of this region. Error log follows
Parameter values: N_Bkg=2723.72, b_Bkg=0.509499, fDF12=0.999613, fDFSS=1.00039, fDLIV=0.9406, fDSS12=3.7144e-05, lambdaDDS_Bkg=0.157183, lambdaDF_Bkg1=0.199174, lambdaDF_Bkg2=0.346485, lambdaDSS_Bkg1=0.342514, lambdaDSS_Bkg2=0.361387
PID1450956/RooRealMPFE::nll_pdfTot_Bkg_dataw_Bkg_5b127a8e3ae0_MPFE6[ arg=nll_pdfTot_Bkg_dataw_Bkg_GOF6 vars=(N_Bkg,b_Bkg,ctau1_CtauRes,ctau2_CtauRes,ctau3_CtauRes,f2_CtauRes,fDF12,fDFSS,fDLIV,fDSS12,f_CtauRes,lambdaDDS_Bkg,lambdaDF_Bkg1,lambdaDF_Bkg2,lambdaDSS_Bkg1,lambdaDSS_Bkg2,rS21_CtauRes,rS32_CtauRes,s1_CtauRes,zeroMean) ]
     p.d.f value is less than zero (-0.006814), forcing value to zero @ !refCoefNorm=(ctau3D = -0.264964,ctau3DErr = 0.0198425), !pdfs=(pdfCTAUDSS = 0.000273762/1,pdfCTAUDF = 18.3956/1), !coefficients=(fDFSS = 1.00039)
     p.d.f value is less than zero (-0.000803), forcing value to zero @ !refCoefNorm=(ctau3D = -0.70215,ctau3DErr = 0.0248188), !pdfs=(pdfCTAUDSS = 7.086e-18/1,pdfCTAUDF = 2.08394/1), !coefficients=(fDFSS = 1.00039)
     p.d.f value is less than zero (-0.004853), forcing value to zero @ !refCoefNorm=(ctau3D = -0.339658,ctau3DErr = 0.0184631), !pdfs=(pdfCTAUDSS = 7.82575e-08/1,pdfCTAUDF = 12.5948/1), !coefficients=(fDFSS = 1.00039)
     p.d.f value is less than zero (-0.006581), forcing value to zero @ !refCoefNorm=(ctau3D = -0.242133,ctau3DErr = 0.0199531), !pdfs=(pdfCTAUDSS = 0.00136924/1,pdfCTAUDF = 20.634/1), !coefficients=(fDFSS = 1.00039)
     p.d.f value is less than zero (-0.004236), forcing value to zero @ !refCoefNorm=(ctau3D = -0.367051,ctau3DErr = 0.0190442), !pdfs=(pdfCTAUDSS = 1.47559e-08/1,pdfCTAUDF = 10.9944/1), !coefficients=(fDFSS = 1.00039)
     p.d.f value is less than zero (-0.002631), forcing value to zero @ !refCoefNorm=(ctau3D = -0.464568,ctau3DErr = 0.0232197), !pdfs=(pdfCTAUDSS = 3.43552e-09/1,pdfCTAUDF = 6.82767/1), !coefficients=(fDFSS = 1.00039)

[#0] WARNING:Minization -- RooMinimizerFcn: Minimized function has error status.
Returning maximum FCN so far (-24317.5) to force MIGRAD to back out of this region. Error log follows
Parameter values: N_Bkg=2723.72, b_Bkg=0.509499, fDF12=0.999613, fDFSS=1.00039, fDLIV=0.9406, fDSS12=3.7144e-05, lambdaDDS_Bkg=0.157183, lambdaDF_Bkg1=0.199174, lambdaDF_Bkg2=0.346485, lambdaDSS_Bkg1=0.342514, lambdaDSS_Bkg2=0.361387
PID1450956/RooRealMPFE::nll_pdfTot_Bkg_dataw_Bkg_5b127a8e3ae0_MPFE6[ arg=nll_pdfTot_Bkg_dataw_Bkg_GOF6 vars=(N_Bkg,b_Bkg,ctau1_CtauRes,ctau2_CtauRes,ctau3_CtauRes,f2_CtauRes,fDF12,fDFSS,fDLIV,fDSS12,f_CtauRes,lambdaDDS_Bkg,lambdaDF_Bkg1,lambdaDF_Bkg2,lambdaDSS_Bkg1,lambdaDSS_Bkg2,rS21_CtauRes,rS32_CtauRes,s1_CtauRes,zeroMean) ]
     p.d.f value is less than zero (-0.006814), forcing value to zero @ !refCoefNorm=(ctau3D = -0.264964,ctau3DErr = 0.0198425), !pdfs=(pdfCTAUDSS = 0.000273762/1,pdfCTAUDF = 18.3956/1), !coefficients=(fDFSS = 1.00039)
     p.d.f value is less than zero (-0.000803), forcing value to zero @ !refCoefNorm=(ctau3D = -0.70215,ctau3DErr = 0.0248188), !pdfs=(pdfCTAUDSS = 7.086e-18/1,pdfCTAUDF = 2.08394/1), !coefficients=(fDFSS = 1.00039)
     p.d.f value is less than zero (-0.004853), forcing value to zero @ !refCoefNorm=(ctau3D = -0.339658,ctau3DErr = 0.0184631), !pdfs=(pdfCTAUDSS = 7.82575e-08/1,pdfCTAUDF = 12.5948/1), !coefficients=(fDFSS = 1.00039)
     p.d.f value is less than zero (-0.006581), forcing value to zero @ !refCoefNorm=(ctau3D = -0.242133,ctau3DErr = 0.0199531), !pdfs=(pdfCTAUDSS = 0.00136924/1,pdfCTAUDF = 20.634/1), !coefficients=(fDFSS = 1.00039)
     p.d.f value is less than zero (-0.004236), forcing value to zero @ !refCoefNorm=(ctau3D = -0.367051,ctau3DErr = 0.0190442), !pdfs=(pdfCTAUDSS = 1.47559e-08/1,pdfCTAUDF = 10.9944/1), !coefficients=(fDFSS = 1.00039)
     p.d.f value is less than zero (-0.002631), forcing value to zero @ !refCoefNorm=(ctau3D = -0.464568,ctau3DErr = 0.0232197), !pdfs=(pdfCTAUDSS = 3.43552e-09/1,pdfCTAUDF = 6.82767/1), !coefficients=(fDFSS = 1.00039)

[#0] WARNING:Minization -- RooMinimizerFcn: Minimized function has error status.
Returning maximum FCN so far (-24317.5) to force MIGRAD to back out of this region. Error log follows
Parameter values: N_Bkg=2723.72, b_Bkg=0.509499, fDF12=0.999613, fDFSS=1.00039, fDLIV=0.9406, fDSS12=3.7144e-05, lambdaDDS_Bkg=0.157183, lambdaDF_Bkg1=0.199174, lambdaDF_Bkg2=0.346485, lambdaDSS_Bkg1=0.342514, lambdaDSS_Bkg2=0.361387
PID1450956/RooRealMPFE::nll_pdfTot_Bkg_dataw_Bkg_5b127a8e3ae0_MPFE6[ arg=nll_pdfTot_Bkg_dataw_Bkg_GOF6 vars=(N_Bkg,b_Bkg,ctau1_CtauRes,ctau2_CtauRes,ctau3_CtauRes,f2_CtauRes,fDF12,fDFSS,fDLIV,fDSS12,f_CtauRes,lambdaDDS_Bkg,lambdaDF_Bkg1,lambdaDF_Bkg2,lambdaDSS_Bkg1,lambdaDSS_Bkg2,rS21_CtauRes,rS32_CtauRes,s1_CtauRes,zeroMean) ]
     p.d.f value is less than zero (-0.006814), forcing value to zero @ !refCoefNorm=(ctau3D = -0.264964,ctau3DErr = 0.0198425), !pdfs=(pdfCTAUDSS = 0.000273762/1,pdfCTAUDF = 18.3956/1), !coefficients=(fDFSS = 1.00039)
     p.d.f value is less than zero (-0.000803), forcing value to zero @ !refCoefNorm=(ctau3D = -0.70215,ctau3DErr = 0.0248188), !pdfs=(pdfCTAUDSS = 7.086e-18/1,pdfCTAUDF = 2.08394/1), !coefficients=(fDFSS = 1.00039)
     p.d.f value is less than zero (-0.004853), forcing value to zero @ !refCoefNorm=(ctau3D = -0.339658,ctau3DErr = 0.0184631), !pdfs=(pdfCTAUDSS = 7.82575e-08/1,pdfCTAUDF = 12.5948/1), !coefficients=(fDFSS = 1.00039)
     p.d.f value is less than zero (-0.006581), forcing value to zero @ !refCoefNorm=(ctau3D = -0.242133,ctau3DErr = 0.0199531), !pdfs=(pdfCTAUDSS = 0.00136924/1,pdfCTAUDF = 20.634/1), !coefficients=(fDFSS = 1.00039)
     p.d.f value is less than zero (-0.004236), forcing value to zero @ !refCoefNorm=(ctau3D = -0.367051,ctau3DErr = 0.0190442), !pdfs=(pdfCTAUDSS = 1.47559e-08/1,pdfCTAUDF = 10.9944/1), !coefficients=(fDFSS = 1.00039)
     p.d.f value is less than zero (-0.002631), forcing value to zero @ !refCoefNorm=(ctau3D = -0.464568,ctau3DErr = 0.0232197), !pdfs=(pdfCTAUDSS = 3.43552e-09/1,pdfCTAUDF = 6.82767/1), !coefficients=(fDFSS = 1.00039)

[#0] WARNING:Minization -- RooMinimizerFcn: Minimized function has error status.
Returning maximum FCN so far (-24317.5) to force MIGRAD to back out of this region. Error log follows
Parameter values: N_Bkg=2729.62, b_Bkg=0.509499, fDF12=0.999613, fDFSS=1.00039, fDLIV=0.9406, fDSS12=3.7144e-05, lambdaDDS_Bkg=0.157183, lambdaDF_Bkg1=0.199174, lambdaDF_Bkg2=0.346485, lambdaDSS_Bkg1=0.342514, lambdaDSS_Bkg2=0.361387
PID1450956/RooRealMPFE::nll_pdfTot_Bkg_dataw_Bkg_5b127a8e3ae0_MPFE6[ arg=nll_pdfTot_Bkg_dataw_Bkg_GOF6 vars=(N_Bkg,b_Bkg,ctau1_CtauRes,ctau2_CtauRes,ctau3_CtauRes,f2_CtauRes,fDF12,fDFSS,fDLIV,fDSS12,f_CtauRes,lambdaDDS_Bkg,lambdaDF_Bkg1,lambdaDF_Bkg2,lambdaDSS_Bkg1,lambdaDSS_Bkg2,rS21_CtauRes,rS32_CtauRes,s1_CtauRes,zeroMean) ]
     p.d.f value is less than zero (-0.006814), forcing value to zero @ !refCoefNorm=(ctau3D = -0.264964,ctau3DErr = 0.0198425), !pdfs=(pdfCTAUDSS = 0.000273762/1,pdfCTAUDF = 18.3956/1), !coefficients=(fDFSS = 1.00039)
     p.d.f value is less than zero (-0.000803), forcing value to zero @ !refCoefNorm=(ctau3D = -0.70215,ctau3DErr = 0.0248188), !pdfs=(pdfCTAUDSS = 7.086e-18/1,pdfCTAUDF = 2.08394/1), !coefficients=(fDFSS = 1.00039)
     p.d.f value is less than zero (-0.004853), forcing value to zero @ !refCoefNorm=(ctau3D = -0.339658,ctau3DErr = 0.0184631), !pdfs=(pdfCTAUDSS = 7.82575e-08/1,pdfCTAUDF = 12.5948/1), !coefficients=(fDFSS = 1.00039)
     p.d.f value is less than zero (-0.006581), forcing value to zero @ !refCoefNorm=(ctau3D = -0.242133,ctau3DErr = 0.0199531), !pdfs=(pdfCTAUDSS = 0.00136924/1,pdfCTAUDF = 20.634/1), !coefficients=(fDFSS = 1.00039)
     p.d.f value is less than zero (-0.004236), forcing value to zero @ !refCoefNorm=(ctau3D = -0.367051,ctau3DErr = 0.0190442), !pdfs=(pdfCTAUDSS = 1.47559e-08/1,pdfCTAUDF = 10.9944/1), !coefficients=(fDFSS = 1.00039)
     p.d.f value is less than zero (-0.002631), forcing value to zero @ !refCoefNorm=(ctau3D = -0.464568,ctau3DErr = 0.0232197), !pdfs=(pdfCTAUDSS = 3.43552e-09/1,pdfCTAUDF = 6.82767/1), !coefficients=(fDFSS = 1.00039)

[#0] WARNING:Minization -- RooMinimizerFcn: Minimized function has error status.
Returning maximum FCN so far (-24317.5) to force MIGRAD to back out of this region. Error log follows
Parameter values: N_Bkg=2723.72, b_Bkg=0.51095, fDF12=0.999613, fDFSS=1.00039, fDLIV=0.9406, fDSS12=3.7144e-05, lambdaDDS_Bkg=0.157183, lambdaDF_Bkg1=0.199174, lambdaDF_Bkg2=0.346485, lambdaDSS_Bkg1=0.342514, lambdaDSS_Bkg2=0.361387
PID1450956/RooRealMPFE::nll_pdfTot_Bkg_dataw_Bkg_5b127a8e3ae0_MPFE6[ arg=nll_pdfTot_Bkg_dataw_Bkg_GOF6 vars=(N_Bkg,b_Bkg,ctau1_CtauRes,ctau2_CtauRes,ctau3_CtauRes,f2_CtauRes,fDF12,fDFSS,fDLIV,fDSS12,f_CtauRes,lambdaDDS_Bkg,lambdaDF_Bkg1,lambdaDF_Bkg2,lambdaDSS_Bkg1,lambdaDSS_Bkg2,rS21_CtauRes,rS32_CtauRes,s1_CtauRes,zeroMean) ]
     p.d.f value is less than zero (-0.006814), forcing value to zero @ !refCoefNorm=(ctau3D = -0.264964,ctau3DErr = 0.0198425), !pdfs=(pdfCTAUDSS = 0.000273762/1,pdfCTAUDF = 18.3956/1), !coefficients=(fDFSS = 1.00039)
     p.d.f value is less than zero (-0.000803), forcing value to zero @ !refCoefNorm=(ctau3D = -0.70215,ctau3DErr = 0.0248188), !pdfs=(pdfCTAUDSS = 7.086e-18/1,pdfCTAUDF = 2.08394/1), !coefficients=(fDFSS = 1.00039)
     p.d.f value is less than zero (-0.004853), forcing value to zero @ !refCoefNorm=(ctau3D = -0.339658,ctau3DErr = 0.0184631), !pdfs=(pdfCTAUDSS = 7.82575e-08/1,pdfCTAUDF = 12.5948/1), !coefficients=(fDFSS = 1.00039)
     p.d.f value is less than zero (-0.006581), forcing value to zero @ !refCoefNorm=(ctau3D = -0.242133,ctau3DErr = 0.0199531), !pdfs=(pdfCTAUDSS = 0.00136924/1,pdfCTAUDF = 20.634/1), !coefficients=(fDFSS = 1.00039)
     p.d.f value is less than zero (-0.004236), forcing value to zero @ !refCoefNorm=(ctau3D = -0.367051,ctau3DErr = 0.0190442), !pdfs=(pdfCTAUDSS = 1.47559e-08/1,pdfCTAUDF = 10.9944/1), !coefficients=(fDFSS = 1.00039)
     p.d.f value is less than zero (-0.002631), forcing value to zero @ !refCoefNorm=(ctau3D = -0.464568,ctau3DErr = 0.0232197), !pdfs=(pdfCTAUDSS = 3.43552e-09/1,pdfCTAUDF = 6.82767/1), !coefficients=(fDFSS = 1.00039)

[#0] WARNING:Minization -- RooMinimizerFcn: Minimized function has error status.
Returning maximum FCN so far (-24317.5) to force MIGRAD to back out of this region. Error log follows
Parameter values: N_Bkg=2723.72, b_Bkg=0.509499, fDF12=0.929025, fDFSS=1.00039, fDLIV=0.9406, fDSS12=3.7144e-05, lambdaDDS_Bkg=0.157183, lambdaDF_Bkg1=0.199174, lambdaDF_Bkg2=0.346485, lambdaDSS_Bkg1=0.342514, lambdaDSS_Bkg2=0.361387
PID1450956/RooRealMPFE::nll_pdfTot_Bkg_dataw_Bkg_5b127a8e3ae0_MPFE6[ arg=nll_pdfTot_Bkg_dataw_Bkg_GOF6 vars=(N_Bkg,b_Bkg,ctau1_CtauRes,ctau2_CtauRes,ctau3_CtauRes,f2_CtauRes,fDF12,fDFSS,fDLIV,fDSS12,f_CtauRes,lambdaDDS_Bkg,lambdaDF_Bkg1,lambdaDF_Bkg2,lambdaDSS_Bkg1,lambdaDSS_Bkg2,rS21_CtauRes,rS32_CtauRes,s1_CtauRes,zeroMean) ]
     p.d.f value is less than zero (-0.006810), forcing value to zero @ !refCoefNorm=(ctau3D = -0.264964,ctau3DErr = 0.0198425), !pdfs=(pdfCTAUDSS = 0.000273762/1,pdfCTAUDF = 18.386/1), !coefficients=(fDFSS = 1.00039)
     p.d.f value is less than zero (-0.000888), forcing value to zero @ !refCoefNorm=(ctau3D = -0.70215,ctau3DErr = 0.0248188), !pdfs=(pdfCTAUDSS = 7.086e-18/1,pdfCTAUDF = 2.30385/1), !coefficients=(fDFSS = 1.00039)
     p.d.f value is less than zero (-0.004910), forcing value to zero @ !refCoefNorm=(ctau3D = -0.339658,ctau3DErr = 0.0184631), !pdfs=(pdfCTAUDSS = 7.82575e-08/1,pdfCTAUDF = 12.7434/1), !coefficients=(fDFSS = 1.00039)
     p.d.f value is less than zero (-0.006550), forcing value to zero @ !refCoefNorm=(ctau3D = -0.242133,ctau3DErr = 0.0199531), !pdfs=(pdfCTAUDSS = 0.00136924/1,pdfCTAUDF = 20.5542/1), !coefficients=(fDFSS = 1.00039)
     p.d.f value is less than zero (-0.004307), forcing value to zero @ !refCoefNorm=(ctau3D = -0.367051,ctau3DErr = 0.0190442), !pdfs=(pdfCTAUDSS = 1.47559e-08/1,pdfCTAUDF = 11.1777/1), !coefficients=(fDFSS = 1.00039)
     p.d.f value is less than zero (-0.002725), forcing value to zero @ !refCoefNorm=(ctau3D = -0.464568,ctau3DErr = 0.0232197), !pdfs=(pdfCTAUDSS = 3.43552e-09/1,pdfCTAUDF = 7.07287/1), !coefficients=(fDFSS = 1.00039)

[#0] WARNING:Minization -- RooMinimizerFcn: Minimized function has error status.
Returning maximum FCN so far (-24317.5) to force MIGRAD to back out of this region. Error log follows
Parameter values: N_Bkg=2723.72, b_Bkg=0.509499, fDF12=0.999613, fDFSS=1.00039, fDLIV=0.938899, fDSS12=3.7144e-05, lambdaDDS_Bkg=0.157183, lambdaDF_Bkg1=0.199174, lambdaDF_Bkg2=0.346485, lambdaDSS_Bkg1=0.342514, lambdaDSS_Bkg2=0.361387
PID1450956/RooRealMPFE::nll_pdfTot_Bkg_dataw_Bkg_5b127a8e3ae0_MPFE6[ arg=nll_pdfTot_Bkg_dataw_Bkg_GOF6 vars=(N_Bkg,b_Bkg,ctau1_CtauRes,ctau2_CtauRes,ctau3_CtauRes,f2_CtauRes,fDF12,fDFSS,fDLIV,fDSS12,f_CtauRes,lambdaDDS_Bkg,lambdaDF_Bkg1,lambdaDF_Bkg2,lambdaDSS_Bkg1,lambdaDSS_Bkg2,rS21_CtauRes,rS32_CtauRes,s1_CtauRes,zeroMean) ]
     p.d.f value is less than zero (-0.006814), forcing value to zero @ !refCoefNorm=(ctau3D = -0.264964,ctau3DErr = 0.0198425), !pdfs=(pdfCTAUDSS = 0.000273762/1,pdfCTAUDF = 18.3956/1), !coefficients=(fDFSS = 1.00039)
     p.d.f value is less than zero (-0.000803), forcing value to zero @ !refCoefNorm=(ctau3D = -0.70215,ctau3DErr = 0.0248188), !pdfs=(pdfCTAUDSS = 7.086e-18/1,pdfCTAUDF = 2.08394/1), !coefficients=(fDFSS = 1.00039)
     p.d.f value is less than zero (-0.004853), forcing value to zero @ !refCoefNorm=(ctau3D = -0.339658,ctau3DErr = 0.0184631), !pdfs=(pdfCTAUDSS = 7.82575e-08/1,pdfCTAUDF = 12.5948/1), !coefficients=(fDFSS = 1.00039)
     p.d.f value is less than zero (-0.006581), forcing value to zero @ !refCoefNorm=(ctau3D = -0.242133,ctau3DErr = 0.0199531), !pdfs=(pdfCTAUDSS = 0.00136924/1,pdfCTAUDF = 20.634/1), !coefficients=(fDFSS = 1.00039)
     p.d.f value is less than zero (-0.004236), forcing value to zero @ !refCoefNorm=(ctau3D = -0.367051,ctau3DErr = 0.0190442), !pdfs=(pdfCTAUDSS = 1.47559e-08/1,pdfCTAUDF = 10.9944/1), !coefficients=(fDFSS = 1.00039)
     p.d.f value is less than zero (-0.002631), forcing value to zero @ !refCoefNorm=(ctau3D = -0.464568,ctau3DErr = 0.0232197), !pdfs=(pdfCTAUDSS = 3.43552e-09/1,pdfCTAUDF = 6.82767/1), !coefficients=(fDFSS = 1.00039)

[#0] WARNING:Minization -- RooMinimizerFcn: Minimized function has error status.
Returning maximum FCN so far (-24317.5) to force MIGRAD to back out of this region. Error log follows
Parameter values: N_Bkg=2723.72, b_Bkg=0.509499, fDF12=0.999613, fDFSS=1.00039, fDLIV=0.9406, fDSS12=0.0583591, lambdaDDS_Bkg=0.157183, lambdaDF_Bkg1=0.199174, lambdaDF_Bkg2=0.346485, lambdaDSS_Bkg1=0.342514, lambdaDSS_Bkg2=0.361387
PID1450956/RooRealMPFE::nll_pdfTot_Bkg_dataw_Bkg_5b127a8e3ae0_MPFE6[ arg=nll_pdfTot_Bkg_dataw_Bkg_GOF6 vars=(N_Bkg,b_Bkg,ctau1_CtauRes,ctau2_CtauRes,ctau3_CtauRes,f2_CtauRes,fDF12,fDFSS,fDLIV,fDSS12,f_CtauRes,lambdaDDS_Bkg,lambdaDF_Bkg1,lambdaDF_Bkg2,lambdaDSS_Bkg1,lambdaDSS_Bkg2,rS21_CtauRes,rS32_CtauRes,s1_CtauRes,zeroMean) ]
     p.d.f value is less than zero (-0.006813), forcing value to zero @ !refCoefNorm=(ctau3D = -0.264964,ctau3DErr = 0.0198425), !pdfs=(pdfCTAUDSS = 0.000274608/1,pdfCTAUDF = 18.3956/1), !coefficients=(fDFSS = 1.00039)
     p.d.f value is less than zero (-0.000803), forcing value to zero @ !refCoefNorm=(ctau3D = -0.70215,ctau3DErr = 0.0248188), !pdfs=(pdfCTAUDSS = 7.10821e-18/1,pdfCTAUDF = 2.08394/1), !coefficients=(fDFSS = 1.00039)
     p.d.f value is less than zero (-0.004853), forcing value to zero @ !refCoefNorm=(ctau3D = -0.339658,ctau3DErr = 0.0184631), !pdfs=(pdfCTAUDSS = 7.85021e-08/1,pdfCTAUDF = 12.5948/1), !coefficients=(fDFSS = 1.00039)
     p.d.f value is less than zero (-0.006576), forcing value to zero @ !refCoefNorm=(ctau3D = -0.242133,ctau3DErr = 0.0199531), !pdfs=(pdfCTAUDSS = 0.00137346/1,pdfCTAUDF = 20.634/1), !coefficients=(fDFSS = 1.00039)
     p.d.f value is less than zero (-0.004236), forcing value to zero @ !refCoefNorm=(ctau3D = -0.367051,ctau3DErr = 0.0190442), !pdfs=(pdfCTAUDSS = 1.4802e-08/1,pdfCTAUDF = 10.9944/1), !coefficients=(fDFSS = 1.00039)
     p.d.f value is less than zero (-0.002631), forcing value to zero @ !refCoefNorm=(ctau3D = -0.464568,ctau3DErr = 0.0232197), !pdfs=(pdfCTAUDSS = 3.44621e-09/1,pdfCTAUDF = 6.82767/1), !coefficients=(fDFSS = 1.00039)

[#0] WARNING:Minization -- RooMinimizerFcn: Minimized function has error status.
Returning maximum FCN so far (-24317.5) to force MIGRAD to back out of this region. Error log follows
Parameter values: N_Bkg=2723.72, b_Bkg=0.509499, fDF12=0.999613, fDFSS=1.00039, fDLIV=0.9406, fDSS12=3.7144e-05, lambdaDDS_Bkg=0.160479, lambdaDF_Bkg1=0.199174, lambdaDF_Bkg2=0.346485, lambdaDSS_Bkg1=0.342514, lambdaDSS_Bkg2=0.361387
PID1450956/RooRealMPFE::nll_pdfTot_Bkg_dataw_Bkg_5b127a8e3ae0_MPFE6[ arg=nll_pdfTot_Bkg_dataw_Bkg_GOF6 vars=(N_Bkg,b_Bkg,ctau1_CtauRes,ctau2_CtauRes,ctau3_CtauRes,f2_CtauRes,fDF12,fDFSS,fDLIV,fDSS12,f_CtauRes,lambdaDDS_Bkg,lambdaDF_Bkg1,lambdaDF_Bkg2,lambdaDSS_Bkg1,lambdaDSS_Bkg2,rS21_CtauRes,rS32_CtauRes,s1_CtauRes,zeroMean) ]
     p.d.f value is less than zero (-0.006814), forcing value to zero @ !refCoefNorm=(ctau3D = -0.264964,ctau3DErr = 0.0198425), !pdfs=(pdfCTAUDSS = 0.000273762/1,pdfCTAUDF = 18.3956/1), !coefficients=(fDFSS = 1.00039)
     p.d.f value is less than zero (-0.000803), forcing value to zero @ !refCoefNorm=(ctau3D = -0.70215,ctau3DErr = 0.0248188), !pdfs=(pdfCTAUDSS = 7.086e-18/1,pdfCTAUDF = 2.08394/1), !coefficients=(fDFSS = 1.00039)
     p.d.f value is less than zero (-0.004853), forcing value to zero @ !refCoefNorm=(ctau3D = -0.339658,ctau3DErr = 0.0184631), !pdfs=(pdfCTAUDSS = 7.82575e-08/1,pdfCTAUDF = 12.5948/1), !coefficients=(fDFSS = 1.00039)
     p.d.f value is less than zero (-0.006581), forcing value to zero @ !refCoefNorm=(ctau3D = -0.242133,ctau3DErr = 0.0199531), !pdfs=(pdfCTAUDSS = 0.00136924/1,pdfCTAUDF = 20.634/1), !coefficients=(fDFSS = 1.00039)
     p.d.f value is less than zero (-0.004236), forcing value to zero @ !refCoefNorm=(ctau3D = -0.367051,ctau3DErr = 0.0190442), !pdfs=(pdfCTAUDSS = 1.47559e-08/1,pdfCTAUDF = 10.9944/1), !coefficients=(fDFSS = 1.00039)
     p.d.f value is less than zero (-0.002631), forcing value to zero @ !refCoefNorm=(ctau3D = -0.464568,ctau3DErr = 0.0232197), !pdfs=(pdfCTAUDSS = 3.43552e-09/1,pdfCTAUDF = 6.82767/1), !coefficients=(fDFSS = 1.00039)

[#0] WARNING:Minization -- RooMinimizerFcn: Minimized function has error status.
Returning maximum FCN so far (-24317.5) to force MIGRAD to back out of this region. Error log follows
Parameter values: N_Bkg=2723.72, b_Bkg=0.509499, fDF12=0.999613, fDFSS=1.00039, fDLIV=0.9406, fDSS12=3.7144e-05, lambdaDDS_Bkg=0.157183, lambdaDF_Bkg1=0.121716, lambdaDF_Bkg2=0.346485, lambdaDSS_Bkg1=0.342514, lambdaDSS_Bkg2=0.361387
PID1450956/RooRealMPFE::nll_pdfTot_Bkg_dataw_Bkg_5b127a8e3ae0_MPFE6[ arg=nll_pdfTot_Bkg_dataw_Bkg_GOF6 vars=(N_Bkg,b_Bkg,ctau1_CtauRes,ctau2_CtauRes,ctau3_CtauRes,f2_CtauRes,fDF12,fDFSS,fDLIV,fDSS12,f_CtauRes,lambdaDDS_Bkg,lambdaDF_Bkg1,lambdaDF_Bkg2,lambdaDSS_Bkg1,lambdaDSS_Bkg2,rS21_CtauRes,rS32_CtauRes,s1_CtauRes,zeroMean) ]
     p.d.f value is less than zero (-0.004954), forcing value to zero @ !refCoefNorm=(ctau3D = -0.264964,ctau3DErr = 0.0198425), !pdfs=(pdfCTAUDSS = 0.000273762/1,pdfCTAUDF = 13.569/1), !coefficients=(fDFSS = 1.00039)
     p.d.f value is less than zero (-0.000152), forcing value to zero @ !refCoefNorm=(ctau3D = -0.70215,ctau3DErr = 0.0248188), !pdfs=(pdfCTAUDSS = 7.086e-18/1,pdfCTAUDF = 0.393259/1), !coefficients=(fDFSS = 1.00039)
     p.d.f value is less than zero (-0.002801), forcing value to zero @ !refCoefNorm=(ctau3D = -0.339658,ctau3DErr = 0.0184631), !pdfs=(pdfCTAUDSS = 7.82575e-08/1,pdfCTAUDF = 7.26937/1), !coefficients=(fDFSS = 1.00039)
     p.d.f value is less than zero (-0.004941), forcing value to zero @ !refCoefNorm=(ctau3D = -0.242133,ctau3DErr = 0.0199531), !pdfs=(pdfCTAUDSS = 0.00136924/1,pdfCTAUDF = 16.3786/1), !coefficients=(fDFSS = 1.00039)
     p.d.f value is less than zero (-0.002247), forcing value to zero @ !refCoefNorm=(ctau3D = -0.367051,ctau3DErr = 0.0190442), !pdfs=(pdfCTAUDSS = 1.47559e-08/1,pdfCTAUDF = 5.83089/1), !coefficients=(fDFSS = 1.00039)
     p.d.f value is less than zero (-0.001046), forcing value to zero @ !refCoefNorm=(ctau3D = -0.464568,ctau3DErr = 0.0232197), !pdfs=(pdfCTAUDSS = 3.43552e-09/1,pdfCTAUDF = 2.71534/1), !coefficients=(fDFSS = 1.00039)

[#0] WARNING:Minization -- RooMinimizerFcn: Minimized function has error status.
Returning maximum FCN so far (-24317.5) to force MIGRAD to back out of this region. Error log follows
Parameter values: N_Bkg=2723.72, b_Bkg=0.509499, fDF12=0.999613, fDFSS=1.00039, fDLIV=0.9406, fDSS12=3.7144e-05, lambdaDDS_Bkg=0.157183, lambdaDF_Bkg1=0.199174, lambdaDF_Bkg2=0.593385, lambdaDSS_Bkg1=0.342514, lambdaDSS_Bkg2=0.361387
PID1450956/RooRealMPFE::nll_pdfTot_Bkg_dataw_Bkg_5b127a8e3ae0_MPFE6[ arg=nll_pdfTot_Bkg_dataw_Bkg_GOF6 vars=(N_Bkg,b_Bkg,ctau1_CtauRes,ctau2_CtauRes,ctau3_CtauRes,f2_CtauRes,fDF12,fDFSS,fDLIV,fDSS12,f_CtauRes,lambdaDDS_Bkg,lambdaDF_Bkg1,lambdaDF_Bkg2,lambdaDSS_Bkg1,lambdaDSS_Bkg2,rS21_CtauRes,rS32_CtauRes,s1_CtauRes,zeroMean) ]
     p.d.f value is less than zero (-0.006813), forcing value to zero @ !refCoefNorm=(ctau3D = -0.264964,ctau3DErr = 0.0198425), !pdfs=(pdfCTAUDSS = 0.000273762/1,pdfCTAUDF = 18.3942/1), !coefficients=(fDFSS = 1.00039)
     p.d.f value is less than zero (-0.000803), forcing value to zero @ !refCoefNorm=(ctau3D = -0.70215,ctau3DErr = 0.0248188), !pdfs=(pdfCTAUDSS = 7.086e-18/1,pdfCTAUDF = 2.08464/1), !coefficients=(fDFSS = 1.00039)
     p.d.f value is less than zero (-0.004852), forcing value to zero @ !refCoefNorm=(ctau3D = -0.339658,ctau3DErr = 0.0184631), !pdfs=(pdfCTAUDSS = 7.82575e-08/1,pdfCTAUDF = 12.5941/1), !coefficients=(fDFSS = 1.00039)
     p.d.f value is less than zero (-0.006580), forcing value to zero @ !refCoefNorm=(ctau3D = -0.242133,ctau3DErr = 0.0199531), !pdfs=(pdfCTAUDSS = 0.00136924/1,pdfCTAUDF = 20.6323/1), !coefficients=(fDFSS = 1.00039)
     p.d.f value is less than zero (-0.004236), forcing value to zero @ !refCoefNorm=(ctau3D = -0.367051,ctau3DErr = 0.0190442), !pdfs=(pdfCTAUDSS = 1.47559e-08/1,pdfCTAUDF = 10.9939/1), !coefficients=(fDFSS = 1.00039)
     p.d.f value is less than zero (-0.002631), forcing value to zero @ !refCoefNorm=(ctau3D = -0.464568,ctau3DErr = 0.0232197), !pdfs=(pdfCTAUDSS = 3.43552e-09/1,pdfCTAUDF = 6.82772/1), !coefficients=(fDFSS = 1.00039)

[#0] WARNING:Minization -- RooMinimizerFcn: Minimized function has error status.
Returning maximum FCN so far (-24317.5) to force MIGRAD to back out of this region. Error log follows
Parameter values: N_Bkg=2723.72, b_Bkg=0.509499, fDF12=0.999613, fDFSS=1.00039, fDLIV=0.9406, fDSS12=3.7144e-05, lambdaDDS_Bkg=0.157183, lambdaDF_Bkg1=0.199174, lambdaDF_Bkg2=0.346485, lambdaDSS_Bkg1=0.589278, lambdaDSS_Bkg2=0.361387
PID1450956/RooRealMPFE::nll_pdfTot_Bkg_dataw_Bkg_5b127a8e3ae0_MPFE6[ arg=nll_pdfTot_Bkg_dataw_Bkg_GOF6 vars=(N_Bkg,b_Bkg,ctau1_CtauRes,ctau2_CtauRes,ctau3_CtauRes,f2_CtauRes,fDF12,fDFSS,fDLIV,fDSS12,f_CtauRes,lambdaDDS_Bkg,lambdaDF_Bkg1,lambdaDF_Bkg2,lambdaDSS_Bkg1,lambdaDSS_Bkg2,rS21_CtauRes,rS32_CtauRes,s1_CtauRes,zeroMean) ]
     p.d.f value is less than zero (-0.006814), forcing value to zero @ !refCoefNorm=(ctau3D = -0.264964,ctau3DErr = 0.0198425), !pdfs=(pdfCTAUDSS = 0.000273758/1,pdfCTAUDF = 18.3956/1), !coefficients=(fDFSS = 1.00039)
     p.d.f value is less than zero (-0.000803), forcing value to zero @ !refCoefNorm=(ctau3D = -0.70215,ctau3DErr = 0.0248188), !pdfs=(pdfCTAUDSS = 7.08589e-18/1,pdfCTAUDF = 2.08394/1), !coefficients=(fDFSS = 1.00039)
     p.d.f value is less than zero (-0.004853), forcing value to zero @ !refCoefNorm=(ctau3D = -0.339658,ctau3DErr = 0.0184631), !pdfs=(pdfCTAUDSS = 7.82563e-08/1,pdfCTAUDF = 12.5948/1), !coefficients=(fDFSS = 1.00039)
     p.d.f value is less than zero (-0.006581), forcing value to zero @ !refCoefNorm=(ctau3D = -0.242133,ctau3DErr = 0.0199531), !pdfs=(pdfCTAUDSS = 0.00136922/1,pdfCTAUDF = 20.634/1), !coefficients=(fDFSS = 1.00039)
     p.d.f value is less than zero (-0.004236), forcing value to zero @ !refCoefNorm=(ctau3D = -0.367051,ctau3DErr = 0.0190442), !pdfs=(pdfCTAUDSS = 1.47556e-08/1,pdfCTAUDF = 10.9944/1), !coefficients=(fDFSS = 1.00039)
     p.d.f value is less than zero (-0.002631), forcing value to zero @ !refCoefNorm=(ctau3D = -0.464568,ctau3DErr = 0.0232197), !pdfs=(pdfCTAUDSS = 3.43546e-09/1,pdfCTAUDF = 6.82767/1), !coefficients=(fDFSS = 1.00039)

[#0] WARNING:Minization -- RooMinimizerFcn: Minimized function has error status.
Returning maximum FCN so far (-24317.5) to force MIGRAD to back out of this region. Error log follows
Parameter values: N_Bkg=2723.72, b_Bkg=0.509499, fDF12=0.999613, fDFSS=1.00039, fDLIV=0.9406, fDSS12=3.7144e-05, lambdaDDS_Bkg=0.157183, lambdaDF_Bkg1=0.199174, lambdaDF_Bkg2=0.346485, lambdaDSS_Bkg1=0.342514, lambdaDSS_Bkg2=0.362627
PID1450956/RooRealMPFE::nll_pdfTot_Bkg_dataw_Bkg_5b127a8e3ae0_MPFE6[ arg=nll_pdfTot_Bkg_dataw_Bkg_GOF6 vars=(N_Bkg,b_Bkg,ctau1_CtauRes,ctau2_CtauRes,ctau3_CtauRes,f2_CtauRes,fDF12,fDFSS,fDLIV,fDSS12,f_CtauRes,lambdaDDS_Bkg,lambdaDF_Bkg1,lambdaDF_Bkg2,lambdaDSS_Bkg1,lambdaDSS_Bkg2,rS21_CtauRes,rS32_CtauRes,s1_CtauRes,zeroMean) ]
     p.d.f value is less than zero (-0.006815), forcing value to zero @ !refCoefNorm=(ctau3D = -0.264964,ctau3DErr = 0.0198425), !pdfs=(pdfCTAUDSS = 0.000272861/1,pdfCTAUDF = 18.3956/1), !coefficients=(fDFSS = 1.00039)
     p.d.f value is less than zero (-0.000803), forcing value to zero @ !refCoefNorm=(ctau3D = -0.70215,ctau3DErr = 0.0248188), !pdfs=(pdfCTAUDSS = 7.06235e-18/1,pdfCTAUDF = 2.08394/1), !coefficients=(fDFSS = 1.00039)
     p.d.f value is less than zero (-0.004853), forcing value to zero @ !refCoefNorm=(ctau3D = -0.339658,ctau3DErr = 0.0184631), !pdfs=(pdfCTAUDSS = 7.79969e-08/1,pdfCTAUDF = 12.5948/1), !coefficients=(fDFSS = 1.00039)
     p.d.f value is less than zero (-0.006585), forcing value to zero @ !refCoefNorm=(ctau3D = -0.242133,ctau3DErr = 0.0199531), !pdfs=(pdfCTAUDSS = 0.00136475/1,pdfCTAUDF = 20.634/1), !coefficients=(fDFSS = 1.00039)
     p.d.f value is less than zero (-0.004236), forcing value to zero @ !refCoefNorm=(ctau3D = -0.367051,ctau3DErr = 0.0190442), !pdfs=(pdfCTAUDSS = 1.47067e-08/1,pdfCTAUDF = 10.9944/1), !coefficients=(fDFSS = 1.00039)
     p.d.f value is less than zero (-0.002631), forcing value to zero @ !refCoefNorm=(ctau3D = -0.464568,ctau3DErr = 0.0232197), !pdfs=(pdfCTAUDSS = 3.42413e-09/1,pdfCTAUDF = 6.82767/1), !coefficients=(fDFSS = 1.00039)

RooArgSet::dependents = (ctau3D)
RooSetProxy::!refCoefNorm = (ctau3DErr,ctau3D)
RooArgSet::dependents = (ctau3D)
RooSetProxy::!refCoefNorm = (ctau3DErr,ctau3D)
RooArgSet:: = ()
RooSetProxy::!refCoefNorm = (ctau3DErr,ctau3D)
RooArgSet::dependents = (ctau3D)
RooSetProxy::!refCoefNorm = (ctau3DErr,ctau3D)
RooArgSet::dependents = (ctau3D)
RooSetProxy::!refCoefNorm = (ctau3DErr,ctau3D)
RooArgSet::dependents = (ctau3D)
RooSetProxy::!refCoefNorm = (ctau3DErr,ctau3D)
RooArgSet::dependents = (ctau3D)
RooSetProxy::!refCoefNorm = (ctau3DErr,ctau3D)
RooArgSet::dependents = (ctau3D)
RooSetProxy::!refCoefNorm = (ctau3DErr,ctau3D)
RooArgSet::dependents = (ctau3D)
RooSetProxy::!refCoefNorm = (ctau3DErr,ctau3D)
RooArgSet:: = ()
RooSetProxy::!refCoefNorm = (ctau3DErr,ctau3D)
RooArgSet::dependents = (ctau3D)
RooSetProxy::!refCoefNorm = (ctau3DErr,ctau3D)
RooArgSet::dependents = (ctau3D)
RooSetProxy::!refCoefNorm = (ctau3DErr,ctau3D)
RooArgSet::dependents = (ctau3D)
RooArgSet:: = ()
RooSetProxy::!refCoefNorm = (ctau3DErr,ctau3D)
RooSetProxy::!refCoefNorm = (ctau3DErr,ctau3D)
RooArgSet:: = ()
RooSetProxy::!refCoefNorm = (ctau3DErr,ctau3D)
RooArgSet:: = ()
RooSetProxy::!refCoefNorm = (ctau3DErr,ctau3D)
RooArgSet::dependents = (ctau3D)
RooSetProxy::!refCoefNorm = (ctau3DErr,ctau3D)
RooArgSet::dependents = (ctau3D)
RooSetProxy::!refCoefNorm = (ctau3DErr,ctau3D)
RooArgSet::dependents = (ctau3D)
RooSetProxy::!refCoefNorm = (ctau3DErr,ctau3D)
RooArgSet::dependents = (ctau3D)
RooSetProxy::!refCoefNorm = (ctau3DErr,ctau3D)
RooArgSet:: = ()
RooSetProxy::!refCoefNorm = (ctau3DErr,ctau3D)
RooArgSet::dependents = (ctau3D)
RooSetProxy::!refCoefNorm = (ctau3DErr,ctau3D)
RooArgSet::dependents = (ctau3D)
RooArgSet::dependents = (ctau3D)
RooSetProxy::!refCoefNorm = (ctau3DErr,ctau3D)
RooSetProxy::!refCoefNorm = (ctau3DErr,ctau3D)
RooArgSet:: = ()
RooSetProxy::!refCoefNorm = (ctau3DErr,ctau3D)
RooArgSet:: = ()
RooSetProxy::!refCoefNorm = (ctau3DErr,ctau3D)
RooArgSet:: = ()
RooSetProxy::!refCoefNorm = (ctau3DErr,ctau3D)
[#0] ERROR:Eval -- RooAbsReal::logEvalError(pdfCTAU_Bkg) evaluation error, 
 origin       : RooAddPdf::pdfCTAU_Bkg[ b_Bkg * pdfCTAU_BkgNoPR + [%] * pdfCTAU_BkgPR ]
 message      : p.d.f value is Not-a-Number (-nan), forcing value to zero
 server values: !refCoefNorm=(ctau3DErr = 0.0687558,ctau3D = -4), !pdfs=(pdfCTAU_BkgNoPR = 0/1,pdfCTAU_BkgPR = 0/1), !coefficients=(b_Bkg = 0.509499 +/- 0.0204314)
[#0] ERROR:Eval -- RooAbsReal::logEvalError(pdfCTAU_Bkg_Tot) evaluation error, 
 origin       : RooAddPdf::pdfCTAU_Bkg_Tot[ N_Bkg * pdfCTAU_Bkg ]
 message      : p.d.f value is Not-a-Number (-nan), forcing value to zero
 server values: !refCoefNorm=(ctau3DErr = 0.0687558,ctau3D = -4), !pdfs=(pdfCTAU_Bkg = -nan/1), !coefficients=(N_Bkg = 2723.72 +/- 50.6703)
[#0] ERROR:Eval -- RooAbsReal::logEvalError(pdfCTAU_Bkg) evaluation error, 
 origin       : RooAddPdf::pdfCTAU_Bkg[ b_Bkg * pdfCTAU_BkgNoPR + [%] * pdfCTAU_BkgPR ]
 message      : p.d.f value is Not-a-Number (-nan), forcing value to zero
 server values: !refCoefNorm=(ctau3DErr = 0.0694985,ctau3D = -4), !pdfs=(pdfCTAU_BkgNoPR = 0/1,pdfCTAU_BkgPR = 0/1), !coefficients=(b_Bkg = 0.509499 +/- 0.0204314)
[#0] ERROR:Eval -- RooAbsReal::logEvalError(pdfCTAU_Bkg_Tot) evaluation error, 
 origin       : RooAddPdf::pdfCTAU_Bkg_Tot[ N_Bkg * pdfCTAU_Bkg ]
 message      : p.d.f value is Not-a-Number (-nan), forcing value to zero
 server values: !refCoefNorm=(ctau3DErr = 0.0694985,ctau3D = -4), !pdfs=(pdfCTAU_Bkg = -nan/1), !coefficients=(N_Bkg = 2723.72 +/- 50.6703)
[#0] ERROR:Eval -- RooAbsReal::logEvalError(pdfCTAU_Bkg) evaluation error, 
 origin       : RooAddPdf::pdfCTAU_Bkg[ b_Bkg * pdfCTAU_BkgNoPR + [%] * pdfCTAU_BkgPR ]
 message      : p.d.f value is Not-a-Number (-nan), forcing value to zero
 server values: !refCoefNorm=(ctau3DErr = 0.0784112,ctau3D = -4), !pdfs=(pdfCTAU_BkgNoPR = 0/1,pdfCTAU_BkgPR = 0/1), !coefficients=(b_Bkg = 0.509499 +/- 0.0204314)
[#0] ERROR:Eval -- RooAbsReal::logEvalError(pdfCTAU_Bkg_Tot) evaluation error, 
 origin       : RooAddPdf::pdfCTAU_Bkg_Tot[ N_Bkg * pdfCTAU_Bkg ]
 message      : p.d.f value is Not-a-Number (-nan), forcing value to zero
 server values: !refCoefNorm=(ctau3DErr = 0.0784112,ctau3D = -4), !pdfs=(pdfCTAU_Bkg = -nan/1), !coefficients=(N_Bkg = 2723.72 +/- 50.6703)
[#0] ERROR:Eval -- RooAbsReal::logEvalError(pdfCTAU_Bkg) evaluation error, 
 origin       : RooAddPdf::pdfCTAU_Bkg[ b_Bkg * pdfCTAU_BkgNoPR + [%] * pdfCTAU_BkgPR ]
 message      : p.d.f value is Not-a-Number (-nan), forcing value to zero
 server values: !refCoefNorm=(ctau3DErr = 0.0858384,ctau3D = -4), !pdfs=(pdfCTAU_BkgNoPR = 0/1,pdfCTAU_BkgPR = 0/1), !coefficients=(b_Bkg = 0.509499 +/- 0.0204314)
[#0] ERROR:Eval -- RooAbsReal::logEvalError(pdfCTAU_Bkg_Tot) evaluation error, 
 origin       : RooAddPdf::pdfCTAU_Bkg_Tot[ N_Bkg * pdfCTAU_Bkg ]
 message      : p.d.f value is Not-a-Number (-nan), forcing value to zero
 server values: !refCoefNorm=(ctau3DErr = 0.0858384,ctau3D = -4), !pdfs=(pdfCTAU_Bkg = -nan/1), !coefficients=(N_Bkg = 2723.72 +/- 50.6703)
[#0] ERROR:Eval -- RooAbsReal::logEvalError(pdfCTAU_Bkg) evaluation error, 
 origin       : RooAddPdf::pdfCTAU_Bkg[ b_Bkg * pdfCTAU_BkgNoPR + [%] * pdfCTAU_BkgPR ]
 message      : p.d.f value is Not-a-Number (-nan), forcing value to zero
 server values: !refCoefNorm=(ctau3DErr = 0.0865811,ctau3D = -4), !pdfs=(pdfCTAU_BkgNoPR = 0/1,pdfCTAU_BkgPR = 0/1), !coefficients=(b_Bkg = 0.509499 +/- 0.0204314)
[#0] ERROR:Eval -- RooAbsReal::logEvalError(pdfCTAU_Bkg_Tot) evaluation error, 
 origin       : RooAddPdf::pdfCTAU_Bkg_Tot[ N_Bkg * pdfCTAU_Bkg ]
 message      : p.d.f value is Not-a-Number (-nan), forcing value to zero
 server values: !refCoefNorm=(ctau3DErr = 0.0865811,ctau3D = -4), !pdfs=(pdfCTAU_Bkg = -nan/1), !coefficients=(N_Bkg = 2723.72 +/- 50.6703)
RooArgSet::dependents = (ctau3D)
RooSetProxy::!refCoefNorm = (ctau3DErr,ctau3D)
RooArgSet::dependents = (ctau3D)
RooSetProxy::!refCoefNorm = (ctau3DErr,ctau3D)
RooArgSet:: = ()
RooSetProxy::!refCoefNorm = (ctau3DErr,ctau3D)
RooArgSet::dependents = (ctau3D)
RooArgSet::dependents = (ctau3D)
RooSetProxy::!refCoefNorm = (ctau3DErr,ctau3D)
RooSetProxy::!refCoefNorm = (ctau3DErr,ctau3D)
RooArgSet::dependents = (ctau3D)
RooArgSet::dependents = (ctau3D)
RooSetProxy::!refCoefNorm = (ctau3DErr,ctau3D)
RooSetProxy::!refCoefNorm = (ctau3DErr,ctau3D)
RooArgSet::dependents = (ctau3D)
RooSetProxy::!refCoefNorm = (ctau3DErr,ctau3D)
RooArgSet::dependents = (ctau3D)
RooSetProxy::!refCoefNorm = (ctau3DErr,ctau3D)
RooArgSet::dependents = (ctau3D)
RooSetProxy::!refCoefNorm = (ctau3DErr,ctau3D)
RooArgSet:: = ()
RooSetProxy::!refCoefNorm = (ctau3DErr,ctau3D)
RooArgSet:: = ()
RooSetProxy::!refCoefNorm = (ctau3DErr,ctau3D)
RooArgSet::dependents = (ctau3D)
RooSetProxy::!refCoefNorm = (ctau3DErr,ctau3D)
RooArgSet::dependents = (ctau3D)
RooSetProxy::!refCoefNorm = (ctau3DErr,ctau3D)
RooArgSet:: = ()
RooSetProxy::!refCoefNorm = (ctau3DErr,ctau3D)
RooArgSet:: = ()
RooSetProxy::!refCoefNorm = (ctau3DErr,ctau3D)
RooArgSet::dependents = (ctau3D)
RooSetProxy::!refCoefNorm = (ctau3DErr,ctau3D)
RooArgSet:: = ()
RooSetProxy::!refCoefNorm = (ctau3DErr,ctau3D)
RooArgSet::dependents = (ctau3D)
RooArgSet::dependents = (ctau3D)
RooSetProxy::!refCoefNorm = (ctau3DErr,ctau3D)
RooArgSet::dependents = (ctau3D)
RooSetProxy::!refCoefNorm = (ctau3DErr,ctau3D)
RooSetProxy::!refCoefNorm = (ctau3DErr,ctau3D)
RooArgSet::dependents = (ctau3D)
RooSetProxy::!refCoefNorm = (ctau3DErr,ctau3D)
RooArgSet::dependents = (ctau3D)
RooSetProxy::!refCoefNorm = (ctau3DErr,ctau3D)
RooArgSet::dependents = (ctau3D)
RooSetProxy::!refCoefNorm = (ctau3DErr,ctau3D)
RooArgSet:: = ()
RooSetProxy::!refCoefNorm = (ctau3DErr,ctau3D)
RooArgSet:: = ()
RooArgSet:: = ()
RooSetProxy::!refCoefNorm = (ctau3DErr,ctau3D)
RooSetProxy::!refCoefNorm = (ctau3DErr,ctau3D)
[#0] ERROR:Eval -- RooAbsReal::logEvalError(pdfCTAU_Bkg) evaluation error, 
 origin       : RooAddPdf::pdfCTAU_Bkg[ b_Bkg * pdfCTAU_BkgNoPR + [%] * pdfCTAU_BkgPR ]
 message      : p.d.f value is Not-a-Number (-nan), forcing value to zero
 server values: !refCoefNorm=(ctau3DErr = 0.0687558,ctau3D = -4), !pdfs=(pdfCTAU_BkgNoPR = 0/1,pdfCTAU_BkgPR = 0/1), !coefficients=(b_Bkg = 0.509499 +/- 0.0204314)
[#0] ERROR:Eval -- RooAbsReal::logEvalError(pdfCTAU_Bkg_Tot) evaluation error, 
 origin       : RooAddPdf::pdfCTAU_Bkg_Tot[ N_Bkg * pdfCTAU_Bkg ]
 message      : p.d.f value is Not-a-Number (-nan), forcing value to zero
 server values: !refCoefNorm=(ctau3DErr = 0.0687558,ctau3D = -4), !pdfs=(pdfCTAU_Bkg = -nan/1), !coefficients=(N_Bkg = 2723.72 +/- 50.6703)
[#0] ERROR:Eval -- RooAbsReal::logEvalError(pdfCTAU_Bkg) evaluation error, 
 origin       : RooAddPdf::pdfCTAU_Bkg[ b_Bkg * pdfCTAU_BkgNoPR + [%] * pdfCTAU_BkgPR ]
 message      : p.d.f value is Not-a-Number (-nan), forcing value to zero
 server values: !refCoefNorm=(ctau3DErr = 0.0694985,ctau3D = -4), !pdfs=(pdfCTAU_BkgNoPR = 0/1,pdfCTAU_BkgPR = 0/1), !coefficients=(b_Bkg = 0.509499 +/- 0.0204314)
[#0] ERROR:Eval -- RooAbsReal::logEvalError(pdfCTAU_Bkg_Tot) evaluation error, 
 origin       : RooAddPdf::pdfCTAU_Bkg_Tot[ N_Bkg * pdfCTAU_Bkg ]
 message      : p.d.f value is Not-a-Number (-nan), forcing value to zero
 server values: !refCoefNorm=(ctau3DErr = 0.0694985,ctau3D = -4), !pdfs=(pdfCTAU_Bkg = -nan/1), !coefficients=(N_Bkg = 2723.72 +/- 50.6703)
[#0] ERROR:Eval -- RooAbsReal::logEvalError(pdfCTAU_Bkg) evaluation error, 
 origin       : RooAddPdf::pdfCTAU_Bkg[ b_Bkg * pdfCTAU_BkgNoPR + [%] * pdfCTAU_BkgPR ]
 message      : p.d.f value is Not-a-Number (-nan), forcing value to zero
 server values: !refCoefNorm=(ctau3DErr = 0.0784112,ctau3D = -4), !pdfs=(pdfCTAU_BkgNoPR = 0/1,pdfCTAU_BkgPR = 0/1), !coefficients=(b_Bkg = 0.509499 +/- 0.0204314)
[#0] ERROR:Eval -- RooAbsReal::logEvalError(pdfCTAU_Bkg_Tot) evaluation error, 
 origin       : RooAddPdf::pdfCTAU_Bkg_Tot[ N_Bkg * pdfCTAU_Bkg ]
 message      : p.d.f value is Not-a-Number (-nan), forcing value to zero
 server values: !refCoefNorm=(ctau3DErr = 0.0784112,ctau3D = -4), !pdfs=(pdfCTAU_Bkg = -nan/1), !coefficients=(N_Bkg = 2723.72 +/- 50.6703)
[#0] ERROR:Eval -- RooAbsReal::logEvalError(pdfCTAU_Bkg) evaluation error, 
 origin       : RooAddPdf::pdfCTAU_Bkg[ b_Bkg * pdfCTAU_BkgNoPR + [%] * pdfCTAU_BkgPR ]
 message      : p.d.f value is Not-a-Number (-nan), forcing value to zero
 server values: !refCoefNorm=(ctau3DErr = 0.0858384,ctau3D = -4), !pdfs=(pdfCTAU_BkgNoPR = 0/1,pdfCTAU_BkgPR = 0/1), !coefficients=(b_Bkg = 0.509499 +/- 0.0204314)
[#0] ERROR:Eval -- RooAbsReal::logEvalError(pdfCTAU_Bkg_Tot) evaluation error, 
 origin       : RooAddPdf::pdfCTAU_Bkg_Tot[ N_Bkg * pdfCTAU_Bkg ]
 message      : p.d.f value is Not-a-Number (-nan), forcing value to zero
 server values: !refCoefNorm=(ctau3DErr = 0.0858384,ctau3D = -4), !pdfs=(pdfCTAU_Bkg = -nan/1), !coefficients=(N_Bkg = 2723.72 +/- 50.6703)
[#0] ERROR:Eval -- RooAbsReal::logEvalError(pdfCTAU_Bkg) evaluation error, 
 origin       : RooAddPdf::pdfCTAU_Bkg[ b_Bkg * pdfCTAU_BkgNoPR + [%] * pdfCTAU_BkgPR ]
 message      : p.d.f value is Not-a-Number (-nan), forcing value to zero
 server values: !refCoefNorm=(ctau3DErr = 0.0865811,ctau3D = -4), !pdfs=(pdfCTAU_BkgNoPR = 0/1,pdfCTAU_BkgPR = 0/1), !coefficients=(b_Bkg = 0.509499 +/- 0.0204314)
[#0] ERROR:Eval -- RooAbsReal::logEvalError(pdfCTAU_Bkg_Tot) evaluation error, 
 origin       : RooAddPdf::pdfCTAU_Bkg_Tot[ N_Bkg * pdfCTAU_Bkg ]
 message      : p.d.f value is Not-a-Number (-nan), forcing value to zero
 server values: !refCoefNorm=(ctau3DErr = 0.0865811,ctau3D = -4), !pdfs=(pdfCTAU_Bkg = -nan/1), !coefficients=(N_Bkg = 2723.72 +/- 50.6703)
RooArgSet::dependents = (ctau3D)
RooSetProxy::!refCoefNorm = (ctau3DErr,ctau3D)
RooArgSet::dependents = (ctau3D)
RooSetProxy::!refCoefNorm = (ctau3DErr,ctau3D)
RooArgSet:: = ()
RooSetProxy::!refCoefNorm = (ctau3DErr,ctau3D)
RooArgSet::dependents = (ctau3D)
RooArgSet::dependents = (ctau3D)
RooSetProxy::!refCoefNorm = (ctau3DErr,ctau3D)
RooSetProxy::!refCoefNorm = (ctau3DErr,ctau3D)
RooArgSet::dependents = (ctau3D)
RooArgSet::dependents = (ctau3D)
RooSetProxy::!refCoefNorm = (ctau3DErr,ctau3D)
RooSetProxy::!refCoefNorm = (ctau3DErr,ctau3D)
RooArgSet::dependents = (ctau3D)
RooSetProxy::!refCoefNorm = (ctau3DErr,ctau3D)
RooArgSet::dependents = (ctau3D)
RooSetProxy::!refCoefNorm = (ctau3DErr,ctau3D)
RooArgSet::dependents = (ctau3D)
RooSetProxy::!refCoefNorm = (ctau3DErr,ctau3D)
RooArgSet::dependents = (ctau3D)
RooSetProxy::!refCoefNorm = (ctau3DErr,ctau3D)
RooArgSet:: = ()
RooSetProxy::!refCoefNorm = (ctau3DErr,ctau3D)
RooArgSet:: = ()
RooSetProxy::!refCoefNorm = (ctau3DErr,ctau3D)
RooArgSet:: = ()
RooSetProxy::!refCoefNorm = (ctau3DErr,ctau3D)
RooArgSet:: = ()
RooSetProxy::!refCoefNorm = (ctau3DErr,ctau3D)
RooArgSet::dependents = (ctau3D)
RooArgSet::dependents = (ctau3D)
RooSetProxy::!refCoefNorm = (ctau3DErr,ctau3D)
RooSetProxy::!refCoefNorm = (ctau3DErr,ctau3D)
RooArgSet::dependents = (ctau3D)
RooSetProxy::!refCoefNorm = (ctau3DErr,ctau3D)
RooArgSet::dependents = (ctau3D)
RooSetProxy::!refCoefNorm = (ctau3DErr,ctau3D)
RooArgSet::dependents = (ctau3D)
RooSetProxy::!refCoefNorm = (ctau3DErr,ctau3D)
RooArgSet::dependents = (ctau3D)
RooSetProxy::!refCoefNorm = (ctau3DErr,ctau3D)
RooArgSet:: = ()
RooSetProxy::!refCoefNorm = (ctau3DErr,ctau3D)
RooArgSet:: = ()
RooSetProxy::!refCoefNorm = (ctau3DErr,ctau3D)
RooArgSet:: = ()
RooSetProxy::!refCoefNorm = (ctau3DErr,ctau3D)
RooArgSet::dependents = (ctau3D)
RooSetProxy::!refCoefNorm = (ctau3DErr,ctau3D)
RooArgSet::dependents = (ctau3D)
RooSetProxy::!refCoefNorm = (ctau3DErr,ctau3D)
RooArgSet:: = ()
RooSetProxy::!refCoefNorm = (ctau3DErr,ctau3D)
[#0] ERROR:Eval -- RooAbsReal::logEvalError(pdfCTAU_Bkg) evaluation error, 
 origin       : RooAddPdf::pdfCTAU_Bkg[ b_Bkg * pdfCTAU_BkgNoPR + [%] * pdfCTAU_BkgPR ]
 message      : p.d.f value is Not-a-Number (-nan), forcing value to zero
 server values: !refCoefNorm=(ctau3DErr = 0.0784112,ctau3D = -4), !pdfs=(pdfCTAU_BkgNoPR = 0/1,pdfCTAU_BkgPR = 0/1), !coefficients=(b_Bkg = 0.509499 +/- 0.0204314)
[#0] ERROR:Eval -- RooAbsReal::logEvalError(pdfCTAU_Bkg_Tot) evaluation error, 
 origin       : RooAddPdf::pdfCTAU_Bkg_Tot[ N_Bkg * pdfCTAU_Bkg ]
 message      : p.d.f value is Not-a-Number (-nan), forcing value to zero
 server values: !refCoefNorm=(ctau3DErr = 0.0784112,ctau3D = -4), !pdfs=(pdfCTAU_Bkg = -nan/1), !coefficients=(N_Bkg = 2723.72 +/- 50.6703)
[#0] ERROR:Eval -- RooAbsReal::logEvalError(pdfCTAU_Bkg) evaluation error, 
 origin       : RooAddPdf::pdfCTAU_Bkg[ b_Bkg * pdfCTAU_BkgNoPR + [%] * pdfCTAU_BkgPR ]
 message      : p.d.f value is Not-a-Number (-nan), forcing value to zero
 server values: !refCoefNorm=(ctau3DErr = 0.0858384,ctau3D = -4), !pdfs=(pdfCTAU_BkgNoPR = 0/1,pdfCTAU_BkgPR = 0/1), !coefficients=(b_Bkg = 0.509499 +/- 0.0204314)
[#0] ERROR:Eval -- RooAbsReal::logEvalError(pdfCTAU_Bkg_Tot) evaluation error, 
 origin       : RooAddPdf::pdfCTAU_Bkg_Tot[ N_Bkg * pdfCTAU_Bkg ]
 message      : p.d.f value is Not-a-Number (-nan), forcing value to zero
 server values: !refCoefNorm=(ctau3DErr = 0.0858384,ctau3D = -4), !pdfs=(pdfCTAU_Bkg = -nan/1), !coefficients=(N_Bkg = 2723.72 +/- 50.6703)
[#0] ERROR:Eval -- RooAbsReal::logEvalError(pdfCTAU_Bkg) evaluation error, 
 origin       : RooAddPdf::pdfCTAU_Bkg[ b_Bkg * pdfCTAU_BkgNoPR + [%] * pdfCTAU_BkgPR ]
 message      : p.d.f value is Not-a-Number (-nan), forcing value to zero
 server values: !refCoefNorm=(ctau3DErr = 0.0865811,ctau3D = -4), !pdfs=(pdfCTAU_BkgNoPR = 0/1,pdfCTAU_BkgPR = 0/1), !coefficients=(b_Bkg = 0.509499 +/- 0.0204314)
[#0] ERROR:Eval -- RooAbsReal::logEvalError(pdfCTAU_Bkg_Tot) evaluation error, 
 origin       : RooAddPdf::pdfCTAU_Bkg_Tot[ N_Bkg * pdfCTAU_Bkg ]
 message      : p.d.f value is Not-a-Number (-nan), forcing value to zero
 server values: !refCoefNorm=(ctau3DErr = 0.0865811,ctau3D = -4), !pdfs=(pdfCTAU_Bkg = -nan/1), !coefficients=(N_Bkg = 2723.72 +/- 50.6703)
[#0] ERROR:Eval -- RooAbsReal::logEvalError(pdfCTAU_Bkg) evaluation error, 
 origin       : RooAddPdf::pdfCTAU_Bkg[ b_Bkg * pdfCTAU_BkgNoPR + [%] * pdfCTAU_BkgPR ]
 message      : p.d.f value is Not-a-Number (-nan), forcing value to zero
 server values: !refCoefNorm=(ctau3DErr = 0.0687558,ctau3D = -4), !pdfs=(pdfCTAU_BkgNoPR = 0/1,pdfCTAU_BkgPR = 0/1), !coefficients=(b_Bkg = 0.509499 +/- 0.0204314)
[#0] ERROR:Eval -- RooAbsReal::logEvalError(pdfCTAU_Bkg_Tot) evaluation error, 
 origin       : RooAddPdf::pdfCTAU_Bkg_Tot[ N_Bkg * pdfCTAU_Bkg ]
 message      : p.d.f value is Not-a-Number (-nan), forcing value to zero
 server values: !refCoefNorm=(ctau3DErr = 0.0687558,ctau3D = -4), !pdfs=(pdfCTAU_Bkg = -nan/1), !coefficients=(N_Bkg = 2723.72 +/- 50.6703)
[#0] ERROR:Eval -- RooAbsReal::logEvalError(pdfCTAU_Bkg) evaluation error, 
 origin       : RooAddPdf::pdfCTAU_Bkg[ b_Bkg * pdfCTAU_BkgNoPR + [%] * pdfCTAU_BkgPR ]
 message      : p.d.f value is Not-a-Number (-nan), forcing value to zero
 server values: !refCoefNorm=(ctau3DErr = 0.0694985,ctau3D = -4), !pdfs=(pdfCTAU_BkgNoPR = 0/1,pdfCTAU_BkgPR = 0/1), !coefficients=(b_Bkg = 0.509499 +/- 0.0204314)
[#0] ERROR:Eval -- RooAbsReal::logEvalError(pdfCTAU_Bkg_Tot) evaluation error, 
 origin       : RooAddPdf::pdfCTAU_Bkg_Tot[ N_Bkg * pdfCTAU_Bkg ]
 message      : p.d.f value is Not-a-Number (-nan), forcing value to zero
 server values: !refCoefNorm=(ctau3DErr = 0.0694985,ctau3D = -4), !pdfs=(pdfCTAU_Bkg = -nan/1), !coefficients=(N_Bkg = 2723.72 +/- 50.6703)
RooArgSet::dependents = (ctau3D)
RooSetProxy::!refCoefNorm = (ctau3DErr,ctau3D)
RooArgSet::dependents = (ctau3D)
RooSetProxy::!refCoefNorm = (ctau3DErr,ctau3D)
RooArgSet:: = ()
RooSetProxy::!refCoefNorm = (ctau3DErr,ctau3D)
RooArgSet::dependents = (ctau3D)
RooSetProxy::!refCoefNorm = (ctau3DErr,ctau3D)
RooArgSet::dependents = (ctau3D)
RooSetProxy::!refCoefNorm = (ctau3DErr,ctau3D)
RooArgSet::dependents = (ctau3D)
RooArgSet::dependents = (ctau3D)
RooSetProxy::!refCoefNorm = (ctau3DErr,ctau3D)
RooSetProxy::!refCoefNorm = (ctau3DErr,ctau3D)
RooArgSet::dependents = (ctau3D)
RooArgSet::dependents = (ctau3D)
RooArgSet::dependents = (ctau3D)
RooArgSet::dependents = (ctau3D)
RooSetProxy::!refCoefNorm = (ctau3DErr,ctau3D)
RooSetProxy::!refCoefNorm = (ctau3DErr,ctau3D)
RooArgSet:: = ()
RooSetProxy::!refCoefNorm = (ctau3DErr,ctau3D)
RooArgSet:: = ()
RooSetProxy::!refCoefNorm = (ctau3DErr,ctau3D)
RooSetProxy::!refCoefNorm = (ctau3DErr,ctau3D)
RooSetProxy::!refCoefNorm = (ctau3DErr,ctau3D)
RooArgSet::dependents = (ctau3D)
RooArgSet::dependents = (ctau3D)
RooSetProxy::!refCoefNorm = (ctau3DErr,ctau3D)
RooSetProxy::!refCoefNorm = (ctau3DErr,ctau3D)
RooArgSet::dependents = (ctau3D)
RooArgSet::dependents = (ctau3D)
RooSetProxy::!refCoefNorm = (ctau3DErr,ctau3D)
RooSetProxy::!refCoefNorm = (ctau3DErr,ctau3D)
RooArgSet::dependents = (ctau3D)
RooSetProxy::!refCoefNorm = (ctau3DErr,ctau3D)
RooArgSet::dependents = (ctau3D)
RooSetProxy::!refCoefNorm = (ctau3DErr,ctau3D)
RooArgSet::dependents = (ctau3D)
RooArgSet::dependents = (ctau3D)
RooSetProxy::!refCoefNorm = (ctau3DErr,ctau3D)
RooSetProxy::!refCoefNorm = (ctau3DErr,ctau3D)
RooArgSet:: = ()
RooSetProxy::!refCoefNorm = (ctau3DErr,ctau3D)
RooArgSet:: = ()
RooArgSet:: = ()
RooSetProxy::!refCoefNorm = (ctau3DErr,ctau3D)
RooSetProxy::!refCoefNorm = (ctau3DErr,ctau3D)
RooArgSet:: = ()
RooSetProxy::!refCoefNorm = (ctau3DErr,ctau3D)
RooArgSet:: = ()
RooSetProxy::!refCoefNorm = (ctau3DErr,ctau3D)
RooArgSet:: = ()
RooSetProxy::!refCoefNorm = (ctau3DErr,ctau3D)
[#0] ERROR:Eval -- RooAbsReal::logEvalError(pdfCTAU_Bkg) evaluation error, 
 origin       : RooAddPdf::pdfCTAU_Bkg[ b_Bkg * pdfCTAU_BkgNoPR + [%] * pdfCTAU_BkgPR ]
 message      : p.d.f value is Not-a-Number (-nan), forcing value to zero
 server values: !refCoefNorm=(ctau3DErr = 0.0784112,ctau3D = -4), !pdfs=(pdfCTAU_BkgNoPR = 0/1,pdfCTAU_BkgPR = 0/1), !coefficients=(b_Bkg = 0.509499 +/- 0.0204314)
[#0] ERROR:Eval -- RooAbsReal::logEvalError(pdfCTAU_Bkg_Tot) evaluation error, 
 origin       : RooAddPdf::pdfCTAU_Bkg_Tot[ N_Bkg * pdfCTAU_Bkg ]
 message      : p.d.f value is Not-a-Number (-nan), forcing value to zero
 server values: !refCoefNorm=(ctau3DErr = 0.0784112,ctau3D = -4), !pdfs=(pdfCTAU_Bkg = -nan/1), !coefficients=(N_Bkg = 2723.72 +/- 50.6703)
[#0] ERROR:Eval -- RooAbsReal::logEvalError(pdfCTAU_Bkg) evaluation error, 
 origin       : RooAddPdf::pdfCTAU_Bkg[ b_Bkg * pdfCTAU_BkgNoPR + [%] * pdfCTAU_BkgPR ]
 message      : p.d.f value is Not-a-Number (-nan), forcing value to zero
 server values: !refCoefNorm=(ctau3DErr = 0.0858384,ctau3D = -4), !pdfs=(pdfCTAU_BkgNoPR = 0/1,pdfCTAU_BkgPR = 0/1), !coefficients=(b_Bkg = 0.509499 +/- 0.0204314)
[#0] ERROR:Eval -- RooAbsReal::logEvalError(pdfCTAU_Bkg_Tot) evaluation error, 
 origin       : RooAddPdf::pdfCTAU_Bkg_Tot[ N_Bkg * pdfCTAU_Bkg ]
 message      : p.d.f value is Not-a-Number (-nan), forcing value to zero
 server values: !refCoefNorm=(ctau3DErr = 0.0858384,ctau3D = -4), !pdfs=(pdfCTAU_Bkg = -nan/1), !coefficients=(N_Bkg = 2723.72 +/- 50.6703)
[#0] ERROR:Eval -- RooAbsReal::logEvalError(pdfCTAU_Bkg) evaluation error, 
 origin       : RooAddPdf::pdfCTAU_Bkg[ b_Bkg * pdfCTAU_BkgNoPR + [%] * pdfCTAU_BkgPR ]
 message      : p.d.f value is Not-a-Number (-nan), forcing value to zero
 server values: !refCoefNorm=(ctau3DErr = 0.0865811,ctau3D = -4), !pdfs=(pdfCTAU_BkgNoPR = 0/1,pdfCTAU_BkgPR = 0/1), !coefficients=(b_Bkg = 0.509499 +/- 0.0204314)
[#0] ERROR:Eval -- RooAbsReal::logEvalError(pdfCTAU_Bkg_Tot) evaluation error, 
 origin       : RooAddPdf::pdfCTAU_Bkg_Tot[ N_Bkg * pdfCTAU_Bkg ]
 message      : p.d.f value is Not-a-Number (-nan), forcing value to zero
 server values: !refCoefNorm=(ctau3DErr = 0.0865811,ctau3D = -4), !pdfs=(pdfCTAU_Bkg = -nan/1), !coefficients=(N_Bkg = 2723.72 +/- 50.6703)
[#0] ERROR:Eval -- RooAbsReal::logEvalError(pdfCTAU_Bkg) evaluation error, 
 origin       : RooAddPdf::pdfCTAU_Bkg[ b_Bkg * pdfCTAU_BkgNoPR + [%] * pdfCTAU_BkgPR ]
 message      : p.d.f value is Not-a-Number (-nan), forcing value to zero
 server values: !refCoefNorm=(ctau3DErr = 0.0687558,ctau3D = -4), !pdfs=(pdfCTAU_BkgNoPR = 0/1,pdfCTAU_BkgPR = 0/1), !coefficients=(b_Bkg = 0.509499 +/- 0.0204314)
[#0] ERROR:Eval -- RooAbsReal::logEvalError(pdfCTAU_Bkg_Tot) evaluation error, 
 origin       : RooAddPdf::pdfCTAU_Bkg_Tot[ N_Bkg * pdfCTAU_Bkg ]
 message      : p.d.f value is Not-a-Number (-nan), forcing value to zero
 server values: !refCoefNorm=(ctau3DErr = 0.0687558,ctau3D = -4), !pdfs=(pdfCTAU_Bkg = -nan/1), !coefficients=(N_Bkg = 2723.72 +/- 50.6703)
[#0] ERROR:Eval -- RooAbsReal::logEvalError(pdfCTAU_Bkg) evaluation error, 
 origin       : RooAddPdf::pdfCTAU_Bkg[ b_Bkg * pdfCTAU_BkgNoPR + [%] * pdfCTAU_BkgPR ]
 message      : p.d.f value is Not-a-Number (-nan), forcing value to zero
 server values: !refCoefNorm=(ctau3DErr = 0.0694985,ctau3D = -4), !pdfs=(pdfCTAU_BkgNoPR = 0/1,pdfCTAU_BkgPR = 0/1), !coefficients=(b_Bkg = 0.509499 +/- 0.0204314)
[#0] ERROR:Eval -- RooAbsReal::logEvalError(pdfCTAU_Bkg_Tot) evaluation error, 
 origin       : RooAddPdf::pdfCTAU_Bkg_Tot[ N_Bkg * pdfCTAU_Bkg ]
 message      : p.d.f value is Not-a-Number (-nan), forcing value to zero
 server values: !refCoefNorm=(ctau3DErr = 0.0694985,ctau3D = -4), !pdfs=(pdfCTAU_Bkg = -nan/1), !coefficients=(N_Bkg = 2723.72 +/- 50.6703)
Info in <TCanvas::Print>: pdf file figs/2DFit_No_Weight/CtauBkg/Bkg_pt11.0-13.0_y0.0-1.6_muPt0.0_centrality0-180_PRw_Effw0_Accw0_PtW0_TnP0.pdf has been created

  RooFitResult: minimized FCN value: -46934.6, estimated distance to minimum: 0.61523
                covariance matrix quality: Unknown, matrix was externally provided
                Status : MINIMIZE=-1 HESSE=4 HESSE=4 

    Floating Parameter    FinalValue +/-  Error   
  --------------------  --------------------------
                 N_Bkg    2.7237e+03 +/-  5.07e+01
                 b_Bkg    5.0950e-01 +/-  2.04e-02
                 fDF12    9.9961e-01 +/-  1.90e-02
                 fDFSS    9.9967e-01 +/-  5.19e-08
                 fDLIV    9.4060e-01 +/-  1.82e-02
                fDSS12    3.7144e-05 +/-  5.65e-01
         lambdaDDS_Bkg    1.5718e-01 +/-  2.95e-02
         lambdaDF_Bkg1    1.9917e-01 +/-  3.24e-01
         lambdaDF_Bkg2    3.4648e-01 +/-  4.60e-01
        lambdaDSS_Bkg1    3.4251e-01 +/-  4.53e+01
        lambdaDSS_Bkg2    3.6139e-01 +/-  5.81e-02

RooDataSet::dataw_Bkg[ctau3DErr,ctau3DRes,ctau3D,mass,weight:N_Bkg_sw] = 1659 entries (2724.11 weighted)

###### Fit Convergence Check ######
Hesse: 4	 edm: 0.61523	 mll: -46934.6
[31m[Stuck] fDF12 [0m // Final Value : 0.999613 (1e-06 ~ 1)

[31m[Stuck] fDSS12 [0m // Final Value : 3.7144e-05 (1e-06 ~ 1)

[31m[Stuck] lambdaDF_Bkg1 [0m // Final Value : 0.199174 (0.0001 ~ 1)

[31m[Stuck] lambdaDF_Bkg2 [0m // Final Value : 0.346485 (0.0001 ~ 1)

[31m[Stuck] lambdaDSS_Bkg1 [0m // Final Value : 0.342514 (0.0001 ~ 1)

RealTime=257.163362 seconds, CpuTime=115.430000 seconds
# STAGE: ctauBkg
# CMD: /opt/conda/envs/root618/bin/root -l -b -q 'CtauBkg_2exp.C(11,13,0,1.6,0,180)'

