
Processing CtauBkg_2exp.C(30,40,0,1.6,0,180)...

[1mRooFit v3.60 -- Developed by Wouter Verkerke and David Kirkby[0m 
                Copyright (C) 2000-2013 NIKHEF, University of California & Stanford University
                All rights reserved, please read http://roofit.sourceforge.net/license.txt

####################################
pt: 30-40, y: 0-1.6
******** New Combined Dataset ***********
RooRealVar::ctau3D = 0.360012  L(-4 - 6.5) // [mm]
RooRealVar::ctau3DErr = 0.012261  L(0.00906621 - 0.03377) // [mm]

************** Start BKG Ctau Fit *****************

N_Bkg : 118.225+/-15.7004
ctau1_CtauRes : 0
s1_CtauRes : 0.858667
f_CtauRes : 0.976751+/-8.79173
f2_CtauRes : 0.0269616+/-4.14464
RooArgSet::dependents = (ctau3D,ctau3DErr)
RooSetProxy::!refCoefNorm = (ctau3D,ctau3DErr)
RooArgSet::dependents = (ctau3D,ctau3DErr)
RooSetProxy::!refCoefNorm = (ctau3D,ctau3DErr)
RooArgSet::dependents = (ctau3D,ctau3DErr)
RooSetProxy::!refCoefNorm = (ctau3D,ctau3DErr)
RooArgSet::dependents = (ctau3D,ctau3DErr)
RooSetProxy::!refCoefNorm = (ctau3D,ctau3DErr)
RooArgSet::dependents = (ctau3D,ctau3DErr)
RooSetProxy::!refCoefNorm = (ctau3D,ctau3DErr)
RooArgSet::dependents = (ctau3D,ctau3DErr)
RooSetProxy::!refCoefNorm = (ctau3D,ctau3DErr)
RooArgSet::dependents = (ctau3D,ctau3DErr)
RooArgSet::dependents = (ctau3D,ctau3DErr)
RooSetProxy::!refCoefNorm = (ctau3D,ctau3DErr)
RooSetProxy::!refCoefNorm = (ctau3D,ctau3DErr)
RooArgSet::dependents = (ctau3D,ctau3DErr)
RooSetProxy::!refCoefNorm = (ctau3D,ctau3DErr)
RooArgSet::dependents = (ctau3D,ctau3DErr)
RooSetProxy::!refCoefNorm = (ctau3D,ctau3DErr)
RooArgSet::dependents = (ctau3D,ctau3DErr)
RooSetProxy::!refCoefNorm = (ctau3D,ctau3DErr)
RooArgSet::dependents = (ctau3D,ctau3DErr)
RooSetProxy::!refCoefNorm = (ctau3D,ctau3DErr)
RooArgSet::dependents = (ctau3D,ctau3DErr)
RooSetProxy::!refCoefNorm = (ctau3D,ctau3DErr)
RooArgSet::dependents = (ctau3D,ctau3DErr)
RooSetProxy::!refCoefNorm = (ctau3D,ctau3DErr)
RooArgSet::dependents = (ctau3D,ctau3DErr)
RooSetProxy::!refCoefNorm = (ctau3D,ctau3DErr)
RooArgSet::dependents = (ctau3D,ctau3DErr)
RooSetProxy::!refCoefNorm = (ctau3D,ctau3DErr)
RooArgSet::dependents = (ctau3D,ctau3DErr)
RooSetProxy::!refCoefNorm = (ctau3D,ctau3DErr)
RooArgSet::dependents = (ctau3D,ctau3DErr)
RooSetProxy::!refCoefNorm = (ctau3D,ctau3DErr)
RooArgSet::dependents = (ctau3D,ctau3DErr)
RooSetProxy::!refCoefNorm = (ctau3D,ctau3DErr)
RooArgSet::dependents = (ctau3D,ctau3DErr)
RooSetProxy::!refCoefNorm = (ctau3D,ctau3DErr)
RooArgSet::dependents = (ctau3D,ctau3DErr)
RooSetProxy::!refCoefNorm = (ctau3D,ctau3DErr)
RooArgSet::dependents = (ctau3D,ctau3DErr)
RooSetProxy::!refCoefNorm = (ctau3D,ctau3DErr)
RooArgSet::dependents = (ctau3D,ctau3DErr)
RooSetProxy::!refCoefNorm = (ctau3D,ctau3DErr)
RooArgSet::dependents = (ctau3D,ctau3DErr)
RooSetProxy::!refCoefNorm = (ctau3D,ctau3DErr)
RooArgSet::dependents = (ctau3D,ctau3DErr)
RooSetProxy::!refCoefNorm = (ctau3D,ctau3DErr)
RooArgSet::dependents = (ctau3D,ctau3DErr)
RooSetProxy::!refCoefNorm = (ctau3D,ctau3DErr)
RooArgSet::dependents = (ctau3D,ctau3DErr)
RooSetProxy::!refCoefNorm = (ctau3D,ctau3DErr)
RooArgSet::dependents = (ctau3D,ctau3DErr)
RooSetProxy::!refCoefNorm = (ctau3D,ctau3DErr)
RooArgSet::dependents = (ctau3D,ctau3DErr)
RooSetProxy::!refCoefNorm = (ctau3D,ctau3DErr)
RooArgSet::dependents = (ctau3D,ctau3DErr)
RooSetProxy::!refCoefNorm = (ctau3D,ctau3DErr)
RooArgSet::dependents = (ctau3D,ctau3DErr)
RooSetProxy::!refCoefNorm = (ctau3D,ctau3DErr)
RooArgSet::dependents = (ctau3D,ctau3DErr)
RooSetProxy::!refCoefNorm = (ctau3D,ctau3DErr)
RooArgSet::dependents = (ctau3D,ctau3DErr)
RooSetProxy::!refCoefNorm = (ctau3D,ctau3DErr)
RooArgSet::dependents = (ctau3D,ctau3DErr)
RooSetProxy::!refCoefNorm = (ctau3D,ctau3DErr)
[#0] WARNING:Eval -- RooAddPdf::updateCoefCache(pdfCTAU1 WARNING: sum of PDF coefficients not in range [0-1], value=1.01[#0] WARNING:Eval -- RooAddPdf::updateCoefCache(pdfCTAU1 WARNING: sum of PDF coefficients not in range [0-1], value=1.01[#0] WARNING:Eval -- RooAddPdf::updateCoefCache(pdfCTAU1 WARNING: sum of PDF coefficients not in range [0-1], value=1.01[#0] WARNING:Eval -- RooAddPdf::updateCoefCache(pdfCTAU1 WARNING: sum of PDF coefficients not in range [0-1], value=1.01[#0] WARNING:Eval -- RooAddPdf::updateCoefCache(pdfCTAU1 WARNING: sum of PDF coefficients not in range [0-1], value=1.01[#0] WARNING:Eval -- RooAddPdf::updateCoefCache(pdfCTAU1 WARNING: sum of PDF coefficients not in range [0-1], value=1.01[#0] WARNING:Eval -- 
[#0] WARNING:Eval -- RooAddPdf::updateCoefCache(pdfCTAU1 WARNING: sum of PDF coefficients not in range [0-1], value=1.01[#0] WARNING:Eval -- RooAddPdf::updateCoefCache(pdfCTAU1 WARNING: sum of PDF coefficients not in range [0-1], value=1.01[#0] WARNING:Eval -- 
[#0] WARNING:Eval -- 
[#0] WARNING:Eval -- 
[#0] WARNING:Eval -- 
[#0] WARNING:Eval -- 
[#0] WARNING:Eval -- RooAddPdf::updateCoefCache(pdfCTAU1 WARNING: sum of PDF coefficients not in range [0-1], value=1.01[#0] WARNING:Eval -- 
[#0] WARNING:Eval -- 
[#0] WARNING:Eval -- RooAddPdf::updateCoefCache(pdfCTAU1 WARNING: sum of PDF coefficients not in range [0-1], value=1.01[#0] WARNING:Eval -- RooAddPdf::updateCoefCache(pdfCTAU1 WARNING: sum of PDF coefficients not in range [0-1], value=1.01[#0] WARNING:Eval -- RooAddPdf::updateCoefCache(pdfCTAU1 WARNING: sum of PDF coefficients not in range [0-1], value=1.01[#0] WARNING:Eval -- RooAddPdf::updateCoefCache(pdfCTAU1 WARNING: sum of PDF coefficients not in range [0-1], value=1.01[#0] WARNING:Eval -- 
[#0] WARNING:Eval -- RooAddPdf::updateCoefCache(pdfCTAU1 WARNING: sum of PDF coefficients not in range [0-1], value=1.01[#0] WARNING:Eval -- RooAddPdf::updateCoefCache(pdfCTAU1 WARNING: sum of PDF coefficients not in range [0-1], value=1.01[#0] WARNING:Eval -- RooAddPdf::updateCoefCache(pdfCTAU1 WARNING: sum of PDF coefficients not in range [0-1], value=1.01[#0] WARNING:Eval -- 
[#0] WARNING:Eval -- 
[#0] WARNING:Eval -- 
[#0] WARNING:Eval -- 
[#0] WARNING:Eval -- RooAddPdf::updateCoefCache(pdfCTAU1 WARNING: sum of PDF coefficients not in range [0-1], value=1.01[#0] WARNING:Eval -- 
[#0] WARNING:Eval -- 
[#0] WARNING:Eval -- 
[#0] WARNING:Eval -- RooAddPdf::updateCoefCache(pdfCTAU1 WARNING: sum of PDF coefficients not in range [0-1], value=1.01[#0] WARNING:Eval -- RooAddPdf::updateCoefCache(pdfCTAU1 WARNING: sum of PDF coefficients not in range [0-1], value=1.01[#0] WARNING:Eval -- RooAddPdf::updateCoefCache(pdfCTAU1 WARNING: sum of PDF coefficients not in range [0-1], value=1.01[#0] WARNING:Eval -- RooAddPdf::updateCoefCache(pdfCTAU1 WARNING: sum of PDF coefficients not in range [0-1], value=1.01[#0] WARNING:Eval -- 
[#0] WARNING:Eval -- RooAddPdf::updateCoefCache(pdfCTAU1 WARNING: sum of PDF coefficients not in range [0-1], value=1.01[#0] WARNING:Eval -- RooAddPdf::updateCoefCache(pdfCTAU1 WARNING: sum of PDF coefficients not in range [0-1], value=1.01[#0] WARNING:Eval -- RooAddPdf::updateCoefCache(pdfCTAU1 WARNING: sum of PDF coefficients not in range [0-1], value=1.01[#0] WARNING:Eval -- 
[#0] WARNING:Eval -- 
[#0] WARNING:Eval -- 
[#0] WARNING:Eval -- 
[#0] WARNING:Eval -- RooAddPdf::updateCoefCache(pdfCTAU1 WARNING: sum of PDF coefficients not in range [0-1], value=1.01[#0] WARNING:Eval -- RooAddPdf::updateCoefCache(pdfCTAU1 WARNING: sum of PDF coefficients not in range [0-1], value=1.01[#0] WARNING:Eval -- 
[#0] WARNING:Eval -- 
[#0] WARNING:Eval -- 
[#0] WARNING:Eval -- RooAddPdf::updateCoefCache(pdfCTAU1 WARNING: sum of PDF coefficients not in range [0-1], value=1.01[#0] WARNING:Eval -- RooAddPdf::updateCoefCache(pdfCTAU1 WARNING: sum of PDF coefficients not in range [0-1], value=1.01[#0] WARNING:Eval -- RooAddPdf::updateCoefCache(pdfCTAU1 WARNING: sum of PDF coefficients not in range [0-1], value=1.01[#0] WARNING:Eval -- 
[#0] WARNING:Eval -- 
[#0] WARNING:Eval -- RooAddPdf::updateCoefCache(pdfCTAU1 WARNING: sum of PDF coefficients not in range [0-1], value=1.01[#0] WARNING:Eval -- RooAddPdf::updateCoefCache(pdfCTAU1 WARNING: sum of PDF coefficients not in range [0-1], value=1.01[#0] WARNING:Eval -- RooAddPdf::updateCoefCache(pdfCTAU1 WARNING: sum of PDF coefficients not in range [0-1], value=1.01[#0] WARNING:Eval -- 
[#0] WARNING:Eval -- 
[#0] WARNING:Eval -- 
[#0] WARNING:Eval -- RooAddPdf::updateCoefCache(pdfCTAU1 WARNING: sum of PDF coefficients not in range [0-1], value=1.01[#0] WARNING:Eval -- RooAddPdf::updateCoefCache(pdfCTAU1 WARNING: sum of PDF coefficients not in range [0-1], value=1.01[#0] WARNING:Eval -- 
[#0] WARNING:Eval -- 
[#0] WARNING:Eval -- 
[#0] WARNING:Eval -- RooAddPdf::updateCoefCache(pdfCTAU1 WARNING: sum of PDF coefficients not in range [0-1], value=1.01[#0] WARNING:Eval -- RooAddPdf::updateCoefCache(pdfCTAU1 WARNING: sum of PDF coefficients not in range [0-1], value=1.01[#0] WARNING:Eval -- RooAddPdf::updateCoefCache(pdfCTAU1 WARNING: sum of PDF coefficients not in range [0-1], value=1.01[#0] WARNING:Eval -- 
[#0] WARNING:Eval -- 
[#0] WARNING:Eval -- RooAddPdf::updateCoefCache(pdfCTAU1 WARNING: sum of PDF coefficients not in range [0-1], value=1.01[#0] WARNING:Eval -- RooAddPdf::updateCoefCache(pdfCTAU1 WARNING: sum of PDF coefficients not in range [0-1], value=1.01[#0] WARNING:Eval -- RooAddPdf::updateCoefCache(pdfCTAU1 WARNING: sum of PDF coefficients not in range [0-1], value=1.01[#0] WARNING:Eval -- 
[#0] WARNING:Eval -- 
[#0] WARNING:Eval -- RooAddPdf::updateCoefCache(pdfCTAU1 WARNING: sum of PDF coefficients not in range [0-1], value=1.01[#0] WARNING:Eval -- 
[#0] WARNING:Eval -- RooAddPdf::updateCoefCache(pdfCTAU1 WARNING: sum of PDF coefficients not in range [0-1], value=1.01[#0] WARNING:Eval -- RooAddPdf::updateCoefCache(pdfCTAU1 WARNING: sum of PDF coefficients not in range [0-1], value=1.01[#0] WARNING:Eval -- 
[#0] WARNING:Eval -- 
[#0] WARNING:Eval -- 
[#0] WARNING:Eval -- RooAddPdf::updateCoefCache(pdfCTAU1 WARNING: sum of PDF coefficients not in range [0-1], value=1.01[#0] WARNING:Eval -- 
[#0] WARNING:Eval -- RooAddPdf::updateCoefCache(pdfCTAU1 WARNING: sum of PDF coefficients not in range [0-1], value=1.01[#0] WARNING:Eval -- RooAddPdf::updateCoefCache(pdfCTAU1 WARNING: sum of PDF coefficients not in range [0-1], value=1.01[#0] WARNING:Eval -- 
[#0] WARNING:Eval -- 
[#0] WARNING:Eval -- RooAddPdf::updateCoefCache(pdfCTAU1 WARNING: sum of PDF coefficients not in range [0-1], value=1.01[#0] WARNING:Eval -- RooAddPdf::updateCoefCache(pdfCTAU1 WARNING: sum of PDF coefficients not in range [0-1], value=1.01[#0] WARNING:Eval -- RooAddPdf::updateCoefCache(pdfCTAU1 WARNING: sum of PDF coefficients not in range [0-1], value=1.01[#0] WARNING:Eval -- RooAddPdf::updateCoefCache(pdfCTAU1 WARNING: sum of PDF coefficients not in range [0-1], value=1.01[#0] WARNING:Eval -- 
[#0] WARNING:Eval -- 
[#0] WARNING:Eval -- 
[#0] WARNING:Eval -- RooAddPdf::updateCoefCache(pdfCTAU1 WARNING: sum of PDF coefficients not in range [0-1], value=1.01[#0] WARNING:Eval -- 
[#0] WARNING:Eval -- 
[#0] WARNING:Eval -- 
[#0] WARNING:Eval -- 
[#0] WARNING:Eval -- RooAddPdf::updateCoefCache(pdfCTAU1 WARNING: sum of PDF coefficients not in range [0-1], value=1.01[#0] WARNING:Eval -- RooAddPdf::updateCoefCache(pdfCTAU1 WARNING: sum of PDF coefficients not in range [0-1], value=1.01[#0] WARNING:Eval -- RooAddPdf::updateCoefCache(pdfCTAU1 WARNING: sum of PDF coefficients not in range [0-1], value=1.01[#0] WARNING:Eval -- 
[#0] WARNING:Eval -- RooAddPdf::updateCoefCache(pdfCTAU1 WARNING: sum of PDF coefficients not in range [0-1], value=1.01[#0] WARNING:Eval -- RooAddPdf::updateCoefCache(pdfCTAU1 WARNING: sum of PDF coefficients not in range [0-1], value=1.01[#0] WARNING:Eval -- RooAddPdf::updateCoefCache(pdfCTAU1 WARNING: sum of PDF coefficients not in range [0-1], value=1.01[#0] WARNING:Eval -- 
[#0] WARNING:Eval -- 
[#0] WARNING:Eval -- 
[#0] WARNING:Eval -- RooAddPdf::updateCoefCache(pdfCTAU1 WARNING: sum of PDF coefficients not in range [0-1], value=1.01[#0] WARNING:Eval -- 
[#0] WARNING:Eval -- 
[#0] WARNING:Eval -- 
[#0] WARNING:Eval -- RooAddPdf::updateCoefCache(pdfCTAU1 WARNING: sum of PDF coefficients not in range [0-1], value=1.01[#0] WARNING:Eval -- RooAddPdf::updateCoefCache(pdfCTAU1 WARNING: sum of PDF coefficients not in range [0-1], value=1.01[#0] WARNING:Eval -- RooAddPdf::updateCoefCache(pdfCTAU1 WARNING: sum of PDF coefficients not in range [0-1], value=1.01[#0] WARNING:Eval -- 
[#0] WARNING:Eval -- RooAddPdf::updateCoefCache(pdfCTAU1 WARNING: sum of PDF coefficients not in range [0-1], value=1.01[#0] WARNING:Eval -- RooAddPdf::updateCoefCache(pdfCTAU1 WARNING: sum of PDF coefficients not in range [0-1], value=1.01[#0] WARNING:Eval -- RooAddPdf::updateCoefCache(pdfCTAU1 WARNING: sum of PDF coefficients not in range [0-1], value=1.01[#0] WARNING:Eval -- 
[#0] WARNING:Eval -- 
[#0] WARNING:Eval -- 
[#0] WARNING:Eval -- RooAddPdf::updateCoefCache(pdfCTAU1 WARNING: sum of PDF coefficients not in range [0-1], value=1.01[#0] WARNING:Eval -- 
[#0] WARNING:Eval -- 
[#0] WARNING:Eval -- 
[#0] WARNING:Eval -- RooAddPdf::updateCoefCache(pdfCTAU1 WARNING: sum of PDF coefficients not in range [0-1], value=1.01[#0] WARNING:Eval -- RooAddPdf::updateCoefCache(pdfCTAU1 WARNING: sum of PDF coefficients not in range [0-1], value=1.01[#0] WARNING:Eval -- RooAddPdf::updateCoefCache(pdfCTAU1 WARNING: sum of PDF coefficients not in range [0-1], value=1.01[#0] WARNING:Eval -- 
[#0] WARNING:Eval -- RooAddPdf::updateCoefCache(pdfCTAU1 WARNING: sum of PDF coefficients not in range [0-1], value=1.01[#0] WARNING:Eval -- RooAddPdf::updateCoefCache(pdfCTAU1 WARNING: sum of PDF coefficients not in range [0-1], value=1.01[#0] WARNING:Eval -- RooAddPdf::updateCoefCache(pdfCTAU1 WARNING: sum of PDF coefficients not in range [0-1], value=1.01[#0] WARNING:Eval -- 
[#0] WARNING:Eval -- 
[#0] WARNING:Eval --  (no more will be printed)[#0] WARNING:Eval -- RooAddPdf::updateCoefCache(pdfCTAU1 WARNING: sum of PDF coefficients not in range [0-1], value=1.01[#0] WARNING:Eval -- 
[#0] WARNING:Eval --  (no more will be printed)[#0] WARNING:Eval -- 
[#0] WARNING:Eval -- RooAddPdf::updateCoefCache(pdfCTAU1 WARNING: sum of PDF coefficients not in range [0-1], value=1.01[#0] WARNING:Eval -- RooAddPdf::updateCoefCache(pdfCTAU1 WARNING: sum of PDF coefficients not in range [0-1], value=1.01[#0] WARNING:Eval -- 
[#0] WARNING:Eval --  (no more will be printed)[#0] WARNING:Eval -- RooAddPdf::updateCoefCache(pdfCTAU1 WARNING: sum of PDF coefficients not in range [0-1], value=1.01[#0] WARNING:Eval -- 
[#0] WARNING:Eval -- RooAddPdf::updateCoefCache(pdfCTAU1 WARNING: sum of PDF coefficients not in range [0-1], value=1.01[#0] WARNING:Eval --  (no more will be printed)[#0] WARNING:Eval --  (no more will be printed)[#0] WARNING:Eval -- 
[#0] WARNING:Eval --  (no more will be printed)[#0] WARNING:Eval --  (no more will be printed)[#0] WARNING:Eval -- 
[#0] WARNING:Eval -- 
[#0] WARNING:Eval -- 
[#0] WARNING:Eval -- 
[#0] WARNING:Eval -- RooAddPdf::updateCoefCache(pdfCTAU1 WARNING: sum of PDF coefficients not in range [0-1], value=1.01[#0] WARNING:Eval -- 
[#0] WARNING:Eval -- RooAddPdf::updateCoefCache(pdfCTAU1 WARNING: sum of PDF coefficients not in range [0-1], value=1.01[#0] WARNING:Eval -- 
[#0] WARNING:Eval -- RooAddPdf::updateCoefCache(pdfCTAU1 WARNING: sum of PDF coefficients not in range [0-1], value=1.01[#0] WARNING:Eval -- 
[#0] WARNING:Eval -- RooAddPdf::updateCoefCache(pdfCTAU1 WARNING: sum of PDF coefficients not in range [0-1], value=1.01[#0] WARNING:Eval --  (no more will be printed)[#0] WARNING:Eval -- 
[#0] WARNING:Minization -- RooMinimizerFcn: Minimized function has error status.
Returning maximum FCN so far (-244.984) to force MIGRAD to back out of this region. Error log follows
Parameter values: N_Bkg=118.225, b_Bkg=0.4, fDF12=0.999995, fDFSS=1.01, fDLIV=0.3, fDSS12=0.03, lambdaDDS_Bkg=0.4, lambdaDF_Bkg1=0.5, lambdaDF_Bkg2=0.51, lambdaDSS_Bkg1=0.3, lambdaDSS_Bkg2=0.3
PID1452999/RooRealMPFE::nll_pdfTot_Bkg_dataw_Bkg_5a1fdb9e29d0_MPFE7[ arg=nll_pdfTot_Bkg_dataw_Bkg_GOF7 vars=(N_Bkg,b_Bkg,ctau1_CtauRes,ctau2_CtauRes,ctau3_CtauRes,f2_CtauRes,fDF12,fDFSS,fDLIV,fDSS12,f_CtauRes,lambdaDDS_Bkg,lambdaDF_Bkg1,lambdaDF_Bkg2,lambdaDSS_Bkg1,lambdaDSS_Bkg2,rS21_CtauRes,rS32_CtauRes,s1_CtauRes,zeroMean) ]
     p.d.f value is less than zero (-0.330259), forcing value to zero @ !refCoefNorm=(ctau3D = -0.0422822,ctau3DErr = 0.0142246), !pdfs=(pdfCTAUDSS = 0.407397/1,pdfCTAUDF = 74.173/1), !coefficients=(fDFSS = 1.01)
     p.d.f value is less than zero (-0.349439), forcing value to zero @ !refCoefNorm=(ctau3D = -0.0720764,ctau3DErr = 0.0231641), !pdfs=(pdfCTAUDSS = 0.346419/1,pdfCTAUDF = 69.9322/1), !coefficients=(fDFSS = 1.01)

[#0] WARNING:Minization -- RooMinimizerFcn: Minimized function has error status.
Returning maximum FCN so far (-244.984) to force MIGRAD to back out of this region. Error log follows
Parameter values: N_Bkg=118.225, b_Bkg=0.4, fDF12=0.999995, fDFSS=1.01, fDLIV=0.3, fDSS12=0.03, lambdaDDS_Bkg=0.4, lambdaDF_Bkg1=0.5, lambdaDF_Bkg2=0.51, lambdaDSS_Bkg1=0.3, lambdaDSS_Bkg2=0.3
PID1452999/RooRealMPFE::nll_pdfTot_Bkg_dataw_Bkg_5a1fdb9e29d0_MPFE7[ arg=nll_pdfTot_Bkg_dataw_Bkg_GOF7 vars=(N_Bkg,b_Bkg,ctau1_CtauRes,ctau2_CtauRes,ctau3_CtauRes,f2_CtauRes,fDF12,fDFSS,fDLIV,fDSS12,f_CtauRes,lambdaDDS_Bkg,lambdaDF_Bkg1,lambdaDF_Bkg2,lambdaDSS_Bkg1,lambdaDSS_Bkg2,rS21_CtauRes,rS32_CtauRes,s1_CtauRes,zeroMean) ]
     p.d.f value is less than zero (-0.330251), forcing value to zero @ !refCoefNorm=(ctau3D = -0.0422822,ctau3DErr = 0.0142246), !pdfs=(pdfCTAUDSS = 0.407397/1,pdfCTAUDF = 74.173/1), !coefficients=(fDFSS = 1.01)
     p.d.f value is less than zero (-0.349432), forcing value to zero @ !refCoefNorm=(ctau3D = -0.0720764,ctau3DErr = 0.0231641), !pdfs=(pdfCTAUDSS = 0.346419/1,pdfCTAUDF = 69.9322/1), !coefficients=(fDFSS = 1.01)

[#0] WARNING:Minization -- RooMinimizerFcn: Minimized function has error status.
Returning maximum FCN so far (-244.984) to force MIGRAD to back out of this region. Error log follows
Parameter values: N_Bkg=118.225, b_Bkg=0.4, fDF12=0.999995, fDFSS=1.01, fDLIV=0.3, fDSS12=0.03, lambdaDDS_Bkg=0.4, lambdaDF_Bkg1=0.5, lambdaDF_Bkg2=0.51, lambdaDSS_Bkg1=0.3, lambdaDSS_Bkg2=0.3
PID1452999/RooRealMPFE::nll_pdfTot_Bkg_dataw_Bkg_5a1fdb9e29d0_MPFE7[ arg=nll_pdfTot_Bkg_dataw_Bkg_GOF7 vars=(N_Bkg,b_Bkg,ctau1_CtauRes,ctau2_CtauRes,ctau3_CtauRes,f2_CtauRes,fDF12,fDFSS,fDLIV,fDSS12,f_CtauRes,lambdaDDS_Bkg,lambdaDF_Bkg1,lambdaDF_Bkg2,lambdaDSS_Bkg1,lambdaDSS_Bkg2,rS21_CtauRes,rS32_CtauRes,s1_CtauRes,zeroMean) ]
     p.d.f value is less than zero (-0.330234), forcing value to zero @ !refCoefNorm=(ctau3D = -0.0422822,ctau3DErr = 0.0142246), !pdfs=(pdfCTAUDSS = 0.407397/1,pdfCTAUDF = 74.173/1), !coefficients=(fDFSS = 1.01)
     p.d.f value is less than zero (-0.349416), forcing value to zero @ !refCoefNorm=(ctau3D = -0.0720764,ctau3DErr = 0.0231641), !pdfs=(pdfCTAUDSS = 0.346419/1,pdfCTAUDF = 69.9322/1), !coefficients=(fDFSS = 1.01)

[#0] WARNING:Minization -- RooMinimizerFcn: Minimized function has error status.
Returning maximum FCN so far (-244.984) to force MIGRAD to back out of this region. Error log follows
Parameter values: N_Bkg=118.225, b_Bkg=0.4, fDF12=0.0351328, fDFSS=1.0041, fDLIV=0.3, fDSS12=0.03, lambdaDDS_Bkg=0.4, lambdaDF_Bkg1=0.5, lambdaDF_Bkg2=0.269141, lambdaDSS_Bkg1=0.3, lambdaDSS_Bkg2=0.3
PID1452999/RooRealMPFE::nll_pdfTot_Bkg_dataw_Bkg_5a1fdb9e29d0_MPFE7[ arg=nll_pdfTot_Bkg_dataw_Bkg_GOF7 vars=(N_Bkg,b_Bkg,ctau1_CtauRes,ctau2_CtauRes,ctau3_CtauRes,f2_CtauRes,fDF12,fDFSS,fDLIV,fDSS12,f_CtauRes,lambdaDDS_Bkg,lambdaDF_Bkg1,lambdaDF_Bkg2,lambdaDSS_Bkg1,lambdaDSS_Bkg2,rS21_CtauRes,rS32_CtauRes,s1_CtauRes,zeroMean) ]
     p.d.f value is less than zero (-0.108048), forcing value to zero @ !refCoefNorm=(ctau3D = -0.0422822,ctau3DErr = 0.0142246), !pdfs=(pdfCTAUDSS = 0.407397/1,pdfCTAUDF = 126.274/1), !coefficients=(fDFSS = 1.0041)
     p.d.f value is less than zero (-0.116451), forcing value to zero @ !refCoefNorm=(ctau3D = -0.0720764,ctau3DErr = 0.0231641), !pdfs=(pdfCTAUDSS = 0.346419/1,pdfCTAUDF = 113.375/1), !coefficients=(fDFSS = 1.0041)

[#0] WARNING:Minization -- RooMinimizerFcn: Minimized function has error status.
Returning maximum FCN so far (-244.984) to force MIGRAD to back out of this region. Error log follows
Parameter values: N_Bkg=36.0612, b_Bkg=0.679781, fDF12=2.9403e-05, fDFSS=1.00999, fDLIV=1, fDSS12=0.03, lambdaDDS_Bkg=0.399946, lambdaDF_Bkg1=0.770342, lambdaDF_Bkg2=0.77359, lambdaDSS_Bkg1=0.0110831, lambdaDSS_Bkg2=0.359407
PID1452999/RooRealMPFE::nll_pdfTot_Bkg_dataw_Bkg_5a1fdb9e29d0_MPFE7[ arg=nll_pdfTot_Bkg_dataw_Bkg_GOF7 vars=(N_Bkg,b_Bkg,ctau1_CtauRes,ctau2_CtauRes,ctau3_CtauRes,f2_CtauRes,fDF12,fDFSS,fDLIV,fDSS12,f_CtauRes,lambdaDDS_Bkg,lambdaDF_Bkg1,lambdaDF_Bkg2,lambdaDSS_Bkg1,lambdaDSS_Bkg2,rS21_CtauRes,rS32_CtauRes,s1_CtauRes,zeroMean) ]
     p.d.f value is less than zero (-0.025788), forcing value to zero @ !refCoefNorm=(ctau3D = -0.0422822,ctau3DErr = 0.0142246), !pdfs=(pdfCTAUDSS = 0.465445/1,pdfCTAUDF = 49.6594/1), !coefficients=(fDFSS = 1.00999)
     p.d.f value is less than zero (-0.106471), forcing value to zero @ !refCoefNorm=(ctau3D = -0.0720764,ctau3DErr = 0.0231641), !pdfs=(pdfCTAUDSS = 0.36723/1,pdfCTAUDF = 47.8054/1), !coefficients=(fDFSS = 1.00999)

[#0] WARNING:Minization -- RooMinimizerFcn: Minimized function has error status.
Returning maximum FCN so far (-244.984) to force MIGRAD to back out of this region. Error log follows
Parameter values: N_Bkg=80.1187, b_Bkg=0.511673, fDF12=0.0124911, fDFSS=1.00769, fDLIV=0.999982, fDSS12=0.03, lambdaDDS_Bkg=0.399979, lambdaDF_Bkg1=0.611829, lambdaDF_Bkg2=0.619204, lambdaDSS_Bkg1=0.999558, lambdaDSS_Bkg2=0.323128
PID1452999/RooRealMPFE::nll_pdfTot_Bkg_dataw_Bkg_5a1fdb9e29d0_MPFE7[ arg=nll_pdfTot_Bkg_dataw_Bkg_GOF7 vars=(N_Bkg,b_Bkg,ctau1_CtauRes,ctau2_CtauRes,ctau3_CtauRes,f2_CtauRes,fDF12,fDFSS,fDLIV,fDSS12,f_CtauRes,lambdaDDS_Bkg,lambdaDF_Bkg1,lambdaDF_Bkg2,lambdaDSS_Bkg1,lambdaDSS_Bkg2,rS21_CtauRes,rS32_CtauRes,s1_CtauRes,zeroMean) ]
     p.d.f value is less than zero (-0.093683), forcing value to zero @ !refCoefNorm=(ctau3D = -0.0422822,ctau3DErr = 0.0142246), !pdfs=(pdfCTAUDSS = 0.372447/1,pdfCTAUDF = 60.958/1), !coefficients=(fDFSS = 1.00769)
     p.d.f value is less than zero (-0.127145), forcing value to zero @ !refCoefNorm=(ctau3D = -0.0720764,ctau3DErr = 0.0231641), !pdfs=(pdfCTAUDSS = 0.317622/1,pdfCTAUDF = 58.1266/1), !coefficients=(fDFSS = 1.00769)

[#0] WARNING:Minization -- RooMinimizerFcn: Minimized function has error status.
Returning maximum FCN so far (-244.984) to force MIGRAD to back out of this region. Error log follows
Parameter values: N_Bkg=106.071, b_Bkg=0.433072, fDF12=0.0272029, fDFSS=1.00534, fDLIV=0.999961, fDSS12=0.03, lambdaDDS_Bkg=0.399994, lambdaDF_Bkg1=0.533656, lambdaDF_Bkg2=0.542906, lambdaDSS_Bkg1=0.583555, lambdaDSS_Bkg2=0.306857
PID1452999/RooRealMPFE::nll_pdfTot_Bkg_dataw_Bkg_5a1fdb9e29d0_MPFE7[ arg=nll_pdfTot_Bkg_dataw_Bkg_GOF7 vars=(N_Bkg,b_Bkg,ctau1_CtauRes,ctau2_CtauRes,ctau3_CtauRes,f2_CtauRes,fDF12,fDFSS,fDLIV,fDSS12,f_CtauRes,lambdaDDS_Bkg,lambdaDF_Bkg1,lambdaDF_Bkg2,lambdaDSS_Bkg1,lambdaDSS_Bkg2,rS21_CtauRes,rS32_CtauRes,s1_CtauRes,zeroMean) ]
     p.d.f value is less than zero (-0.011604), forcing value to zero @ !refCoefNorm=(ctau3D = -0.0720764,ctau3DErr = 0.0231641), !pdfs=(pdfCTAUDSS = 0.334885/1,pdfCTAUDF = 65.1835/1), !coefficients=(fDFSS = 1.00534)

[#0] WARNING:Minization -- RooMinimizerFcn: Minimized function has error status.
Returning maximum FCN so far (-244.984) to force MIGRAD to back out of this region. Error log follows
Parameter values: N_Bkg=106.663, b_Bkg=0.43141, fDF12=0.0275761, fDFSS=1.00528, fDLIV=0.999961, fDSS12=0.03, lambdaDDS_Bkg=0.399994, lambdaDF_Bkg1=0.531975, lambdaDF_Bkg2=0.541264, lambdaDSS_Bkg1=0.56924, lambdaDSS_Bkg2=0.306513
PID1452999/RooRealMPFE::nll_pdfTot_Bkg_dataw_Bkg_5a1fdb9e29d0_MPFE7[ arg=nll_pdfTot_Bkg_dataw_Bkg_GOF7 vars=(N_Bkg,b_Bkg,ctau1_CtauRes,ctau2_CtauRes,ctau3_CtauRes,f2_CtauRes,fDF12,fDFSS,fDLIV,fDSS12,f_CtauRes,lambdaDDS_Bkg,lambdaDF_Bkg1,lambdaDF_Bkg2,lambdaDSS_Bkg1,lambdaDSS_Bkg2,rS21_CtauRes,rS32_CtauRes,s1_CtauRes,zeroMean) ]
     p.d.f value is less than zero (-0.008221), forcing value to zero @ !refCoefNorm=(ctau3D = -0.0720764,ctau3DErr = 0.0231641), !pdfs=(pdfCTAUDSS = 0.335351/1,pdfCTAUDF = 65.3548/1), !coefficients=(fDFSS = 1.00528)

[#0] WARNING:Minization -- RooMinimizerFcn: Minimized function has error status.
Returning maximum FCN so far (-244.984) to force MIGRAD to back out of this region. Error log follows
Parameter values: N_Bkg=107.257, b_Bkg=0.429749, fDF12=0.0279517, fDFSS=1.00522, fDLIV=0.99996, fDSS12=0.03, lambdaDDS_Bkg=0.399994, lambdaDF_Bkg1=0.530295, lambdaDF_Bkg2=0.539622, lambdaDSS_Bkg1=0.554867, lambdaDSS_Bkg2=0.30617
PID1452999/RooRealMPFE::nll_pdfTot_Bkg_dataw_Bkg_5a1fdb9e29d0_MPFE7[ arg=nll_pdfTot_Bkg_dataw_Bkg_GOF7 vars=(N_Bkg,b_Bkg,ctau1_CtauRes,ctau2_CtauRes,ctau3_CtauRes,f2_CtauRes,fDF12,fDFSS,fDLIV,fDSS12,f_CtauRes,lambdaDDS_Bkg,lambdaDF_Bkg1,lambdaDF_Bkg2,lambdaDSS_Bkg1,lambdaDSS_Bkg2,rS21_CtauRes,rS32_CtauRes,s1_CtauRes,zeroMean) ]
     p.d.f value is less than zero (-0.004791), forcing value to zero @ !refCoefNorm=(ctau3D = -0.0720764,ctau3DErr = 0.0231641), !pdfs=(pdfCTAUDSS = 0.335825/1,pdfCTAUDF = 65.527/1), !coefficients=(fDFSS = 1.00522)

[#0] WARNING:Minization -- RooMinimizerFcn: Minimized function has error status.
Returning maximum FCN so far (-244.984) to force MIGRAD to back out of this region. Error log follows
Parameter values: N_Bkg=107.852, b_Bkg=0.428089, fDF12=0.0283298, fDFSS=1.00517, fDLIV=0.99996, fDSS12=0.03, lambdaDDS_Bkg=0.399995, lambdaDF_Bkg1=0.528614, lambdaDF_Bkg2=0.537979, lambdaDSS_Bkg1=0.540448, lambdaDSS_Bkg2=0.305826
PID1452999/RooRealMPFE::nll_pdfTot_Bkg_dataw_Bkg_5a1fdb9e29d0_MPFE7[ arg=nll_pdfTot_Bkg_dataw_Bkg_GOF7 vars=(N_Bkg,b_Bkg,ctau1_CtauRes,ctau2_CtauRes,ctau3_CtauRes,f2_CtauRes,fDF12,fDFSS,fDLIV,fDSS12,f_CtauRes,lambdaDDS_Bkg,lambdaDF_Bkg1,lambdaDF_Bkg2,lambdaDSS_Bkg1,lambdaDSS_Bkg2,rS21_CtauRes,rS32_CtauRes,s1_CtauRes,zeroMean) ]
     p.d.f value is less than zero (-0.001314), forcing value to zero @ !refCoefNorm=(ctau3D = -0.0720764,ctau3DErr = 0.0231641), !pdfs=(pdfCTAUDSS = 0.336306/1,pdfCTAUDF = 65.7002/1), !coefficients=(fDFSS = 1.00517)

[#0] WARNING:Minization -- RooMinimizerFcn: Minimized function has error status.
Returning maximum FCN so far (-244.984) to force MIGRAD to back out of this region. Error log follows
Parameter values: N_Bkg=108.515, b_Bkg=0.426245, fDF12=0.0287525, fDFSS=1.00534, fDLIV=0.999959, fDSS12=0.03, lambdaDDS_Bkg=0.399995, lambdaDF_Bkg1=0.526746, lambdaDF_Bkg2=0.536154, lambdaDSS_Bkg1=0.524395, lambdaDSS_Bkg2=0.305444
PID1452999/RooRealMPFE::nll_pdfTot_Bkg_dataw_Bkg_5a1fdb9e29d0_MPFE7[ arg=nll_pdfTot_Bkg_dataw_Bkg_GOF7 vars=(N_Bkg,b_Bkg,ctau1_CtauRes,ctau2_CtauRes,ctau3_CtauRes,f2_CtauRes,fDF12,fDFSS,fDLIV,fDSS12,f_CtauRes,lambdaDDS_Bkg,lambdaDF_Bkg1,lambdaDF_Bkg2,lambdaDSS_Bkg1,lambdaDSS_Bkg2,rS21_CtauRes,rS32_CtauRes,s1_CtauRes,zeroMean) ]
     p.d.f value is less than zero (-0.012985), forcing value to zero @ !refCoefNorm=(ctau3D = -0.0720764,ctau3DErr = 0.0231641), !pdfs=(pdfCTAUDSS = 0.336851/1,pdfCTAUDF = 65.8937/1), !coefficients=(fDFSS = 1.00534)

[#0] WARNING:Minization -- RooMinimizerFcn: Minimized function has error status.
Returning maximum FCN so far (-244.984) to force MIGRAD to back out of this region. Error log follows
Parameter values: N_Bkg=108.515, b_Bkg=0.426245, fDF12=0.0287525, fDFSS=1.00534, fDLIV=0.999959, fDSS12=0.03, lambdaDDS_Bkg=0.399995, lambdaDF_Bkg1=0.526746, lambdaDF_Bkg2=0.536154, lambdaDSS_Bkg1=0.524395, lambdaDSS_Bkg2=0.305444
PID1452999/RooRealMPFE::nll_pdfTot_Bkg_dataw_Bkg_5a1fdb9e29d0_MPFE7[ arg=nll_pdfTot_Bkg_dataw_Bkg_GOF7 vars=(N_Bkg,b_Bkg,ctau1_CtauRes,ctau2_CtauRes,ctau3_CtauRes,f2_CtauRes,fDF12,fDFSS,fDLIV,fDSS12,f_CtauRes,lambdaDDS_Bkg,lambdaDF_Bkg1,lambdaDF_Bkg2,lambdaDSS_Bkg1,lambdaDSS_Bkg2,rS21_CtauRes,rS32_CtauRes,s1_CtauRes,zeroMean) ]
     p.d.f value is less than zero (-0.012985), forcing value to zero @ !refCoefNorm=(ctau3D = -0.0720764,ctau3DErr = 0.0231641), !pdfs=(pdfCTAUDSS = 0.336851/1,pdfCTAUDF = 65.8937/1), !coefficients=(fDFSS = 1.00534)

[#0] WARNING:Minization -- RooMinimizerFcn: Minimized function has error status.
Returning maximum FCN so far (-244.984) to force MIGRAD to back out of this region. Error log follows
Parameter values: N_Bkg=108.515, b_Bkg=0.426245, fDF12=0.0287525, fDFSS=1.0051, fDLIV=0.999959, fDSS12=0.03, lambdaDDS_Bkg=0.399995, lambdaDF_Bkg1=0.526746, lambdaDF_Bkg2=0.512022, lambdaDSS_Bkg1=0.524395, lambdaDSS_Bkg2=0.305444
PID1452999/RooRealMPFE::nll_pdfTot_Bkg_dataw_Bkg_5a1fdb9e29d0_MPFE7[ arg=nll_pdfTot_Bkg_dataw_Bkg_GOF7 vars=(N_Bkg,b_Bkg,ctau1_CtauRes,ctau2_CtauRes,ctau3_CtauRes,f2_CtauRes,fDF12,fDFSS,fDLIV,fDSS12,f_CtauRes,lambdaDDS_Bkg,lambdaDF_Bkg1,lambdaDF_Bkg2,lambdaDSS_Bkg1,lambdaDSS_Bkg2,rS21_CtauRes,rS32_CtauRes,s1_CtauRes,zeroMean) ]
     p.d.f value is less than zero (-0.010569), forcing value to zero @ !refCoefNorm=(ctau3D = -0.0720764,ctau3DErr = 0.0231641), !pdfs=(pdfCTAUDSS = 0.336851/1,pdfCTAUDF = 68.4773/1), !coefficients=(fDFSS = 1.0051)

[#0] WARNING:Minization -- RooMinimizerFcn: Minimized function has error status.
Returning maximum FCN so far (-244.984) to force MIGRAD to back out of this region. Error log follows
Parameter values: N_Bkg=108.515, b_Bkg=0.426245, fDF12=0.0287525, fDFSS=1.0051, fDLIV=0.999959, fDSS12=0.03, lambdaDDS_Bkg=0.399995, lambdaDF_Bkg1=0.526746, lambdaDF_Bkg2=0.514781, lambdaDSS_Bkg1=0.524395, lambdaDSS_Bkg2=0.305444
PID1452999/RooRealMPFE::nll_pdfTot_Bkg_dataw_Bkg_5a1fdb9e29d0_MPFE7[ arg=nll_pdfTot_Bkg_dataw_Bkg_GOF7 vars=(N_Bkg,b_Bkg,ctau1_CtauRes,ctau2_CtauRes,ctau3_CtauRes,f2_CtauRes,fDF12,fDFSS,fDLIV,fDSS12,f_CtauRes,lambdaDDS_Bkg,lambdaDF_Bkg1,lambdaDF_Bkg2,lambdaDSS_Bkg1,lambdaDSS_Bkg2,rS21_CtauRes,rS32_CtauRes,s1_CtauRes,zeroMean) ]
     p.d.f value is less than zero (-0.009009), forcing value to zero @ !refCoefNorm=(ctau3D = -0.0720764,ctau3DErr = 0.0231641), !pdfs=(pdfCTAUDSS = 0.336851/1,pdfCTAUDF = 68.1714/1), !coefficients=(fDFSS = 1.0051)

[#0] WARNING:Minization -- RooMinimizerFcn: Minimized function has error status.
Returning maximum FCN so far (-244.984) to force MIGRAD to back out of this region. Error log follows
Parameter values: N_Bkg=54.0685, b_Bkg=0.604311, fDF12=0.00233745, fDFSS=1.00844, fDLIV=0.999996, fDSS12=0.030008, lambdaDDS_Bkg=0.399961, lambdaDF_Bkg1=0.70071, lambdaDF_Bkg2=0.896009, lambdaDSS_Bkg1=0.500136, lambdaDSS_Bkg2=0.34269
PID1452999/RooRealMPFE::nll_pdfTot_Bkg_dataw_Bkg_5a1fdb9e29d0_MPFE7[ arg=nll_pdfTot_Bkg_dataw_Bkg_GOF7 vars=(N_Bkg,b_Bkg,ctau1_CtauRes,ctau2_CtauRes,ctau3_CtauRes,f2_CtauRes,fDF12,fDFSS,fDLIV,fDSS12,f_CtauRes,lambdaDDS_Bkg,lambdaDF_Bkg1,lambdaDF_Bkg2,lambdaDSS_Bkg1,lambdaDSS_Bkg2,rS21_CtauRes,rS32_CtauRes,s1_CtauRes,zeroMean) ]
     p.d.f value is less than zero (-0.007603), forcing value to zero @ !refCoefNorm=(ctau3D = -0.0422822,ctau3DErr = 0.0142246), !pdfs=(pdfCTAUDSS = 0.356286/1,pdfCTAUDF = 43.4765/1), !coefficients=(fDFSS = 1.00844)
     p.d.f value is less than zero (-0.048036), forcing value to zero @ !refCoefNorm=(ctau3D = -0.0720764,ctau3DErr = 0.0231641), !pdfs=(pdfCTAUDSS = 0.304432/1,pdfCTAUDF = 42.0713/1), !coefficients=(fDFSS = 1.00844)

[#0] WARNING:Minization -- RooMinimizerFcn: Minimized function has error status.
Returning maximum FCN so far (-150.046) to force MIGRAD to back out of this region. Error log follows
Parameter values: N_Bkg=28.3512, b_Bkg=0.996275, fDF12=0.19437, fDFSS=1.00247, fDLIV=0.999731, fDSS12=0.0300411, lambdaDDS_Bkg=0.399822, lambdaDF_Bkg1=0.973017, lambdaDF_Bkg2=0.0247318, lambdaDSS_Bkg1=0.385983, lambdaDSS_Bkg2=0.504678
PID1452999/RooRealMPFE::nll_pdfTot_Bkg_dataw_Bkg_5a1fdb9e29d0_MPFE7[ arg=nll_pdfTot_Bkg_dataw_Bkg_GOF7 vars=(N_Bkg,b_Bkg,ctau1_CtauRes,ctau2_CtauRes,ctau3_CtauRes,f2_CtauRes,fDF12,fDFSS,fDLIV,fDSS12,f_CtauRes,lambdaDDS_Bkg,lambdaDF_Bkg1,lambdaDF_Bkg2,lambdaDSS_Bkg1,lambdaDSS_Bkg2,rS21_CtauRes,rS32_CtauRes,s1_CtauRes,zeroMean) ]
     p.d.f value is less than zero (-0.432749), forcing value to zero @ !refCoefNorm=(ctau3D = -0.0422822,ctau3DErr = 0.0142246), !pdfs=(pdfCTAUDSS = 0.250929/1,pdfCTAUDF = 276.819/1), !coefficients=(fDFSS = 1.00247)
     p.d.f value is less than zero (-0.048176), forcing value to zero @ !refCoefNorm=(ctau3D = -0.0720764,ctau3DErr = 0.0231641), !pdfs=(pdfCTAUDSS = 0.216672/1,pdfCTAUDF = 107.355/1), !coefficients=(fDFSS = 1.00247)

[#0] WARNING:Minization -- RooMinimizerFcn: Minimized function has error status.
Returning maximum FCN so far (-150.046) to force MIGRAD to back out of this region. Error log follows
Parameter values: N_Bkg=0.0884683, b_Bkg=0.930018, fDF12=0.0531608, fDFSS=1.00905, fDLIV=0.999932, fDSS12=0.0300264, lambdaDDS_Bkg=0.399884, lambdaDF_Bkg1=0.973064, lambdaDF_Bkg2=0.642543, lambdaDSS_Bkg1=0.128243, lambdaDSS_Bkg2=0.43185
PID1452999/RooRealMPFE::nll_pdfTot_Bkg_dataw_Bkg_5a1fdb9e29d0_MPFE7[ arg=nll_pdfTot_Bkg_dataw_Bkg_GOF7 vars=(N_Bkg,b_Bkg,ctau1_CtauRes,ctau2_CtauRes,ctau3_CtauRes,f2_CtauRes,fDF12,fDFSS,fDLIV,fDSS12,f_CtauRes,lambdaDDS_Bkg,lambdaDF_Bkg1,lambdaDF_Bkg2,lambdaDSS_Bkg1,lambdaDSS_Bkg2,rS21_CtauRes,rS32_CtauRes,s1_CtauRes,zeroMean) ]
     p.d.f value is less than zero (-0.214949), forcing value to zero @ !refCoefNorm=(ctau3D = -0.0422822,ctau3DErr = 0.0142246), !pdfs=(pdfCTAUDSS = 0.306468/1,pdfCTAUDF = 57.9199/1), !coefficients=(fDFSS = 1.00905)
     p.d.f value is less than zero (-0.236190), forcing value to zero @ !refCoefNorm=(ctau3D = -0.0720764,ctau3DErr = 0.0231641), !pdfs=(pdfCTAUDSS = 0.262437/1,pdfCTAUDF = 55.3578/1), !coefficients=(fDFSS = 1.00905)

[#0] WARNING:Minization -- RooMinimizerFcn: Minimized function has error status.
Returning maximum FCN so far (-150.046) to force MIGRAD to back out of this region. Error log follows
Parameter values: N_Bkg=9.66244, b_Bkg=0.824611, fDF12=0.0144991, fDFSS=1.00999, fDLIV=0.999982, fDSS12=0.0300191, lambdaDDS_Bkg=0.399915, lambdaDF_Bkg1=0.895115, lambdaDF_Bkg2=0.936508, lambdaDSS_Bkg1=0.954897, lambdaDSS_Bkg2=0.395884
PID1452999/RooRealMPFE::nll_pdfTot_Bkg_dataw_Bkg_5a1fdb9e29d0_MPFE7[ arg=nll_pdfTot_Bkg_dataw_Bkg_GOF7 vars=(N_Bkg,b_Bkg,ctau1_CtauRes,ctau2_CtauRes,ctau3_CtauRes,f2_CtauRes,fDF12,fDFSS,fDLIV,fDSS12,f_CtauRes,lambdaDDS_Bkg,lambdaDF_Bkg1,lambdaDF_Bkg2,lambdaDSS_Bkg1,lambdaDSS_Bkg2,rS21_CtauRes,rS32_CtauRes,s1_CtauRes,zeroMean) ]
     p.d.f value is less than zero (-0.106181), forcing value to zero @ !refCoefNorm=(ctau3D = -0.0422822,ctau3DErr = 0.0142246), !pdfs=(pdfCTAUDSS = 0.308268/1,pdfCTAUDF = 41.7856/1), !coefficients=(fDFSS = 1.00999)
     p.d.f value is less than zero (-0.137373), forcing value to zero @ !refCoefNorm=(ctau3D = -0.0720764,ctau3DErr = 0.0231641), !pdfs=(pdfCTAUDSS = 0.264596/1,pdfCTAUDF = 40.493/1), !coefficients=(fDFSS = 1.00999)

[#0] WARNING:Minization -- RooMinimizerFcn: Minimized function has error status.
Returning maximum FCN so far (-150.046) to force MIGRAD to back out of this region. Error log follows
Parameter values: N_Bkg=20.3758, b_Bkg=0.758003, fDF12=0.00418418, fDFSS=1.00987, fDLIV=0.999995, fDSS12=0.0300154, lambdaDDS_Bkg=0.39993, lambdaDF_Bkg1=0.839444, lambdaDF_Bkg2=0.996203, lambdaDSS_Bkg1=0.363841, lambdaDSS_Bkg2=0.378098
PID1452999/RooRealMPFE::nll_pdfTot_Bkg_dataw_Bkg_5a1fdb9e29d0_MPFE7[ arg=nll_pdfTot_Bkg_dataw_Bkg_GOF7 vars=(N_Bkg,b_Bkg,ctau1_CtauRes,ctau2_CtauRes,ctau3_CtauRes,f2_CtauRes,fDF12,fDFSS,fDLIV,fDSS12,f_CtauRes,lambdaDDS_Bkg,lambdaDF_Bkg1,lambdaDF_Bkg2,lambdaDSS_Bkg1,lambdaDSS_Bkg2,rS21_CtauRes,rS32_CtauRes,s1_CtauRes,zeroMean) ]
     p.d.f value is less than zero (-0.059339), forcing value to zero @ !refCoefNorm=(ctau3D = -0.0422822,ctau3DErr = 0.0142246), !pdfs=(pdfCTAUDSS = 0.328/1,pdfCTAUDF = 39.5553/1), !coefficients=(fDFSS = 1.00987)
     p.d.f value is less than zero (-0.095371), forcing value to zero @ !refCoefNorm=(ctau3D = -0.0720764,ctau3DErr = 0.0231641), !pdfs=(pdfCTAUDSS = 0.281066/1,pdfCTAUDF = 38.4042/1), !coefficients=(fDFSS = 1.00987)

[#0] WARNING:Minization -- RooMinimizerFcn: Minimized function has error status.
Returning maximum FCN so far (-150.046) to force MIGRAD to back out of this region. Error log follows
Parameter values: N_Bkg=27.214, b_Bkg=0.721973, fDF12=0.00134975, fDFSS=1.00967, fDLIV=0.999999, fDSS12=0.0300136, lambdaDDS_Bkg=0.399938, lambdaDF_Bkg1=0.808049, lambdaDF_Bkg2=0.998784, lambdaDSS_Bkg1=0.0833774, lambdaDSS_Bkg2=0.369265
PID1452999/RooRealMPFE::nll_pdfTot_Bkg_dataw_Bkg_5a1fdb9e29d0_MPFE7[ arg=nll_pdfTot_Bkg_dataw_Bkg_GOF7 vars=(N_Bkg,b_Bkg,ctau1_CtauRes,ctau2_CtauRes,ctau3_CtauRes,f2_CtauRes,fDF12,fDFSS,fDLIV,fDSS12,f_CtauRes,lambdaDDS_Bkg,lambdaDF_Bkg1,lambdaDF_Bkg2,lambdaDSS_Bkg1,lambdaDSS_Bkg2,rS21_CtauRes,rS32_CtauRes,s1_CtauRes,zeroMean) ]
     p.d.f value is less than zero (-0.014982), forcing value to zero @ !refCoefNorm=(ctau3D = -0.0422822,ctau3DErr = 0.0142246), !pdfs=(pdfCTAUDSS = 0.362901/1,pdfCTAUDF = 39.4488/1), !coefficients=(fDFSS = 1.00967)
     p.d.f value is less than zero (-0.059161), forcing value to zero @ !refCoefNorm=(ctau3D = -0.0720764,ctau3DErr = 0.0231641), !pdfs=(pdfCTAUDSS = 0.308187/1,pdfCTAUDF = 38.3043/1), !coefficients=(fDFSS = 1.00967)

[#0] WARNING:Minization -- RooMinimizerFcn: Minimized function has error status.
Returning maximum FCN so far (-150.046) to force MIGRAD to back out of this region. Error log follows
Parameter values: N_Bkg=31.0035, b_Bkg=0.70338, fDF12=0.000517973, fDFSS=1.00953, fDLIV=1, fDSS12=0.0300127, lambdaDDS_Bkg=0.399942, lambdaDF_Bkg1=0.791552, lambdaDF_Bkg2=0.993103, lambdaDSS_Bkg1=0.0133612, lambdaDSS_Bkg2=0.364864
PID1452999/RooRealMPFE::nll_pdfTot_Bkg_dataw_Bkg_5a1fdb9e29d0_MPFE7[ arg=nll_pdfTot_Bkg_dataw_Bkg_GOF7 vars=(N_Bkg,b_Bkg,ctau1_CtauRes,ctau2_CtauRes,ctau3_CtauRes,f2_CtauRes,fDF12,fDFSS,fDLIV,fDSS12,f_CtauRes,lambdaDDS_Bkg,lambdaDF_Bkg1,lambdaDF_Bkg2,lambdaDSS_Bkg1,lambdaDSS_Bkg2,rS21_CtauRes,rS32_CtauRes,s1_CtauRes,zeroMean) ]
     p.d.f value is less than zero (-0.004331), forcing value to zero @ !refCoefNorm=(ctau3D = -0.0720764,ctau3DErr = 0.0231641), !pdfs=(pdfCTAUDSS = 0.358942/1,pdfCTAUDF = 38.4852/1), !coefficients=(fDFSS = 1.00953)

[#0] WARNING:Minization -- RooMinimizerFcn: Minimized function has error status.
Returning maximum FCN so far (-150.046) to force MIGRAD to back out of this region. Error log follows
Parameter values: N_Bkg=43.4037, b_Bkg=0.731435, fDF12=0.145967, fDFSS=1.00991, fDLIV=1, fDSS12=0.0138734, lambdaDDS_Bkg=0.399942, lambdaDF_Bkg1=0.790597, lambdaDF_Bkg2=0.995618, lambdaDSS_Bkg1=0.999968, lambdaDSS_Bkg2=0.364627
PID1452999/RooRealMPFE::nll_pdfTot_Bkg_dataw_Bkg_5a1fdb9e29d0_MPFE7[ arg=nll_pdfTot_Bkg_dataw_Bkg_GOF7 vars=(N_Bkg,b_Bkg,ctau1_CtauRes,ctau2_CtauRes,ctau3_CtauRes,f2_CtauRes,fDF12,fDFSS,fDLIV,fDSS12,f_CtauRes,lambdaDDS_Bkg,lambdaDF_Bkg1,lambdaDF_Bkg2,lambdaDSS_Bkg1,lambdaDSS_Bkg2,rS21_CtauRes,rS32_CtauRes,s1_CtauRes,zeroMean) ]
     p.d.f value is less than zero (-0.065639), forcing value to zero @ !refCoefNorm=(ctau3D = -0.0422822,ctau3DErr = 0.0142246), !pdfs=(pdfCTAUDSS = 0.33616/1,pdfCTAUDF = 40.8814/1), !coefficients=(fDFSS = 1.00991)
     p.d.f value is less than zero (-0.102190), forcing value to zero @ !refCoefNorm=(ctau3D = -0.0720764,ctau3DErr = 0.0231641), !pdfs=(pdfCTAUDSS = 0.287778/1,pdfCTAUDF = 39.6392/1), !coefficients=(fDFSS = 1.00991)

[#0] WARNING:Minization -- RooMinimizerFcn: Minimized function has error status.
Returning maximum FCN so far (-150.046) to force MIGRAD to back out of this region. Error log follows
Parameter values: N_Bkg=35.4369, b_Bkg=0.686845, fDF12=0.000128543, fDFSS=1.0094, fDLIV=1, fDSS12=0.0252281, lambdaDDS_Bkg=0.399945, lambdaDF_Bkg1=0.775371, lambdaDF_Bkg2=0.985304, lambdaDSS_Bkg1=0.0844676, lambdaDSS_Bkg2=0.360682
PID1452999/RooRealMPFE::nll_pdfTot_Bkg_dataw_Bkg_5a1fdb9e29d0_MPFE7[ arg=nll_pdfTot_Bkg_dataw_Bkg_GOF7 vars=(N_Bkg,b_Bkg,ctau1_CtauRes,ctau2_CtauRes,ctau3_CtauRes,f2_CtauRes,fDF12,fDFSS,fDLIV,fDSS12,f_CtauRes,lambdaDDS_Bkg,lambdaDF_Bkg1,lambdaDF_Bkg2,lambdaDSS_Bkg1,lambdaDSS_Bkg2,rS21_CtauRes,rS32_CtauRes,s1_CtauRes,zeroMean) ]
     p.d.f value is less than zero (-0.006410), forcing value to zero @ !refCoefNorm=(ctau3D = -0.0422822,ctau3DErr = 0.0142246), !pdfs=(pdfCTAUDSS = 0.365472/1,pdfCTAUDF = 39.9157/1), !coefficients=(fDFSS = 1.0094)
     p.d.f value is less than zero (-0.050728), forcing value to zero @ !refCoefNorm=(ctau3D = -0.0720764,ctau3DErr = 0.0231641), !pdfs=(pdfCTAUDSS = 0.310637/1,pdfCTAUDF = 38.7424/1), !coefficients=(fDFSS = 1.0094)

[#0] WARNING:Minization -- RooMinimizerFcn: Minimized function has error status.
Returning maximum FCN so far (-150.046) to force MIGRAD to back out of this region. Error log follows
Parameter values: N_Bkg=47.0034, b_Bkg=0.724843, fDF12=0.406436, fDFSS=1.00989, fDLIV=1, fDSS12=0.189995, lambdaDDS_Bkg=0.399944, lambdaDF_Bkg1=0.782697, lambdaDF_Bkg2=0.997099, lambdaDSS_Bkg1=0.306626, lambdaDSS_Bkg2=0.36144
PID1452999/RooRealMPFE::nll_pdfTot_Bkg_dataw_Bkg_5a1fdb9e29d0_MPFE7[ arg=nll_pdfTot_Bkg_dataw_Bkg_GOF7 vars=(N_Bkg,b_Bkg,ctau1_CtauRes,ctau2_CtauRes,ctau3_CtauRes,f2_CtauRes,fDF12,fDFSS,fDLIV,fDSS12,f_CtauRes,lambdaDDS_Bkg,lambdaDF_Bkg1,lambdaDF_Bkg2,lambdaDSS_Bkg1,lambdaDSS_Bkg2,rS21_CtauRes,rS32_CtauRes,s1_CtauRes,zeroMean) ]
     p.d.f value is less than zero (-0.073059), forcing value to zero @ !refCoefNorm=(ctau3D = -0.0422822,ctau3DErr = 0.0142246), !pdfs=(pdfCTAUDSS = 0.352786/1,pdfCTAUDF = 43.412/1), !coefficients=(fDFSS = 1.00989)
     p.d.f value is less than zero (-0.110795), forcing value to zero @ !refCoefNorm=(ctau3D = -0.0720764,ctau3DErr = 0.0231641), !pdfs=(pdfCTAUDSS = 0.301533/1,pdfCTAUDF = 41.994/1), !coefficients=(fDFSS = 1.00989)

[#0] WARNING:Minization -- RooMinimizerFcn: Minimized function has error status.
Returning maximum FCN so far (-150.046) to force MIGRAD to back out of this region. Error log follows
Parameter values: N_Bkg=35.6154, b_Bkg=0.686616, fDF12=0.00074112, fDFSS=1.0094, fDLIV=1, fDSS12=0.0200758, lambdaDDS_Bkg=0.399945, lambdaDF_Bkg1=0.775008, lambdaDF_Bkg2=0.985268, lambdaDSS_Bkg1=0.0099112, lambdaDSS_Bkg2=0.360533
PID1452999/RooRealMPFE::nll_pdfTot_Bkg_dataw_Bkg_5a1fdb9e29d0_MPFE7[ arg=nll_pdfTot_Bkg_dataw_Bkg_GOF7 vars=(N_Bkg,b_Bkg,ctau1_CtauRes,ctau2_CtauRes,ctau3_CtauRes,f2_CtauRes,fDF12,fDFSS,fDLIV,fDSS12,f_CtauRes,lambdaDDS_Bkg,lambdaDF_Bkg1,lambdaDF_Bkg2,lambdaDSS_Bkg1,lambdaDSS_Bkg2,rS21_CtauRes,rS32_CtauRes,s1_CtauRes,zeroMean) ]
     p.d.f value is less than zero (-0.017193), forcing value to zero @ !refCoefNorm=(ctau3D = -0.0720764,ctau3DErr = 0.0231641), !pdfs=(pdfCTAUDSS = 0.343898/1,pdfCTAUDF = 38.7491/1), !coefficients=(fDFSS = 1.0094)

[#0] WARNING:Minization -- RooMinimizerFcn: Minimized function has error status.
Returning maximum FCN so far (-150.046) to force MIGRAD to back out of this region. Error log follows
Parameter values: N_Bkg=49.3749, b_Bkg=0.716249, fDF12=0.336684, fDFSS=1.00991, fDLIV=1, fDSS12=0.0261151, lambdaDDS_Bkg=0.399945, lambdaDF_Bkg1=0.759057, lambdaDF_Bkg2=0.995773, lambdaDSS_Bkg1=0.00148331, lambdaDSS_Bkg2=0.360375
PID1452999/RooRealMPFE::nll_pdfTot_Bkg_dataw_Bkg_5a1fdb9e29d0_MPFE7[ arg=nll_pdfTot_Bkg_dataw_Bkg_GOF7 vars=(N_Bkg,b_Bkg,ctau1_CtauRes,ctau2_CtauRes,ctau3_CtauRes,f2_CtauRes,fDF12,fDFSS,fDLIV,fDSS12,f_CtauRes,lambdaDDS_Bkg,lambdaDF_Bkg1,lambdaDF_Bkg2,lambdaDSS_Bkg1,lambdaDSS_Bkg2,rS21_CtauRes,rS32_CtauRes,s1_CtauRes,zeroMean) ]
     p.d.f value is less than zero (-0.026779), forcing value to zero @ !refCoefNorm=(ctau3D = -0.0720764,ctau3DErr = 0.0231641), !pdfs=(pdfCTAUDSS = 0.383977/1,pdfCTAUDF = 41.8321/1), !coefficients=(fDFSS = 1.00991)

[#0] WARNING:Minization -- RooMinimizerFcn: Minimized function has error status.
Returning maximum FCN so far (-150.046) to force MIGRAD to back out of this region. Error log follows
Parameter values: N_Bkg=56.4505, b_Bkg=0.731465, fDF12=0.465686, fDFSS=1.00999, fDLIV=1, fDSS12=0.0335684, lambdaDDS_Bkg=0.399944, lambdaDF_Bkg1=0.302387, lambdaDF_Bkg2=0.976265, lambdaDSS_Bkg1=0.00010424, lambdaDSS_Bkg2=0.359988
PID1452999/RooRealMPFE::nll_pdfTot_Bkg_dataw_Bkg_5a1fdb9e29d0_MPFE7[ arg=nll_pdfTot_Bkg_dataw_Bkg_GOF7 vars=(N_Bkg,b_Bkg,ctau1_CtauRes,ctau2_CtauRes,ctau3_CtauRes,f2_CtauRes,fDF12,fDFSS,fDLIV,fDSS12,f_CtauRes,lambdaDDS_Bkg,lambdaDF_Bkg1,lambdaDF_Bkg2,lambdaDSS_Bkg1,lambdaDSS_Bkg2,rS21_CtauRes,rS32_CtauRes,s1_CtauRes,zeroMean) ]
     p.d.f value is less than zero (-0.139038), forcing value to zero @ !refCoefNorm=(ctau3D = -0.0422822,ctau3DErr = 0.0142246), !pdfs=(pdfCTAUDSS = 0.609912/1,pdfCTAUDF = 75.5444/1), !coefficients=(fDFSS = 1.00999)
     p.d.f value is less than zero (-0.274259), forcing value to zero @ !refCoefNorm=(ctau3D = -0.0720764,ctau3DErr = 0.0231641), !pdfs=(pdfCTAUDSS = 0.420283/1,pdfCTAUDF = 69.911/1), !coefficients=(fDFSS = 1.00999)

[#0] WARNING:Minization -- RooMinimizerFcn: Minimized function has error status.
Returning maximum FCN so far (-150.046) to force MIGRAD to back out of this region. Error log follows
Parameter values: N_Bkg=36.6674, b_Bkg=0.688576, fDF12=0.327935, fDFSS=1.00946, fDLIV=1, fDSS12=0.029292, lambdaDDS_Bkg=0.399945, lambdaDF_Bkg1=0.832701, lambdaDF_Bkg2=0.988614, lambdaDSS_Bkg1=0.00488172, lambdaDSS_Bkg2=0.360457
PID1452999/RooRealMPFE::nll_pdfTot_Bkg_dataw_Bkg_5a1fdb9e29d0_MPFE7[ arg=nll_pdfTot_Bkg_dataw_Bkg_GOF7 vars=(N_Bkg,b_Bkg,ctau1_CtauRes,ctau2_CtauRes,ctau3_CtauRes,f2_CtauRes,fDF12,fDFSS,fDLIV,fDSS12,f_CtauRes,lambdaDDS_Bkg,lambdaDF_Bkg1,lambdaDF_Bkg2,lambdaDSS_Bkg1,lambdaDSS_Bkg2,rS21_CtauRes,rS32_CtauRes,s1_CtauRes,zeroMean) ]
     p.d.f value is less than zero (-0.000428), forcing value to zero @ !refCoefNorm=(ctau3D = -0.0720764,ctau3DErr = 0.0231641), !pdfs=(pdfCTAUDSS = 0.380569/1,pdfCTAUDF = 40.6598/1), !coefficients=(fDFSS = 1.00946)

[#0] WARNING:Minization -- RooMinimizerFcn: Minimized function has error status.
Returning maximum FCN so far (-150.046) to force MIGRAD to back out of this region. Error log follows
Parameter values: N_Bkg=36.6674, b_Bkg=0.688576, fDF12=0.327935, fDFSS=1.00946, fDLIV=1, fDSS12=0.029292, lambdaDDS_Bkg=0.399945, lambdaDF_Bkg1=0.832701, lambdaDF_Bkg2=0.988614, lambdaDSS_Bkg1=0.00488172, lambdaDSS_Bkg2=0.360457
PID1452999/RooRealMPFE::nll_pdfTot_Bkg_dataw_Bkg_5a1fdb9e29d0_MPFE7[ arg=nll_pdfTot_Bkg_dataw_Bkg_GOF7 vars=(N_Bkg,b_Bkg,ctau1_CtauRes,ctau2_CtauRes,ctau3_CtauRes,f2_CtauRes,fDF12,fDFSS,fDLIV,fDSS12,f_CtauRes,lambdaDDS_Bkg,lambdaDF_Bkg1,lambdaDF_Bkg2,lambdaDSS_Bkg1,lambdaDSS_Bkg2,rS21_CtauRes,rS32_CtauRes,s1_CtauRes,zeroMean) ]
     p.d.f value is less than zero (-0.000428), forcing value to zero @ !refCoefNorm=(ctau3D = -0.0720764,ctau3DErr = 0.0231641), !pdfs=(pdfCTAUDSS = 0.380569/1,pdfCTAUDF = 40.6598/1), !coefficients=(fDFSS = 1.00946)

[#0] WARNING:Minization -- RooMinimizerFcn: Minimized function has error status.
Returning maximum FCN so far (-150.046) to force MIGRAD to back out of this region. Error log follows
Parameter values: N_Bkg=36.6674, b_Bkg=0.688576, fDF12=0.285591, fDFSS=1.00955, fDLIV=1, fDSS12=0.029292, lambdaDDS_Bkg=0.399945, lambdaDF_Bkg1=0.832701, lambdaDF_Bkg2=0.988614, lambdaDSS_Bkg1=0.00488172, lambdaDSS_Bkg2=0.360457
PID1452999/RooRealMPFE::nll_pdfTot_Bkg_dataw_Bkg_5a1fdb9e29d0_MPFE7[ arg=nll_pdfTot_Bkg_dataw_Bkg_GOF7 vars=(N_Bkg,b_Bkg,ctau1_CtauRes,ctau2_CtauRes,ctau3_CtauRes,f2_CtauRes,fDF12,fDFSS,fDLIV,fDSS12,f_CtauRes,lambdaDDS_Bkg,lambdaDF_Bkg1,lambdaDF_Bkg2,lambdaDSS_Bkg1,lambdaDSS_Bkg2,rS21_CtauRes,rS32_CtauRes,s1_CtauRes,zeroMean) ]
     p.d.f value is less than zero (-0.001718), forcing value to zero @ !refCoefNorm=(ctau3D = -0.0720764,ctau3DErr = 0.0231641), !pdfs=(pdfCTAUDSS = 0.380569/1,pdfCTAUDF = 40.3977/1), !coefficients=(fDFSS = 1.00955)

[#0] WARNING:Minization -- RooMinimizerFcn: Minimized function has error status.
Returning maximum FCN so far (-150.046) to force MIGRAD to back out of this region. Error log follows
Parameter values: N_Bkg=36.6674, b_Bkg=0.688576, fDF12=0.285591, fDFSS=1.00955, fDLIV=1, fDSS12=0.029292, lambdaDDS_Bkg=0.399945, lambdaDF_Bkg1=0.832701, lambdaDF_Bkg2=0.988614, lambdaDSS_Bkg1=0.00488172, lambdaDSS_Bkg2=0.360457
PID1452999/RooRealMPFE::nll_pdfTot_Bkg_dataw_Bkg_5a1fdb9e29d0_MPFE7[ arg=nll_pdfTot_Bkg_dataw_Bkg_GOF7 vars=(N_Bkg,b_Bkg,ctau1_CtauRes,ctau2_CtauRes,ctau3_CtauRes,f2_CtauRes,fDF12,fDFSS,fDLIV,fDSS12,f_CtauRes,lambdaDDS_Bkg,lambdaDF_Bkg1,lambdaDF_Bkg2,lambdaDSS_Bkg1,lambdaDSS_Bkg2,rS21_CtauRes,rS32_CtauRes,s1_CtauRes,zeroMean) ]
     p.d.f value is less than zero (-0.001718), forcing value to zero @ !refCoefNorm=(ctau3D = -0.0720764,ctau3DErr = 0.0231641), !pdfs=(pdfCTAUDSS = 0.380569/1,pdfCTAUDF = 40.3977/1), !coefficients=(fDFSS = 1.00955)

[#0] WARNING:Minization -- RooMinimizerFcn: Minimized function has error status.
Returning maximum FCN so far (-150.046) to force MIGRAD to back out of this region. Error log follows
Parameter values: N_Bkg=36.6674, b_Bkg=0.688576, fDF12=0.285591, fDFSS=1.00946, fDLIV=1, fDSS12=0.0282267, lambdaDDS_Bkg=0.399945, lambdaDF_Bkg1=0.832701, lambdaDF_Bkg2=0.988614, lambdaDSS_Bkg1=0.00488172, lambdaDSS_Bkg2=0.360457
PID1452999/RooRealMPFE::nll_pdfTot_Bkg_dataw_Bkg_5a1fdb9e29d0_MPFE7[ arg=nll_pdfTot_Bkg_dataw_Bkg_GOF7 vars=(N_Bkg,b_Bkg,ctau1_CtauRes,ctau2_CtauRes,ctau3_CtauRes,f2_CtauRes,fDF12,fDFSS,fDLIV,fDSS12,f_CtauRes,lambdaDDS_Bkg,lambdaDF_Bkg1,lambdaDF_Bkg2,lambdaDSS_Bkg1,lambdaDSS_Bkg2,rS21_CtauRes,rS32_CtauRes,s1_CtauRes,zeroMean) ]
     p.d.f value is less than zero (-0.001152), forcing value to zero @ !refCoefNorm=(ctau3D = -0.0720764,ctau3DErr = 0.0231641), !pdfs=(pdfCTAUDSS = 0.377396/1,pdfCTAUDF = 40.3977/1), !coefficients=(fDFSS = 1.00946)

[#0] WARNING:Minization -- RooMinimizerFcn: Minimized function has error status.
Returning maximum FCN so far (-150.046) to force MIGRAD to back out of this region. Error log follows
Parameter values: N_Bkg=36.6674, b_Bkg=0.688576, fDF12=0.285591, fDFSS=1.00946, fDLIV=1, fDSS12=0.0282336, lambdaDDS_Bkg=0.399945, lambdaDF_Bkg1=0.832701, lambdaDF_Bkg2=0.988614, lambdaDSS_Bkg1=0.00488172, lambdaDSS_Bkg2=0.360457
PID1452999/RooRealMPFE::nll_pdfTot_Bkg_dataw_Bkg_5a1fdb9e29d0_MPFE7[ arg=nll_pdfTot_Bkg_dataw_Bkg_GOF7 vars=(N_Bkg,b_Bkg,ctau1_CtauRes,ctau2_CtauRes,ctau3_CtauRes,f2_CtauRes,fDF12,fDFSS,fDLIV,fDSS12,f_CtauRes,lambdaDDS_Bkg,lambdaDF_Bkg1,lambdaDF_Bkg2,lambdaDSS_Bkg1,lambdaDSS_Bkg2,rS21_CtauRes,rS32_CtauRes,s1_CtauRes,zeroMean) ]
     p.d.f value is less than zero (-0.001132), forcing value to zero @ !refCoefNorm=(ctau3D = -0.0720764,ctau3DErr = 0.0231641), !pdfs=(pdfCTAUDSS = 0.377416/1,pdfCTAUDF = 40.3977/1), !coefficients=(fDFSS = 1.00946)

[#0] WARNING:Minization -- RooMinimizerFcn: Minimized function has error status.
Returning maximum FCN so far (-150.046) to force MIGRAD to back out of this region. Error log follows
Parameter values: N_Bkg=36.6674, b_Bkg=0.688576, fDF12=0.285591, fDFSS=1.00946, fDLIV=1, fDSS12=0.029292, lambdaDDS_Bkg=0.399945, lambdaDF_Bkg1=0.770536, lambdaDF_Bkg2=0.988614, lambdaDSS_Bkg1=0.00488172, lambdaDSS_Bkg2=0.360457
PID1452999/RooRealMPFE::nll_pdfTot_Bkg_dataw_Bkg_5a1fdb9e29d0_MPFE7[ arg=nll_pdfTot_Bkg_dataw_Bkg_GOF7 vars=(N_Bkg,b_Bkg,ctau1_CtauRes,ctau2_CtauRes,ctau3_CtauRes,f2_CtauRes,fDF12,fDFSS,fDLIV,fDSS12,f_CtauRes,lambdaDDS_Bkg,lambdaDF_Bkg1,lambdaDF_Bkg2,lambdaDSS_Bkg1,lambdaDSS_Bkg2,rS21_CtauRes,rS32_CtauRes,s1_CtauRes,zeroMean) ]
     p.d.f value is less than zero (-0.006465), forcing value to zero @ !refCoefNorm=(ctau3D = -0.0720764,ctau3DErr = 0.0231641), !pdfs=(pdfCTAUDSS = 0.380569/1,pdfCTAUDF = 41.2981/1), !coefficients=(fDFSS = 1.00946)

[#0] WARNING:Minization -- RooMinimizerFcn: Minimized function has error status.
Returning maximum FCN so far (-150.046) to force MIGRAD to back out of this region. Error log follows
Parameter values: N_Bkg=36.6674, b_Bkg=0.688576, fDF12=0.285591, fDFSS=1.00946, fDLIV=1, fDSS12=0.029292, lambdaDDS_Bkg=0.399945, lambdaDF_Bkg1=0.808929, lambdaDF_Bkg2=0.988614, lambdaDSS_Bkg1=0.00488172, lambdaDSS_Bkg2=0.360457
PID1452999/RooRealMPFE::nll_pdfTot_Bkg_dataw_Bkg_5a1fdb9e29d0_MPFE7[ arg=nll_pdfTot_Bkg_dataw_Bkg_GOF7 vars=(N_Bkg,b_Bkg,ctau1_CtauRes,ctau2_CtauRes,ctau3_CtauRes,f2_CtauRes,fDF12,fDFSS,fDLIV,fDSS12,f_CtauRes,lambdaDDS_Bkg,lambdaDF_Bkg1,lambdaDF_Bkg2,lambdaDSS_Bkg1,lambdaDSS_Bkg2,rS21_CtauRes,rS32_CtauRes,s1_CtauRes,zeroMean) ]
     p.d.f value is less than zero (-0.001056), forcing value to zero @ !refCoefNorm=(ctau3D = -0.0720764,ctau3DErr = 0.0231641), !pdfs=(pdfCTAUDSS = 0.380569/1,pdfCTAUDF = 40.7262/1), !coefficients=(fDFSS = 1.00946)

[#0] WARNING:Minization -- RooMinimizerFcn: Minimized function has error status.
Returning maximum FCN so far (-150.046) to force MIGRAD to back out of this region. Error log follows
Parameter values: N_Bkg=45.3344, b_Bkg=0.727286, fDF12=0.585613, fDFSS=1.00995, fDLIV=1, fDSS12=0.0227628, lambdaDDS_Bkg=0.399944, lambdaDF_Bkg1=0.867606, lambdaDF_Bkg2=0.990799, lambdaDSS_Bkg1=0.0033082, lambdaDSS_Bkg2=0.358764
PID1452999/RooRealMPFE::nll_pdfTot_Bkg_dataw_Bkg_5a1fdb9e29d0_MPFE7[ arg=nll_pdfTot_Bkg_dataw_Bkg_GOF7 vars=(N_Bkg,b_Bkg,ctau1_CtauRes,ctau2_CtauRes,ctau3_CtauRes,f2_CtauRes,fDF12,fDFSS,fDLIV,fDSS12,f_CtauRes,lambdaDDS_Bkg,lambdaDF_Bkg1,lambdaDF_Bkg2,lambdaDSS_Bkg1,lambdaDSS_Bkg2,rS21_CtauRes,rS32_CtauRes,s1_CtauRes,zeroMean) ]
     p.d.f value is less than zero (-0.040506), forcing value to zero @ !refCoefNorm=(ctau3D = -0.0720764,ctau3DErr = 0.0231641), !pdfs=(pdfCTAUDSS = 0.366838/1,pdfCTAUDF = 41.3006/1), !coefficients=(fDFSS = 1.00995)

[#0] WARNING:Minization -- RooMinimizerFcn: Minimized function has error status.
Returning maximum FCN so far (-150.046) to force MIGRAD to back out of this region. Error log follows
Parameter values: N_Bkg=44.1584, b_Bkg=0.738324, fDF12=0.789077, fDFSS=1.00998, fDLIV=1, fDSS12=0.0153677, lambdaDDS_Bkg=0.399943, lambdaDF_Bkg1=0.987253, lambdaDF_Bkg2=0.982595, lambdaDSS_Bkg1=0.0050788, lambdaDSS_Bkg2=0.356927
PID1452999/RooRealMPFE::nll_pdfTot_Bkg_dataw_Bkg_5a1fdb9e29d0_MPFE7[ arg=nll_pdfTot_Bkg_dataw_Bkg_GOF7 vars=(N_Bkg,b_Bkg,ctau1_CtauRes,ctau2_CtauRes,ctau3_CtauRes,f2_CtauRes,fDF12,fDFSS,fDLIV,fDSS12,f_CtauRes,lambdaDDS_Bkg,lambdaDF_Bkg1,lambdaDF_Bkg2,lambdaDSS_Bkg1,lambdaDSS_Bkg2,rS21_CtauRes,rS32_CtauRes,s1_CtauRes,zeroMean) ]
     p.d.f value is less than zero (-0.041682), forcing value to zero @ !refCoefNorm=(ctau3D = -0.0720764,ctau3DErr = 0.0231641), !pdfs=(pdfCTAUDSS = 0.341359/1,pdfCTAUDF = 38.7089/1), !coefficients=(fDFSS = 1.00998)

[#0] WARNING:Minization -- RooMinimizerFcn: Minimized function has error status.
Returning maximum FCN so far (-150.046) to force MIGRAD to back out of this region. Error log follows
Parameter values: N_Bkg=44.9846, b_Bkg=0.720111, fDF12=0.878711, fDFSS=1.00985, fDLIV=0.999999, fDSS12=0.0121912, lambdaDDS_Bkg=0.399941, lambdaDF_Bkg1=0.999675, lambdaDF_Bkg2=0.999111, lambdaDSS_Bkg1=0.00074076, lambdaDSS_Bkg2=0.354468
PID1452999/RooRealMPFE::nll_pdfTot_Bkg_dataw_Bkg_5a1fdb9e29d0_MPFE7[ arg=nll_pdfTot_Bkg_dataw_Bkg_GOF7 vars=(N_Bkg,b_Bkg,ctau1_CtauRes,ctau2_CtauRes,ctau3_CtauRes,f2_CtauRes,fDF12,fDFSS,fDLIV,fDSS12,f_CtauRes,lambdaDDS_Bkg,lambdaDF_Bkg1,lambdaDF_Bkg2,lambdaDSS_Bkg1,lambdaDSS_Bkg2,rS21_CtauRes,rS32_CtauRes,s1_CtauRes,zeroMean) ]
     p.d.f value is less than zero (-0.031581), forcing value to zero @ !refCoefNorm=(ctau3D = -0.0720764,ctau3DErr = 0.0231641), !pdfs=(pdfCTAUDSS = 0.341921/1,pdfCTAUDF = 38.267/1), !coefficients=(fDFSS = 1.00985)

[#0] WARNING:Minization -- RooMinimizerFcn: Minimized function has error status.
Returning maximum FCN so far (-150.046) to force MIGRAD to back out of this region. Error log follows
Parameter values: N_Bkg=45.1841, b_Bkg=0.724251, fDF12=0.913518, fDFSS=1.00993, fDLIV=0.999998, fDSS12=0.0128426, lambdaDDS_Bkg=0.399936, lambdaDF_Bkg1=0.997902, lambdaDF_Bkg2=0.994284, lambdaDSS_Bkg1=0.000386716, lambdaDSS_Bkg2=0.353856
PID1452999/RooRealMPFE::nll_pdfTot_Bkg_dataw_Bkg_5a1fdb9e29d0_MPFE7[ arg=nll_pdfTot_Bkg_dataw_Bkg_GOF7 vars=(N_Bkg,b_Bkg,ctau1_CtauRes,ctau2_CtauRes,ctau3_CtauRes,f2_CtauRes,fDF12,fDFSS,fDLIV,fDSS12,f_CtauRes,lambdaDDS_Bkg,lambdaDF_Bkg1,lambdaDF_Bkg2,lambdaDSS_Bkg1,lambdaDSS_Bkg2,rS21_CtauRes,rS32_CtauRes,s1_CtauRes,zeroMean) ]
     p.d.f value is less than zero (-0.031262), forcing value to zero @ !refCoefNorm=(ctau3D = -0.0720764,ctau3DErr = 0.0231641), !pdfs=(pdfCTAUDSS = 0.345787/1,pdfCTAUDF = 38.3331/1), !coefficients=(fDFSS = 1.00993)

[#0] WARNING:Minization -- RooMinimizerFcn: Minimized function has error status.
Returning maximum FCN so far (-150.046) to force MIGRAD to back out of this region. Error log follows
Parameter values: N_Bkg=45.2077, b_Bkg=0.729704, fDF12=0.977575, fDFSS=1.00998, fDLIV=0.999996, fDSS12=0.0165974, lambdaDDS_Bkg=0.399927, lambdaDF_Bkg1=0.997668, lambdaDF_Bkg2=0.984995, lambdaDSS_Bkg1=0.000401103, lambdaDSS_Bkg2=0.354217
PID1452999/RooRealMPFE::nll_pdfTot_Bkg_dataw_Bkg_5a1fdb9e29d0_MPFE7[ arg=nll_pdfTot_Bkg_dataw_Bkg_GOF7 vars=(N_Bkg,b_Bkg,ctau1_CtauRes,ctau2_CtauRes,ctau3_CtauRes,f2_CtauRes,fDF12,fDFSS,fDLIV,fDSS12,f_CtauRes,lambdaDDS_Bkg,lambdaDF_Bkg1,lambdaDF_Bkg2,lambdaDSS_Bkg1,lambdaDSS_Bkg2,rS21_CtauRes,rS32_CtauRes,s1_CtauRes,zeroMean) ]
     p.d.f value is less than zero (-0.019581), forcing value to zero @ !refCoefNorm=(ctau3D = -0.0720764,ctau3DErr = 0.0231641), !pdfs=(pdfCTAUDSS = 0.359339/1,pdfCTAUDF = 38.3399/1), !coefficients=(fDFSS = 1.00998)

[#0] WARNING:Minization -- RooMinimizerFcn: Minimized function has error status.
Returning maximum FCN so far (-150.046) to force MIGRAD to back out of this region. Error log follows
Parameter values: N_Bkg=45.1701, b_Bkg=0.732369, fDF12=0.999778, fDFSS=1.00999, fDLIV=0.99999, fDSS12=0.020187, lambdaDDS_Bkg=0.399909, lambdaDF_Bkg1=0.999007, lambdaDF_Bkg2=0.97993, lambdaDSS_Bkg1=0.000501596, lambdaDSS_Bkg2=0.354619
PID1452999/RooRealMPFE::nll_pdfTot_Bkg_dataw_Bkg_5a1fdb9e29d0_MPFE7[ arg=nll_pdfTot_Bkg_dataw_Bkg_GOF7 vars=(N_Bkg,b_Bkg,ctau1_CtauRes,ctau2_CtauRes,ctau3_CtauRes,f2_CtauRes,fDF12,fDFSS,fDLIV,fDSS12,f_CtauRes,lambdaDDS_Bkg,lambdaDF_Bkg1,lambdaDF_Bkg2,lambdaDSS_Bkg1,lambdaDSS_Bkg2,rS21_CtauRes,rS32_CtauRes,s1_CtauRes,zeroMean) ]
     p.d.f value is less than zero (-0.006927), forcing value to zero @ !refCoefNorm=(ctau3D = -0.0720764,ctau3DErr = 0.0231641), !pdfs=(pdfCTAUDSS = 0.371817/1,pdfCTAUDF = 38.2867/1), !coefficients=(fDFSS = 1.00999)

[#0] WARNING:Minization -- RooMinimizerFcn: Minimized function has error status.
Returning maximum FCN so far (-150.046) to force MIGRAD to back out of this region. Error log follows
Parameter values: N_Bkg=45.1378, b_Bkg=0.733576, fDF12=0.963936, fDFSS=1.00999, fDLIV=0.999976, fDSS12=0.022191, lambdaDDS_Bkg=0.399873, lambdaDF_Bkg1=0.999575, lambdaDF_Bkg2=0.978125, lambdaDSS_Bkg1=0.000571198, lambdaDSS_Bkg2=0.354698
PID1452999/RooRealMPFE::nll_pdfTot_Bkg_dataw_Bkg_5a1fdb9e29d0_MPFE7[ arg=nll_pdfTot_Bkg_dataw_Bkg_GOF7 vars=(N_Bkg,b_Bkg,ctau1_CtauRes,ctau2_CtauRes,ctau3_CtauRes,f2_CtauRes,fDF12,fDFSS,fDLIV,fDSS12,f_CtauRes,lambdaDDS_Bkg,lambdaDF_Bkg1,lambdaDF_Bkg2,lambdaDSS_Bkg1,lambdaDSS_Bkg2,rS21_CtauRes,rS32_CtauRes,s1_CtauRes,zeroMean) ]
     p.d.f value is less than zero (-0.000105), forcing value to zero @ !refCoefNorm=(ctau3D = -0.0720764,ctau3DErr = 0.0231641), !pdfs=(pdfCTAUDSS = 0.378757/1,pdfCTAUDF = 38.2939/1), !coefficients=(fDFSS = 1.00999)

[#0] WARNING:Minization -- RooMinimizerFcn: Minimized function has error status.
Returning maximum FCN so far (-150.046) to force MIGRAD to back out of this region. Error log follows
Parameter values: N_Bkg=45.1378, b_Bkg=0.733576, fDF12=0.907557, fDFSS=1.00999, fDLIV=0.999976, fDSS12=0.022191, lambdaDDS_Bkg=0.399873, lambdaDF_Bkg1=0.999575, lambdaDF_Bkg2=0.978125, lambdaDSS_Bkg1=0.000571198, lambdaDSS_Bkg2=0.354698
PID1452999/RooRealMPFE::nll_pdfTot_Bkg_dataw_Bkg_5a1fdb9e29d0_MPFE7[ arg=nll_pdfTot_Bkg_dataw_Bkg_GOF7 vars=(N_Bkg,b_Bkg,ctau1_CtauRes,ctau2_CtauRes,ctau3_CtauRes,f2_CtauRes,fDF12,fDFSS,fDLIV,fDSS12,f_CtauRes,lambdaDDS_Bkg,lambdaDF_Bkg1,lambdaDF_Bkg2,lambdaDSS_Bkg1,lambdaDSS_Bkg2,rS21_CtauRes,rS32_CtauRes,s1_CtauRes,zeroMean) ]
     p.d.f value is less than zero (-0.000508), forcing value to zero @ !refCoefNorm=(ctau3D = -0.0720764,ctau3DErr = 0.0231641), !pdfs=(pdfCTAUDSS = 0.378757/1,pdfCTAUDF = 38.3343/1), !coefficients=(fDFSS = 1.00999)

[#0] WARNING:Minization -- RooMinimizerFcn: Minimized function has error status.
Returning maximum FCN so far (-150.046) to force MIGRAD to back out of this region. Error log follows
Parameter values: N_Bkg=45.1378, b_Bkg=0.733576, fDF12=0.962072, fDFSS=1.00999, fDLIV=0.999976, fDSS12=0.022191, lambdaDDS_Bkg=0.399873, lambdaDF_Bkg1=0.999575, lambdaDF_Bkg2=0.978125, lambdaDSS_Bkg1=0.000571198, lambdaDSS_Bkg2=0.354698
PID1452999/RooRealMPFE::nll_pdfTot_Bkg_dataw_Bkg_5a1fdb9e29d0_MPFE7[ arg=nll_pdfTot_Bkg_dataw_Bkg_GOF7 vars=(N_Bkg,b_Bkg,ctau1_CtauRes,ctau2_CtauRes,ctau3_CtauRes,f2_CtauRes,fDF12,fDFSS,fDLIV,fDSS12,f_CtauRes,lambdaDDS_Bkg,lambdaDF_Bkg1,lambdaDF_Bkg2,lambdaDSS_Bkg1,lambdaDSS_Bkg2,rS21_CtauRes,rS32_CtauRes,s1_CtauRes,zeroMean) ]
     p.d.f value is less than zero (-0.000118), forcing value to zero @ !refCoefNorm=(ctau3D = -0.0720764,ctau3DErr = 0.0231641), !pdfs=(pdfCTAUDSS = 0.378757/1,pdfCTAUDF = 38.2952/1), !coefficients=(fDFSS = 1.00999)

[#0] WARNING:Minization -- RooMinimizerFcn: Minimized function has error status.
Returning maximum FCN so far (-150.046) to force MIGRAD to back out of this region. Error log follows
Parameter values: N_Bkg=45.1378, b_Bkg=0.733576, fDF12=0.996531, fDFSS=1.01, fDLIV=0.999976, fDSS12=0.022191, lambdaDDS_Bkg=0.399873, lambdaDF_Bkg1=0.999575, lambdaDF_Bkg2=0.978125, lambdaDSS_Bkg1=0.000571198, lambdaDSS_Bkg2=0.354698
PID1452999/RooRealMPFE::nll_pdfTot_Bkg_dataw_Bkg_5a1fdb9e29d0_MPFE7[ arg=nll_pdfTot_Bkg_dataw_Bkg_GOF7 vars=(N_Bkg,b_Bkg,ctau1_CtauRes,ctau2_CtauRes,ctau3_CtauRes,f2_CtauRes,fDF12,fDFSS,fDLIV,fDSS12,f_CtauRes,lambdaDDS_Bkg,lambdaDF_Bkg1,lambdaDF_Bkg2,lambdaDSS_Bkg1,lambdaDSS_Bkg2,rS21_CtauRes,rS32_CtauRes,s1_CtauRes,zeroMean) ]
     p.d.f value is less than zero (-0.000151), forcing value to zero @ !refCoefNorm=(ctau3D = -0.0720764,ctau3DErr = 0.0231641), !pdfs=(pdfCTAUDSS = 0.378757/1,pdfCTAUDF = 38.2705/1), !coefficients=(fDFSS = 1.01)

[#0] WARNING:Minization -- RooMinimizerFcn: Minimized function has error status.
Returning maximum FCN so far (-150.046) to force MIGRAD to back out of this region. Error log follows
Parameter values: N_Bkg=45.1378, b_Bkg=0.733576, fDF12=0.996531, fDFSS=1.01, fDLIV=0.999976, fDSS12=0.022191, lambdaDDS_Bkg=0.399873, lambdaDF_Bkg1=0.999575, lambdaDF_Bkg2=0.978125, lambdaDSS_Bkg1=0.000571198, lambdaDSS_Bkg2=0.354698
PID1452999/RooRealMPFE::nll_pdfTot_Bkg_dataw_Bkg_5a1fdb9e29d0_MPFE7[ arg=nll_pdfTot_Bkg_dataw_Bkg_GOF7 vars=(N_Bkg,b_Bkg,ctau1_CtauRes,ctau2_CtauRes,ctau3_CtauRes,f2_CtauRes,fDF12,fDFSS,fDLIV,fDSS12,f_CtauRes,lambdaDDS_Bkg,lambdaDF_Bkg1,lambdaDF_Bkg2,lambdaDSS_Bkg1,lambdaDSS_Bkg2,rS21_CtauRes,rS32_CtauRes,s1_CtauRes,zeroMean) ]
     p.d.f value is less than zero (-0.000151), forcing value to zero @ !refCoefNorm=(ctau3D = -0.0720764,ctau3DErr = 0.0231641), !pdfs=(pdfCTAUDSS = 0.378757/1,pdfCTAUDF = 38.2705/1), !coefficients=(fDFSS = 1.01)

[#0] WARNING:Minization -- RooMinimizerFcn: Minimized function has error status.
Returning maximum FCN so far (-150.046) to force MIGRAD to back out of this region. Error log follows
Parameter values: N_Bkg=45.1378, b_Bkg=0.733576, fDF12=0.996531, fDFSS=1.00999, fDLIV=0.999976, fDSS12=0.0211884, lambdaDDS_Bkg=0.399873, lambdaDF_Bkg1=0.999575, lambdaDF_Bkg2=0.978125, lambdaDSS_Bkg1=0.000571198, lambdaDSS_Bkg2=0.354698
PID1452999/RooRealMPFE::nll_pdfTot_Bkg_dataw_Bkg_5a1fdb9e29d0_MPFE7[ arg=nll_pdfTot_Bkg_dataw_Bkg_GOF7 vars=(N_Bkg,b_Bkg,ctau1_CtauRes,ctau2_CtauRes,ctau3_CtauRes,f2_CtauRes,fDF12,fDFSS,fDLIV,fDSS12,f_CtauRes,lambdaDDS_Bkg,lambdaDF_Bkg1,lambdaDF_Bkg2,lambdaDSS_Bkg1,lambdaDSS_Bkg2,rS21_CtauRes,rS32_CtauRes,s1_CtauRes,zeroMean) ]
     p.d.f value is less than zero (-0.003572), forcing value to zero @ !refCoefNorm=(ctau3D = -0.0720764,ctau3DErr = 0.0231641), !pdfs=(pdfCTAUDSS = 0.375093/1,pdfCTAUDF = 38.2705/1), !coefficients=(fDFSS = 1.00999)

[#0] WARNING:Minization -- RooMinimizerFcn: Minimized function has error status.
Returning maximum FCN so far (-150.046) to force MIGRAD to back out of this region. Error log follows
Parameter values: N_Bkg=45.1378, b_Bkg=0.733576, fDF12=0.996531, fDFSS=1.00999, fDLIV=0.999976, fDSS12=0.0220898, lambdaDDS_Bkg=0.399873, lambdaDF_Bkg1=0.999575, lambdaDF_Bkg2=0.978125, lambdaDSS_Bkg1=0.000571198, lambdaDSS_Bkg2=0.354698
PID1452999/RooRealMPFE::nll_pdfTot_Bkg_dataw_Bkg_5a1fdb9e29d0_MPFE7[ arg=nll_pdfTot_Bkg_dataw_Bkg_GOF7 vars=(N_Bkg,b_Bkg,ctau1_CtauRes,ctau2_CtauRes,ctau3_CtauRes,f2_CtauRes,fDF12,fDFSS,fDLIV,fDSS12,f_CtauRes,lambdaDDS_Bkg,lambdaDF_Bkg1,lambdaDF_Bkg2,lambdaDSS_Bkg1,lambdaDSS_Bkg2,rS21_CtauRes,rS32_CtauRes,s1_CtauRes,zeroMean) ]
     p.d.f value is less than zero (-0.000245), forcing value to zero @ !refCoefNorm=(ctau3D = -0.0720764,ctau3DErr = 0.0231641), !pdfs=(pdfCTAUDSS = 0.378387/1,pdfCTAUDF = 38.2705/1), !coefficients=(fDFSS = 1.00999)

[#0] WARNING:Minization -- RooMinimizerFcn: Minimized function has error status.
Returning maximum FCN so far (-150.046) to force MIGRAD to back out of this region. Error log follows
Parameter values: N_Bkg=45.1378, b_Bkg=0.733576, fDF12=0.996531, fDFSS=1.00999, fDLIV=0.999976, fDSS12=0.022191, lambdaDDS_Bkg=0.399873, lambdaDF_Bkg1=0.9981, lambdaDF_Bkg2=0.978125, lambdaDSS_Bkg1=0.000571198, lambdaDSS_Bkg2=0.354698
PID1452999/RooRealMPFE::nll_pdfTot_Bkg_dataw_Bkg_5a1fdb9e29d0_MPFE7[ arg=nll_pdfTot_Bkg_dataw_Bkg_GOF7 vars=(N_Bkg,b_Bkg,ctau1_CtauRes,ctau2_CtauRes,ctau3_CtauRes,f2_CtauRes,fDF12,fDFSS,fDLIV,fDSS12,f_CtauRes,lambdaDDS_Bkg,lambdaDF_Bkg1,lambdaDF_Bkg2,lambdaDSS_Bkg1,lambdaDSS_Bkg2,rS21_CtauRes,rS32_CtauRes,s1_CtauRes,zeroMean) ]
     p.d.f value is less than zero (-0.000352), forcing value to zero @ !refCoefNorm=(ctau3D = -0.0720764,ctau3DErr = 0.0231641), !pdfs=(pdfCTAUDSS = 0.378757/1,pdfCTAUDF = 38.3186/1), !coefficients=(fDFSS = 1.00999)

[#0] WARNING:Minization -- RooMinimizerFcn: Minimized function has error status.
Returning maximum FCN so far (-150.046) to force MIGRAD to back out of this region. Error log follows
Parameter values: N_Bkg=45.1378, b_Bkg=0.733576, fDF12=0.996531, fDFSS=1.00999, fDLIV=0.999976, fDSS12=0.022191, lambdaDDS_Bkg=0.399873, lambdaDF_Bkg1=0.99833, lambdaDF_Bkg2=0.978125, lambdaDSS_Bkg1=0.000571198, lambdaDSS_Bkg2=0.354698
PID1452999/RooRealMPFE::nll_pdfTot_Bkg_dataw_Bkg_5a1fdb9e29d0_MPFE7[ arg=nll_pdfTot_Bkg_dataw_Bkg_GOF7 vars=(N_Bkg,b_Bkg,ctau1_CtauRes,ctau2_CtauRes,ctau3_CtauRes,f2_CtauRes,fDF12,fDFSS,fDLIV,fDSS12,f_CtauRes,lambdaDDS_Bkg,lambdaDF_Bkg1,lambdaDF_Bkg2,lambdaDSS_Bkg1,lambdaDSS_Bkg2,rS21_CtauRes,rS32_CtauRes,s1_CtauRes,zeroMean) ]
     p.d.f value is less than zero (-0.000277), forcing value to zero @ !refCoefNorm=(ctau3D = -0.0720764,ctau3DErr = 0.0231641), !pdfs=(pdfCTAUDSS = 0.378757/1,pdfCTAUDF = 38.3111/1), !coefficients=(fDFSS = 1.00999)

[#0] WARNING:Minization -- RooMinimizerFcn: Minimized function has error status.
Returning maximum FCN so far (-150.046) to force MIGRAD to back out of this region. Error log follows
Parameter values: N_Bkg=45.1378, b_Bkg=0.733576, fDF12=0.996531, fDFSS=1.00999, fDLIV=0.999976, fDSS12=0.022191, lambdaDDS_Bkg=0.399873, lambdaDF_Bkg1=0.999575, lambdaDF_Bkg2=0.849476, lambdaDSS_Bkg1=0.000571198, lambdaDSS_Bkg2=0.354698
PID1452999/RooRealMPFE::nll_pdfTot_Bkg_dataw_Bkg_5a1fdb9e29d0_MPFE7[ arg=nll_pdfTot_Bkg_dataw_Bkg_GOF7 vars=(N_Bkg,b_Bkg,ctau1_CtauRes,ctau2_CtauRes,ctau3_CtauRes,f2_CtauRes,fDF12,fDFSS,fDLIV,fDSS12,f_CtauRes,lambdaDDS_Bkg,lambdaDF_Bkg1,lambdaDF_Bkg2,lambdaDSS_Bkg1,lambdaDSS_Bkg2,rS21_CtauRes,rS32_CtauRes,s1_CtauRes,zeroMean) ]
     p.d.f value is less than zero (-0.000047), forcing value to zero @ !refCoefNorm=(ctau3D = -0.0720764,ctau3DErr = 0.0231641), !pdfs=(pdfCTAUDSS = 0.378757/1,pdfCTAUDF = 38.2881/1), !coefficients=(fDFSS = 1.00999)

[#0] WARNING:Minization -- RooMinimizerFcn: Minimized function has error status.
Returning maximum FCN so far (-150.046) to force MIGRAD to back out of this region. Error log follows
Parameter values: N_Bkg=45.1378, b_Bkg=0.733576, fDF12=0.996531, fDFSS=1.00999, fDLIV=0.999976, fDSS12=0.022191, lambdaDDS_Bkg=0.399873, lambdaDF_Bkg1=0.999575, lambdaDF_Bkg2=0.978125, lambdaDSS_Bkg1=0.000673664, lambdaDSS_Bkg2=0.354698
PID1452999/RooRealMPFE::nll_pdfTot_Bkg_dataw_Bkg_5a1fdb9e29d0_MPFE7[ arg=nll_pdfTot_Bkg_dataw_Bkg_GOF7 vars=(N_Bkg,b_Bkg,ctau1_CtauRes,ctau2_CtauRes,ctau3_CtauRes,f2_CtauRes,fDF12,fDFSS,fDLIV,fDSS12,f_CtauRes,lambdaDDS_Bkg,lambdaDF_Bkg1,lambdaDF_Bkg2,lambdaDSS_Bkg1,lambdaDSS_Bkg2,rS21_CtauRes,rS32_CtauRes,s1_CtauRes,zeroMean) ]
     p.d.f value is less than zero (-0.000392), forcing value to zero @ !refCoefNorm=(ctau3D = -0.0720764,ctau3DErr = 0.0231641), !pdfs=(pdfCTAUDSS = 0.378241/1,pdfCTAUDF = 38.2705/1), !coefficients=(fDFSS = 1.00999)

[#0] WARNING:Minization -- RooMinimizerFcn: Minimized function has error status.
Returning maximum FCN so far (-150.046) to force MIGRAD to back out of this region. Error log follows
Parameter values: N_Bkg=45.1378, b_Bkg=0.733576, fDF12=0.996531, fDFSS=1.00999, fDLIV=0.999976, fDSS12=0.022191, lambdaDDS_Bkg=0.399873, lambdaDF_Bkg1=0.999575, lambdaDF_Bkg2=0.978125, lambdaDSS_Bkg1=0.000673664, lambdaDSS_Bkg2=0.354698
PID1452999/RooRealMPFE::nll_pdfTot_Bkg_dataw_Bkg_5a1fdb9e29d0_MPFE7[ arg=nll_pdfTot_Bkg_dataw_Bkg_GOF7 vars=(N_Bkg,b_Bkg,ctau1_CtauRes,ctau2_CtauRes,ctau3_CtauRes,f2_CtauRes,fDF12,fDFSS,fDLIV,fDSS12,f_CtauRes,lambdaDDS_Bkg,lambdaDF_Bkg1,lambdaDF_Bkg2,lambdaDSS_Bkg1,lambdaDSS_Bkg2,rS21_CtauRes,rS32_CtauRes,s1_CtauRes,zeroMean) ]
     p.d.f value is less than zero (-0.000392), forcing value to zero @ !refCoefNorm=(ctau3D = -0.0720764,ctau3DErr = 0.0231641), !pdfs=(pdfCTAUDSS = 0.378241/1,pdfCTAUDF = 38.2705/1), !coefficients=(fDFSS = 1.00999)

[#0] WARNING:Minization -- RooMinimizerFcn: Minimized function has error status.
Returning maximum FCN so far (-150.046) to force MIGRAD to back out of this region. Error log follows
Parameter values: N_Bkg=45.1378, b_Bkg=0.733576, fDF12=0.996531, fDFSS=1.00999, fDLIV=0.999976, fDSS12=0.022191, lambdaDDS_Bkg=0.399873, lambdaDF_Bkg1=0.999575, lambdaDF_Bkg2=0.978125, lambdaDSS_Bkg1=0.000571198, lambdaDSS_Bkg2=0.355486
PID1452999/RooRealMPFE::nll_pdfTot_Bkg_dataw_Bkg_5a1fdb9e29d0_MPFE7[ arg=nll_pdfTot_Bkg_dataw_Bkg_GOF7 vars=(N_Bkg,b_Bkg,ctau1_CtauRes,ctau2_CtauRes,ctau3_CtauRes,f2_CtauRes,fDF12,fDFSS,fDLIV,fDSS12,f_CtauRes,lambdaDDS_Bkg,lambdaDF_Bkg1,lambdaDF_Bkg2,lambdaDSS_Bkg1,lambdaDSS_Bkg2,rS21_CtauRes,rS32_CtauRes,s1_CtauRes,zeroMean) ]
     p.d.f value is less than zero (-0.000466), forcing value to zero @ !refCoefNorm=(ctau3D = -0.0720764,ctau3DErr = 0.0231641), !pdfs=(pdfCTAUDSS = 0.378168/1,pdfCTAUDF = 38.2705/1), !coefficients=(fDFSS = 1.00999)

[#0] WARNING:Minization -- RooMinimizerFcn: Minimized function has error status.
Returning maximum FCN so far (-150.046) to force MIGRAD to back out of this region. Error log follows
Parameter values: N_Bkg=45.1378, b_Bkg=0.733576, fDF12=0.996531, fDFSS=1.00999, fDLIV=0.999976, fDSS12=0.022191, lambdaDDS_Bkg=0.399873, lambdaDF_Bkg1=0.999575, lambdaDF_Bkg2=0.978125, lambdaDSS_Bkg1=0.000571198, lambdaDSS_Bkg2=0.355474
PID1452999/RooRealMPFE::nll_pdfTot_Bkg_dataw_Bkg_5a1fdb9e29d0_MPFE7[ arg=nll_pdfTot_Bkg_dataw_Bkg_GOF7 vars=(N_Bkg,b_Bkg,ctau1_CtauRes,ctau2_CtauRes,ctau3_CtauRes,f2_CtauRes,fDF12,fDFSS,fDLIV,fDSS12,f_CtauRes,lambdaDDS_Bkg,lambdaDF_Bkg1,lambdaDF_Bkg2,lambdaDSS_Bkg1,lambdaDSS_Bkg2,rS21_CtauRes,rS32_CtauRes,s1_CtauRes,zeroMean) ]
     p.d.f value is less than zero (-0.000457), forcing value to zero @ !refCoefNorm=(ctau3D = -0.0720764,ctau3DErr = 0.0231641), !pdfs=(pdfCTAUDSS = 0.378177/1,pdfCTAUDF = 38.2705/1), !coefficients=(fDFSS = 1.00999)

[#0] WARNING:Minization -- RooMinimizerFcn: Minimized function has error status.
Returning maximum FCN so far (1.98316e+08) to force MIGRAD to back out of this region. Error log follows
Parameter values: N_Bkg=45.1378, b_Bkg=0.733576, fDF12=0.962072, fDFSS=1.00999, fDLIV=0.999976, fDSS12=0.022191, lambdaDDS_Bkg=0.399873, lambdaDF_Bkg1=0.999575, lambdaDF_Bkg2=0.978125, lambdaDSS_Bkg1=0.000571198, lambdaDSS_Bkg2=0.354698
PID1452999/RooRealMPFE::nll_pdfTot_Bkg_dataw_Bkg_5a1fdb9e29d0_MPFE7[ arg=nll_pdfTot_Bkg_dataw_Bkg_GOF7 vars=(N_Bkg,b_Bkg,ctau1_CtauRes,ctau2_CtauRes,ctau3_CtauRes,f2_CtauRes,fDF12,fDFSS,fDLIV,fDSS12,f_CtauRes,lambdaDDS_Bkg,lambdaDF_Bkg1,lambdaDF_Bkg2,lambdaDSS_Bkg1,lambdaDSS_Bkg2,rS21_CtauRes,rS32_CtauRes,s1_CtauRes,zeroMean) ]
     p.d.f value is less than zero (-0.000118), forcing value to zero @ !refCoefNorm=(ctau3D = -0.0720764,ctau3DErr = 0.0231641), !pdfs=(pdfCTAUDSS = 0.378757/1,pdfCTAUDF = 38.2952/1), !coefficients=(fDFSS = 1.00999)

[#0] WARNING:Minization -- RooMinimizerFcn: Minimized function has error status.
Returning maximum FCN so far (1.98316e+08) to force MIGRAD to back out of this region. Error log follows
Parameter values: N_Bkg=45.1378, b_Bkg=0.733576, fDF12=0.963936, fDFSS=1.00999, fDLIV=0.999976, fDSS12=0.022191, lambdaDDS_Bkg=0.399873, lambdaDF_Bkg1=0.999575, lambdaDF_Bkg2=0.978125, lambdaDSS_Bkg1=0.000571198, lambdaDSS_Bkg2=0.354698
PID1452999/RooRealMPFE::nll_pdfTot_Bkg_dataw_Bkg_5a1fdb9e29d0_MPFE7[ arg=nll_pdfTot_Bkg_dataw_Bkg_GOF7 vars=(N_Bkg,b_Bkg,ctau1_CtauRes,ctau2_CtauRes,ctau3_CtauRes,f2_CtauRes,fDF12,fDFSS,fDLIV,fDSS12,f_CtauRes,lambdaDDS_Bkg,lambdaDF_Bkg1,lambdaDF_Bkg2,lambdaDSS_Bkg1,lambdaDSS_Bkg2,rS21_CtauRes,rS32_CtauRes,s1_CtauRes,zeroMean) ]
     p.d.f value is less than zero (-0.000105), forcing value to zero @ !refCoefNorm=(ctau3D = -0.0720764,ctau3DErr = 0.0231641), !pdfs=(pdfCTAUDSS = 0.378757/1,pdfCTAUDF = 38.2939/1), !coefficients=(fDFSS = 1.00999)

[#0] WARNING:Minization -- RooMinimizerFcn: Minimized function has error status.
Returning maximum FCN so far (1.98316e+08) to force MIGRAD to back out of this region. Error log follows
Parameter values: N_Bkg=45.1378, b_Bkg=0.733576, fDF12=0.907557, fDFSS=1.00999, fDLIV=0.999976, fDSS12=0.022191, lambdaDDS_Bkg=0.399873, lambdaDF_Bkg1=0.999575, lambdaDF_Bkg2=0.978125, lambdaDSS_Bkg1=0.000571198, lambdaDSS_Bkg2=0.354698
PID1452999/RooRealMPFE::nll_pdfTot_Bkg_dataw_Bkg_5a1fdb9e29d0_MPFE7[ arg=nll_pdfTot_Bkg_dataw_Bkg_GOF7 vars=(N_Bkg,b_Bkg,ctau1_CtauRes,ctau2_CtauRes,ctau3_CtauRes,f2_CtauRes,fDF12,fDFSS,fDLIV,fDSS12,f_CtauRes,lambdaDDS_Bkg,lambdaDF_Bkg1,lambdaDF_Bkg2,lambdaDSS_Bkg1,lambdaDSS_Bkg2,rS21_CtauRes,rS32_CtauRes,s1_CtauRes,zeroMean) ]
     p.d.f value is less than zero (-0.000508), forcing value to zero @ !refCoefNorm=(ctau3D = -0.0720764,ctau3DErr = 0.0231641), !pdfs=(pdfCTAUDSS = 0.378757/1,pdfCTAUDF = 38.3343/1), !coefficients=(fDFSS = 1.00999)

[#0] WARNING:Minization -- RooMinimizerFcn: Minimized function has error status.
Returning maximum FCN so far (1.98316e+08) to force MIGRAD to back out of this region. Error log follows
Parameter values: N_Bkg=45.1378, b_Bkg=0.733576, fDF12=0.963936, fDFSS=1.00999, fDLIV=0.999976, fDSS12=0.022191, lambdaDDS_Bkg=0.399873, lambdaDF_Bkg1=0.999575, lambdaDF_Bkg2=0.978125, lambdaDSS_Bkg1=0.000571198, lambdaDSS_Bkg2=0.354698
PID1452999/RooRealMPFE::nll_pdfTot_Bkg_dataw_Bkg_5a1fdb9e29d0_MPFE7[ arg=nll_pdfTot_Bkg_dataw_Bkg_GOF7 vars=(N_Bkg,b_Bkg,ctau1_CtauRes,ctau2_CtauRes,ctau3_CtauRes,f2_CtauRes,fDF12,fDFSS,fDLIV,fDSS12,f_CtauRes,lambdaDDS_Bkg,lambdaDF_Bkg1,lambdaDF_Bkg2,lambdaDSS_Bkg1,lambdaDSS_Bkg2,rS21_CtauRes,rS32_CtauRes,s1_CtauRes,zeroMean) ]
     p.d.f value is less than zero (-0.000105), forcing value to zero @ !refCoefNorm=(ctau3D = -0.0720764,ctau3DErr = 0.0231641), !pdfs=(pdfCTAUDSS = 0.378757/1,pdfCTAUDF = 38.2939/1), !coefficients=(fDFSS = 1.00999)

[#0] WARNING:Minization -- RooMinimizerFcn: Minimized function has error status.
Returning maximum FCN so far (1.98316e+08) to force MIGRAD to back out of this region. Error log follows
Parameter values: N_Bkg=45.1378, b_Bkg=0.733576, fDF12=0.907557, fDFSS=1.00999, fDLIV=0.999976, fDSS12=0.022191, lambdaDDS_Bkg=0.399873, lambdaDF_Bkg1=0.999575, lambdaDF_Bkg2=0.978125, lambdaDSS_Bkg1=0.000571198, lambdaDSS_Bkg2=0.354698
PID1452999/RooRealMPFE::nll_pdfTot_Bkg_dataw_Bkg_5a1fdb9e29d0_MPFE7[ arg=nll_pdfTot_Bkg_dataw_Bkg_GOF7 vars=(N_Bkg,b_Bkg,ctau1_CtauRes,ctau2_CtauRes,ctau3_CtauRes,f2_CtauRes,fDF12,fDFSS,fDLIV,fDSS12,f_CtauRes,lambdaDDS_Bkg,lambdaDF_Bkg1,lambdaDF_Bkg2,lambdaDSS_Bkg1,lambdaDSS_Bkg2,rS21_CtauRes,rS32_CtauRes,s1_CtauRes,zeroMean) ]
     p.d.f value is less than zero (-0.000508), forcing value to zero @ !refCoefNorm=(ctau3D = -0.0720764,ctau3DErr = 0.0231641), !pdfs=(pdfCTAUDSS = 0.378757/1,pdfCTAUDF = 38.3343/1), !coefficients=(fDFSS = 1.00999)

[#0] WARNING:Minization -- RooMinimizerFcn: Minimized function has error status.
Returning maximum FCN so far (1.98316e+08) to force MIGRAD to back out of this region. Error log follows
Parameter values: N_Bkg=45.1378, b_Bkg=0.733576, fDF12=0.996531, fDFSS=1.01, fDLIV=0.999976, fDSS12=0.022191, lambdaDDS_Bkg=0.399873, lambdaDF_Bkg1=0.999575, lambdaDF_Bkg2=0.978125, lambdaDSS_Bkg1=0.000571198, lambdaDSS_Bkg2=0.354698
PID1452999/RooRealMPFE::nll_pdfTot_Bkg_dataw_Bkg_5a1fdb9e29d0_MPFE7[ arg=nll_pdfTot_Bkg_dataw_Bkg_GOF7 vars=(N_Bkg,b_Bkg,ctau1_CtauRes,ctau2_CtauRes,ctau3_CtauRes,f2_CtauRes,fDF12,fDFSS,fDLIV,fDSS12,f_CtauRes,lambdaDDS_Bkg,lambdaDF_Bkg1,lambdaDF_Bkg2,lambdaDSS_Bkg1,lambdaDSS_Bkg2,rS21_CtauRes,rS32_CtauRes,s1_CtauRes,zeroMean) ]
     p.d.f value is less than zero (-0.000151), forcing value to zero @ !refCoefNorm=(ctau3D = -0.0720764,ctau3DErr = 0.0231641), !pdfs=(pdfCTAUDSS = 0.378757/1,pdfCTAUDF = 38.2705/1), !coefficients=(fDFSS = 1.01)

[#0] WARNING:Minization -- RooMinimizerFcn: Minimized function has error status.
Returning maximum FCN so far (1.98316e+08) to force MIGRAD to back out of this region. Error log follows
Parameter values: N_Bkg=45.1378, b_Bkg=0.733576, fDF12=0.996531, fDFSS=1.00999, fDLIV=0.999976, fDSS12=0.022191, lambdaDDS_Bkg=0.399873, lambdaDF_Bkg1=0.99833, lambdaDF_Bkg2=0.978125, lambdaDSS_Bkg1=0.000571198, lambdaDSS_Bkg2=0.354698
PID1452999/RooRealMPFE::nll_pdfTot_Bkg_dataw_Bkg_5a1fdb9e29d0_MPFE7[ arg=nll_pdfTot_Bkg_dataw_Bkg_GOF7 vars=(N_Bkg,b_Bkg,ctau1_CtauRes,ctau2_CtauRes,ctau3_CtauRes,f2_CtauRes,fDF12,fDFSS,fDLIV,fDSS12,f_CtauRes,lambdaDDS_Bkg,lambdaDF_Bkg1,lambdaDF_Bkg2,lambdaDSS_Bkg1,lambdaDSS_Bkg2,rS21_CtauRes,rS32_CtauRes,s1_CtauRes,zeroMean) ]
     p.d.f value is less than zero (-0.000277), forcing value to zero @ !refCoefNorm=(ctau3D = -0.0720764,ctau3DErr = 0.0231641), !pdfs=(pdfCTAUDSS = 0.378757/1,pdfCTAUDF = 38.3111/1), !coefficients=(fDFSS = 1.00999)

[#0] WARNING:Minization -- RooMinimizerFcn: Minimized function has error status.
Returning maximum FCN so far (1.98316e+08) to force MIGRAD to back out of this region. Error log follows
Parameter values: N_Bkg=45.1378, b_Bkg=0.733576, fDF12=0.996531, fDFSS=1.00999, fDLIV=0.999976, fDSS12=0.022191, lambdaDDS_Bkg=0.399873, lambdaDF_Bkg1=0.949264, lambdaDF_Bkg2=0.978125, lambdaDSS_Bkg1=0.000571198, lambdaDSS_Bkg2=0.354698
PID1452999/RooRealMPFE::nll_pdfTot_Bkg_dataw_Bkg_5a1fdb9e29d0_MPFE7[ arg=nll_pdfTot_Bkg_dataw_Bkg_GOF7 vars=(N_Bkg,b_Bkg,ctau1_CtauRes,ctau2_CtauRes,ctau3_CtauRes,f2_CtauRes,fDF12,fDFSS,fDLIV,fDSS12,f_CtauRes,lambdaDDS_Bkg,lambdaDF_Bkg1,lambdaDF_Bkg2,lambdaDSS_Bkg1,lambdaDSS_Bkg2,rS21_CtauRes,rS32_CtauRes,s1_CtauRes,zeroMean) ]
     p.d.f value is less than zero (-0.017122), forcing value to zero @ !refCoefNorm=(ctau3D = -0.0720764,ctau3DErr = 0.0231641), !pdfs=(pdfCTAUDSS = 0.378757/1,pdfCTAUDF = 39.9969/1), !coefficients=(fDFSS = 1.00999)

[#0] WARNING:Minization -- RooMinimizerFcn: Minimized function has error status.
Returning maximum FCN so far (1.98316e+08) to force MIGRAD to back out of this region. Error log follows
Parameter values: N_Bkg=45.1378, b_Bkg=0.733576, fDF12=0.996531, fDFSS=1.00999, fDLIV=0.999976, fDSS12=0.022191, lambdaDDS_Bkg=0.399873, lambdaDF_Bkg1=0.96582, lambdaDF_Bkg2=0.978125, lambdaDSS_Bkg1=0.000571198, lambdaDSS_Bkg2=0.354698
PID1452999/RooRealMPFE::nll_pdfTot_Bkg_dataw_Bkg_5a1fdb9e29d0_MPFE7[ arg=nll_pdfTot_Bkg_dataw_Bkg_GOF7 vars=(N_Bkg,b_Bkg,ctau1_CtauRes,ctau2_CtauRes,ctau3_CtauRes,f2_CtauRes,fDF12,fDFSS,fDLIV,fDSS12,f_CtauRes,lambdaDDS_Bkg,lambdaDF_Bkg1,lambdaDF_Bkg2,lambdaDSS_Bkg1,lambdaDSS_Bkg2,rS21_CtauRes,rS32_CtauRes,s1_CtauRes,zeroMean) ]
     p.d.f value is less than zero (-0.011244), forcing value to zero @ !refCoefNorm=(ctau3D = -0.0720764,ctau3DErr = 0.0231641), !pdfs=(pdfCTAUDSS = 0.378757/1,pdfCTAUDF = 39.4087/1), !coefficients=(fDFSS = 1.00999)

[#0] WARNING:Minization -- RooMinimizerFcn: Minimized function has error status.
Returning maximum FCN so far (1.98316e+08) to force MIGRAD to back out of this region. Error log follows
Parameter values: N_Bkg=45.1378, b_Bkg=0.733576, fDF12=0.996531, fDFSS=1.00999, fDLIV=0.999976, fDSS12=0.022191, lambdaDDS_Bkg=0.399873, lambdaDF_Bkg1=0.998297, lambdaDF_Bkg2=0.978125, lambdaDSS_Bkg1=0.000571198, lambdaDSS_Bkg2=0.354698
PID1452999/RooRealMPFE::nll_pdfTot_Bkg_dataw_Bkg_5a1fdb9e29d0_MPFE7[ arg=nll_pdfTot_Bkg_dataw_Bkg_GOF7 vars=(N_Bkg,b_Bkg,ctau1_CtauRes,ctau2_CtauRes,ctau3_CtauRes,f2_CtauRes,fDF12,fDFSS,fDLIV,fDSS12,f_CtauRes,lambdaDDS_Bkg,lambdaDF_Bkg1,lambdaDF_Bkg2,lambdaDSS_Bkg1,lambdaDSS_Bkg2,rS21_CtauRes,rS32_CtauRes,s1_CtauRes,zeroMean) ]
     p.d.f value is less than zero (-0.000288), forcing value to zero @ !refCoefNorm=(ctau3D = -0.0720764,ctau3DErr = 0.0231641), !pdfs=(pdfCTAUDSS = 0.378757/1,pdfCTAUDF = 38.3122/1), !coefficients=(fDFSS = 1.00999)

[#0] WARNING:Minization -- RooMinimizerFcn: Minimized function has error status.
Returning maximum FCN so far (1.98316e+08) to force MIGRAD to back out of this region. Error log follows
Parameter values: N_Bkg=45.1378, b_Bkg=0.733576, fDF12=0.996531, fDFSS=1.00999, fDLIV=0.999976, fDSS12=0.022191, lambdaDDS_Bkg=0.399873, lambdaDF_Bkg1=0.999575, lambdaDF_Bkg2=0.978125, lambdaDSS_Bkg1=0.000673664, lambdaDSS_Bkg2=0.354698
PID1452999/RooRealMPFE::nll_pdfTot_Bkg_dataw_Bkg_5a1fdb9e29d0_MPFE7[ arg=nll_pdfTot_Bkg_dataw_Bkg_GOF7 vars=(N_Bkg,b_Bkg,ctau1_CtauRes,ctau2_CtauRes,ctau3_CtauRes,f2_CtauRes,fDF12,fDFSS,fDLIV,fDSS12,f_CtauRes,lambdaDDS_Bkg,lambdaDF_Bkg1,lambdaDF_Bkg2,lambdaDSS_Bkg1,lambdaDSS_Bkg2,rS21_CtauRes,rS32_CtauRes,s1_CtauRes,zeroMean) ]
     p.d.f value is less than zero (-0.000392), forcing value to zero @ !refCoefNorm=(ctau3D = -0.0720764,ctau3DErr = 0.0231641), !pdfs=(pdfCTAUDSS = 0.378241/1,pdfCTAUDF = 38.2705/1), !coefficients=(fDFSS = 1.00999)

[#0] WARNING:Minization -- RooMinimizerFcn: Minimized function has error status.
Returning maximum FCN so far (1.98316e+08) to force MIGRAD to back out of this region. Error log follows
Parameter values: N_Bkg=45.1378, b_Bkg=0.733576, fDF12=0.996531, fDFSS=1.00999, fDLIV=0.999976, fDSS12=0.022191, lambdaDDS_Bkg=0.399873, lambdaDF_Bkg1=0.999575, lambdaDF_Bkg2=0.978125, lambdaDSS_Bkg1=0.00208832, lambdaDSS_Bkg2=0.354698
PID1452999/RooRealMPFE::nll_pdfTot_Bkg_dataw_Bkg_5a1fdb9e29d0_MPFE7[ arg=nll_pdfTot_Bkg_dataw_Bkg_GOF7 vars=(N_Bkg,b_Bkg,ctau1_CtauRes,ctau2_CtauRes,ctau3_CtauRes,f2_CtauRes,fDF12,fDFSS,fDLIV,fDSS12,f_CtauRes,lambdaDDS_Bkg,lambdaDF_Bkg1,lambdaDF_Bkg2,lambdaDSS_Bkg1,lambdaDSS_Bkg2,rS21_CtauRes,rS32_CtauRes,s1_CtauRes,zeroMean) ]
     p.d.f value is less than zero (-0.006532), forcing value to zero @ !refCoefNorm=(ctau3D = -0.0720764,ctau3DErr = 0.0231641), !pdfs=(pdfCTAUDSS = 0.372162/1,pdfCTAUDF = 38.2705/1), !coefficients=(fDFSS = 1.00999)

[#0] WARNING:Minization -- RooMinimizerFcn: Minimized function has error status.
Returning maximum FCN so far (1.98316e+08) to force MIGRAD to back out of this region. Error log follows
Parameter values: N_Bkg=45.1378, b_Bkg=0.733576, fDF12=0.996531, fDFSS=1.00999, fDLIV=0.999976, fDSS12=0.022191, lambdaDDS_Bkg=0.399873, lambdaDF_Bkg1=0.999575, lambdaDF_Bkg2=0.978125, lambdaDSS_Bkg1=0.000675816, lambdaDSS_Bkg2=0.354698
PID1452999/RooRealMPFE::nll_pdfTot_Bkg_dataw_Bkg_5a1fdb9e29d0_MPFE7[ arg=nll_pdfTot_Bkg_dataw_Bkg_GOF7 vars=(N_Bkg,b_Bkg,ctau1_CtauRes,ctau2_CtauRes,ctau3_CtauRes,f2_CtauRes,fDF12,fDFSS,fDLIV,fDSS12,f_CtauRes,lambdaDDS_Bkg,lambdaDF_Bkg1,lambdaDF_Bkg2,lambdaDSS_Bkg1,lambdaDSS_Bkg2,rS21_CtauRes,rS32_CtauRes,s1_CtauRes,zeroMean) ]
     p.d.f value is less than zero (-0.000403), forcing value to zero @ !refCoefNorm=(ctau3D = -0.0720764,ctau3DErr = 0.0231641), !pdfs=(pdfCTAUDSS = 0.378231/1,pdfCTAUDF = 38.2705/1), !coefficients=(fDFSS = 1.00999)

[#0] WARNING:Minization -- RooMinimizerFcn: Minimized function has error status.
Returning maximum FCN so far (1.98316e+08) to force MIGRAD to back out of this region. Error log follows
Parameter values: N_Bkg=45.1378, b_Bkg=0.733576, fDF12=0.996531, fDFSS=1.00999, fDLIV=0.999976, fDSS12=0.022191, lambdaDDS_Bkg=0.399873, lambdaDF_Bkg1=0.999575, lambdaDF_Bkg2=0.978125, lambdaDSS_Bkg1=0.000571198, lambdaDSS_Bkg2=0.355474
PID1452999/RooRealMPFE::nll_pdfTot_Bkg_dataw_Bkg_5a1fdb9e29d0_MPFE7[ arg=nll_pdfTot_Bkg_dataw_Bkg_GOF7 vars=(N_Bkg,b_Bkg,ctau1_CtauRes,ctau2_CtauRes,ctau3_CtauRes,f2_CtauRes,fDF12,fDFSS,fDLIV,fDSS12,f_CtauRes,lambdaDDS_Bkg,lambdaDF_Bkg1,lambdaDF_Bkg2,lambdaDSS_Bkg1,lambdaDSS_Bkg2,rS21_CtauRes,rS32_CtauRes,s1_CtauRes,zeroMean) ]
     p.d.f value is less than zero (-0.000457), forcing value to zero @ !refCoefNorm=(ctau3D = -0.0720764,ctau3DErr = 0.0231641), !pdfs=(pdfCTAUDSS = 0.378177/1,pdfCTAUDF = 38.2705/1), !coefficients=(fDFSS = 1.00999)

[#0] WARNING:Minization -- RooMinimizerFcn: Minimized function has error status.
Returning maximum FCN so far (1.98316e+08) to force MIGRAD to back out of this region. Error log follows
Parameter values: N_Bkg=45.1378, b_Bkg=0.733576, fDF12=0.996531, fDFSS=1.00999, fDLIV=0.999976, fDSS12=0.022191, lambdaDDS_Bkg=0.399873, lambdaDF_Bkg1=0.999575, lambdaDF_Bkg2=0.978125, lambdaDSS_Bkg1=0.000571198, lambdaDSS_Bkg2=0.362629
PID1452999/RooRealMPFE::nll_pdfTot_Bkg_dataw_Bkg_5a1fdb9e29d0_MPFE7[ arg=nll_pdfTot_Bkg_dataw_Bkg_GOF7 vars=(N_Bkg,b_Bkg,ctau1_CtauRes,ctau2_CtauRes,ctau3_CtauRes,f2_CtauRes,fDF12,fDFSS,fDLIV,fDSS12,f_CtauRes,lambdaDDS_Bkg,lambdaDF_Bkg1,lambdaDF_Bkg2,lambdaDSS_Bkg1,lambdaDSS_Bkg2,rS21_CtauRes,rS32_CtauRes,s1_CtauRes,zeroMean) ]
     p.d.f value is less than zero (-0.005748), forcing value to zero @ !refCoefNorm=(ctau3D = -0.0720764,ctau3DErr = 0.0231641), !pdfs=(pdfCTAUDSS = 0.372939/1,pdfCTAUDF = 38.2705/1), !coefficients=(fDFSS = 1.00999)

[#0] WARNING:Minization -- RooMinimizerFcn: Minimized function has error status.
Returning maximum FCN so far (1.98316e+08) to force MIGRAD to back out of this region. Error log follows
Parameter values: N_Bkg=45.1378, b_Bkg=0.733576, fDF12=0.996531, fDFSS=1.00999, fDLIV=0.999976, fDSS12=0.022191, lambdaDDS_Bkg=0.399873, lambdaDF_Bkg1=0.999575, lambdaDF_Bkg2=0.978125, lambdaDSS_Bkg1=0.000571198, lambdaDSS_Bkg2=0.355489
PID1452999/RooRealMPFE::nll_pdfTot_Bkg_dataw_Bkg_5a1fdb9e29d0_MPFE7[ arg=nll_pdfTot_Bkg_dataw_Bkg_GOF7 vars=(N_Bkg,b_Bkg,ctau1_CtauRes,ctau2_CtauRes,ctau3_CtauRes,f2_CtauRes,fDF12,fDFSS,fDLIV,fDSS12,f_CtauRes,lambdaDDS_Bkg,lambdaDF_Bkg1,lambdaDF_Bkg2,lambdaDSS_Bkg1,lambdaDSS_Bkg2,rS21_CtauRes,rS32_CtauRes,s1_CtauRes,zeroMean) ]
     p.d.f value is less than zero (-0.000469), forcing value to zero @ !refCoefNorm=(ctau3D = -0.0720764,ctau3DErr = 0.0231641), !pdfs=(pdfCTAUDSS = 0.378166/1,pdfCTAUDF = 38.2705/1), !coefficients=(fDFSS = 1.00999)

[#0] WARNING:Minization -- RooMinimizerFcn: Minimized function has error status.
Returning maximum FCN so far (1.98316e+08) to force MIGRAD to back out of this region. Error log follows
Parameter values: N_Bkg=45.1378, b_Bkg=0.733576, fDF12=0.996531, fDFSS=1.01, fDLIV=0.999976, fDSS12=0.022191, lambdaDDS_Bkg=0.399873, lambdaDF_Bkg1=0.999575, lambdaDF_Bkg2=0.978125, lambdaDSS_Bkg1=0.000571198, lambdaDSS_Bkg2=0.354698
PID1452999/RooRealMPFE::nll_pdfTot_Bkg_dataw_Bkg_5a1fdb9e29d0_MPFE7[ arg=nll_pdfTot_Bkg_dataw_Bkg_GOF7 vars=(N_Bkg,b_Bkg,ctau1_CtauRes,ctau2_CtauRes,ctau3_CtauRes,f2_CtauRes,fDF12,fDFSS,fDLIV,fDSS12,f_CtauRes,lambdaDDS_Bkg,lambdaDF_Bkg1,lambdaDF_Bkg2,lambdaDSS_Bkg1,lambdaDSS_Bkg2,rS21_CtauRes,rS32_CtauRes,s1_CtauRes,zeroMean) ]
     p.d.f value is less than zero (-0.000118), forcing value to zero @ !refCoefNorm=(ctau3D = -0.0720764,ctau3DErr = 0.0231641), !pdfs=(pdfCTAUDSS = 0.378757/1,pdfCTAUDF = 38.2705/1), !coefficients=(fDFSS = 1.01)

[#0] WARNING:Minization -- RooMinimizerFcn: Minimized function has error status.
Returning maximum FCN so far (1.98316e+08) to force MIGRAD to back out of this region. Error log follows
Parameter values: N_Bkg=45.2189, b_Bkg=0.733576, fDF12=0.963936, fDFSS=1.00999, fDLIV=0.999976, fDSS12=0.022191, lambdaDDS_Bkg=0.399873, lambdaDF_Bkg1=0.999575, lambdaDF_Bkg2=0.978125, lambdaDSS_Bkg1=0.000571198, lambdaDSS_Bkg2=0.354698
PID1452999/RooRealMPFE::nll_pdfTot_Bkg_dataw_Bkg_5a1fdb9e29d0_MPFE7[ arg=nll_pdfTot_Bkg_dataw_Bkg_GOF7 vars=(N_Bkg,b_Bkg,ctau1_CtauRes,ctau2_CtauRes,ctau3_CtauRes,f2_CtauRes,fDF12,fDFSS,fDLIV,fDSS12,f_CtauRes,lambdaDDS_Bkg,lambdaDF_Bkg1,lambdaDF_Bkg2,lambdaDSS_Bkg1,lambdaDSS_Bkg2,rS21_CtauRes,rS32_CtauRes,s1_CtauRes,zeroMean) ]
     p.d.f value is less than zero (-0.000105), forcing value to zero @ !refCoefNorm=(ctau3D = -0.0720764,ctau3DErr = 0.0231641), !pdfs=(pdfCTAUDSS = 0.378757/1,pdfCTAUDF = 38.2939/1), !coefficients=(fDFSS = 1.00999)

[#0] WARNING:Minization -- RooMinimizerFcn: Minimized function has error status.
Returning maximum FCN so far (1.98316e+08) to force MIGRAD to back out of this region. Error log follows
Parameter values: N_Bkg=45.1378, b_Bkg=0.734519, fDF12=0.963936, fDFSS=1.00999, fDLIV=0.999976, fDSS12=0.022191, lambdaDDS_Bkg=0.399873, lambdaDF_Bkg1=0.999575, lambdaDF_Bkg2=0.978125, lambdaDSS_Bkg1=0.000571198, lambdaDSS_Bkg2=0.354698
PID1452999/RooRealMPFE::nll_pdfTot_Bkg_dataw_Bkg_5a1fdb9e29d0_MPFE7[ arg=nll_pdfTot_Bkg_dataw_Bkg_GOF7 vars=(N_Bkg,b_Bkg,ctau1_CtauRes,ctau2_CtauRes,ctau3_CtauRes,f2_CtauRes,fDF12,fDFSS,fDLIV,fDSS12,f_CtauRes,lambdaDDS_Bkg,lambdaDF_Bkg1,lambdaDF_Bkg2,lambdaDSS_Bkg1,lambdaDSS_Bkg2,rS21_CtauRes,rS32_CtauRes,s1_CtauRes,zeroMean) ]
     p.d.f value is less than zero (-0.000105), forcing value to zero @ !refCoefNorm=(ctau3D = -0.0720764,ctau3DErr = 0.0231641), !pdfs=(pdfCTAUDSS = 0.378757/1,pdfCTAUDF = 38.2939/1), !coefficients=(fDFSS = 1.00999)

[#0] WARNING:Minization -- RooMinimizerFcn: Minimized function has error status.
Returning maximum FCN so far (1.98316e+08) to force MIGRAD to back out of this region. Error log follows
Parameter values: N_Bkg=45.1378, b_Bkg=0.733576, fDF12=0.963936, fDFSS=1.00999, fDLIV=0.999999, fDSS12=0.022191, lambdaDDS_Bkg=0.399873, lambdaDF_Bkg1=0.999575, lambdaDF_Bkg2=0.978125, lambdaDSS_Bkg1=0.000571198, lambdaDSS_Bkg2=0.354698
PID1452999/RooRealMPFE::nll_pdfTot_Bkg_dataw_Bkg_5a1fdb9e29d0_MPFE7[ arg=nll_pdfTot_Bkg_dataw_Bkg_GOF7 vars=(N_Bkg,b_Bkg,ctau1_CtauRes,ctau2_CtauRes,ctau3_CtauRes,f2_CtauRes,fDF12,fDFSS,fDLIV,fDSS12,f_CtauRes,lambdaDDS_Bkg,lambdaDF_Bkg1,lambdaDF_Bkg2,lambdaDSS_Bkg1,lambdaDSS_Bkg2,rS21_CtauRes,rS32_CtauRes,s1_CtauRes,zeroMean) ]
     p.d.f value is less than zero (-0.000105), forcing value to zero @ !refCoefNorm=(ctau3D = -0.0720764,ctau3DErr = 0.0231641), !pdfs=(pdfCTAUDSS = 0.378757/1,pdfCTAUDF = 38.2939/1), !coefficients=(fDFSS = 1.00999)

[#0] WARNING:Minization -- RooMinimizerFcn: Minimized function has error status.
Returning maximum FCN so far (1.98316e+08) to force MIGRAD to back out of this region. Error log follows
Parameter values: N_Bkg=45.1378, b_Bkg=0.733576, fDF12=0.963936, fDFSS=1.00999, fDLIV=0.999976, fDSS12=0.0222012, lambdaDDS_Bkg=0.399873, lambdaDF_Bkg1=0.999575, lambdaDF_Bkg2=0.978125, lambdaDSS_Bkg1=0.000571198, lambdaDSS_Bkg2=0.354698
PID1452999/RooRealMPFE::nll_pdfTot_Bkg_dataw_Bkg_5a1fdb9e29d0_MPFE7[ arg=nll_pdfTot_Bkg_dataw_Bkg_GOF7 vars=(N_Bkg,b_Bkg,ctau1_CtauRes,ctau2_CtauRes,ctau3_CtauRes,f2_CtauRes,fDF12,fDFSS,fDLIV,fDSS12,f_CtauRes,lambdaDDS_Bkg,lambdaDF_Bkg1,lambdaDF_Bkg2,lambdaDSS_Bkg1,lambdaDSS_Bkg2,rS21_CtauRes,rS32_CtauRes,s1_CtauRes,zeroMean) ]
     p.d.f value is less than zero (-0.000067), forcing value to zero @ !refCoefNorm=(ctau3D = -0.0720764,ctau3DErr = 0.0231641), !pdfs=(pdfCTAUDSS = 0.378794/1,pdfCTAUDF = 38.2939/1), !coefficients=(fDFSS = 1.00999)

[#0] WARNING:Minization -- RooMinimizerFcn: Minimized function has error status.
Returning maximum FCN so far (1.98316e+08) to force MIGRAD to back out of this region. Error log follows
Parameter values: N_Bkg=45.1378, b_Bkg=0.733576, fDF12=0.963936, fDFSS=1.00999, fDLIV=0.999976, fDSS12=0.022191, lambdaDDS_Bkg=0.574196, lambdaDF_Bkg1=0.999575, lambdaDF_Bkg2=0.978125, lambdaDSS_Bkg1=0.000571198, lambdaDSS_Bkg2=0.354698
PID1452999/RooRealMPFE::nll_pdfTot_Bkg_dataw_Bkg_5a1fdb9e29d0_MPFE7[ arg=nll_pdfTot_Bkg_dataw_Bkg_GOF7 vars=(N_Bkg,b_Bkg,ctau1_CtauRes,ctau2_CtauRes,ctau3_CtauRes,f2_CtauRes,fDF12,fDFSS,fDLIV,fDSS12,f_CtauRes,lambdaDDS_Bkg,lambdaDF_Bkg1,lambdaDF_Bkg2,lambdaDSS_Bkg1,lambdaDSS_Bkg2,rS21_CtauRes,rS32_CtauRes,s1_CtauRes,zeroMean) ]
     p.d.f value is less than zero (-0.000105), forcing value to zero @ !refCoefNorm=(ctau3D = -0.0720764,ctau3DErr = 0.0231641), !pdfs=(pdfCTAUDSS = 0.378757/1,pdfCTAUDF = 38.2939/1), !coefficients=(fDFSS = 1.00999)

[#0] WARNING:Minization -- RooMinimizerFcn: Minimized function has error status.
Returning maximum FCN so far (1.98316e+08) to force MIGRAD to back out of this region. Error log follows
Parameter values: N_Bkg=45.1378, b_Bkg=0.733576, fDF12=0.963936, fDFSS=1.00999, fDLIV=0.999976, fDSS12=0.022191, lambdaDDS_Bkg=0.399873, lambdaDF_Bkg1=0.999485, lambdaDF_Bkg2=0.978125, lambdaDSS_Bkg1=0.000571198, lambdaDSS_Bkg2=0.354698
PID1452999/RooRealMPFE::nll_pdfTot_Bkg_dataw_Bkg_5a1fdb9e29d0_MPFE7[ arg=nll_pdfTot_Bkg_dataw_Bkg_GOF7 vars=(N_Bkg,b_Bkg,ctau1_CtauRes,ctau2_CtauRes,ctau3_CtauRes,f2_CtauRes,fDF12,fDFSS,fDLIV,fDSS12,f_CtauRes,lambdaDDS_Bkg,lambdaDF_Bkg1,lambdaDF_Bkg2,lambdaDSS_Bkg1,lambdaDSS_Bkg2,rS21_CtauRes,rS32_CtauRes,s1_CtauRes,zeroMean) ]
     p.d.f value is less than zero (-0.000133), forcing value to zero @ !refCoefNorm=(ctau3D = -0.0720764,ctau3DErr = 0.0231641), !pdfs=(pdfCTAUDSS = 0.378757/1,pdfCTAUDF = 38.2967/1), !coefficients=(fDFSS = 1.00999)

[#0] WARNING:Minization -- RooMinimizerFcn: Minimized function has error status.
Returning maximum FCN so far (1.98316e+08) to force MIGRAD to back out of this region. Error log follows
Parameter values: N_Bkg=45.1378, b_Bkg=0.733576, fDF12=0.963936, fDFSS=1.00999, fDLIV=0.999976, fDSS12=0.022191, lambdaDDS_Bkg=0.399873, lambdaDF_Bkg1=0.999575, lambdaDF_Bkg2=0.970217, lambdaDSS_Bkg1=0.000571198, lambdaDSS_Bkg2=0.354698
PID1452999/RooRealMPFE::nll_pdfTot_Bkg_dataw_Bkg_5a1fdb9e29d0_MPFE7[ arg=nll_pdfTot_Bkg_dataw_Bkg_GOF7 vars=(N_Bkg,b_Bkg,ctau1_CtauRes,ctau2_CtauRes,ctau3_CtauRes,f2_CtauRes,fDF12,fDFSS,fDLIV,fDSS12,f_CtauRes,lambdaDDS_Bkg,lambdaDF_Bkg1,lambdaDF_Bkg2,lambdaDSS_Bkg1,lambdaDSS_Bkg2,rS21_CtauRes,rS32_CtauRes,s1_CtauRes,zeroMean) ]
     p.d.f value is less than zero (-0.000203), forcing value to zero @ !refCoefNorm=(ctau3D = -0.0720764,ctau3DErr = 0.0231641), !pdfs=(pdfCTAUDSS = 0.378757/1,pdfCTAUDF = 38.3037/1), !coefficients=(fDFSS = 1.00999)

[#0] WARNING:Minization -- RooMinimizerFcn: Minimized function has error status.
Returning maximum FCN so far (1.98316e+08) to force MIGRAD to back out of this region. Error log follows
Parameter values: N_Bkg=45.1378, b_Bkg=0.733576, fDF12=0.963936, fDFSS=1.00999, fDLIV=0.999976, fDSS12=0.022191, lambdaDDS_Bkg=0.399873, lambdaDF_Bkg1=0.999575, lambdaDF_Bkg2=0.978125, lambdaDSS_Bkg1=0.000561312, lambdaDSS_Bkg2=0.354698
PID1452999/RooRealMPFE::nll_pdfTot_Bkg_dataw_Bkg_5a1fdb9e29d0_MPFE7[ arg=nll_pdfTot_Bkg_dataw_Bkg_GOF7 vars=(N_Bkg,b_Bkg,ctau1_CtauRes,ctau2_CtauRes,ctau3_CtauRes,f2_CtauRes,fDF12,fDFSS,fDLIV,fDSS12,f_CtauRes,lambdaDDS_Bkg,lambdaDF_Bkg1,lambdaDF_Bkg2,lambdaDSS_Bkg1,lambdaDSS_Bkg2,rS21_CtauRes,rS32_CtauRes,s1_CtauRes,zeroMean) ]
     p.d.f value is less than zero (-0.000054), forcing value to zero @ !refCoefNorm=(ctau3D = -0.0720764,ctau3DErr = 0.0231641), !pdfs=(pdfCTAUDSS = 0.378807/1,pdfCTAUDF = 38.2939/1), !coefficients=(fDFSS = 1.00999)

[#0] WARNING:Minization -- RooMinimizerFcn: Minimized function has error status.
Returning maximum FCN so far (1.98316e+08) to force MIGRAD to back out of this region. Error log follows
Parameter values: N_Bkg=45.1378, b_Bkg=0.733576, fDF12=0.963936, fDFSS=1.00999, fDLIV=0.999976, fDSS12=0.022191, lambdaDDS_Bkg=0.399873, lambdaDF_Bkg1=0.999575, lambdaDF_Bkg2=0.978125, lambdaDSS_Bkg1=0.000571198, lambdaDSS_Bkg2=0.354777
PID1452999/RooRealMPFE::nll_pdfTot_Bkg_dataw_Bkg_5a1fdb9e29d0_MPFE7[ arg=nll_pdfTot_Bkg_dataw_Bkg_GOF7 vars=(N_Bkg,b_Bkg,ctau1_CtauRes,ctau2_CtauRes,ctau3_CtauRes,f2_CtauRes,fDF12,fDFSS,fDLIV,fDSS12,f_CtauRes,lambdaDDS_Bkg,lambdaDF_Bkg1,lambdaDF_Bkg2,lambdaDSS_Bkg1,lambdaDSS_Bkg2,rS21_CtauRes,rS32_CtauRes,s1_CtauRes,zeroMean) ]
     p.d.f value is less than zero (-0.000165), forcing value to zero @ !refCoefNorm=(ctau3D = -0.0720764,ctau3DErr = 0.0231641), !pdfs=(pdfCTAUDSS = 0.378698/1,pdfCTAUDF = 38.2939/1), !coefficients=(fDFSS = 1.00999)

[#0] WARNING:Minization -- RooMinimizerFcn: Minimized function has error status.
Returning maximum FCN so far (1.98316e+08) to force MIGRAD to back out of this region. Error log follows
Parameter values: N_Bkg=45.1378, b_Bkg=0.733576, fDF12=0.968387, fDFSS=1.00999, fDLIV=0.999976, fDSS12=0.022191, lambdaDDS_Bkg=0.399873, lambdaDF_Bkg1=0.999575, lambdaDF_Bkg2=0.978125, lambdaDSS_Bkg1=0.000571198, lambdaDSS_Bkg2=0.354698
PID1452999/RooRealMPFE::nll_pdfTot_Bkg_dataw_Bkg_5a1fdb9e29d0_MPFE7[ arg=nll_pdfTot_Bkg_dataw_Bkg_GOF7 vars=(N_Bkg,b_Bkg,ctau1_CtauRes,ctau2_CtauRes,ctau3_CtauRes,f2_CtauRes,fDF12,fDFSS,fDLIV,fDSS12,f_CtauRes,lambdaDDS_Bkg,lambdaDF_Bkg1,lambdaDF_Bkg2,lambdaDSS_Bkg1,lambdaDSS_Bkg2,rS21_CtauRes,rS32_CtauRes,s1_CtauRes,zeroMean) ]
     p.d.f value is less than zero (-0.000073), forcing value to zero @ !refCoefNorm=(ctau3D = -0.0720764,ctau3DErr = 0.0231641), !pdfs=(pdfCTAUDSS = 0.378757/1,pdfCTAUDF = 38.2907/1), !coefficients=(fDFSS = 1.00999)

[#0] WARNING:Minization -- RooMinimizerFcn: Minimized function has error status.
Returning maximum FCN so far (1.98316e+08) to force MIGRAD to back out of this region. Error log follows
Parameter values: N_Bkg=45.1378, b_Bkg=0.733576, fDF12=0.963936, fDFSS=1.00999, fDLIV=0.999976, fDSS12=0.022191, lambdaDDS_Bkg=0.399873, lambdaDF_Bkg1=0.999575, lambdaDF_Bkg2=0.978125, lambdaDSS_Bkg1=0.000571198, lambdaDSS_Bkg2=0.354698
PID1452999/RooRealMPFE::nll_pdfTot_Bkg_dataw_Bkg_5a1fdb9e29d0_MPFE7[ arg=nll_pdfTot_Bkg_dataw_Bkg_GOF7 vars=(N_Bkg,b_Bkg,ctau1_CtauRes,ctau2_CtauRes,ctau3_CtauRes,f2_CtauRes,fDF12,fDFSS,fDLIV,fDSS12,f_CtauRes,lambdaDDS_Bkg,lambdaDF_Bkg1,lambdaDF_Bkg2,lambdaDSS_Bkg1,lambdaDSS_Bkg2,rS21_CtauRes,rS32_CtauRes,s1_CtauRes,zeroMean) ]
     p.d.f value is less than zero (-0.000105), forcing value to zero @ !refCoefNorm=(ctau3D = -0.0720764,ctau3DErr = 0.0231641), !pdfs=(pdfCTAUDSS = 0.378757/1,pdfCTAUDF = 38.2939/1), !coefficients=(fDFSS = 1.00999)

[#0] WARNING:Minization -- RooMinimizerFcn: Minimized function has error status.
Returning maximum FCN so far (1.98316e+08) to force MIGRAD to back out of this region. Error log follows
Parameter values: N_Bkg=45.1378, b_Bkg=0.733576, fDF12=0.907557, fDFSS=1.00999, fDLIV=0.999976, fDSS12=0.022191, lambdaDDS_Bkg=0.399873, lambdaDF_Bkg1=0.999575, lambdaDF_Bkg2=0.978125, lambdaDSS_Bkg1=0.000571198, lambdaDSS_Bkg2=0.354698
PID1452999/RooRealMPFE::nll_pdfTot_Bkg_dataw_Bkg_5a1fdb9e29d0_MPFE7[ arg=nll_pdfTot_Bkg_dataw_Bkg_GOF7 vars=(N_Bkg,b_Bkg,ctau1_CtauRes,ctau2_CtauRes,ctau3_CtauRes,f2_CtauRes,fDF12,fDFSS,fDLIV,fDSS12,f_CtauRes,lambdaDDS_Bkg,lambdaDF_Bkg1,lambdaDF_Bkg2,lambdaDSS_Bkg1,lambdaDSS_Bkg2,rS21_CtauRes,rS32_CtauRes,s1_CtauRes,zeroMean) ]
     p.d.f value is less than zero (-0.000508), forcing value to zero @ !refCoefNorm=(ctau3D = -0.0720764,ctau3DErr = 0.0231641), !pdfs=(pdfCTAUDSS = 0.378757/1,pdfCTAUDF = 38.3343/1), !coefficients=(fDFSS = 1.00999)

[#0] WARNING:Minization -- RooMinimizerFcn: Minimized function has error status.
Returning maximum FCN so far (1.98316e+08) to force MIGRAD to back out of this region. Error log follows
Parameter values: N_Bkg=45.1378, b_Bkg=0.733576, fDF12=0.996531, fDFSS=1.01, fDLIV=0.999976, fDSS12=0.022191, lambdaDDS_Bkg=0.399873, lambdaDF_Bkg1=0.999575, lambdaDF_Bkg2=0.978125, lambdaDSS_Bkg1=0.000571198, lambdaDSS_Bkg2=0.354698
PID1452999/RooRealMPFE::nll_pdfTot_Bkg_dataw_Bkg_5a1fdb9e29d0_MPFE7[ arg=nll_pdfTot_Bkg_dataw_Bkg_GOF7 vars=(N_Bkg,b_Bkg,ctau1_CtauRes,ctau2_CtauRes,ctau3_CtauRes,f2_CtauRes,fDF12,fDFSS,fDLIV,fDSS12,f_CtauRes,lambdaDDS_Bkg,lambdaDF_Bkg1,lambdaDF_Bkg2,lambdaDSS_Bkg1,lambdaDSS_Bkg2,rS21_CtauRes,rS32_CtauRes,s1_CtauRes,zeroMean) ]
     p.d.f value is less than zero (-0.000118), forcing value to zero @ !refCoefNorm=(ctau3D = -0.0720764,ctau3DErr = 0.0231641), !pdfs=(pdfCTAUDSS = 0.378757/1,pdfCTAUDF = 38.2705/1), !coefficients=(fDFSS = 1.01)

[#0] WARNING:Minization -- RooMinimizerFcn: Minimized function has error status.
Returning maximum FCN so far (1.98316e+08) to force MIGRAD to back out of this region. Error log follows
Parameter values: N_Bkg=45.1378, b_Bkg=0.733576, fDF12=0.996531, fDFSS=1.01, fDLIV=0.999976, fDSS12=0.022191, lambdaDDS_Bkg=0.399873, lambdaDF_Bkg1=0.999575, lambdaDF_Bkg2=0.978125, lambdaDSS_Bkg1=0.000571198, lambdaDSS_Bkg2=0.354698
PID1452999/RooRealMPFE::nll_pdfTot_Bkg_dataw_Bkg_5a1fdb9e29d0_MPFE7[ arg=nll_pdfTot_Bkg_dataw_Bkg_GOF7 vars=(N_Bkg,b_Bkg,ctau1_CtauRes,ctau2_CtauRes,ctau3_CtauRes,f2_CtauRes,fDF12,fDFSS,fDLIV,fDSS12,f_CtauRes,lambdaDDS_Bkg,lambdaDF_Bkg1,lambdaDF_Bkg2,lambdaDSS_Bkg1,lambdaDSS_Bkg2,rS21_CtauRes,rS32_CtauRes,s1_CtauRes,zeroMean) ]
     p.d.f value is less than zero (-0.000118), forcing value to zero @ !refCoefNorm=(ctau3D = -0.0720764,ctau3DErr = 0.0231641), !pdfs=(pdfCTAUDSS = 0.378757/1,pdfCTAUDF = 38.2705/1), !coefficients=(fDFSS = 1.01)

[#0] WARNING:Minization -- RooMinimizerFcn: Minimized function has error status.
Returning maximum FCN so far (1.98316e+08) to force MIGRAD to back out of this region. Error log follows
Parameter values: N_Bkg=45.1734, b_Bkg=0.733576, fDF12=0.963936, fDFSS=1.00999, fDLIV=0.999976, fDSS12=0.022191, lambdaDDS_Bkg=0.399873, lambdaDF_Bkg1=0.999575, lambdaDF_Bkg2=0.978125, lambdaDSS_Bkg1=0.000571198, lambdaDSS_Bkg2=0.354698
PID1452999/RooRealMPFE::nll_pdfTot_Bkg_dataw_Bkg_5a1fdb9e29d0_MPFE7[ arg=nll_pdfTot_Bkg_dataw_Bkg_GOF7 vars=(N_Bkg,b_Bkg,ctau1_CtauRes,ctau2_CtauRes,ctau3_CtauRes,f2_CtauRes,fDF12,fDFSS,fDLIV,fDSS12,f_CtauRes,lambdaDDS_Bkg,lambdaDF_Bkg1,lambdaDF_Bkg2,lambdaDSS_Bkg1,lambdaDSS_Bkg2,rS21_CtauRes,rS32_CtauRes,s1_CtauRes,zeroMean) ]
     p.d.f value is less than zero (-0.000105), forcing value to zero @ !refCoefNorm=(ctau3D = -0.0720764,ctau3DErr = 0.0231641), !pdfs=(pdfCTAUDSS = 0.378757/1,pdfCTAUDF = 38.2939/1), !coefficients=(fDFSS = 1.00999)

[#0] WARNING:Minization -- RooMinimizerFcn: Minimized function has error status.
Returning maximum FCN so far (1.98316e+08) to force MIGRAD to back out of this region. Error log follows
Parameter values: N_Bkg=45.1378, b_Bkg=0.733765, fDF12=0.963936, fDFSS=1.00999, fDLIV=0.999976, fDSS12=0.022191, lambdaDDS_Bkg=0.399873, lambdaDF_Bkg1=0.999575, lambdaDF_Bkg2=0.978125, lambdaDSS_Bkg1=0.000571198, lambdaDSS_Bkg2=0.354698
PID1452999/RooRealMPFE::nll_pdfTot_Bkg_dataw_Bkg_5a1fdb9e29d0_MPFE7[ arg=nll_pdfTot_Bkg_dataw_Bkg_GOF7 vars=(N_Bkg,b_Bkg,ctau1_CtauRes,ctau2_CtauRes,ctau3_CtauRes,f2_CtauRes,fDF12,fDFSS,fDLIV,fDSS12,f_CtauRes,lambdaDDS_Bkg,lambdaDF_Bkg1,lambdaDF_Bkg2,lambdaDSS_Bkg1,lambdaDSS_Bkg2,rS21_CtauRes,rS32_CtauRes,s1_CtauRes,zeroMean) ]
     p.d.f value is less than zero (-0.000105), forcing value to zero @ !refCoefNorm=(ctau3D = -0.0720764,ctau3DErr = 0.0231641), !pdfs=(pdfCTAUDSS = 0.378757/1,pdfCTAUDF = 38.2939/1), !coefficients=(fDFSS = 1.00999)

[#0] WARNING:Minization -- RooMinimizerFcn: Minimized function has error status.
Returning maximum FCN so far (1.98316e+08) to force MIGRAD to back out of this region. Error log follows
Parameter values: N_Bkg=45.1378, b_Bkg=0.733576, fDF12=0.963936, fDFSS=1.00999, fDLIV=0.999983, fDSS12=0.022191, lambdaDDS_Bkg=0.399873, lambdaDF_Bkg1=0.999575, lambdaDF_Bkg2=0.978125, lambdaDSS_Bkg1=0.000571198, lambdaDSS_Bkg2=0.354698
PID1452999/RooRealMPFE::nll_pdfTot_Bkg_dataw_Bkg_5a1fdb9e29d0_MPFE7[ arg=nll_pdfTot_Bkg_dataw_Bkg_GOF7 vars=(N_Bkg,b_Bkg,ctau1_CtauRes,ctau2_CtauRes,ctau3_CtauRes,f2_CtauRes,fDF12,fDFSS,fDLIV,fDSS12,f_CtauRes,lambdaDDS_Bkg,lambdaDF_Bkg1,lambdaDF_Bkg2,lambdaDSS_Bkg1,lambdaDSS_Bkg2,rS21_CtauRes,rS32_CtauRes,s1_CtauRes,zeroMean) ]
     p.d.f value is less than zero (-0.000105), forcing value to zero @ !refCoefNorm=(ctau3D = -0.0720764,ctau3DErr = 0.0231641), !pdfs=(pdfCTAUDSS = 0.378757/1,pdfCTAUDF = 38.2939/1), !coefficients=(fDFSS = 1.00999)

[#0] WARNING:Minization -- RooMinimizerFcn: Minimized function has error status.
Returning maximum FCN so far (1.98316e+08) to force MIGRAD to back out of this region. Error log follows
Parameter values: N_Bkg=45.1378, b_Bkg=0.733576, fDF12=0.963936, fDFSS=1.00999, fDLIV=0.999976, fDSS12=0.0221931, lambdaDDS_Bkg=0.399873, lambdaDF_Bkg1=0.999575, lambdaDF_Bkg2=0.978125, lambdaDSS_Bkg1=0.000571198, lambdaDSS_Bkg2=0.354698
PID1452999/RooRealMPFE::nll_pdfTot_Bkg_dataw_Bkg_5a1fdb9e29d0_MPFE7[ arg=nll_pdfTot_Bkg_dataw_Bkg_GOF7 vars=(N_Bkg,b_Bkg,ctau1_CtauRes,ctau2_CtauRes,ctau3_CtauRes,f2_CtauRes,fDF12,fDFSS,fDLIV,fDSS12,f_CtauRes,lambdaDDS_Bkg,lambdaDF_Bkg1,lambdaDF_Bkg2,lambdaDSS_Bkg1,lambdaDSS_Bkg2,rS21_CtauRes,rS32_CtauRes,s1_CtauRes,zeroMean) ]
     p.d.f value is less than zero (-0.000097), forcing value to zero @ !refCoefNorm=(ctau3D = -0.0720764,ctau3DErr = 0.0231641), !pdfs=(pdfCTAUDSS = 0.378764/1,pdfCTAUDF = 38.2939/1), !coefficients=(fDFSS = 1.00999)

[#0] WARNING:Minization -- RooMinimizerFcn: Minimized function has error status.
Returning maximum FCN so far (1.98316e+08) to force MIGRAD to back out of this region. Error log follows
Parameter values: N_Bkg=45.1378, b_Bkg=0.733576, fDF12=0.963936, fDFSS=1.00999, fDLIV=0.999976, fDSS12=0.022191, lambdaDDS_Bkg=0.646964, lambdaDF_Bkg1=0.999575, lambdaDF_Bkg2=0.978125, lambdaDSS_Bkg1=0.000571198, lambdaDSS_Bkg2=0.354698
PID1452999/RooRealMPFE::nll_pdfTot_Bkg_dataw_Bkg_5a1fdb9e29d0_MPFE7[ arg=nll_pdfTot_Bkg_dataw_Bkg_GOF7 vars=(N_Bkg,b_Bkg,ctau1_CtauRes,ctau2_CtauRes,ctau3_CtauRes,f2_CtauRes,fDF12,fDFSS,fDLIV,fDSS12,f_CtauRes,lambdaDDS_Bkg,lambdaDF_Bkg1,lambdaDF_Bkg2,lambdaDSS_Bkg1,lambdaDSS_Bkg2,rS21_CtauRes,rS32_CtauRes,s1_CtauRes,zeroMean) ]
     p.d.f value is less than zero (-0.000105), forcing value to zero @ !refCoefNorm=(ctau3D = -0.0720764,ctau3DErr = 0.0231641), !pdfs=(pdfCTAUDSS = 0.378757/1,pdfCTAUDF = 38.2939/1), !coefficients=(fDFSS = 1.00999)

[#0] WARNING:Minization -- RooMinimizerFcn: Minimized function has error status.
Returning maximum FCN so far (1.98316e+08) to force MIGRAD to back out of this region. Error log follows
Parameter values: N_Bkg=45.1378, b_Bkg=0.733576, fDF12=0.963936, fDFSS=1.00999, fDLIV=0.999976, fDSS12=0.022191, lambdaDDS_Bkg=0.399873, lambdaDF_Bkg1=0.999557, lambdaDF_Bkg2=0.978125, lambdaDSS_Bkg1=0.000571198, lambdaDSS_Bkg2=0.354698
PID1452999/RooRealMPFE::nll_pdfTot_Bkg_dataw_Bkg_5a1fdb9e29d0_MPFE7[ arg=nll_pdfTot_Bkg_dataw_Bkg_GOF7 vars=(N_Bkg,b_Bkg,ctau1_CtauRes,ctau2_CtauRes,ctau3_CtauRes,f2_CtauRes,fDF12,fDFSS,fDLIV,fDSS12,f_CtauRes,lambdaDDS_Bkg,lambdaDF_Bkg1,lambdaDF_Bkg2,lambdaDSS_Bkg1,lambdaDSS_Bkg2,rS21_CtauRes,rS32_CtauRes,s1_CtauRes,zeroMean) ]
     p.d.f value is less than zero (-0.000110), forcing value to zero @ !refCoefNorm=(ctau3D = -0.0720764,ctau3DErr = 0.0231641), !pdfs=(pdfCTAUDSS = 0.378757/1,pdfCTAUDF = 38.2944/1), !coefficients=(fDFSS = 1.00999)

[#0] WARNING:Minization -- RooMinimizerFcn: Minimized function has error status.
Returning maximum FCN so far (1.98316e+08) to force MIGRAD to back out of this region. Error log follows
Parameter values: N_Bkg=45.1378, b_Bkg=0.733576, fDF12=0.963936, fDFSS=1.00999, fDLIV=0.999976, fDSS12=0.022191, lambdaDDS_Bkg=0.399873, lambdaDF_Bkg1=0.999575, lambdaDF_Bkg2=0.976639, lambdaDSS_Bkg1=0.000571198, lambdaDSS_Bkg2=0.354698
PID1452999/RooRealMPFE::nll_pdfTot_Bkg_dataw_Bkg_5a1fdb9e29d0_MPFE7[ arg=nll_pdfTot_Bkg_dataw_Bkg_GOF7 vars=(N_Bkg,b_Bkg,ctau1_CtauRes,ctau2_CtauRes,ctau3_CtauRes,f2_CtauRes,fDF12,fDFSS,fDLIV,fDSS12,f_CtauRes,lambdaDDS_Bkg,lambdaDF_Bkg1,lambdaDF_Bkg2,lambdaDSS_Bkg1,lambdaDSS_Bkg2,rS21_CtauRes,rS32_CtauRes,s1_CtauRes,zeroMean) ]
     p.d.f value is less than zero (-0.000123), forcing value to zero @ !refCoefNorm=(ctau3D = -0.0720764,ctau3DErr = 0.0231641), !pdfs=(pdfCTAUDSS = 0.378757/1,pdfCTAUDF = 38.2957/1), !coefficients=(fDFSS = 1.00999)

[#0] WARNING:Minization -- RooMinimizerFcn: Minimized function has error status.
Returning maximum FCN so far (1.98316e+08) to force MIGRAD to back out of this region. Error log follows
Parameter values: N_Bkg=45.1378, b_Bkg=0.733576, fDF12=0.963936, fDFSS=1.00999, fDLIV=0.999976, fDSS12=0.022191, lambdaDDS_Bkg=0.399873, lambdaDF_Bkg1=0.999575, lambdaDF_Bkg2=0.978125, lambdaDSS_Bkg1=0.000569213, lambdaDSS_Bkg2=0.354698
PID1452999/RooRealMPFE::nll_pdfTot_Bkg_dataw_Bkg_5a1fdb9e29d0_MPFE7[ arg=nll_pdfTot_Bkg_dataw_Bkg_GOF7 vars=(N_Bkg,b_Bkg,ctau1_CtauRes,ctau2_CtauRes,ctau3_CtauRes,f2_CtauRes,fDF12,fDFSS,fDLIV,fDSS12,f_CtauRes,lambdaDDS_Bkg,lambdaDF_Bkg1,lambdaDF_Bkg2,lambdaDSS_Bkg1,lambdaDSS_Bkg2,rS21_CtauRes,rS32_CtauRes,s1_CtauRes,zeroMean) ]
     p.d.f value is less than zero (-0.000095), forcing value to zero @ !refCoefNorm=(ctau3D = -0.0720764,ctau3DErr = 0.0231641), !pdfs=(pdfCTAUDSS = 0.378767/1,pdfCTAUDF = 38.2939/1), !coefficients=(fDFSS = 1.00999)

[#0] WARNING:Minization -- RooMinimizerFcn: Minimized function has error status.
Returning maximum FCN so far (1.98316e+08) to force MIGRAD to back out of this region. Error log follows
Parameter values: N_Bkg=45.1378, b_Bkg=0.733576, fDF12=0.963936, fDFSS=1.00999, fDLIV=0.999976, fDSS12=0.022191, lambdaDDS_Bkg=0.399873, lambdaDF_Bkg1=0.999575, lambdaDF_Bkg2=0.978125, lambdaDSS_Bkg1=0.000571198, lambdaDSS_Bkg2=0.354714
PID1452999/RooRealMPFE::nll_pdfTot_Bkg_dataw_Bkg_5a1fdb9e29d0_MPFE7[ arg=nll_pdfTot_Bkg_dataw_Bkg_GOF7 vars=(N_Bkg,b_Bkg,ctau1_CtauRes,ctau2_CtauRes,ctau3_CtauRes,f2_CtauRes,fDF12,fDFSS,fDLIV,fDSS12,f_CtauRes,lambdaDDS_Bkg,lambdaDF_Bkg1,lambdaDF_Bkg2,lambdaDSS_Bkg1,lambdaDSS_Bkg2,rS21_CtauRes,rS32_CtauRes,s1_CtauRes,zeroMean) ]
     p.d.f value is less than zero (-0.000117), forcing value to zero @ !refCoefNorm=(ctau3D = -0.0720764,ctau3DErr = 0.0231641), !pdfs=(pdfCTAUDSS = 0.378745/1,pdfCTAUDF = 38.2939/1), !coefficients=(fDFSS = 1.00999)

[#0] WARNING:Minization -- RooMinimizerFcn: Minimized function has error status.
Returning maximum FCN so far (1.98316e+08) to force MIGRAD to back out of this region. Error log follows
Parameter values: N_Bkg=45.1378, b_Bkg=0.733576, fDF12=0.967543, fDFSS=1.00999, fDLIV=0.999976, fDSS12=0.022191, lambdaDDS_Bkg=0.399873, lambdaDF_Bkg1=0.999575, lambdaDF_Bkg2=0.978125, lambdaDSS_Bkg1=0.000571198, lambdaDSS_Bkg2=0.354698
PID1452999/RooRealMPFE::nll_pdfTot_Bkg_dataw_Bkg_5a1fdb9e29d0_MPFE7[ arg=nll_pdfTot_Bkg_dataw_Bkg_GOF7 vars=(N_Bkg,b_Bkg,ctau1_CtauRes,ctau2_CtauRes,ctau3_CtauRes,f2_CtauRes,fDF12,fDFSS,fDLIV,fDSS12,f_CtauRes,lambdaDDS_Bkg,lambdaDF_Bkg1,lambdaDF_Bkg2,lambdaDSS_Bkg1,lambdaDSS_Bkg2,rS21_CtauRes,rS32_CtauRes,s1_CtauRes,zeroMean) ]
     p.d.f value is less than zero (-0.000079), forcing value to zero @ !refCoefNorm=(ctau3D = -0.0720764,ctau3DErr = 0.0231641), !pdfs=(pdfCTAUDSS = 0.378757/1,pdfCTAUDF = 38.2913/1), !coefficients=(fDFSS = 1.00999)

[#0] WARNING:Minization -- RooMinimizerFcn: Minimized function has error status.
Returning maximum FCN so far (1.98316e+08) to force MIGRAD to back out of this region. Error log follows
Parameter values: N_Bkg=45.1378, b_Bkg=0.733576, fDF12=0.996531, fDFSS=1.01, fDLIV=0.999976, fDSS12=0.022191, lambdaDDS_Bkg=0.399873, lambdaDF_Bkg1=0.999575, lambdaDF_Bkg2=0.978125, lambdaDSS_Bkg1=0.000571198, lambdaDSS_Bkg2=0.354698
PID1452999/RooRealMPFE::nll_pdfTot_Bkg_dataw_Bkg_5a1fdb9e29d0_MPFE7[ arg=nll_pdfTot_Bkg_dataw_Bkg_GOF7 vars=(N_Bkg,b_Bkg,ctau1_CtauRes,ctau2_CtauRes,ctau3_CtauRes,f2_CtauRes,fDF12,fDFSS,fDLIV,fDSS12,f_CtauRes,lambdaDDS_Bkg,lambdaDF_Bkg1,lambdaDF_Bkg2,lambdaDSS_Bkg1,lambdaDSS_Bkg2,rS21_CtauRes,rS32_CtauRes,s1_CtauRes,zeroMean) ]
     p.d.f value is less than zero (-0.000118), forcing value to zero @ !refCoefNorm=(ctau3D = -0.0720764,ctau3DErr = 0.0231641), !pdfs=(pdfCTAUDSS = 0.378757/1,pdfCTAUDF = 38.2705/1), !coefficients=(fDFSS = 1.01)

[#0] WARNING:Minization -- RooMinimizerFcn: Minimized function has error status.
Returning maximum FCN so far (1.98316e+08) to force MIGRAD to back out of this region. Error log follows
Parameter values: N_Bkg=45.1378, b_Bkg=0.733576, fDF12=0.996531, fDFSS=1.00999, fDLIV=0.999976, fDSS12=0.0221497, lambdaDDS_Bkg=0.399873, lambdaDF_Bkg1=0.999575, lambdaDF_Bkg2=0.978125, lambdaDSS_Bkg1=0.000571198, lambdaDSS_Bkg2=0.354698
PID1452999/RooRealMPFE::nll_pdfTot_Bkg_dataw_Bkg_5a1fdb9e29d0_MPFE7[ arg=nll_pdfTot_Bkg_dataw_Bkg_GOF7 vars=(N_Bkg,b_Bkg,ctau1_CtauRes,ctau2_CtauRes,ctau3_CtauRes,f2_CtauRes,fDF12,fDFSS,fDLIV,fDSS12,f_CtauRes,lambdaDDS_Bkg,lambdaDF_Bkg1,lambdaDF_Bkg2,lambdaDSS_Bkg1,lambdaDSS_Bkg2,rS21_CtauRes,rS32_CtauRes,s1_CtauRes,zeroMean) ]
     p.d.f value is less than zero (-0.000024), forcing value to zero @ !refCoefNorm=(ctau3D = -0.0720764,ctau3DErr = 0.0231641), !pdfs=(pdfCTAUDSS = 0.378606/1,pdfCTAUDF = 38.2705/1), !coefficients=(fDFSS = 1.00999)

[#0] WARNING:Minization -- RooMinimizerFcn: Minimized function has error status.
Returning maximum FCN so far (1.98316e+08) to force MIGRAD to back out of this region. Error log follows
Parameter values: N_Bkg=45.1378, b_Bkg=0.733576, fDF12=0.996531, fDFSS=1.00999, fDLIV=0.999976, fDSS12=0.021771, lambdaDDS_Bkg=0.399873, lambdaDF_Bkg1=0.999575, lambdaDF_Bkg2=0.978125, lambdaDSS_Bkg1=0.000571198, lambdaDSS_Bkg2=0.354698
PID1452999/RooRealMPFE::nll_pdfTot_Bkg_dataw_Bkg_5a1fdb9e29d0_MPFE7[ arg=nll_pdfTot_Bkg_dataw_Bkg_GOF7 vars=(N_Bkg,b_Bkg,ctau1_CtauRes,ctau2_CtauRes,ctau3_CtauRes,f2_CtauRes,fDF12,fDFSS,fDLIV,fDSS12,f_CtauRes,lambdaDDS_Bkg,lambdaDF_Bkg1,lambdaDF_Bkg2,lambdaDSS_Bkg1,lambdaDSS_Bkg2,rS21_CtauRes,rS32_CtauRes,s1_CtauRes,zeroMean) ]
     p.d.f value is less than zero (-0.001422), forcing value to zero @ !refCoefNorm=(ctau3D = -0.0720764,ctau3DErr = 0.0231641), !pdfs=(pdfCTAUDSS = 0.377222/1,pdfCTAUDF = 38.2705/1), !coefficients=(fDFSS = 1.00999)

[#0] WARNING:Minization -- RooMinimizerFcn: Minimized function has error status.
Returning maximum FCN so far (1.98316e+08) to force MIGRAD to back out of this region. Error log follows
Parameter values: N_Bkg=45.1378, b_Bkg=0.733576, fDF12=0.996531, fDFSS=1.00999, fDLIV=0.999976, fDSS12=0.0221489, lambdaDDS_Bkg=0.399873, lambdaDF_Bkg1=0.999575, lambdaDF_Bkg2=0.978125, lambdaDSS_Bkg1=0.000571198, lambdaDSS_Bkg2=0.354698
PID1452999/RooRealMPFE::nll_pdfTot_Bkg_dataw_Bkg_5a1fdb9e29d0_MPFE7[ arg=nll_pdfTot_Bkg_dataw_Bkg_GOF7 vars=(N_Bkg,b_Bkg,ctau1_CtauRes,ctau2_CtauRes,ctau3_CtauRes,f2_CtauRes,fDF12,fDFSS,fDLIV,fDSS12,f_CtauRes,lambdaDDS_Bkg,lambdaDF_Bkg1,lambdaDF_Bkg2,lambdaDSS_Bkg1,lambdaDSS_Bkg2,rS21_CtauRes,rS32_CtauRes,s1_CtauRes,zeroMean) ]
     p.d.f value is less than zero (-0.000027), forcing value to zero @ !refCoefNorm=(ctau3D = -0.0720764,ctau3DErr = 0.0231641), !pdfs=(pdfCTAUDSS = 0.378603/1,pdfCTAUDF = 38.2705/1), !coefficients=(fDFSS = 1.00999)

[#0] WARNING:Minization -- RooMinimizerFcn: Minimized function has error status.
Returning maximum FCN so far (1.98316e+08) to force MIGRAD to back out of this region. Error log follows
Parameter values: N_Bkg=45.1378, b_Bkg=0.733576, fDF12=0.996531, fDFSS=1.00999, fDLIV=0.999976, fDSS12=0.022191, lambdaDDS_Bkg=0.399873, lambdaDF_Bkg1=0.999156, lambdaDF_Bkg2=0.978125, lambdaDSS_Bkg1=0.000571198, lambdaDSS_Bkg2=0.354698
PID1452999/RooRealMPFE::nll_pdfTot_Bkg_dataw_Bkg_5a1fdb9e29d0_MPFE7[ arg=nll_pdfTot_Bkg_dataw_Bkg_GOF7 vars=(N_Bkg,b_Bkg,ctau1_CtauRes,ctau2_CtauRes,ctau3_CtauRes,f2_CtauRes,fDF12,fDFSS,fDLIV,fDSS12,f_CtauRes,lambdaDDS_Bkg,lambdaDF_Bkg1,lambdaDF_Bkg2,lambdaDSS_Bkg1,lambdaDSS_Bkg2,rS21_CtauRes,rS32_CtauRes,s1_CtauRes,zeroMean) ]
     p.d.f value is less than zero (-0.000008), forcing value to zero @ !refCoefNorm=(ctau3D = -0.0720764,ctau3DErr = 0.0231641), !pdfs=(pdfCTAUDSS = 0.378757/1,pdfCTAUDF = 38.2842/1), !coefficients=(fDFSS = 1.00999)

[#0] WARNING:Minization -- RooMinimizerFcn: Minimized function has error status.
Returning maximum FCN so far (1.98316e+08) to force MIGRAD to back out of this region. Error log follows
Parameter values: N_Bkg=45.1378, b_Bkg=0.733576, fDF12=0.996531, fDFSS=1.00999, fDLIV=0.999976, fDSS12=0.022191, lambdaDDS_Bkg=0.399873, lambdaDF_Bkg1=0.988681, lambdaDF_Bkg2=0.978125, lambdaDSS_Bkg1=0.000571198, lambdaDSS_Bkg2=0.354698
PID1452999/RooRealMPFE::nll_pdfTot_Bkg_dataw_Bkg_5a1fdb9e29d0_MPFE7[ arg=nll_pdfTot_Bkg_dataw_Bkg_GOF7 vars=(N_Bkg,b_Bkg,ctau1_CtauRes,ctau2_CtauRes,ctau3_CtauRes,f2_CtauRes,fDF12,fDFSS,fDLIV,fDSS12,f_CtauRes,lambdaDDS_Bkg,lambdaDF_Bkg1,lambdaDF_Bkg2,lambdaDSS_Bkg1,lambdaDSS_Bkg2,rS21_CtauRes,rS32_CtauRes,s1_CtauRes,zeroMean) ]
     p.d.f value is less than zero (-0.003456), forcing value to zero @ !refCoefNorm=(ctau3D = -0.0720764,ctau3DErr = 0.0231641), !pdfs=(pdfCTAUDSS = 0.378757/1,pdfCTAUDF = 38.6292/1), !coefficients=(fDFSS = 1.00999)

[#0] WARNING:Minization -- RooMinimizerFcn: Minimized function has error status.
Returning maximum FCN so far (1.98316e+08) to force MIGRAD to back out of this region. Error log follows
Parameter values: N_Bkg=45.1378, b_Bkg=0.733576, fDF12=0.996531, fDFSS=1.00999, fDLIV=0.999976, fDSS12=0.022191, lambdaDDS_Bkg=0.399873, lambdaDF_Bkg1=0.995736, lambdaDF_Bkg2=0.978125, lambdaDSS_Bkg1=0.000571198, lambdaDSS_Bkg2=0.354698
PID1452999/RooRealMPFE::nll_pdfTot_Bkg_dataw_Bkg_5a1fdb9e29d0_MPFE7[ arg=nll_pdfTot_Bkg_dataw_Bkg_GOF7 vars=(N_Bkg,b_Bkg,ctau1_CtauRes,ctau2_CtauRes,ctau3_CtauRes,f2_CtauRes,fDF12,fDFSS,fDLIV,fDSS12,f_CtauRes,lambdaDDS_Bkg,lambdaDF_Bkg1,lambdaDF_Bkg2,lambdaDSS_Bkg1,lambdaDSS_Bkg2,rS21_CtauRes,rS32_CtauRes,s1_CtauRes,zeroMean) ]
     p.d.f value is less than zero (-0.001125), forcing value to zero @ !refCoefNorm=(ctau3D = -0.0720764,ctau3DErr = 0.0231641), !pdfs=(pdfCTAUDSS = 0.378757/1,pdfCTAUDF = 38.396/1), !coefficients=(fDFSS = 1.00999)

[#0] WARNING:Minization -- RooMinimizerFcn: Minimized function has error status.
Returning maximum FCN so far (1.98316e+08) to force MIGRAD to back out of this region. Error log follows
Parameter values: N_Bkg=45.1378, b_Bkg=0.733576, fDF12=0.996531, fDFSS=1.00999, fDLIV=0.999976, fDSS12=0.022191, lambdaDDS_Bkg=0.399873, lambdaDF_Bkg1=0.999146, lambdaDF_Bkg2=0.978125, lambdaDSS_Bkg1=0.000571198, lambdaDSS_Bkg2=0.354698
PID1452999/RooRealMPFE::nll_pdfTot_Bkg_dataw_Bkg_5a1fdb9e29d0_MPFE7[ arg=nll_pdfTot_Bkg_dataw_Bkg_GOF7 vars=(N_Bkg,b_Bkg,ctau1_CtauRes,ctau2_CtauRes,ctau3_CtauRes,f2_CtauRes,fDF12,fDFSS,fDLIV,fDSS12,f_CtauRes,lambdaDDS_Bkg,lambdaDF_Bkg1,lambdaDF_Bkg2,lambdaDSS_Bkg1,lambdaDSS_Bkg2,rS21_CtauRes,rS32_CtauRes,s1_CtauRes,zeroMean) ]
     p.d.f value is less than zero (-0.000011), forcing value to zero @ !refCoefNorm=(ctau3D = -0.0720764,ctau3DErr = 0.0231641), !pdfs=(pdfCTAUDSS = 0.378757/1,pdfCTAUDF = 38.2845/1), !coefficients=(fDFSS = 1.00999)

[#0] WARNING:Minization -- RooMinimizerFcn: Minimized function has error status.
Returning maximum FCN so far (1.98316e+08) to force MIGRAD to back out of this region. Error log follows
Parameter values: N_Bkg=45.1378, b_Bkg=0.733576, fDF12=0.996531, fDFSS=1.00999, fDLIV=0.999976, fDSS12=0.022191, lambdaDDS_Bkg=0.399873, lambdaDF_Bkg1=0.999575, lambdaDF_Bkg2=0.978125, lambdaDSS_Bkg1=0.000612617, lambdaDSS_Bkg2=0.354698
PID1452999/RooRealMPFE::nll_pdfTot_Bkg_dataw_Bkg_5a1fdb9e29d0_MPFE7[ arg=nll_pdfTot_Bkg_dataw_Bkg_GOF7 vars=(N_Bkg,b_Bkg,ctau1_CtauRes,ctau2_CtauRes,ctau3_CtauRes,f2_CtauRes,fDF12,fDFSS,fDLIV,fDSS12,f_CtauRes,lambdaDDS_Bkg,lambdaDF_Bkg1,lambdaDF_Bkg2,lambdaDSS_Bkg1,lambdaDSS_Bkg2,rS21_CtauRes,rS32_CtauRes,s1_CtauRes,zeroMean) ]
     p.d.f value is less than zero (-0.000083), forcing value to zero @ !refCoefNorm=(ctau3D = -0.0720764,ctau3DErr = 0.0231641), !pdfs=(pdfCTAUDSS = 0.378547/1,pdfCTAUDF = 38.2705/1), !coefficients=(fDFSS = 1.00999)

[#0] WARNING:Minization -- RooMinimizerFcn: Minimized function has error status.
Returning maximum FCN so far (1.98316e+08) to force MIGRAD to back out of this region. Error log follows
Parameter values: N_Bkg=45.1378, b_Bkg=0.733576, fDF12=0.996531, fDFSS=1.00999, fDLIV=0.999976, fDSS12=0.022191, lambdaDDS_Bkg=0.399873, lambdaDF_Bkg1=0.999575, lambdaDF_Bkg2=0.978125, lambdaDSS_Bkg1=0.00107546, lambdaDSS_Bkg2=0.354698
PID1452999/RooRealMPFE::nll_pdfTot_Bkg_dataw_Bkg_5a1fdb9e29d0_MPFE7[ arg=nll_pdfTot_Bkg_dataw_Bkg_GOF7 vars=(N_Bkg,b_Bkg,ctau1_CtauRes,ctau2_CtauRes,ctau3_CtauRes,f2_CtauRes,fDF12,fDFSS,fDLIV,fDSS12,f_CtauRes,lambdaDDS_Bkg,lambdaDF_Bkg1,lambdaDF_Bkg2,lambdaDSS_Bkg1,lambdaDSS_Bkg2,rS21_CtauRes,rS32_CtauRes,s1_CtauRes,zeroMean) ]
     p.d.f value is less than zero (-0.002322), forcing value to zero @ !refCoefNorm=(ctau3D = -0.0720764,ctau3DErr = 0.0231641), !pdfs=(pdfCTAUDSS = 0.376331/1,pdfCTAUDF = 38.2705/1), !coefficients=(fDFSS = 1.00999)

[#0] WARNING:Minization -- RooMinimizerFcn: Minimized function has error status.
Returning maximum FCN so far (1.98316e+08) to force MIGRAD to back out of this region. Error log follows
Parameter values: N_Bkg=45.1378, b_Bkg=0.733576, fDF12=0.996531, fDFSS=1.00999, fDLIV=0.999976, fDSS12=0.022191, lambdaDDS_Bkg=0.399873, lambdaDF_Bkg1=0.999575, lambdaDF_Bkg2=0.978125, lambdaDSS_Bkg1=0.000613463, lambdaDSS_Bkg2=0.354698
PID1452999/RooRealMPFE::nll_pdfTot_Bkg_dataw_Bkg_5a1fdb9e29d0_MPFE7[ arg=nll_pdfTot_Bkg_dataw_Bkg_GOF7 vars=(N_Bkg,b_Bkg,ctau1_CtauRes,ctau2_CtauRes,ctau3_CtauRes,f2_CtauRes,fDF12,fDFSS,fDLIV,fDSS12,f_CtauRes,lambdaDDS_Bkg,lambdaDF_Bkg1,lambdaDF_Bkg2,lambdaDSS_Bkg1,lambdaDSS_Bkg2,rS21_CtauRes,rS32_CtauRes,s1_CtauRes,zeroMean) ]
     p.d.f value is less than zero (-0.000088), forcing value to zero @ !refCoefNorm=(ctau3D = -0.0720764,ctau3DErr = 0.0231641), !pdfs=(pdfCTAUDSS = 0.378543/1,pdfCTAUDF = 38.2705/1), !coefficients=(fDFSS = 1.00999)

[#0] WARNING:Minization -- RooMinimizerFcn: Minimized function has error status.
Returning maximum FCN so far (1.98316e+08) to force MIGRAD to back out of this region. Error log follows
Parameter values: N_Bkg=45.1378, b_Bkg=0.733576, fDF12=0.996531, fDFSS=1.00999, fDLIV=0.999976, fDSS12=0.022191, lambdaDDS_Bkg=0.399873, lambdaDF_Bkg1=0.999575, lambdaDF_Bkg2=0.978125, lambdaDSS_Bkg1=0.000571198, lambdaDSS_Bkg2=0.355021
PID1452999/RooRealMPFE::nll_pdfTot_Bkg_dataw_Bkg_5a1fdb9e29d0_MPFE7[ arg=nll_pdfTot_Bkg_dataw_Bkg_GOF7 vars=(N_Bkg,b_Bkg,ctau1_CtauRes,ctau2_CtauRes,ctau3_CtauRes,f2_CtauRes,fDF12,fDFSS,fDLIV,fDSS12,f_CtauRes,lambdaDDS_Bkg,lambdaDF_Bkg1,lambdaDF_Bkg2,lambdaDSS_Bkg1,lambdaDSS_Bkg2,rS21_CtauRes,rS32_CtauRes,s1_CtauRes,zeroMean) ]
     p.d.f value is less than zero (-0.000115), forcing value to zero @ !refCoefNorm=(ctau3D = -0.0720764,ctau3DErr = 0.0231641), !pdfs=(pdfCTAUDSS = 0.378516/1,pdfCTAUDF = 38.2705/1), !coefficients=(fDFSS = 1.00999)

[#0] WARNING:Minization -- RooMinimizerFcn: Minimized function has error status.
Returning maximum FCN so far (1.98316e+08) to force MIGRAD to back out of this region. Error log follows
Parameter values: N_Bkg=45.1378, b_Bkg=0.733576, fDF12=0.996531, fDFSS=1.00999, fDLIV=0.999976, fDSS12=0.022191, lambdaDDS_Bkg=0.399873, lambdaDF_Bkg1=0.999575, lambdaDF_Bkg2=0.978125, lambdaDSS_Bkg1=0.000571198, lambdaDSS_Bkg2=0.357994
PID1452999/RooRealMPFE::nll_pdfTot_Bkg_dataw_Bkg_5a1fdb9e29d0_MPFE7[ arg=nll_pdfTot_Bkg_dataw_Bkg_GOF7 vars=(N_Bkg,b_Bkg,ctau1_CtauRes,ctau2_CtauRes,ctau3_CtauRes,f2_CtauRes,fDF12,fDFSS,fDLIV,fDSS12,f_CtauRes,lambdaDDS_Bkg,lambdaDF_Bkg1,lambdaDF_Bkg2,lambdaDSS_Bkg1,lambdaDSS_Bkg2,rS21_CtauRes,rS32_CtauRes,s1_CtauRes,zeroMean) ]
     p.d.f value is less than zero (-0.002342), forcing value to zero @ !refCoefNorm=(ctau3D = -0.0720764,ctau3DErr = 0.0231641), !pdfs=(pdfCTAUDSS = 0.376311/1,pdfCTAUDF = 38.2705/1), !coefficients=(fDFSS = 1.00999)

[#0] WARNING:Minization -- RooMinimizerFcn: Minimized function has error status.
Returning maximum FCN so far (1.98316e+08) to force MIGRAD to back out of this region. Error log follows
Parameter values: N_Bkg=45.1378, b_Bkg=0.733576, fDF12=0.996531, fDFSS=1.00999, fDLIV=0.999976, fDSS12=0.022191, lambdaDDS_Bkg=0.399873, lambdaDF_Bkg1=0.999575, lambdaDF_Bkg2=0.978125, lambdaDSS_Bkg1=0.000571198, lambdaDSS_Bkg2=0.355027
PID1452999/RooRealMPFE::nll_pdfTot_Bkg_dataw_Bkg_5a1fdb9e29d0_MPFE7[ arg=nll_pdfTot_Bkg_dataw_Bkg_GOF7 vars=(N_Bkg,b_Bkg,ctau1_CtauRes,ctau2_CtauRes,ctau3_CtauRes,f2_CtauRes,fDF12,fDFSS,fDLIV,fDSS12,f_CtauRes,lambdaDDS_Bkg,lambdaDF_Bkg1,lambdaDF_Bkg2,lambdaDSS_Bkg1,lambdaDSS_Bkg2,rS21_CtauRes,rS32_CtauRes,s1_CtauRes,zeroMean) ]
     p.d.f value is less than zero (-0.000120), forcing value to zero @ !refCoefNorm=(ctau3D = -0.0720764,ctau3DErr = 0.0231641), !pdfs=(pdfCTAUDSS = 0.378511/1,pdfCTAUDF = 38.2705/1), !coefficients=(fDFSS = 1.00999)

[#0] WARNING:Minization -- RooMinimizerFcn: Minimized function has error status.
Returning maximum FCN so far (1.98316e+08) to force MIGRAD to back out of this region. Error log follows
Parameter values: N_Bkg=45.1378, b_Bkg=0.733576, fDF12=0.996531, fDFSS=1.01, fDLIV=0.999976, fDSS12=0.022191, lambdaDDS_Bkg=0.399873, lambdaDF_Bkg1=0.999575, lambdaDF_Bkg2=0.978125, lambdaDSS_Bkg1=0.000571198, lambdaDSS_Bkg2=0.354698
PID1452999/RooRealMPFE::nll_pdfTot_Bkg_dataw_Bkg_5a1fdb9e29d0_MPFE7[ arg=nll_pdfTot_Bkg_dataw_Bkg_GOF7 vars=(N_Bkg,b_Bkg,ctau1_CtauRes,ctau2_CtauRes,ctau3_CtauRes,f2_CtauRes,fDF12,fDFSS,fDLIV,fDSS12,f_CtauRes,lambdaDDS_Bkg,lambdaDF_Bkg1,lambdaDF_Bkg2,lambdaDSS_Bkg1,lambdaDSS_Bkg2,rS21_CtauRes,rS32_CtauRes,s1_CtauRes,zeroMean) ]
     p.d.f value is less than zero (-0.000118), forcing value to zero @ !refCoefNorm=(ctau3D = -0.0720764,ctau3DErr = 0.0231641), !pdfs=(pdfCTAUDSS = 0.378757/1,pdfCTAUDF = 38.2705/1), !coefficients=(fDFSS = 1.01)

[#0] WARNING:Minization -- RooMinimizerFcn: Minimized function has error status.
Returning maximum FCN so far (1.98316e+08) to force MIGRAD to back out of this region. Error log follows
Parameter values: N_Bkg=47.7708, b_Bkg=0.733576, fDF12=0.996531, fDFSS=1.00999, fDLIV=0.999976, fDSS12=0.022191, lambdaDDS_Bkg=0.399873, lambdaDF_Bkg1=0.999146, lambdaDF_Bkg2=0.978125, lambdaDSS_Bkg1=0.000571198, lambdaDSS_Bkg2=0.354698
PID1452999/RooRealMPFE::nll_pdfTot_Bkg_dataw_Bkg_5a1fdb9e29d0_MPFE7[ arg=nll_pdfTot_Bkg_dataw_Bkg_GOF7 vars=(N_Bkg,b_Bkg,ctau1_CtauRes,ctau2_CtauRes,ctau3_CtauRes,f2_CtauRes,fDF12,fDFSS,fDLIV,fDSS12,f_CtauRes,lambdaDDS_Bkg,lambdaDF_Bkg1,lambdaDF_Bkg2,lambdaDSS_Bkg1,lambdaDSS_Bkg2,rS21_CtauRes,rS32_CtauRes,s1_CtauRes,zeroMean) ]
     p.d.f value is less than zero (-0.000011), forcing value to zero @ !refCoefNorm=(ctau3D = -0.0720764,ctau3DErr = 0.0231641), !pdfs=(pdfCTAUDSS = 0.378757/1,pdfCTAUDF = 38.2845/1), !coefficients=(fDFSS = 1.00999)

[#0] WARNING:Minization -- RooMinimizerFcn: Minimized function has error status.
Returning maximum FCN so far (1.98316e+08) to force MIGRAD to back out of this region. Error log follows
Parameter values: N_Bkg=45.1378, b_Bkg=0.737416, fDF12=0.996531, fDFSS=1.00999, fDLIV=0.999976, fDSS12=0.022191, lambdaDDS_Bkg=0.399873, lambdaDF_Bkg1=0.999146, lambdaDF_Bkg2=0.978125, lambdaDSS_Bkg1=0.000571198, lambdaDSS_Bkg2=0.354698
PID1452999/RooRealMPFE::nll_pdfTot_Bkg_dataw_Bkg_5a1fdb9e29d0_MPFE7[ arg=nll_pdfTot_Bkg_dataw_Bkg_GOF7 vars=(N_Bkg,b_Bkg,ctau1_CtauRes,ctau2_CtauRes,ctau3_CtauRes,f2_CtauRes,fDF12,fDFSS,fDLIV,fDSS12,f_CtauRes,lambdaDDS_Bkg,lambdaDF_Bkg1,lambdaDF_Bkg2,lambdaDSS_Bkg1,lambdaDSS_Bkg2,rS21_CtauRes,rS32_CtauRes,s1_CtauRes,zeroMean) ]
     p.d.f value is less than zero (-0.000011), forcing value to zero @ !refCoefNorm=(ctau3D = -0.0720764,ctau3DErr = 0.0231641), !pdfs=(pdfCTAUDSS = 0.378757/1,pdfCTAUDF = 38.2845/1), !coefficients=(fDFSS = 1.00999)

[#0] WARNING:Minization -- RooMinimizerFcn: Minimized function has error status.
Returning maximum FCN so far (1.98316e+08) to force MIGRAD to back out of this region. Error log follows
Parameter values: N_Bkg=45.1378, b_Bkg=0.733576, fDF12=0.997819, fDFSS=1.00999, fDLIV=0.999976, fDSS12=0.022191, lambdaDDS_Bkg=0.399873, lambdaDF_Bkg1=0.999146, lambdaDF_Bkg2=0.978125, lambdaDSS_Bkg1=0.000571198, lambdaDSS_Bkg2=0.354698
PID1452999/RooRealMPFE::nll_pdfTot_Bkg_dataw_Bkg_5a1fdb9e29d0_MPFE7[ arg=nll_pdfTot_Bkg_dataw_Bkg_GOF7 vars=(N_Bkg,b_Bkg,ctau1_CtauRes,ctau2_CtauRes,ctau3_CtauRes,f2_CtauRes,fDF12,fDFSS,fDLIV,fDSS12,f_CtauRes,lambdaDDS_Bkg,lambdaDF_Bkg1,lambdaDF_Bkg2,lambdaDSS_Bkg1,lambdaDSS_Bkg2,rS21_CtauRes,rS32_CtauRes,s1_CtauRes,zeroMean) ]
     p.d.f value is less than zero (-0.000002), forcing value to zero @ !refCoefNorm=(ctau3D = -0.0720764,ctau3DErr = 0.0231641), !pdfs=(pdfCTAUDSS = 0.378757/1,pdfCTAUDF = 38.2836/1), !coefficients=(fDFSS = 1.00999)

[#0] WARNING:Minization -- RooMinimizerFcn: Minimized function has error status.
Returning maximum FCN so far (1.98316e+08) to force MIGRAD to back out of this region. Error log follows
Parameter values: N_Bkg=45.1378, b_Bkg=0.733576, fDF12=0.996531, fDFSS=1.00999, fDLIV=0.999864, fDSS12=0.022191, lambdaDDS_Bkg=0.399873, lambdaDF_Bkg1=0.999146, lambdaDF_Bkg2=0.978125, lambdaDSS_Bkg1=0.000571198, lambdaDSS_Bkg2=0.354698
PID1452999/RooRealMPFE::nll_pdfTot_Bkg_dataw_Bkg_5a1fdb9e29d0_MPFE7[ arg=nll_pdfTot_Bkg_dataw_Bkg_GOF7 vars=(N_Bkg,b_Bkg,ctau1_CtauRes,ctau2_CtauRes,ctau3_CtauRes,f2_CtauRes,fDF12,fDFSS,fDLIV,fDSS12,f_CtauRes,lambdaDDS_Bkg,lambdaDF_Bkg1,lambdaDF_Bkg2,lambdaDSS_Bkg1,lambdaDSS_Bkg2,rS21_CtauRes,rS32_CtauRes,s1_CtauRes,zeroMean) ]
     p.d.f value is less than zero (-0.000011), forcing value to zero @ !refCoefNorm=(ctau3D = -0.0720764,ctau3DErr = 0.0231641), !pdfs=(pdfCTAUDSS = 0.378757/1,pdfCTAUDF = 38.2845/1), !coefficients=(fDFSS = 1.00999)

[#0] WARNING:Minization -- RooMinimizerFcn: Minimized function has error status.
Returning maximum FCN so far (1.98316e+08) to force MIGRAD to back out of this region. Error log follows
Parameter values: N_Bkg=45.1378, b_Bkg=0.733576, fDF12=0.996531, fDFSS=1.00999, fDLIV=0.999976, fDSS12=0.022191, lambdaDDS_Bkg=0.646964, lambdaDF_Bkg1=0.999146, lambdaDF_Bkg2=0.978125, lambdaDSS_Bkg1=0.000571198, lambdaDSS_Bkg2=0.354698
PID1452999/RooRealMPFE::nll_pdfTot_Bkg_dataw_Bkg_5a1fdb9e29d0_MPFE7[ arg=nll_pdfTot_Bkg_dataw_Bkg_GOF7 vars=(N_Bkg,b_Bkg,ctau1_CtauRes,ctau2_CtauRes,ctau3_CtauRes,f2_CtauRes,fDF12,fDFSS,fDLIV,fDSS12,f_CtauRes,lambdaDDS_Bkg,lambdaDF_Bkg1,lambdaDF_Bkg2,lambdaDSS_Bkg1,lambdaDSS_Bkg2,rS21_CtauRes,rS32_CtauRes,s1_CtauRes,zeroMean) ]
     p.d.f value is less than zero (-0.000011), forcing value to zero @ !refCoefNorm=(ctau3D = -0.0720764,ctau3DErr = 0.0231641), !pdfs=(pdfCTAUDSS = 0.378757/1,pdfCTAUDF = 38.2845/1), !coefficients=(fDFSS = 1.00999)

[#0] WARNING:Minization -- RooMinimizerFcn: Minimized function has error status.
Returning maximum FCN so far (1.98316e+08) to force MIGRAD to back out of this region. Error log follows
Parameter values: N_Bkg=45.1378, b_Bkg=0.733576, fDF12=0.996531, fDFSS=1.00999, fDLIV=0.999976, fDSS12=0.022191, lambdaDDS_Bkg=0.399873, lambdaDF_Bkg1=0.999146, lambdaDF_Bkg2=0.93858, lambdaDSS_Bkg1=0.000571198, lambdaDSS_Bkg2=0.354698
PID1452999/RooRealMPFE::nll_pdfTot_Bkg_dataw_Bkg_5a1fdb9e29d0_MPFE7[ arg=nll_pdfTot_Bkg_dataw_Bkg_GOF7 vars=(N_Bkg,b_Bkg,ctau1_CtauRes,ctau2_CtauRes,ctau3_CtauRes,f2_CtauRes,fDF12,fDFSS,fDLIV,fDSS12,f_CtauRes,lambdaDDS_Bkg,lambdaDF_Bkg1,lambdaDF_Bkg2,lambdaDSS_Bkg1,lambdaDSS_Bkg2,rS21_CtauRes,rS32_CtauRes,s1_CtauRes,zeroMean) ]
     p.d.f value is less than zero (-0.000060), forcing value to zero @ !refCoefNorm=(ctau3D = -0.0720764,ctau3DErr = 0.0231641), !pdfs=(pdfCTAUDSS = 0.378757/1,pdfCTAUDF = 38.2894/1), !coefficients=(fDFSS = 1.00999)

[#0] WARNING:Minization -- RooMinimizerFcn: Minimized function has error status.
Returning maximum FCN so far (1.98316e+08) to force MIGRAD to back out of this region. Error log follows
Parameter values: N_Bkg=47.7708, b_Bkg=0.733576, fDF12=0.996531, fDFSS=1.00999, fDLIV=0.999976, fDSS12=0.022191, lambdaDDS_Bkg=0.399873, lambdaDF_Bkg1=0.999575, lambdaDF_Bkg2=0.978125, lambdaDSS_Bkg1=0.000571198, lambdaDSS_Bkg2=0.355027
PID1452999/RooRealMPFE::nll_pdfTot_Bkg_dataw_Bkg_5a1fdb9e29d0_MPFE7[ arg=nll_pdfTot_Bkg_dataw_Bkg_GOF7 vars=(N_Bkg,b_Bkg,ctau1_CtauRes,ctau2_CtauRes,ctau3_CtauRes,f2_CtauRes,fDF12,fDFSS,fDLIV,fDSS12,f_CtauRes,lambdaDDS_Bkg,lambdaDF_Bkg1,lambdaDF_Bkg2,lambdaDSS_Bkg1,lambdaDSS_Bkg2,rS21_CtauRes,rS32_CtauRes,s1_CtauRes,zeroMean) ]
     p.d.f value is less than zero (-0.000120), forcing value to zero @ !refCoefNorm=(ctau3D = -0.0720764,ctau3DErr = 0.0231641), !pdfs=(pdfCTAUDSS = 0.378511/1,pdfCTAUDF = 38.2705/1), !coefficients=(fDFSS = 1.00999)

[#0] WARNING:Minization -- RooMinimizerFcn: Minimized function has error status.
Returning maximum FCN so far (1.98316e+08) to force MIGRAD to back out of this region. Error log follows
Parameter values: N_Bkg=45.1378, b_Bkg=0.737416, fDF12=0.996531, fDFSS=1.00999, fDLIV=0.999976, fDSS12=0.022191, lambdaDDS_Bkg=0.399873, lambdaDF_Bkg1=0.999575, lambdaDF_Bkg2=0.978125, lambdaDSS_Bkg1=0.000571198, lambdaDSS_Bkg2=0.355027
PID1452999/RooRealMPFE::nll_pdfTot_Bkg_dataw_Bkg_5a1fdb9e29d0_MPFE7[ arg=nll_pdfTot_Bkg_dataw_Bkg_GOF7 vars=(N_Bkg,b_Bkg,ctau1_CtauRes,ctau2_CtauRes,ctau3_CtauRes,f2_CtauRes,fDF12,fDFSS,fDLIV,fDSS12,f_CtauRes,lambdaDDS_Bkg,lambdaDF_Bkg1,lambdaDF_Bkg2,lambdaDSS_Bkg1,lambdaDSS_Bkg2,rS21_CtauRes,rS32_CtauRes,s1_CtauRes,zeroMean) ]
     p.d.f value is less than zero (-0.000120), forcing value to zero @ !refCoefNorm=(ctau3D = -0.0720764,ctau3DErr = 0.0231641), !pdfs=(pdfCTAUDSS = 0.378511/1,pdfCTAUDF = 38.2705/1), !coefficients=(fDFSS = 1.00999)

[#0] WARNING:Minization -- RooMinimizerFcn: Minimized function has error status.
Returning maximum FCN so far (1.98316e+08) to force MIGRAD to back out of this region. Error log follows
Parameter values: N_Bkg=45.1378, b_Bkg=0.733576, fDF12=0.997819, fDFSS=1.00999, fDLIV=0.999976, fDSS12=0.022191, lambdaDDS_Bkg=0.399873, lambdaDF_Bkg1=0.999575, lambdaDF_Bkg2=0.978125, lambdaDSS_Bkg1=0.000571198, lambdaDSS_Bkg2=0.355027
PID1452999/RooRealMPFE::nll_pdfTot_Bkg_dataw_Bkg_5a1fdb9e29d0_MPFE7[ arg=nll_pdfTot_Bkg_dataw_Bkg_GOF7 vars=(N_Bkg,b_Bkg,ctau1_CtauRes,ctau2_CtauRes,ctau3_CtauRes,f2_CtauRes,fDF12,fDFSS,fDLIV,fDSS12,f_CtauRes,lambdaDDS_Bkg,lambdaDF_Bkg1,lambdaDF_Bkg2,lambdaDSS_Bkg1,lambdaDSS_Bkg2,rS21_CtauRes,rS32_CtauRes,s1_CtauRes,zeroMean) ]
     p.d.f value is less than zero (-0.000111), forcing value to zero @ !refCoefNorm=(ctau3D = -0.0720764,ctau3DErr = 0.0231641), !pdfs=(pdfCTAUDSS = 0.378511/1,pdfCTAUDF = 38.2696/1), !coefficients=(fDFSS = 1.00999)

[#0] WARNING:Minization -- RooMinimizerFcn: Minimized function has error status.
Returning maximum FCN so far (1.98316e+08) to force MIGRAD to back out of this region. Error log follows
Parameter values: N_Bkg=45.1378, b_Bkg=0.733576, fDF12=0.996531, fDFSS=1.00999, fDLIV=0.999864, fDSS12=0.022191, lambdaDDS_Bkg=0.399873, lambdaDF_Bkg1=0.999575, lambdaDF_Bkg2=0.978125, lambdaDSS_Bkg1=0.000571198, lambdaDSS_Bkg2=0.355027
PID1452999/RooRealMPFE::nll_pdfTot_Bkg_dataw_Bkg_5a1fdb9e29d0_MPFE7[ arg=nll_pdfTot_Bkg_dataw_Bkg_GOF7 vars=(N_Bkg,b_Bkg,ctau1_CtauRes,ctau2_CtauRes,ctau3_CtauRes,f2_CtauRes,fDF12,fDFSS,fDLIV,fDSS12,f_CtauRes,lambdaDDS_Bkg,lambdaDF_Bkg1,lambdaDF_Bkg2,lambdaDSS_Bkg1,lambdaDSS_Bkg2,rS21_CtauRes,rS32_CtauRes,s1_CtauRes,zeroMean) ]
     p.d.f value is less than zero (-0.000120), forcing value to zero @ !refCoefNorm=(ctau3D = -0.0720764,ctau3DErr = 0.0231641), !pdfs=(pdfCTAUDSS = 0.378511/1,pdfCTAUDF = 38.2705/1), !coefficients=(fDFSS = 1.00999)

[#0] WARNING:Minization -- RooMinimizerFcn: Minimized function has error status.
Returning maximum FCN so far (1.98316e+08) to force MIGRAD to back out of this region. Error log follows
Parameter values: N_Bkg=45.1378, b_Bkg=0.733576, fDF12=0.996531, fDFSS=1.00999, fDLIV=0.999976, fDSS12=0.022191, lambdaDDS_Bkg=0.646964, lambdaDF_Bkg1=0.999575, lambdaDF_Bkg2=0.978125, lambdaDSS_Bkg1=0.000571198, lambdaDSS_Bkg2=0.355027
PID1452999/RooRealMPFE::nll_pdfTot_Bkg_dataw_Bkg_5a1fdb9e29d0_MPFE7[ arg=nll_pdfTot_Bkg_dataw_Bkg_GOF7 vars=(N_Bkg,b_Bkg,ctau1_CtauRes,ctau2_CtauRes,ctau3_CtauRes,f2_CtauRes,fDF12,fDFSS,fDLIV,fDSS12,f_CtauRes,lambdaDDS_Bkg,lambdaDF_Bkg1,lambdaDF_Bkg2,lambdaDSS_Bkg1,lambdaDSS_Bkg2,rS21_CtauRes,rS32_CtauRes,s1_CtauRes,zeroMean) ]
     p.d.f value is less than zero (-0.000120), forcing value to zero @ !refCoefNorm=(ctau3D = -0.0720764,ctau3DErr = 0.0231641), !pdfs=(pdfCTAUDSS = 0.378511/1,pdfCTAUDF = 38.2705/1), !coefficients=(fDFSS = 1.00999)

[#0] WARNING:Minization -- RooMinimizerFcn: Minimized function has error status.
Returning maximum FCN so far (1.98316e+08) to force MIGRAD to back out of this region. Error log follows
Parameter values: N_Bkg=45.1378, b_Bkg=0.733576, fDF12=0.996531, fDFSS=1.00999, fDLIV=0.999976, fDSS12=0.022191, lambdaDDS_Bkg=0.399873, lambdaDF_Bkg1=0.999146, lambdaDF_Bkg2=0.978125, lambdaDSS_Bkg1=0.000571198, lambdaDSS_Bkg2=0.355027
PID1452999/RooRealMPFE::nll_pdfTot_Bkg_dataw_Bkg_5a1fdb9e29d0_MPFE7[ arg=nll_pdfTot_Bkg_dataw_Bkg_GOF7 vars=(N_Bkg,b_Bkg,ctau1_CtauRes,ctau2_CtauRes,ctau3_CtauRes,f2_CtauRes,fDF12,fDFSS,fDLIV,fDSS12,f_CtauRes,lambdaDDS_Bkg,lambdaDF_Bkg1,lambdaDF_Bkg2,lambdaDSS_Bkg1,lambdaDSS_Bkg2,rS21_CtauRes,rS32_CtauRes,s1_CtauRes,zeroMean) ]
     p.d.f value is less than zero (-0.000260), forcing value to zero @ !refCoefNorm=(ctau3D = -0.0720764,ctau3DErr = 0.0231641), !pdfs=(pdfCTAUDSS = 0.378511/1,pdfCTAUDF = 38.2845/1), !coefficients=(fDFSS = 1.00999)

[#0] WARNING:Minization -- RooMinimizerFcn: Minimized function has error status.
Returning maximum FCN so far (1.98316e+08) to force MIGRAD to back out of this region. Error log follows
Parameter values: N_Bkg=45.1378, b_Bkg=0.733576, fDF12=0.996531, fDFSS=1.00999, fDLIV=0.999976, fDSS12=0.022191, lambdaDDS_Bkg=0.399873, lambdaDF_Bkg1=0.999575, lambdaDF_Bkg2=0.93858, lambdaDSS_Bkg1=0.000571198, lambdaDSS_Bkg2=0.355027
PID1452999/RooRealMPFE::nll_pdfTot_Bkg_dataw_Bkg_5a1fdb9e29d0_MPFE7[ arg=nll_pdfTot_Bkg_dataw_Bkg_GOF7 vars=(N_Bkg,b_Bkg,ctau1_CtauRes,ctau2_CtauRes,ctau3_CtauRes,f2_CtauRes,fDF12,fDFSS,fDLIV,fDSS12,f_CtauRes,lambdaDDS_Bkg,lambdaDF_Bkg1,lambdaDF_Bkg2,lambdaDSS_Bkg1,lambdaDSS_Bkg2,rS21_CtauRes,rS32_CtauRes,s1_CtauRes,zeroMean) ]
     p.d.f value is less than zero (-0.000169), forcing value to zero @ !refCoefNorm=(ctau3D = -0.0720764,ctau3DErr = 0.0231641), !pdfs=(pdfCTAUDSS = 0.378511/1,pdfCTAUDF = 38.2754/1), !coefficients=(fDFSS = 1.00999)

[#0] WARNING:Eval -- RooAddPdf::updateCoefCache(pdfCTAU1 WARNING: sum of PDF coefficients not in range [0-1], value=1.00999[#0] WARNING:Eval -- 
[#0] WARNING:Eval -- RooAddPdf::updateCoefCache(pdfCTAU1 WARNING: sum of PDF coefficients not in range [0-1], value=1.00999[#0] WARNING:Eval -- 
[#0] WARNING:Eval -- RooAddPdf::updateCoefCache(pdfCTAU1 WARNING: sum of PDF coefficients not in range [0-1], value=1.00999[#0] WARNING:Eval -- 
[#0] WARNING:Eval -- RooAddPdf::updateCoefCache(pdfCTAU1 WARNING: sum of PDF coefficients not in range [0-1], value=1.00999[#0] WARNING:Eval -- 
[#0] WARNING:Eval -- RooAddPdf::updateCoefCache(pdfCTAU1 WARNING: sum of PDF coefficients not in range [0-1], value=1.00999[#0] WARNING:Eval -- 
[#0] WARNING:Eval -- RooAddPdf::updateCoefCache(pdfCTAU1 WARNING: sum of PDF coefficients not in range [0-1], value=1.00999[#0] WARNING:Eval -- 
[#0] WARNING:Eval -- RooAddPdf::updateCoefCache(pdfCTAU1 WARNING: sum of PDF coefficients not in range [0-1], value=1.00999[#0] WARNING:Eval -- 
RooArgSet::dependents = (ctau3D)
RooSetProxy::!refCoefNorm = (ctau3DErr,ctau3D)
RooArgSet::dependents = (ctau3D)
RooSetProxy::!refCoefNorm = (ctau3DErr,ctau3D)
RooArgSet:: = ()
RooSetProxy::!refCoefNorm = (ctau3DErr,ctau3D)
[#0] WARNING:Eval -- RooAddPdf::updateCoefCache(pdfCTAU1 WARNING: sum of PDF coefficients not in range [0-1], value=1.00999[#0] WARNING:Eval -- 
[#0] WARNING:Eval -- RooAddPdf::updateCoefCache(pdfCTAU1 WARNING: sum of PDF coefficients not in range [0-1], value=1.00999[#0] WARNING:Eval -- 
[#0] WARNING:Eval -- RooAddPdf::updateCoefCache(pdfCTAU1 WARNING: sum of PDF coefficients not in range [0-1], value=1.00999[#0] WARNING:Eval -- 
[#0] WARNING:Eval -- RooAddPdf::updateCoefCache(pdfCTAU1 WARNING: sum of PDF coefficients not in range [0-1], value=1.00999[#0] WARNING:Eval -- 
[#0] WARNING:Eval -- RooAddPdf::updateCoefCache(pdfCTAU1 WARNING: sum of PDF coefficients not in range [0-1], value=1.00999[#0] WARNING:Eval -- 
[#0] WARNING:Eval -- RooAddPdf::updateCoefCache(pdfCTAU1 WARNING: sum of PDF coefficients not in range [0-1], value=1.00999[#0] WARNING:Eval --  (no more will be printed)[#0] WARNING:Eval -- 
RooArgSet::dependents = (ctau3D)
RooArgSet::dependents = (ctau3D)
RooArgSet::dependents = (ctau3D)
RooSetProxy::!refCoefNorm = (ctau3DErr,ctau3D)
RooSetProxy::!refCoefNorm = (ctau3DErr,ctau3D)
RooSetProxy::!refCoefNorm = (ctau3DErr,ctau3D)
RooArgSet::dependents = (ctau3D)
RooArgSet::dependents = (ctau3D)
RooSetProxy::!refCoefNorm = (ctau3DErr,ctau3D)
RooArgSet::dependents = (ctau3D)
RooSetProxy::!refCoefNorm = (ctau3DErr,ctau3D)
RooSetProxy::!refCoefNorm = (ctau3DErr,ctau3D)
RooArgSet::dependents = (ctau3D)
RooSetProxy::!refCoefNorm = (ctau3DErr,ctau3D)
RooArgSet::dependents = (ctau3D)
RooSetProxy::!refCoefNorm = (ctau3DErr,ctau3D)
RooArgSet::dependents = (ctau3D)
RooSetProxy::!refCoefNorm = (ctau3DErr,ctau3D)
RooArgSet::dependents = (ctau3D)
RooSetProxy::!refCoefNorm = (ctau3DErr,ctau3D)
RooArgSet::dependents = (ctau3D)
RooSetProxy::!refCoefNorm = (ctau3DErr,ctau3D)
RooArgSet:: = ()
RooSetProxy::!refCoefNorm = (ctau3DErr,ctau3D)
RooArgSet:: = ()
RooSetProxy::!refCoefNorm = (ctau3DErr,ctau3D)
RooArgSet:: = ()
RooSetProxy::!refCoefNorm = (ctau3DErr,ctau3D)
RooArgSet::dependents = (ctau3D)
RooSetProxy::!refCoefNorm = (ctau3DErr,ctau3D)
RooArgSet::dependents = (ctau3D)
RooSetProxy::!refCoefNorm = (ctau3DErr,ctau3D)
RooArgSet::dependents = (ctau3D)
RooArgSet::dependents = (ctau3D)
RooSetProxy::!refCoefNorm = (ctau3DErr,ctau3D)
RooSetProxy::!refCoefNorm = (ctau3DErr,ctau3D)
RooArgSet:: = ()
RooSetProxy::!refCoefNorm = (ctau3DErr,ctau3D)
RooArgSet::dependents = (ctau3D)
RooSetProxy::!refCoefNorm = (ctau3DErr,ctau3D)
RooArgSet:: = ()
RooSetProxy::!refCoefNorm = (ctau3DErr,ctau3D)
RooArgSet:: = ()
RooArgSet:: = ()
RooSetProxy::!refCoefNorm = (ctau3DErr,ctau3D)
RooSetProxy::!refCoefNorm = (ctau3DErr,ctau3D)
RooArgSet:: = ()
RooSetProxy::!refCoefNorm = (ctau3DErr,ctau3D)
[#0] ERROR:Eval -- RooAbsReal::logEvalError(pdfCTAU1) evaluation error, 
 origin       : RooAddPdf::pdfCTAU1[ fDFSS * pdfCTAUDSS + [%] * pdfCTAUDF ]
 message      : p.d.f value is less than zero (-0.000186), forcing value to zero
 server values: !refCoefNorm=(ctau3DErr = 0.0215416,ctau3D = -4), !pdfs=(pdfCTAUDSS = 1.36946e-90/1,pdfCTAUDF = 0.0186328/1), !coefficients=(fDFSS = 1.00999 +/- 0.00836444)
[#0] ERROR:Eval -- RooAbsReal::logEvalError(pdfCTAU1) evaluation error, 
 origin       : RooAddPdf::pdfCTAU1[ fDFSS * pdfCTAUDSS + [%] * pdfCTAUDF ]
 message      : p.d.f value is less than zero (-0.000186), forcing value to zero
 server values: !refCoefNorm=(ctau3DErr = 0.0217887,ctau3D = -4), !pdfs=(pdfCTAUDSS = 1.17005e-88/1,pdfCTAUDF = 0.0186329/1), !coefficients=(fDFSS = 1.00999 +/- 0.00836444)
[#0] ERROR:Eval -- RooAbsReal::logEvalError(pdfCTAU1) evaluation error, 
 origin       : RooAddPdf::pdfCTAU1[ fDFSS * pdfCTAUDSS + [%] * pdfCTAUDF ]
 message      : p.d.f value is less than zero (-0.000186), forcing value to zero
 server values: !refCoefNorm=(ctau3DErr = 0.0220357,ctau3D = -4), !pdfs=(pdfCTAUDSS = 8.61603e-87/1,pdfCTAUDF = 0.018633/1), !coefficients=(fDFSS = 1.00999 +/- 0.00836444)
[#0] ERROR:Eval -- RooAbsReal::logEvalError(pdfCTAU1) evaluation error, 
 origin       : RooAddPdf::pdfCTAU1[ fDFSS * pdfCTAUDSS + [%] * pdfCTAUDF ]
 message      : p.d.f value is less than zero (-0.000186), forcing value to zero
 server values: !refCoefNorm=(ctau3DErr = 0.0222827,ctau3D = -4), !pdfs=(pdfCTAUDSS = 5.50441e-85/1,pdfCTAUDF = 0.0186331/1), !coefficients=(fDFSS = 1.00999 +/- 0.00836444)
[#0] ERROR:Eval -- RooAbsReal::logEvalError(pdfCTAU1) evaluation error, 
 origin       : RooAddPdf::pdfCTAU1[ fDFSS * pdfCTAUDSS + [%] * pdfCTAUDF ]
 message      : p.d.f value is less than zero (-0.000186), forcing value to zero
 server values: !refCoefNorm=(ctau3DErr = 0.0225298,ctau3D = -4), !pdfs=(pdfCTAUDSS = 3.06976e-83/1,pdfCTAUDF = 0.0186332/1), !coefficients=(fDFSS = 1.00999 +/- 0.00836444)
[#0] ERROR:Eval -- RooAbsReal::logEvalError(pdfCTAU1) evaluation error, 
 origin       : RooAddPdf::pdfCTAU1[ fDFSS * pdfCTAUDSS + [%] * pdfCTAUDF ]
 message      : p.d.f value is less than zero (-0.000186), forcing value to zero
 server values: !refCoefNorm=(ctau3DErr = 0.0227768,ctau3D = -4), !pdfs=(pdfCTAUDSS = 1.50326e-81/1,pdfCTAUDF = 0.0186333/1), !coefficients=(fDFSS = 1.00999 +/- 0.00836444)
[#0] ERROR:Eval -- RooAbsReal::logEvalError(pdfCTAU1) evaluation error, 
 origin       : RooAddPdf::pdfCTAU1[ fDFSS * pdfCTAUDSS + [%] * pdfCTAUDF ]
 message      : p.d.f value is less than zero (-0.000186), forcing value to zero
 server values: !refCoefNorm=(ctau3DErr = 0.0230238,ctau3D = -4), !pdfs=(pdfCTAUDSS = 6.49994e-80/1,pdfCTAUDF = 0.0186334/1), !coefficients=(fDFSS = 1.00999 +/- 0.00836444)
[#0] ERROR:Eval -- RooAbsReal::logEvalError(pdfCTAU1) evaluation error, 
 origin       : RooAddPdf::pdfCTAU1[ fDFSS * pdfCTAUDSS + [%] * pdfCTAUDF ]
 message      : p.d.f value is less than zero (-0.000186), forcing value to zero
 server values: !refCoefNorm=(ctau3DErr = 0.0232709,ctau3D = -4), !pdfs=(pdfCTAUDSS = 2.49468e-78/1,pdfCTAUDF = 0.0186335/1), !coefficients=(fDFSS = 1.00999 +/- 0.00836444)
[#0] ERROR:Eval -- RooAbsReal::logEvalError(pdfCTAU1) evaluation error, 
 origin       : RooAddPdf::pdfCTAU1[ fDFSS * pdfCTAUDSS + [%] * pdfCTAUDF ]
 message      : p.d.f value is less than zero (-0.000186), forcing value to zero
 server values: !refCoefNorm=(ctau3DErr = 0.0235179,ctau3D = -4), !pdfs=(pdfCTAUDSS = 8.54112e-77/1,pdfCTAUDF = 0.0186336/1), !coefficients=(fDFSS = 1.00999 +/- 0.00836444)
[#0] ERROR:Eval -- RooAbsReal::logEvalError(pdfCTAU1) evaluation error, 
 origin       : RooAddPdf::pdfCTAU1[ fDFSS * pdfCTAUDSS + [%] * pdfCTAUDF ]
 message      : p.d.f value is less than zero (-0.000186), forcing value to zero
 server values: !refCoefNorm=(ctau3DErr = 0.023765,ctau3D = -4), !pdfs=(pdfCTAUDSS = 2.62095e-75/1,pdfCTAUDF = 0.0186337/1), !coefficients=(fDFSS = 1.00999 +/- 0.00836444)
[#0] ERROR:Eval -- RooAbsReal::logEvalError(pdfCTAU1) evaluation error, 
 origin       : RooAddPdf::pdfCTAU1[ fDFSS * pdfCTAUDSS + [%] * pdfCTAUDF ]
 message      : p.d.f value is less than zero (-0.000186), forcing value to zero
 server values: !refCoefNorm=(ctau3DErr = 0.0245061,ctau3D = -4), !pdfs=(pdfCTAUDSS = 4.10155e-71/1,pdfCTAUDF = 0.018634/1), !coefficients=(fDFSS = 1.00999 +/- 0.00836444)
[#0] ERROR:Eval -- RooAbsReal::logEvalError(pdfCTAU1) evaluation error, 
 origin       : RooAddPdf::pdfCTAU1[ fDFSS * pdfCTAUDSS + [%] * pdfCTAUDF ]
 message      : p.d.f value is less than zero (-0.000186), forcing value to zero
 server values: !refCoefNorm=(ctau3DErr = 0.024012,ctau3D = -4), !pdfs=(pdfCTAUDSS = 7.24097e-74/1,pdfCTAUDF = 0.0186338/1), !coefficients=(fDFSS = 1.00999 +/- 0.00836444)
[#0] ERROR:Eval -- RooAbsReal::logEvalError(pdfCTAU1) evaluation error, 
 origin       : RooAddPdf::pdfCTAU1[ fDFSS * pdfCTAUDSS + [%] * pdfCTAUDF ]
 message      : p.d.f value is less than zero (-0.000186), forcing value to zero
 server values: !refCoefNorm=(ctau3DErr = 0.0247531,ctau3D = -4), !pdfs=(pdfCTAUDSS = 8.47589e-70/1,pdfCTAUDF = 0.0186341/1), !coefficients=(fDFSS = 1.00999 +/- 0.00836444)
[#0] ERROR:Eval -- RooAbsReal::logEvalError(pdfCTAU1) evaluation error, 
 origin       : RooAddPdf::pdfCTAU1[ fDFSS * pdfCTAUDSS + [%] * pdfCTAUDF ]
 message      : p.d.f value is less than zero (-0.000186), forcing value to zero
 server values: !refCoefNorm=(ctau3DErr = 0.024259,ctau3D = -4), !pdfs=(pdfCTAUDSS = 1.80873e-72/1,pdfCTAUDF = 0.0186339/1), !coefficients=(fDFSS = 1.00999 +/- 0.00836444)
[#0] ERROR:Eval -- RooAbsReal::logEvalError(pdfCTAU1) evaluation error, 
 origin       : RooAddPdf::pdfCTAU1[ fDFSS * pdfCTAUDSS + [%] * pdfCTAUDF ]
 message      : p.d.f value is less than zero (-0.000186), forcing value to zero
 server values: !refCoefNorm=(ctau3DErr = 0.0250001,ctau3D = -4), !pdfs=(pdfCTAUDSS = 1.60204e-68/1,pdfCTAUDF = 0.0186342/1), !coefficients=(fDFSS = 1.00999 +/- 0.00836444)
[#0] ERROR:Eval -- RooAbsReal::logEvalError(pdfCTAU1) evaluation error, 
 origin       : RooAddPdf::pdfCTAU1[ fDFSS * pdfCTAUDSS + [%] * pdfCTAUDF ]
 message      : p.d.f value is less than zero (-0.000186), forcing value to zero
 server values: !refCoefNorm=(ctau3DErr = 0.0254942,ctau3D = -4), !pdfs=(pdfCTAUDSS = 4.43983e-66/1,pdfCTAUDF = 0.0186344/1), !coefficients=(fDFSS = 1.00999 +/- 0.00836444)
[#0] ERROR:Eval -- RooAbsReal::logEvalError(pdfCTAU1) evaluation error, 
 origin       : RooAddPdf::pdfCTAU1[ fDFSS * pdfCTAUDSS + [%] * pdfCTAUDF ]
 message      : p.d.f value is less than zero (-0.000186), forcing value to zero
 server values: !refCoefNorm=(ctau3DErr = 0.0259883,ctau3D = -4), !pdfs=(pdfCTAUDSS = 8.95878e-64/1,pdfCTAUDF = 0.0186347/1), !coefficients=(fDFSS = 1.00999 +/- 0.00836444)
[#0] ERROR:Eval -- RooAbsReal::logEvalError(pdfCTAU1) evaluation error, 
[#0] ERROR:Eval -- RooAbsReal::logEvalError(pdfCTAU1) evaluation error, 
 origin       : RooAddPdf::pdfCTAU1[ fDFSS * pdfCTAUDSS + [%] * pdfCTAUDF ]
 origin       : RooAddPdf::pdfCTAU1[ fDFSS * pdfCTAUDSS + [%] * pdfCTAUDF ]
 message      : p.d.f value is less than zero (-0.000186), forcing value to zero
 message      : p.d.f value is less than zero (-0.000186), forcing value to zero
 server values: !refCoefNorm=(ctau3DErr = 0.0262353,ctau3D = -4), !pdfs=(pdfCTAUDSS = 1.13823e-62/1,pdfCTAUDF = 0.0186348/1), !coefficients=(fDFSS = 1.00999 +/- 0.00836444)
 server values: !refCoefNorm=(ctau3DErr = 0.0277176,ctau3D = -4), !pdfs=(pdfCTAUDSS = 1.18325e-56/1,pdfCTAUDF = 0.0186355/1), !coefficients=(fDFSS = 1.00999 +/- 0.00836444)
[#0] ERROR:Eval -- RooAbsReal::logEvalError(pdfCTAU1) evaluation error, 
 origin       : RooAddPdf::pdfCTAU1[ fDFSS * pdfCTAUDSS + [%] * pdfCTAUDF ]
 message      : p.d.f value is less than zero (-0.000186), forcing value to zero
 server values: !refCoefNorm=(ctau3DErr = 0.0267294,ctau3D = -4), !pdfs=(pdfCTAUDSS = 1.49007e-60/1,pdfCTAUDF = 0.018635/1), !coefficients=(fDFSS = 1.00999 +/- 0.00836444)
[#0] ERROR:Eval -- RooAbsReal::logEvalError(pdfCTAU1) evaluation error, 
 origin       : RooAddPdf::pdfCTAU1[ fDFSS * pdfCTAUDSS + [%] * pdfCTAUDF ]
 message      : p.d.f value is less than zero (-0.000186), forcing value to zero
 server values: !refCoefNorm=(ctau3DErr = 0.0269764,ctau3D = -4), !pdfs=(pdfCTAUDSS = 1.54314e-59/1,pdfCTAUDF = 0.0186351/1), !coefficients=(fDFSS = 1.00999 +/- 0.00836444)
[#0] ERROR:Eval -- RooAbsReal::logEvalError(pdfCTAU_Bkg) evaluation error, 
 origin       : RooAddPdf::pdfCTAU_Bkg[ b_Bkg * pdfCTAU_BkgNoPR + [%] * pdfCTAU_BkgPR ]
 message      : p.d.f value is Not-a-Number (-nan), forcing value to zero
 server values: !refCoefNorm=(ctau3DErr = 0.0277176,ctau3D = -4), !pdfs=(pdfCTAU_BkgNoPR = 0/1,pdfCTAU_BkgPR = 0/1), !coefficients=(b_Bkg = 0.733576 +/- 0.048647)
[#0] ERROR:Eval -- RooAbsReal::logEvalError(pdfCTAU_Bkg_Tot) evaluation error, 
 origin       : RooAddPdf::pdfCTAU_Bkg_Tot[ N_Bkg * pdfCTAU_Bkg ]
 message      : p.d.f value is Not-a-Number (-nan), forcing value to zero
 server values: !refCoefNorm=(ctau3DErr = 0.0277176,ctau3D = -4), !pdfs=(pdfCTAU_Bkg = -nan/1), !coefficients=(N_Bkg = 45.1378 +/- 0.0260238)
[#0] ERROR:Eval -- RooAbsReal::logEvalError(pdfCTAU1) evaluation error, 
 origin       : RooAddPdf::pdfCTAU1[ fDFSS * pdfCTAUDSS + [%] * pdfCTAUDF ]
 message      : p.d.f value is less than zero (-0.000186), forcing value to zero
 server values: !refCoefNorm=(ctau3DErr = 0.0279646,ctau3D = -4), !pdfs=(pdfCTAUDSS = 9.64107e-56/1,pdfCTAUDF = 0.0186356/1), !coefficients=(fDFSS = 1.00999 +/- 0.00836444)
[#0] ERROR:Eval -- RooAbsReal::logEvalError(pdfCTAU_Bkg) evaluation error, 
 origin       : RooAddPdf::pdfCTAU_Bkg[ b_Bkg * pdfCTAU_BkgNoPR + [%] * pdfCTAU_BkgPR ]
 message      : p.d.f value is Not-a-Number (-nan), forcing value to zero
 server values: !refCoefNorm=(ctau3DErr = 0.0279646,ctau3D = -4), !pdfs=(pdfCTAU_BkgNoPR = 0/1,pdfCTAU_BkgPR = 0/1), !coefficients=(b_Bkg = 0.733576 +/- 0.048647)
[#0] ERROR:Eval -- RooAbsReal::logEvalError(pdfCTAU_Bkg_Tot) evaluation error, 
 origin       : RooAddPdf::pdfCTAU_Bkg_Tot[ N_Bkg * pdfCTAU_Bkg ]
 message      : p.d.f value is Not-a-Number (-nan), forcing value to zero
 server values: !refCoefNorm=(ctau3DErr = 0.0279646,ctau3D = -4), !pdfs=(pdfCTAU_Bkg = -nan/1), !coefficients=(N_Bkg = 45.1378 +/- 0.0260238)
[#0] ERROR:Eval -- RooAbsReal::logEvalError(pdfCTAU1) evaluation error, 
 origin       : RooAddPdf::pdfCTAU1[ fDFSS * pdfCTAUDSS + [%] * pdfCTAUDF ]
 message      : p.d.f value is less than zero (-0.000186), forcing value to zero
 server values: !refCoefNorm=(ctau3DErr = 0.0289527,ctau3D = -4), !pdfs=(pdfCTAUDSS = 2.50314e-52/1,pdfCTAUDF = 0.0186361/1), !coefficients=(fDFSS = 1.00999 +/- 0.00836444)
[#0] ERROR:Eval -- RooAbsReal::logEvalError(pdfCTAU1) evaluation error, 
 origin       : RooAddPdf::pdfCTAU1[ fDFSS * pdfCTAUDSS + [%] * pdfCTAUDF ]
 message      : p.d.f value is less than zero (-0.000186), forcing value to zero
 server values: !refCoefNorm=(ctau3DErr = 0.0294468,ctau3D = -4), !pdfs=(pdfCTAUDSS = 9.51575e-51/1,pdfCTAUDF = 0.0186363/1), !coefficients=(fDFSS = 1.00999 +/- 0.00836444)
[#0] ERROR:Eval -- RooAbsReal::logEvalError(pdfCTAU1) evaluation error, 
 origin       : RooAddPdf::pdfCTAU1[ fDFSS * pdfCTAUDSS + [%] * pdfCTAUDF ]
 message      : p.d.f value is less than zero (-0.000186), forcing value to zero
 server values: !refCoefNorm=(ctau3DErr = 0.0296939,ctau3D = -4), !pdfs=(pdfCTAUDSS = 5.48361e-50/1,pdfCTAUDF = 0.0186365/1), !coefficients=(fDFSS = 1.00999 +/- 0.00836444)
[#0] ERROR:Eval -- RooAbsReal::logEvalError(pdfCTAU1) evaluation error, 
 origin       : RooAddPdf::pdfCTAU1[ fDFSS * pdfCTAUDSS + [%] * pdfCTAUDF ]
 message      : p.d.f value is less than zero (-0.000186), forcing value to zero
 server values: !refCoefNorm=(ctau3DErr = 0.0299409,ctau3D = -4), !pdfs=(pdfCTAUDSS = 3.02674e-49/1,pdfCTAUDF = 0.0186366/1), !coefficients=(fDFSS = 1.00999 +/- 0.00836444)
[#0] ERROR:Eval -- RooAbsReal::logEvalError(pdfCTAU1) evaluation error, 
 origin       : RooAddPdf::pdfCTAU1[ fDFSS * pdfCTAUDSS + [%] * pdfCTAUDF ]
 message      : p.d.f value is less than zero (-0.000186), forcing value to zero
 server values: !refCoefNorm=(ctau3DErr = 0.030435,ctau3D = -4), !pdfs=(pdfCTAUDSS = 8.14831e-48/1,pdfCTAUDF = 0.0186369/1), !coefficients=(fDFSS = 1.00999 +/- 0.00836444)
[#0] ERROR:Eval -- RooAbsReal::logEvalError(pdfCTAU1) evaluation error, 
 origin       : RooAddPdf::pdfCTAU1[ fDFSS * pdfCTAUDSS + [%] * pdfCTAUDF ]
 message      : p.d.f value is less than zero (-0.000186), forcing value to zero
 server values: !refCoefNorm=(ctau3DErr = 0.0121542,ctau3D = -4), !pdfs=(pdfCTAUDSS = 5.84924e-274/1,pdfCTAUDF = 0.01863/1), !coefficients=(fDFSS = 1.00999 +/- 0.00836444)
[#0] ERROR:Eval -- RooAbsReal::logEvalError(pdfCTAU1) evaluation error, 
 origin       : RooAddPdf::pdfCTAU1[ fDFSS * pdfCTAUDSS + [%] * pdfCTAUDF ]
 message      : p.d.f value is less than zero (-0.000186), forcing value to zero
 server values: !refCoefNorm=(ctau3DErr = 0.0124012,ctau3D = -4), !pdfs=(pdfCTAUDSS = 2.38131e-263/1,pdfCTAUDF = 0.0186301/1), !coefficients=(fDFSS = 1.00999 +/- 0.00836444)
[#0] ERROR:Eval -- RooAbsReal::logEvalError(pdfCTAU1) evaluation error, 
 origin       : RooAddPdf::pdfCTAU1[ fDFSS * pdfCTAUDSS + [%] * pdfCTAUDF ]
 message      : p.d.f value is less than zero (-0.000186), forcing value to zero
 server values: !refCoefNorm=(ctau3DErr = 0.0126483,ctau3D = -4), !pdfs=(pdfCTAUDSS = 2.34937e-253/1,pdfCTAUDF = 0.0186301/1), !coefficients=(fDFSS = 1.00999 +/- 0.00836444)
[#0] ERROR:Eval -- RooAbsReal::logEvalError(pdfCTAU1) evaluation error, 
 origin       : RooAddPdf::pdfCTAU1[ fDFSS * pdfCTAUDSS + [%] * pdfCTAUDF ]
 message      : p.d.f value is less than zero (-0.000186), forcing value to zero
 server values: !refCoefNorm=(ctau3DErr = 0.0128953,ctau3D = -4), !pdfs=(pdfCTAUDSS = 6.25499e-244/1,pdfCTAUDF = 0.0186302/1), !coefficients=(fDFSS = 1.00999 +/- 0.00836444)
[#0] ERROR:Eval -- RooAbsReal::logEvalError(pdfCTAU1) evaluation error, 
 origin       : RooAddPdf::pdfCTAU1[ fDFSS * pdfCTAUDSS + [%] * pdfCTAUDF ]
 message      : p.d.f value is less than zero (-0.000186), forcing value to zero
 server values: !refCoefNorm=(ctau3DErr = 0.0131423,ctau3D = -4), !pdfs=(pdfCTAUDSS = 4.95469e-235/1,pdfCTAUDF = 0.0186303/1), !coefficients=(fDFSS = 1.00999 +/- 0.00836444)
[#0] ERROR:Eval -- RooAbsReal::logEvalError(pdfCTAU1) evaluation error, 
 origin       : RooAddPdf::pdfCTAU1[ fDFSS * pdfCTAUDSS + [%] * pdfCTAUDF ]
 message      : p.d.f value is less than zero (-0.000186), forcing value to zero
 server values: !refCoefNorm=(ctau3DErr = 0.0133894,ctau3D = -4), !pdfs=(pdfCTAUDSS = 1.27591e-226/1,pdfCTAUDF = 0.0186303/1), !coefficients=(fDFSS = 1.00999 +/- 0.00836444)
[#0] ERROR:Eval -- RooAbsReal::logEvalError(pdfCTAU1) evaluation error, 
[#0] ERROR:Eval -- RooAbsReal::logEvalError(pdfCTAU1) evaluation error, 
 origin       : RooAddPdf::pdfCTAU1[ fDFSS * pdfCTAUDSS + [%] * pdfCTAUDF ]
 origin       : RooAddPdf::pdfCTAU1[ fDFSS * pdfCTAUDSS + [%] * pdfCTAUDF ]
 message      : p.d.f value is less than zero (-0.000186), forcing value to zero
 message      : p.d.f value is less than zero (-0.000186), forcing value to zero
 server values: !refCoefNorm=(ctau3DErr = 0.0314231,ctau3D = -4), !pdfs=(pdfCTAUDSS = 3.7319e-45/1,pdfCTAUDF = 0.0186374/1), !coefficients=(fDFSS = 1.00999 +/- 0.00836444)
 server values: !refCoefNorm=(ctau3DErr = 0.0136364,ctau3D = -4), !pdfs=(pdfCTAUDSS = 1.15793e-218/1,pdfCTAUDF = 0.0186304/1), !coefficients=(fDFSS = 1.00999 +/- 0.00836444)
[#0] ERROR:Eval -- RooAbsReal::logEvalError(pdfCTAU1) evaluation error, 
 origin       : RooAddPdf::pdfCTAU1[ fDFSS * pdfCTAUDSS + [%] * pdfCTAUDF ]
 message      : p.d.f value is less than zero (-0.000186), forcing value to zero
 server values: !refCoefNorm=(ctau3DErr = 0.0138834,ctau3D = -4), !pdfs=(pdfCTAUDSS = 3.98616e-211/1,pdfCTAUDF = 0.0186304/1), !coefficients=(fDFSS = 1.00999 +/- 0.00836444)
[#0] ERROR:Eval -- RooAbsReal::logEvalError(pdfCTAU1) evaluation error, 
 origin       : RooAddPdf::pdfCTAU1[ fDFSS * pdfCTAUDSS + [%] * pdfCTAUDF ]
 message      : p.d.f value is less than zero (-0.000186), forcing value to zero
 server values: !refCoefNorm=(ctau3DErr = 0.0141305,ctau3D = -4), !pdfs=(pdfCTAUDSS = 5.56705e-204/1,pdfCTAUDF = 0.0186305/1), !coefficients=(fDFSS = 1.00999 +/- 0.00836444)
[#0] ERROR:Eval -- RooAbsReal::logEvalError(pdfCTAU_Bkg) evaluation error, 
[#0] ERROR:Eval -- RooAbsReal::logEvalError(pdfCTAU1) evaluation error, 
 origin       : RooAddPdf::pdfCTAU_Bkg[ b_Bkg * pdfCTAU_BkgNoPR + [%] * pdfCTAU_BkgPR ]
 origin       : RooAddPdf::pdfCTAU1[ fDFSS * pdfCTAUDSS + [%] * pdfCTAUDF ]
 message      : p.d.f value is Not-a-Number (-nan), forcing value to zero
 message      : p.d.f value is less than zero (-0.000186), forcing value to zero
 server values: !refCoefNorm=(ctau3DErr = 0.0314231,ctau3D = -4), !pdfs=(pdfCTAU_BkgNoPR = 0/1,pdfCTAU_BkgPR = 0/1), !coefficients=(b_Bkg = 0.733576 +/- 0.048647)
 server values: !refCoefNorm=(ctau3DErr = 0.0143775,ctau3D = -4), !pdfs=(pdfCTAUDSS = 3.35423e-197/1,pdfCTAUDF = 0.0186305/1), !coefficients=(fDFSS = 1.00999 +/- 0.00836444)
[#0] ERROR:Eval -- RooAbsReal::logEvalError(pdfCTAU1) evaluation error, 
 origin       : RooAddPdf::pdfCTAU1[ fDFSS * pdfCTAUDSS + [%] * pdfCTAUDF ]
 message      : p.d.f value is less than zero (-0.000186), forcing value to zero
 server values: !refCoefNorm=(ctau3DErr = 0.0146246,ctau3D = -4), !pdfs=(pdfCTAUDSS = 9.22402e-191/1,pdfCTAUDF = 0.0186306/1), !coefficients=(fDFSS = 1.00999 +/- 0.00836444)
[#0] ERROR:Eval -- RooAbsReal::logEvalError(pdfCTAU_Bkg_Tot) evaluation error, 
 origin       : RooAddPdf::pdfCTAU_Bkg_Tot[ N_Bkg * pdfCTAU_Bkg ]
 message      : p.d.f value is Not-a-Number (-nan), forcing value to zero
 server values: !refCoefNorm=(ctau3DErr = 0.0314231,ctau3D = -4), !pdfs=(pdfCTAU_Bkg = -nan/1), !coefficients=(N_Bkg = 45.1378 +/- 0.0260238)
[#0] ERROR:Eval -- RooAbsReal::logEvalError(pdfCTAU1) evaluation error, 
[#0] ERROR:Eval -- RooAbsReal::logEvalError(pdfCTAU1) evaluation error, 
 origin       : RooAddPdf::pdfCTAU1[ fDFSS * pdfCTAUDSS + [%] * pdfCTAUDF ]
 origin       : RooAddPdf::pdfCTAU1[ fDFSS * pdfCTAUDSS + [%] * pdfCTAUDF ]
 message      : p.d.f value is less than zero (-0.000186), forcing value to zero
 message      : p.d.f value is less than zero (-0.000186), forcing value to zero
 server values: !refCoefNorm=(ctau3DErr = 0.0331524,ctau3D = -4), !pdfs=(pdfCTAUDSS = 4.67642e-41/1,pdfCTAUDF = 0.0186384/1), !coefficients=(fDFSS = 1.00999 +/- 0.00836444)
 server values: !refCoefNorm=(ctau3DErr = 0.0148716,ctau3D = -4), !pdfs=(pdfCTAUDSS = 1.21915e-184/1,pdfCTAUDF = 0.0186307/1), !coefficients=(fDFSS = 1.00999 +/- 0.00836444)
[#0] ERROR:Eval -- RooAbsReal::logEvalError(pdfCTAU_Bkg) evaluation error, 
 origin       : RooAddPdf::pdfCTAU_Bkg[ b_Bkg * pdfCTAU_BkgNoPR + [%] * pdfCTAU_BkgPR ]
 message      : p.d.f value is Not-a-Number (-nan), forcing value to zero
 server values: !refCoefNorm=(ctau3DErr = 0.0331524,ctau3D = -4), !pdfs=(pdfCTAU_BkgNoPR = 0/1,pdfCTAU_BkgPR = 0/1), !coefficients=(b_Bkg = 0.733576 +/- 0.048647)
[#0] ERROR:Eval -- RooAbsReal::logEvalError(pdfCTAU_Bkg_Tot) evaluation error, 
 origin       : RooAddPdf::pdfCTAU_Bkg_Tot[ N_Bkg * pdfCTAU_Bkg ]
 message      : p.d.f value is Not-a-Number (-nan), forcing value to zero
 server values: !refCoefNorm=(ctau3DErr = 0.0331524,ctau3D = -4), !pdfs=(pdfCTAU_Bkg = -nan/1), !coefficients=(N_Bkg = 45.1378 +/- 0.0260238)
[#0] ERROR:Eval -- RooAbsReal::logEvalError(pdfCTAU1) evaluation error, 
 origin       : RooAddPdf::pdfCTAU1[ fDFSS * pdfCTAUDSS + [%] * pdfCTAUDF ]
 message      : p.d.f value is less than zero (-0.000186), forcing value to zero
 server values: !refCoefNorm=(ctau3DErr = 0.0151186,ctau3D = -4), !pdfs=(pdfCTAUDSS = 8.12142e-179/1,pdfCTAUDF = 0.0186307/1), !coefficients=(fDFSS = 1.00999 +/- 0.00836444)
[#0] ERROR:Eval -- RooAbsReal::logEvalError(pdfCTAU1) evaluation error, 
 origin       : RooAddPdf::pdfCTAU1[ fDFSS * pdfCTAUDSS + [%] * pdfCTAUDF ]
 message      : p.d.f value is less than zero (-0.000186), forcing value to zero
 server values: !refCoefNorm=(ctau3DErr = 0.0336465,ctau3D = -4), !pdfs=(pdfCTAUDSS = 5.32794e-40/1,pdfCTAUDF = 0.0186387/1), !coefficients=(fDFSS = 1.00999 +/- 0.00836444)
[#0] ERROR:Eval -- RooAbsReal::logEvalError(pdfCTAU_Bkg) evaluation error, 
 origin       : RooAddPdf::pdfCTAU_Bkg[ b_Bkg * pdfCTAU_BkgNoPR + [%] * pdfCTAU_BkgPR ]
 message      : p.d.f value is Not-a-Number (-nan), forcing value to zero
 server values: !refCoefNorm=(ctau3DErr = 0.0336465,ctau3D = -4), !pdfs=(pdfCTAU_BkgNoPR = 0/1,pdfCTAU_BkgPR = 0/1), !coefficients=(b_Bkg = 0.733576 +/- 0.048647)
[#0] ERROR:Eval -- RooAbsReal::logEvalError(pdfCTAU_Bkg_Tot) evaluation error, 
 origin       : RooAddPdf::pdfCTAU_Bkg_Tot[ N_Bkg * pdfCTAU_Bkg ]
 message      : p.d.f value is Not-a-Number (-nan), forcing value to zero
 server values: !refCoefNorm=(ctau3DErr = 0.0336465,ctau3D = -4), !pdfs=(pdfCTAU_Bkg = -nan/1), !coefficients=(N_Bkg = 45.1378 +/- 0.0260238)
[#0] ERROR:Eval -- RooAbsReal::logEvalError(pdfCTAU1) evaluation error, 
 origin       : RooAddPdf::pdfCTAU1[ fDFSS * pdfCTAUDSS + [%] * pdfCTAUDF ]
 message      : p.d.f value is less than zero (-0.000186), forcing value to zero
 server values: !refCoefNorm=(ctau3DErr = 0.0153657,ctau3D = -4), !pdfs=(pdfCTAUDSS = 2.84859e-173/1,pdfCTAUDF = 0.0186308/1), !coefficients=(fDFSS = 1.00999 +/- 0.00836444)
[#0] ERROR:Eval -- RooAbsReal::logEvalError(pdfCTAU1) evaluation error, 
 origin       : RooAddPdf::pdfCTAU1[ fDFSS * pdfCTAUDSS + [%] * pdfCTAUDF ]
 message      : p.d.f value is less than zero (-0.000186), forcing value to zero
 server values: !refCoefNorm=(ctau3DErr = 0.0156127,ctau3D = -4), !pdfs=(pdfCTAUDSS = 5.47701e-168/1,pdfCTAUDF = 0.0186309/1), !coefficients=(fDFSS = 1.00999 +/- 0.00836444)
[#0] ERROR:Eval -- RooAbsReal::logEvalError(pdfCTAU1) evaluation error, 
 origin       : RooAddPdf::pdfCTAU1[ fDFSS * pdfCTAUDSS + [%] * pdfCTAUDF ]
 message      : p.d.f value is less than zero (-0.000186), forcing value to zero
 server values: !refCoefNorm=(ctau3DErr = 0.0158597,ctau3D = -4), !pdfs=(pdfCTAUDSS = 5.99123e-163/1,pdfCTAUDF = 0.0186309/1), !coefficients=(fDFSS = 1.00999 +/- 0.00836444)
[#0] ERROR:Eval -- RooAbsReal::logEvalError(pdfCTAU1) evaluation error, 
 origin       : RooAddPdf::pdfCTAU1[ fDFSS * pdfCTAUDSS + [%] * pdfCTAUDF ]
 message      : p.d.f value is less than zero (-0.000186), forcing value to zero
 server values: !refCoefNorm=(ctau3DErr = 0.0161068,ctau3D = -4), !pdfs=(pdfCTAUDSS = 3.85888e-158/1,pdfCTAUDF = 0.018631/1), !coefficients=(fDFSS = 1.00999 +/- 0.00836444)
[#0] ERROR:Eval -- RooAbsReal::logEvalError(pdfCTAU1) evaluation error, 
 origin       : RooAddPdf::pdfCTAU1[ fDFSS * pdfCTAUDSS + [%] * pdfCTAUDF ]
 message      : p.d.f value is less than zero (-0.000186), forcing value to zero
 server values: !refCoefNorm=(ctau3DErr = 0.0163538,ctau3D = -4), !pdfs=(pdfCTAUDSS = 1.51069e-153/1,pdfCTAUDF = 0.0186311/1), !coefficients=(fDFSS = 1.00999 +/- 0.00836444)
[#0] ERROR:Eval -- RooAbsReal::logEvalError(pdfCTAU1) evaluation error, 
 origin       : RooAddPdf::pdfCTAU1[ fDFSS * pdfCTAUDSS + [%] * pdfCTAUDF ]
 message      : p.d.f value is less than zero (-0.000186), forcing value to zero
 server values: !refCoefNorm=(ctau3DErr = 0.0166009,ctau3D = -4), !pdfs=(pdfCTAUDSS = 3.70198e-149/1,pdfCTAUDF = 0.0186312/1), !coefficients=(fDFSS = 1.00999 +/- 0.00836444)
[#0] ERROR:Eval -- RooAbsReal::logEvalError(pdfCTAU1) evaluation error, 
 origin       : RooAddPdf::pdfCTAU1[ fDFSS * pdfCTAUDSS + [%] * pdfCTAUDF ]
 message      : p.d.f value is less than zero (-0.000186), forcing value to zero
 server values: !refCoefNorm=(ctau3DErr = 0.0168479,ctau3D = -4), !pdfs=(pdfCTAUDSS = 5.83559e-145/1,pdfCTAUDF = 0.0186312/1), !coefficients=(fDFSS = 1.00999 +/- 0.00836444)
[#0] ERROR:Eval -- RooAbsReal::logEvalError(pdfCTAU1) evaluation error, 
 origin       : RooAddPdf::pdfCTAU1[ fDFSS * pdfCTAUDSS + [%] * pdfCTAUDF ]
 message      : p.d.f value is less than zero (-0.000186), forcing value to zero
 server values: !refCoefNorm=(ctau3DErr = 0.0170949,ctau3D = -4), !pdfs=(pdfCTAUDSS = 6.0691e-141/1,pdfCTAUDF = 0.0186313/1), !coefficients=(fDFSS = 1.00999 +/- 0.00836444)
[#0] ERROR:Eval -- RooAbsReal::logEvalError(pdfCTAU1) evaluation error, 
 origin       : RooAddPdf::pdfCTAU1[ fDFSS * pdfCTAUDSS + [%] * pdfCTAUDF ]
 message      : p.d.f value is less than zero (-0.000186), forcing value to zero
 server values: !refCoefNorm=(ctau3DErr = 0.017342,ctau3D = -4), !pdfs=(pdfCTAUDSS = 4.26356e-137/1,pdfCTAUDF = 0.0186314/1), !coefficients=(fDFSS = 1.00999 +/- 0.00836444)
[#0] ERROR:Eval -- RooAbsReal::logEvalError(pdfCTAU1) evaluation error, 
 origin       : RooAddPdf::pdfCTAU1[ fDFSS * pdfCTAUDSS + [%] * pdfCTAUDF ]
 message      : p.d.f value is less than zero (-0.000186), forcing value to zero
 server values: !refCoefNorm=(ctau3DErr = 0.017589,ctau3D = -4), !pdfs=(pdfCTAUDSS = 2.06793e-133/1,pdfCTAUDF = 0.0186314/1), !coefficients=(fDFSS = 1.00999 +/- 0.00836444)
[#0] ERROR:Eval -- RooAbsReal::logEvalError(pdfCTAU1) evaluation error, 
 origin       : RooAddPdf::pdfCTAU1[ fDFSS * pdfCTAUDSS + [%] * pdfCTAUDF ]
 message      : p.d.f value is less than zero (-0.000186), forcing value to zero
 server values: !refCoefNorm=(ctau3DErr = 0.0178361,ctau3D = -4), !pdfs=(pdfCTAUDSS = 7.06752e-130/1,pdfCTAUDF = 0.0186315/1), !coefficients=(fDFSS = 1.00999 +/- 0.00836444)
[#0] ERROR:Eval -- RooAbsReal::logEvalError(pdfCTAU1) evaluation error, 
 origin       : RooAddPdf::pdfCTAU1[ fDFSS * pdfCTAUDSS + [%] * pdfCTAUDF ]
 message      : p.d.f value is less than zero (-0.000186), forcing value to zero
 server values: !refCoefNorm=(ctau3DErr = 0.0180831,ctau3D = -4), !pdfs=(pdfCTAUDSS = 1.73467e-126/1,pdfCTAUDF = 0.0186316/1), !coefficients=(fDFSS = 1.00999 +/- 0.00836444)
[#0] ERROR:Eval -- RooAbsReal::logEvalError(pdfCTAU1) evaluation error, 
 origin       : RooAddPdf::pdfCTAU1[ fDFSS * pdfCTAUDSS + [%] * pdfCTAUDF ]
 message      : p.d.f value is less than zero (-0.000186), forcing value to zero
 server values: !refCoefNorm=(ctau3DErr = 0.00918973,ctau3D = -4), !pdfs=(pdfCTAUDSS = 0/1,pdfCTAUDF = 0.0186295/1), !coefficients=(fDFSS = 1.00999 +/- 0.00836444)
[#0] ERROR:Eval -- RooAbsReal::logEvalError(pdfCTAU1) evaluation error, 
 origin       : RooAddPdf::pdfCTAU1[ fDFSS * pdfCTAUDSS + [%] * pdfCTAUDF ]
 message      : p.d.f value is less than zero (-0.000186), forcing value to zero
 server values: !refCoefNorm=(ctau3DErr = 0.00943677,ctau3D = -4), !pdfs=(pdfCTAUDSS = 0/1,pdfCTAUDF = 0.0186295/1), !coefficients=(fDFSS = 1.00999 +/- 0.00836444)
[#0] ERROR:Eval -- RooAbsReal::logEvalError(pdfCTAU1) evaluation error, 
 origin       : RooAddPdf::pdfCTAU1[ fDFSS * pdfCTAUDSS + [%] * pdfCTAUDF ]
 message      : p.d.f value is less than zero (-0.000186), forcing value to zero
 server values: !refCoefNorm=(ctau3DErr = 0.00968381,ctau3D = -4), !pdfs=(pdfCTAUDSS = 0/1,pdfCTAUDF = 0.0186296/1), !coefficients=(fDFSS = 1.00999 +/- 0.00836444)
[#0] ERROR:Eval -- RooAbsReal::logEvalError(pdfCTAU1) evaluation error, 
 origin       : RooAddPdf::pdfCTAU1[ fDFSS * pdfCTAUDSS + [%] * pdfCTAUDF ]
 message      : p.d.f value is less than zero (-0.000186), forcing value to zero
 server values: !refCoefNorm=(ctau3DErr = 0.00993085,ctau3D = -4), !pdfs=(pdfCTAUDSS = 0/1,pdfCTAUDF = 0.0186296/1), !coefficients=(fDFSS = 1.00999 +/- 0.00836444)
[#0] ERROR:Eval -- RooAbsReal::logEvalError(pdfCTAU1) evaluation error, 
 origin       : RooAddPdf::pdfCTAU1[ fDFSS * pdfCTAUDSS + [%] * pdfCTAUDF ]
 message      : p.d.f value is less than zero (-0.000186), forcing value to zero
 server values: !refCoefNorm=(ctau3DErr = 0.0101779,ctau3D = -4), !pdfs=(pdfCTAUDSS = 0/1,pdfCTAUDF = 0.0186296/1), !coefficients=(fDFSS = 1.00999 +/- 0.00836444)
[#0] ERROR:Eval -- RooAbsReal::logEvalError(pdfCTAU1) evaluation error, 
 origin       : RooAddPdf::pdfCTAU1[ fDFSS * pdfCTAUDSS + [%] * pdfCTAUDF ]
 message      : p.d.f value is less than zero (-0.000186), forcing value to zero
 server values: !refCoefNorm=(ctau3DErr = 0.0104249,ctau3D = -4), !pdfs=(pdfCTAUDSS = 0/1,pdfCTAUDF = 0.0186297/1), !coefficients=(fDFSS = 1.00999 +/- 0.00836444)
[#0] ERROR:Eval -- RooAbsReal::logEvalError(pdfCTAU1) evaluation error, 
 origin       : RooAddPdf::pdfCTAU1[ fDFSS * pdfCTAUDSS + [%] * pdfCTAUDF ]
 message      : p.d.f value is less than zero (-0.000186), forcing value to zero
 server values: !refCoefNorm=(ctau3DErr = 0.010672,ctau3D = -4), !pdfs=(pdfCTAUDSS = 0/1,pdfCTAUDF = 0.0186297/1), !coefficients=(fDFSS = 1.00999 +/- 0.00836444)
[#0] ERROR:Eval -- RooAbsReal::logEvalError(pdfCTAU1) evaluation error, 
 origin       : RooAddPdf::pdfCTAU1[ fDFSS * pdfCTAUDSS + [%] * pdfCTAUDF ]
 message      : p.d.f value is less than zero (-0.000186), forcing value to zero
 server values: !refCoefNorm=(ctau3DErr = 0.010919,ctau3D = -4), !pdfs=(pdfCTAUDSS = 0/1,pdfCTAUDF = 0.0186298/1), !coefficients=(fDFSS = 1.00999 +/- 0.00836444)
[#0] ERROR:Eval -- RooAbsReal::logEvalError(pdfCTAU1) evaluation error, 
 origin       : RooAddPdf::pdfCTAU1[ fDFSS * pdfCTAUDSS + [%] * pdfCTAUDF ]
 message      : p.d.f value is less than zero (-0.000186), forcing value to zero
 server values: !refCoefNorm=(ctau3DErr = 0.011166,ctau3D = -4), !pdfs=(pdfCTAUDSS = 0/1,pdfCTAUDF = 0.0186298/1), !coefficients=(fDFSS = 1.00999 +/- 0.00836444)
[#0] ERROR:Eval -- RooAbsReal::logEvalError(pdfCTAU1) evaluation error, 
 origin       : RooAddPdf::pdfCTAU1[ fDFSS * pdfCTAUDSS + [%] * pdfCTAUDF ]
 message      : p.d.f value is less than zero (-0.000186), forcing value to zero
 server values: !refCoefNorm=(ctau3DErr = 0.0114131,ctau3D = -4), !pdfs=(pdfCTAUDSS = 5.01087e-310/1,pdfCTAUDF = 0.0186299/1), !coefficients=(fDFSS = 1.00999 +/- 0.00836444)
[#0] ERROR:Eval -- RooAbsReal::logEvalError(pdfCTAU1) evaluation error, 
 origin       : RooAddPdf::pdfCTAU1[ fDFSS * pdfCTAUDSS + [%] * pdfCTAUDF ]
 message      : p.d.f value is less than zero (-0.000186), forcing value to zero
 server values: !refCoefNorm=(ctau3DErr = 0.0116601,ctau3D = -4), !pdfs=(pdfCTAUDSS = 3.08261e-297/1,pdfCTAUDF = 0.0186299/1), !coefficients=(fDFSS = 1.00999 +/- 0.00836444)
[#0] ERROR:Eval -- RooAbsReal::logEvalError(pdfCTAU1) evaluation error, 
 origin       : RooAddPdf::pdfCTAU1[ fDFSS * pdfCTAUDSS + [%] * pdfCTAUDF ]
 message      : p.d.f value is less than zero (-0.000186), forcing value to zero
 server values: !refCoefNorm=(ctau3DErr = 0.0119071,ctau3D = -4), !pdfs=(pdfCTAUDSS = 3.09159e-285/1,pdfCTAUDF = 0.01863/1), !coefficients=(fDFSS = 1.00999 +/- 0.00836444)
[#0] ERROR:Eval -- RooAbsReal::logEvalError(pdfCTAU1) evaluation error, 
 origin       : RooAddPdf::pdfCTAU1[ fDFSS * pdfCTAUDSS + [%] * pdfCTAUDF ]
 message      : p.d.f value is less than zero (-0.000186), forcing value to zero
 server values: !refCoefNorm=(ctau3DErr = 0.0183301,ctau3D = -4), !pdfs=(pdfCTAUDSS = 3.11235e-123/1,pdfCTAUDF = 0.0186317/1), !coefficients=(fDFSS = 1.00999 +/- 0.00836444)
[#0] ERROR:Eval -- RooAbsReal::logEvalError(pdfCTAU1) evaluation error, 
 origin       : RooAddPdf::pdfCTAU1[ fDFSS * pdfCTAUDSS + [%] * pdfCTAUDF ]
 message      : p.d.f value is less than zero (-0.000186), forcing value to zero
 server values: !refCoefNorm=(ctau3DErr = 0.0185772,ctau3D = -4), !pdfs=(pdfCTAUDSS = 4.1502e-120/1,pdfCTAUDF = 0.0186318/1), !coefficients=(fDFSS = 1.00999 +/- 0.00836444)
[#0] ERROR:Eval -- RooAbsReal::logEvalError(pdfCTAU1) evaluation error, 
 origin       : RooAddPdf::pdfCTAU1[ fDFSS * pdfCTAUDSS + [%] * pdfCTAUDF ]
 message      : p.d.f value is less than zero (-0.000186), forcing value to zero
 server values: !refCoefNorm=(ctau3DErr = 0.0188242,ctau3D = -4), !pdfs=(pdfCTAUDSS = 4.17717e-117/1,pdfCTAUDF = 0.0186318/1), !coefficients=(fDFSS = 1.00999 +/- 0.00836444)
[#0] ERROR:Eval -- RooAbsReal::logEvalError(pdfCTAU1) evaluation error, 
 origin       : RooAddPdf::pdfCTAU1[ fDFSS * pdfCTAUDSS + [%] * pdfCTAUDF ]
 message      : p.d.f value is less than zero (-0.000186), forcing value to zero
 server values: !refCoefNorm=(ctau3DErr = 0.0190712,ctau3D = -4), !pdfs=(pdfCTAUDSS = 3.21972e-114/1,pdfCTAUDF = 0.0186319/1), !coefficients=(fDFSS = 1.00999 +/- 0.00836444)
[#0] ERROR:Eval -- RooAbsReal::logEvalError(pdfCTAU1) evaluation error, 
 origin       : RooAddPdf::pdfCTAU1[ fDFSS * pdfCTAUDSS + [%] * pdfCTAUDF ]
 message      : p.d.f value is less than zero (-0.000186), forcing value to zero
 server values: !refCoefNorm=(ctau3DErr = 0.0193183,ctau3D = -4), !pdfs=(pdfCTAUDSS = 1.92649e-111/1,pdfCTAUDF = 0.018632/1), !coefficients=(fDFSS = 1.00999 +/- 0.00836444)
[#0] ERROR:Eval -- RooAbsReal::logEvalError(pdfCTAU1) evaluation error, 
 origin       : RooAddPdf::pdfCTAU1[ fDFSS * pdfCTAUDSS + [%] * pdfCTAUDF ]
 message      : p.d.f value is less than zero (-0.000186), forcing value to zero
 server values: !refCoefNorm=(ctau3DErr = 0.0195653,ctau3D = -4), !pdfs=(pdfCTAUDSS = 9.06252e-109/1,pdfCTAUDF = 0.0186321/1), !coefficients=(fDFSS = 1.00999 +/- 0.00836444)
[#0] ERROR:Eval -- RooAbsReal::logEvalError(pdfCTAU1) evaluation error, 
 origin       : RooAddPdf::pdfCTAU1[ fDFSS * pdfCTAUDSS + [%] * pdfCTAUDF ]
 message      : p.d.f value is less than zero (-0.000186), forcing value to zero
 server values: !refCoefNorm=(ctau3DErr = 0.0198124,ctau3D = -4), !pdfs=(pdfCTAUDSS = 3.39189e-106/1,pdfCTAUDF = 0.0186322/1), !coefficients=(fDFSS = 1.00999 +/- 0.00836444)
[#0] ERROR:Eval -- RooAbsReal::logEvalError(pdfCTAU1) evaluation error, 
 origin       : RooAddPdf::pdfCTAU1[ fDFSS * pdfCTAUDSS + [%] * pdfCTAUDF ]
 message      : p.d.f value is less than zero (-0.000186), forcing value to zero
 server values: !refCoefNorm=(ctau3DErr = 0.0200594,ctau3D = -4), !pdfs=(pdfCTAUDSS = 1.02143e-103/1,pdfCTAUDF = 0.0186323/1), !coefficients=(fDFSS = 1.00999 +/- 0.00836444)
[#0] ERROR:Eval -- RooAbsReal::logEvalError(pdfCTAU1) evaluation error, 
 origin       : RooAddPdf::pdfCTAU1[ fDFSS * pdfCTAUDSS + [%] * pdfCTAUDF ]
 message      : p.d.f value is less than zero (-0.000186), forcing value to zero
 server values: !refCoefNorm=(ctau3DErr = 0.0203064,ctau3D = -4), !pdfs=(pdfCTAUDSS = 2.501e-101/1,pdfCTAUDF = 0.0186323/1), !coefficients=(fDFSS = 1.00999 +/- 0.00836444)
[#0] ERROR:Eval -- RooAbsReal::logEvalError(pdfCTAU1) evaluation error, 
 origin       : RooAddPdf::pdfCTAU1[ fDFSS * pdfCTAUDSS + [%] * pdfCTAUDF ]
 message      : p.d.f value is less than zero (-0.000186), forcing value to zero
 server values: !refCoefNorm=(ctau3DErr = 0.0205535,ctau3D = -4), !pdfs=(pdfCTAUDSS = 5.02869e-99/1,pdfCTAUDF = 0.0186324/1), !coefficients=(fDFSS = 1.00999 +/- 0.00836444)
[#0] ERROR:Eval -- RooAbsReal::logEvalError(pdfCTAU1) evaluation error, 
 origin       : RooAddPdf::pdfCTAU1[ fDFSS * pdfCTAUDSS + [%] * pdfCTAUDF ]
 message      : p.d.f value is less than zero (-0.000186), forcing value to zero
 server values: !refCoefNorm=(ctau3DErr = 0.0208005,ctau3D = -4), !pdfs=(pdfCTAUDSS = 8.38055e-97/1,pdfCTAUDF = 0.0186325/1), !coefficients=(fDFSS = 1.00999 +/- 0.00836444)
[#0] ERROR:Eval -- RooAbsReal::logEvalError(pdfCTAU1) evaluation error, 
 origin       : RooAddPdf::pdfCTAU1[ fDFSS * pdfCTAUDSS + [%] * pdfCTAUDF ]
 message      : p.d.f value is less than zero (-0.000186), forcing value to zero
 server values: !refCoefNorm=(ctau3DErr = 0.0210475,ctau3D = -4), !pdfs=(pdfCTAUDSS = 1.16781e-94/1,pdfCTAUDF = 0.0186326/1), !coefficients=(fDFSS = 1.00999 +/- 0.00836444)
[#0] ERROR:Eval -- RooAbsReal::logEvalError(pdfCTAU1) evaluation error, 
 origin       : RooAddPdf::pdfCTAU1[ fDFSS * pdfCTAUDSS + [%] * pdfCTAUDF ]
 message      : p.d.f value is less than zero (-0.000186), forcing value to zero
 server values: !refCoefNorm=(ctau3DErr = 0.0212946,ctau3D = -4), !pdfs=(pdfCTAUDSS = 1.37194e-92/1,pdfCTAUDF = 0.0186327/1), !coefficients=(fDFSS = 1.00999 +/- 0.00836444)
[#0] WARNING:Eval -- RooAddPdf::updateCoefCache(pdfCTAU1 WARNING: sum of PDF coefficients not in range [0-1], value=1.00999[#0] WARNING:Eval -- 
[#0] WARNING:Eval -- RooAddPdf::updateCoefCache(pdfCTAU1 WARNING: sum of PDF coefficients not in range [0-1], value=1.00999[#0] WARNING:Eval -- 
[#0] WARNING:Eval -- RooAddPdf::updateCoefCache(pdfCTAU1 WARNING: sum of PDF coefficients not in range [0-1], value=1.00999[#0] WARNING:Eval -- 
[#0] WARNING:Eval -- RooAddPdf::updateCoefCache(pdfCTAU1 WARNING: sum of PDF coefficients not in range [0-1], value=1.00999[#0] WARNING:Eval -- 
[#0] WARNING:Eval -- RooAddPdf::updateCoefCache(pdfCTAU1 WARNING: sum of PDF coefficients not in range [0-1], value=1.00999[#0] WARNING:Eval -- 
[#0] WARNING:Eval -- RooAddPdf::updateCoefCache(pdfCTAU1 WARNING: sum of PDF coefficients not in range [0-1], value=1.00999[#0] WARNING:Eval -- 
[#0] WARNING:Eval -- RooAddPdf::updateCoefCache(pdfCTAU1 WARNING: sum of PDF coefficients not in range [0-1], value=1.00999[#0] WARNING:Eval -- 
RooArgSet::dependents = (ctau3D)
RooSetProxy::!refCoefNorm = (ctau3DErr,ctau3D)
RooArgSet::dependents = (ctau3D)
RooSetProxy::!refCoefNorm = (ctau3DErr,ctau3D)
RooArgSet:: = ()
RooSetProxy::!refCoefNorm = (ctau3DErr,ctau3D)
[#0] WARNING:Eval -- RooAddPdf::updateCoefCache(pdfCTAU1 WARNING: sum of PDF coefficients not in range [0-1], value=1.00999[#0] WARNING:Eval -- 
[#0] WARNING:Eval -- RooAddPdf::updateCoefCache(pdfCTAU1 WARNING: sum of PDF coefficients not in range [0-1], value=1.00999[#0] WARNING:Eval -- 
[#0] WARNING:Eval -- RooAddPdf::updateCoefCache(pdfCTAU1 WARNING: sum of PDF coefficients not in range [0-1], value=1.00999[#0] WARNING:Eval -- 
[#0] WARNING:Eval -- RooAddPdf::updateCoefCache(pdfCTAU1 WARNING: sum of PDF coefficients not in range [0-1], value=1.00999[#0] WARNING:Eval -- 
[#0] WARNING:Eval -- RooAddPdf::updateCoefCache(pdfCTAU1 WARNING: sum of PDF coefficients not in range [0-1], value=1.00999[#0] WARNING:Eval -- 
[#0] WARNING:Eval -- RooAddPdf::updateCoefCache(pdfCTAU1 WARNING: sum of PDF coefficients not in range [0-1], value=1.00999[#0] WARNING:Eval --  (no more will be printed)[#0] WARNING:Eval -- 
RooArgSet::dependents = (ctau3D)
RooArgSet::dependents = (ctau3D)
RooSetProxy::!refCoefNorm = (ctau3DErr,ctau3D)
RooSetProxy::!refCoefNorm = (ctau3DErr,ctau3D)
RooArgSet::dependents = (ctau3D)
RooSetProxy::!refCoefNorm = (ctau3DErr,ctau3D)
RooArgSet::dependents = (ctau3D)
RooSetProxy::!refCoefNorm = (ctau3DErr,ctau3D)
RooArgSet::dependents = (ctau3D)
RooArgSet::dependents = (ctau3D)
RooSetProxy::!refCoefNorm = (ctau3DErr,ctau3D)
RooSetProxy::!refCoefNorm = (ctau3DErr,ctau3D)
RooArgSet::dependents = (ctau3D)
RooSetProxy::!refCoefNorm = (ctau3DErr,ctau3D)
RooArgSet::dependents = (ctau3D)
RooSetProxy::!refCoefNorm = (ctau3DErr,ctau3D)
RooArgSet::dependents = (ctau3D)
RooArgSet::dependents = (ctau3D)
RooSetProxy::!refCoefNorm = (ctau3DErr,ctau3D)
RooSetProxy::!refCoefNorm = (ctau3DErr,ctau3D)
RooArgSet:: = ()
RooSetProxy::!refCoefNorm = (ctau3DErr,ctau3D)
RooArgSet:: = ()
RooSetProxy::!refCoefNorm = (ctau3DErr,ctau3D)
RooArgSet::dependents = (ctau3D)
RooSetProxy::!refCoefNorm = (ctau3DErr,ctau3D)
RooArgSet::dependents = (ctau3D)
RooSetProxy::!refCoefNorm = (ctau3DErr,ctau3D)
RooArgSet::dependents = (ctau3D)
RooSetProxy::!refCoefNorm = (ctau3DErr,ctau3D)
RooArgSet::dependents = (ctau3D)
RooSetProxy::!refCoefNorm = (ctau3DErr,ctau3D)
RooArgSet:: = ()
RooArgSet::dependents = (ctau3D)
RooSetProxy::!refCoefNorm = (ctau3DErr,ctau3D)
RooSetProxy::!refCoefNorm = (ctau3DErr,ctau3D)
RooArgSet::dependents = (ctau3D)
RooSetProxy::!refCoefNorm = (ctau3DErr,ctau3D)
RooArgSet:: = ()
RooSetProxy::!refCoefNorm = (ctau3DErr,ctau3D)
RooArgSet:: = ()
RooSetProxy::!refCoefNorm = (ctau3DErr,ctau3D)
RooArgSet:: = ()
RooSetProxy::!refCoefNorm = (ctau3DErr,ctau3D)
RooArgSet:: = ()
RooSetProxy::!refCoefNorm = (ctau3DErr,ctau3D)
RooArgSet:: = ()
RooSetProxy::!refCoefNorm = (ctau3DErr,ctau3D)
[#0] ERROR:Eval -- RooAbsReal::logEvalError(pdfCTAU_Bkg) evaluation error, 
 origin       : RooAddPdf::pdfCTAU_Bkg[ b_Bkg * pdfCTAU_BkgNoPR + [%] * pdfCTAU_BkgPR ]
 message      : p.d.f value is Not-a-Number (-nan), forcing value to zero
 server values: !refCoefNorm=(ctau3DErr = 0.0277176,ctau3D = -4), !pdfs=(pdfCTAU_BkgNoPR = 0/1,pdfCTAU_BkgPR = 0/1), !coefficients=(b_Bkg = 0.733576 +/- 0.048647)
[#0] ERROR:Eval -- RooAbsReal::logEvalError(pdfCTAU_Bkg_Tot) evaluation error, 
 origin       : RooAddPdf::pdfCTAU_Bkg_Tot[ N_Bkg * pdfCTAU_Bkg ]
 message      : p.d.f value is Not-a-Number (-nan), forcing value to zero
 server values: !refCoefNorm=(ctau3DErr = 0.0277176,ctau3D = -4), !pdfs=(pdfCTAU_Bkg = -nan/1), !coefficients=(N_Bkg = 45.1378 +/- 0.0260238)
[#0] ERROR:Eval -- RooAbsReal::logEvalError(pdfCTAU_Bkg) evaluation error, 
 origin       : RooAddPdf::pdfCTAU_Bkg[ b_Bkg * pdfCTAU_BkgNoPR + [%] * pdfCTAU_BkgPR ]
 message      : p.d.f value is Not-a-Number (-nan), forcing value to zero
 server values: !refCoefNorm=(ctau3DErr = 0.0279646,ctau3D = -4), !pdfs=(pdfCTAU_BkgNoPR = 0/1,pdfCTAU_BkgPR = 0/1), !coefficients=(b_Bkg = 0.733576 +/- 0.048647)
[#0] ERROR:Eval -- RooAbsReal::logEvalError(pdfCTAU_Bkg_Tot) evaluation error, 
 origin       : RooAddPdf::pdfCTAU_Bkg_Tot[ N_Bkg * pdfCTAU_Bkg ]
 message      : p.d.f value is Not-a-Number (-nan), forcing value to zero
 server values: !refCoefNorm=(ctau3DErr = 0.0279646,ctau3D = -4), !pdfs=(pdfCTAU_Bkg = -nan/1), !coefficients=(N_Bkg = 45.1378 +/- 0.0260238)
[#0] ERROR:Eval -- RooAbsReal::logEvalError(pdfCTAU_Bkg) evaluation error, 
 origin       : RooAddPdf::pdfCTAU_Bkg[ b_Bkg * pdfCTAU_BkgNoPR + [%] * pdfCTAU_BkgPR ]
 message      : p.d.f value is Not-a-Number (-nan), forcing value to zero
 server values: !refCoefNorm=(ctau3DErr = 0.0314231,ctau3D = -4), !pdfs=(pdfCTAU_BkgNoPR = 0/1,pdfCTAU_BkgPR = 0/1), !coefficients=(b_Bkg = 0.733576 +/- 0.048647)
[#0] ERROR:Eval -- RooAbsReal::logEvalError(pdfCTAU_Bkg_Tot) evaluation error, 
 origin       : RooAddPdf::pdfCTAU_Bkg_Tot[ N_Bkg * pdfCTAU_Bkg ]
 message      : p.d.f value is Not-a-Number (-nan), forcing value to zero
 server values: !refCoefNorm=(ctau3DErr = 0.0314231,ctau3D = -4), !pdfs=(pdfCTAU_Bkg = -nan/1), !coefficients=(N_Bkg = 45.1378 +/- 0.0260238)
[#0] ERROR:Eval -- RooAbsReal::logEvalError(pdfCTAU_Bkg) evaluation error, 
 origin       : RooAddPdf::pdfCTAU_Bkg[ b_Bkg * pdfCTAU_BkgNoPR + [%] * pdfCTAU_BkgPR ]
 message      : p.d.f value is Not-a-Number (-nan), forcing value to zero
 server values: !refCoefNorm=(ctau3DErr = 0.0331524,ctau3D = -4), !pdfs=(pdfCTAU_BkgNoPR = 0/1,pdfCTAU_BkgPR = 0/1), !coefficients=(b_Bkg = 0.733576 +/- 0.048647)
[#0] ERROR:Eval -- RooAbsReal::logEvalError(pdfCTAU_Bkg_Tot) evaluation error, 
 origin       : RooAddPdf::pdfCTAU_Bkg_Tot[ N_Bkg * pdfCTAU_Bkg ]
 message      : p.d.f value is Not-a-Number (-nan), forcing value to zero
 server values: !refCoefNorm=(ctau3DErr = 0.0331524,ctau3D = -4), !pdfs=(pdfCTAU_Bkg = -nan/1), !coefficients=(N_Bkg = 45.1378 +/- 0.0260238)
[#0] ERROR:Eval -- RooAbsReal::logEvalError(pdfCTAU_Bkg) evaluation error, 
 origin       : RooAddPdf::pdfCTAU_Bkg[ b_Bkg * pdfCTAU_BkgNoPR + [%] * pdfCTAU_BkgPR ]
 message      : p.d.f value is Not-a-Number (-nan), forcing value to zero
 server values: !refCoefNorm=(ctau3DErr = 0.0336465,ctau3D = -4), !pdfs=(pdfCTAU_BkgNoPR = 0/1,pdfCTAU_BkgPR = 0/1), !coefficients=(b_Bkg = 0.733576 +/- 0.048647)
[#0] ERROR:Eval -- RooAbsReal::logEvalError(pdfCTAU_Bkg_Tot) evaluation error, 
 origin       : RooAddPdf::pdfCTAU_Bkg_Tot[ N_Bkg * pdfCTAU_Bkg ]
 message      : p.d.f value is Not-a-Number (-nan), forcing value to zero
 server values: !refCoefNorm=(ctau3DErr = 0.0336465,ctau3D = -4), !pdfs=(pdfCTAU_Bkg = -nan/1), !coefficients=(N_Bkg = 45.1378 +/- 0.0260238)
[#0] WARNING:Eval -- RooAddPdf::updateCoefCache(pdfCTAU1 WARNING: sum of PDF coefficients not in range [0-1], value=1.00999[#0] WARNING:Eval -- 
[#0] WARNING:Eval -- RooAddPdf::updateCoefCache(pdfCTAU1 WARNING: sum of PDF coefficients not in range [0-1], value=1.00999[#0] WARNING:Eval -- 
[#0] WARNING:Eval -- RooAddPdf::updateCoefCache(pdfCTAU1 WARNING: sum of PDF coefficients not in range [0-1], value=1.00999[#0] WARNING:Eval -- 
[#0] WARNING:Eval -- RooAddPdf::updateCoefCache(pdfCTAU1 WARNING: sum of PDF coefficients not in range [0-1], value=1.00999[#0] WARNING:Eval -- 
[#0] WARNING:Eval -- RooAddPdf::updateCoefCache(pdfCTAU1 WARNING: sum of PDF coefficients not in range [0-1], value=1.00999[#0] WARNING:Eval -- 
[#0] WARNING:Eval -- RooAddPdf::updateCoefCache(pdfCTAU1 WARNING: sum of PDF coefficients not in range [0-1], value=1.00999[#0] WARNING:Eval -- 
[#0] WARNING:Eval -- RooAddPdf::updateCoefCache(pdfCTAU1 WARNING: sum of PDF coefficients not in range [0-1], value=1.00999[#0] WARNING:Eval -- 
RooArgSet::dependents = (ctau3D)
RooSetProxy::!refCoefNorm = (ctau3DErr,ctau3D)
RooArgSet::dependents = (ctau3D)
RooSetProxy::!refCoefNorm = (ctau3DErr,ctau3D)
RooArgSet:: = ()
RooSetProxy::!refCoefNorm = (ctau3DErr,ctau3D)
[#0] WARNING:Eval -- RooAddPdf::updateCoefCache(pdfCTAU1 WARNING: sum of PDF coefficients not in range [0-1], value=1.00999[#0] WARNING:Eval -- 
[#0] WARNING:Eval -- RooAddPdf::updateCoefCache(pdfCTAU1 WARNING: sum of PDF coefficients not in range [0-1], value=1.00999[#0] WARNING:Eval -- 
[#0] WARNING:Eval -- RooAddPdf::updateCoefCache(pdfCTAU1 WARNING: sum of PDF coefficients not in range [0-1], value=1.00999[#0] WARNING:Eval -- 
[#0] WARNING:Eval -- RooAddPdf::updateCoefCache(pdfCTAU1 WARNING: sum of PDF coefficients not in range [0-1], value=1.00999[#0] WARNING:Eval -- 
[#0] WARNING:Eval -- RooAddPdf::updateCoefCache(pdfCTAU1 WARNING: sum of PDF coefficients not in range [0-1], value=1.00999[#0] WARNING:Eval -- 
[#0] WARNING:Eval -- RooAddPdf::updateCoefCache(pdfCTAU1 WARNING: sum of PDF coefficients not in range [0-1], value=1.00999[#0] WARNING:Eval --  (no more will be printed)[#0] WARNING:Eval -- 
RooArgSet::dependents = (ctau3D)
RooSetProxy::!refCoefNorm = (ctau3DErr,ctau3D)
RooArgSet::dependents = (ctau3D)
RooSetProxy::!refCoefNorm = (ctau3DErr,ctau3D)
RooArgSet::dependents = (ctau3D)
RooSetProxy::!refCoefNorm = (ctau3DErr,ctau3D)
RooArgSet::dependents = (ctau3D)
RooSetProxy::!refCoefNorm = (ctau3DErr,ctau3D)
RooArgSet:: = ()
RooSetProxy::!refCoefNorm = (ctau3DErr,ctau3D)
RooArgSet::dependents = (ctau3D)
RooSetProxy::!refCoefNorm = (ctau3DErr,ctau3D)
RooArgSet::dependents = (ctau3D)
RooSetProxy::!refCoefNorm = (ctau3DErr,ctau3D)
RooArgSet::dependents = (ctau3D)
RooSetProxy::!refCoefNorm = (ctau3DErr,ctau3D)
RooArgSet::dependents = (ctau3D)
RooArgSet::dependents = (ctau3D)
RooSetProxy::!refCoefNorm = (ctau3DErr,ctau3D)
RooSetProxy::!refCoefNorm = (ctau3DErr,ctau3D)
RooArgSet::dependents = (ctau3D)
RooSetProxy::!refCoefNorm = (ctau3DErr,ctau3D)
RooArgSet::dependents = (ctau3D)
RooSetProxy::!refCoefNorm = (ctau3DErr,ctau3D)
RooArgSet:: = ()
RooSetProxy::!refCoefNorm = (ctau3DErr,ctau3D)
RooArgSet::dependents = (ctau3D)
RooSetProxy::!refCoefNorm = (ctau3DErr,ctau3D)
RooArgSet::dependents = (ctau3D)
RooSetProxy::!refCoefNorm = (ctau3DErr,ctau3D)
RooArgSet::dependents = (ctau3D)
RooSetProxy::!refCoefNorm = (ctau3DErr,ctau3D)
RooArgSet::dependents = (ctau3D)
RooSetProxy::!refCoefNorm = (ctau3DErr,ctau3D)
RooArgSet:: = ()
RooSetProxy::!refCoefNorm = (ctau3DErr,ctau3D)
RooArgSet::dependents = (ctau3D)
RooSetProxy::!refCoefNorm = (ctau3DErr,ctau3D)
RooArgSet:: = ()
RooArgSet:: = ()
RooArgSet:: = ()
RooSetProxy::!refCoefNorm = (ctau3DErr,ctau3D)
RooSetProxy::!refCoefNorm = (ctau3DErr,ctau3D)
RooSetProxy::!refCoefNorm = (ctau3DErr,ctau3D)
RooArgSet:: = ()
RooSetProxy::!refCoefNorm = (ctau3DErr,ctau3D)
RooArgSet:: = ()
RooSetProxy::!refCoefNorm = (ctau3DErr,ctau3D)
[#0] ERROR:Eval -- RooAbsReal::logEvalError(pdfCTAU1) evaluation error, 
 origin       : RooAddPdf::pdfCTAU1[ fDFSS * pdfCTAUDSS + [%] * pdfCTAUDF ]
 message      : p.d.f value is less than zero (-0.000186), forcing value to zero
 server values: !refCoefNorm=(ctau3DErr = 0.0314231,ctau3D = -4), !pdfs=(pdfCTAUDSS = 3.7319e-45/1,pdfCTAUDF = 0.0186374/1), !coefficients=(fDFSS = 1.00999 +/- 0.00836444)
[#0] ERROR:Eval -- RooAbsReal::logEvalError(pdfCTAU1) evaluation error, 
 origin       : RooAddPdf::pdfCTAU1[ fDFSS * pdfCTAUDSS + [%] * pdfCTAUDF ]
 message      : p.d.f value is less than zero (-0.000186), forcing value to zero
 server values: !refCoefNorm=(ctau3DErr = 0.0215416,ctau3D = -4), !pdfs=(pdfCTAUDSS = 1.36946e-90/1,pdfCTAUDF = 0.0186328/1), !coefficients=(fDFSS = 1.00999 +/- 0.00836444)
[#0] ERROR:Eval -- RooAbsReal::logEvalError(pdfCTAU1) evaluation error, 
 origin       : RooAddPdf::pdfCTAU1[ fDFSS * pdfCTAUDSS + [%] * pdfCTAUDF ]
 message      : p.d.f value is less than zero (-0.000186), forcing value to zero
 server values: !refCoefNorm=(ctau3DErr = 0.0217887,ctau3D = -4), !pdfs=(pdfCTAUDSS = 1.17005e-88/1,pdfCTAUDF = 0.0186329/1), !coefficients=(fDFSS = 1.00999 +/- 0.00836444)
[#0] ERROR:Eval -- RooAbsReal::logEvalError(pdfCTAU1) evaluation error, 
 origin       : RooAddPdf::pdfCTAU1[ fDFSS * pdfCTAUDSS + [%] * pdfCTAUDF ]
 message      : p.d.f value is less than zero (-0.000186), forcing value to zero
 server values: !refCoefNorm=(ctau3DErr = 0.0220357,ctau3D = -4), !pdfs=(pdfCTAUDSS = 8.61603e-87/1,pdfCTAUDF = 0.018633/1), !coefficients=(fDFSS = 1.00999 +/- 0.00836444)
[#0] ERROR:Eval -- RooAbsReal::logEvalError(pdfCTAU_Bkg) evaluation error, 
 origin       : RooAddPdf::pdfCTAU_Bkg[ b_Bkg * pdfCTAU_BkgNoPR + [%] * pdfCTAU_BkgPR ]
 message      : p.d.f value is Not-a-Number (-nan), forcing value to zero
 server values: !refCoefNorm=(ctau3DErr = 0.0314231,ctau3D = -4), !pdfs=(pdfCTAU_BkgNoPR = 0/1,pdfCTAU_BkgPR = 0/1), !coefficients=(b_Bkg = 0.733576 +/- 0.048647)
[#0] ERROR:Eval -- RooAbsReal::logEvalError(pdfCTAU1) evaluation error, 
 origin       : RooAddPdf::pdfCTAU1[ fDFSS * pdfCTAUDSS + [%] * pdfCTAUDF ]
 message      : p.d.f value is less than zero (-0.000186), forcing value to zero
 server values: !refCoefNorm=(ctau3DErr = 0.0222827,ctau3D = -4), !pdfs=(pdfCTAUDSS = 5.50441e-85/1,pdfCTAUDF = 0.0186331/1), !coefficients=(fDFSS = 1.00999 +/- 0.00836444)
[#0] ERROR:Eval -- RooAbsReal::logEvalError(pdfCTAU_Bkg_Tot) evaluation error, 
 origin       : RooAddPdf::pdfCTAU_Bkg_Tot[ N_Bkg * pdfCTAU_Bkg ]
 message      : p.d.f value is Not-a-Number (-nan), forcing value to zero
 server values: !refCoefNorm=(ctau3DErr = 0.0314231,ctau3D = -4), !pdfs=(pdfCTAU_Bkg = -nan/1), !coefficients=(N_Bkg = 45.1378 +/- 0.0260238)
[#0] ERROR:Eval -- RooAbsReal::logEvalError(pdfCTAU1) evaluation error, 
 origin       : RooAddPdf::pdfCTAU1[ fDFSS * pdfCTAUDSS + [%] * pdfCTAUDF ]
 message      : p.d.f value is less than zero (-0.000186), forcing value to zero
 server values: !refCoefNorm=(ctau3DErr = 0.0225298,ctau3D = -4), !pdfs=(pdfCTAUDSS = 3.06976e-83/1,pdfCTAUDF = 0.0186332/1), !coefficients=(fDFSS = 1.00999 +/- 0.00836444)
[#0] ERROR:Eval -- RooAbsReal::logEvalError(pdfCTAU1) evaluation error, 
 origin       : RooAddPdf::pdfCTAU1[ fDFSS * pdfCTAUDSS + [%] * pdfCTAUDF ]
 message      : p.d.f value is less than zero (-0.000186), forcing value to zero
 server values: !refCoefNorm=(ctau3DErr = 0.0331524,ctau3D = -4), !pdfs=(pdfCTAUDSS = 4.67642e-41/1,pdfCTAUDF = 0.0186384/1), !coefficients=(fDFSS = 1.00999 +/- 0.00836444)
[#0] ERROR:Eval -- RooAbsReal::logEvalError(pdfCTAU_Bkg) evaluation error, 
 origin       : RooAddPdf::pdfCTAU_Bkg[ b_Bkg * pdfCTAU_BkgNoPR + [%] * pdfCTAU_BkgPR ]
 message      : p.d.f value is Not-a-Number (-nan), forcing value to zero
 server values: !refCoefNorm=(ctau3DErr = 0.0331524,ctau3D = -4), !pdfs=(pdfCTAU_BkgNoPR = 0/1,pdfCTAU_BkgPR = 0/1), !coefficients=(b_Bkg = 0.733576 +/- 0.048647)
[#0] ERROR:Eval -- RooAbsReal::logEvalError(pdfCTAU1) evaluation error, 
[#0] ERROR:Eval -- RooAbsReal::logEvalError(pdfCTAU_Bkg_Tot) evaluation error, 
 origin       : RooAddPdf::pdfCTAU1[ fDFSS * pdfCTAUDSS + [%] * pdfCTAUDF ]
 origin       : RooAddPdf::pdfCTAU_Bkg_Tot[ N_Bkg * pdfCTAU_Bkg ]
 message      : p.d.f value is less than zero (-0.000186), forcing value to zero
 message      : p.d.f value is Not-a-Number (-nan), forcing value to zero
 server values: !refCoefNorm=(ctau3DErr = 0.0227768,ctau3D = -4), !pdfs=(pdfCTAUDSS = 1.50326e-81/1,pdfCTAUDF = 0.0186333/1), !coefficients=(fDFSS = 1.00999 +/- 0.00836444)
 server values: !refCoefNorm=(ctau3DErr = 0.0331524,ctau3D = -4), !pdfs=(pdfCTAU_Bkg = -nan/1), !coefficients=(N_Bkg = 45.1378 +/- 0.0260238)
[#0] ERROR:Eval -- RooAbsReal::logEvalError(pdfCTAU1) evaluation error, 
 origin       : RooAddPdf::pdfCTAU1[ fDFSS * pdfCTAUDSS + [%] * pdfCTAUDF ]
 message      : p.d.f value is less than zero (-0.000186), forcing value to zero
 server values: !refCoefNorm=(ctau3DErr = 0.0336465,ctau3D = -4), !pdfs=(pdfCTAUDSS = 5.32794e-40/1,pdfCTAUDF = 0.0186387/1), !coefficients=(fDFSS = 1.00999 +/- 0.00836444)
[#0] ERROR:Eval -- RooAbsReal::logEvalError(pdfCTAU_Bkg) evaluation error, 
 origin       : RooAddPdf::pdfCTAU_Bkg[ b_Bkg * pdfCTAU_BkgNoPR + [%] * pdfCTAU_BkgPR ]
 message      : p.d.f value is Not-a-Number (-nan), forcing value to zero
 server values: !refCoefNorm=(ctau3DErr = 0.0336465,ctau3D = -4), !pdfs=(pdfCTAU_BkgNoPR = 0/1,pdfCTAU_BkgPR = 0/1), !coefficients=(b_Bkg = 0.733576 +/- 0.048647)
[#0] ERROR:Eval -- RooAbsReal::logEvalError(pdfCTAU1) evaluation error, 
 origin       : RooAddPdf::pdfCTAU1[ fDFSS * pdfCTAUDSS + [%] * pdfCTAUDF ]
 message      : p.d.f value is less than zero (-0.000186), forcing value to zero
 server values: !refCoefNorm=(ctau3DErr = 0.0230238,ctau3D = -4), !pdfs=(pdfCTAUDSS = 6.49994e-80/1,pdfCTAUDF = 0.0186334/1), !coefficients=(fDFSS = 1.00999 +/- 0.00836444)
[#0] ERROR:Eval -- RooAbsReal::logEvalError(pdfCTAU_Bkg_Tot) evaluation error, 
 origin       : RooAddPdf::pdfCTAU_Bkg_Tot[ N_Bkg * pdfCTAU_Bkg ]
 message      : p.d.f value is Not-a-Number (-nan), forcing value to zero
 server values: !refCoefNorm=(ctau3DErr = 0.0336465,ctau3D = -4), !pdfs=(pdfCTAU_Bkg = -nan/1), !coefficients=(N_Bkg = 45.1378 +/- 0.0260238)
[#0] ERROR:Eval -- RooAbsReal::logEvalError(pdfCTAU1) evaluation error, 
 origin       : RooAddPdf::pdfCTAU1[ fDFSS * pdfCTAUDSS + [%] * pdfCTAUDF ]
 message      : p.d.f value is less than zero (-0.000186), forcing value to zero
 server values: !refCoefNorm=(ctau3DErr = 0.0232709,ctau3D = -4), !pdfs=(pdfCTAUDSS = 2.49468e-78/1,pdfCTAUDF = 0.0186335/1), !coefficients=(fDFSS = 1.00999 +/- 0.00836444)
[#0] ERROR:Eval -- RooAbsReal::logEvalError(pdfCTAU1) evaluation error, 
 origin       : RooAddPdf::pdfCTAU1[ fDFSS * pdfCTAUDSS + [%] * pdfCTAUDF ]
 message      : p.d.f value is less than zero (-0.000186), forcing value to zero
 server values: !refCoefNorm=(ctau3DErr = 0.0235179,ctau3D = -4), !pdfs=(pdfCTAUDSS = 8.54112e-77/1,pdfCTAUDF = 0.0186336/1), !coefficients=(fDFSS = 1.00999 +/- 0.00836444)
[#0] ERROR:Eval -- RooAbsReal::logEvalError(pdfCTAU1) evaluation error, 
 origin       : RooAddPdf::pdfCTAU1[ fDFSS * pdfCTAUDSS + [%] * pdfCTAUDF ]
 message      : p.d.f value is less than zero (-0.000186), forcing value to zero
 server values: !refCoefNorm=(ctau3DErr = 0.023765,ctau3D = -4), !pdfs=(pdfCTAUDSS = 2.62095e-75/1,pdfCTAUDF = 0.0186337/1), !coefficients=(fDFSS = 1.00999 +/- 0.00836444)
[#0] ERROR:Eval -- RooAbsReal::logEvalError(pdfCTAU1) evaluation error, 
 origin       : RooAddPdf::pdfCTAU1[ fDFSS * pdfCTAUDSS + [%] * pdfCTAUDF ]
 message      : p.d.f value is less than zero (-0.000186), forcing value to zero
 server values: !refCoefNorm=(ctau3DErr = 0.024012,ctau3D = -4), !pdfs=(pdfCTAUDSS = 7.24097e-74/1,pdfCTAUDF = 0.0186338/1), !coefficients=(fDFSS = 1.00999 +/- 0.00836444)
[#0] ERROR:Eval -- RooAbsReal::logEvalError(pdfCTAU1) evaluation error, 
 origin       : RooAddPdf::pdfCTAU1[ fDFSS * pdfCTAUDSS + [%] * pdfCTAUDF ]
 message      : p.d.f value is less than zero (-0.000186), forcing value to zero
 server values: !refCoefNorm=(ctau3DErr = 0.024259,ctau3D = -4), !pdfs=(pdfCTAUDSS = 1.80873e-72/1,pdfCTAUDF = 0.0186339/1), !coefficients=(fDFSS = 1.00999 +/- 0.00836444)
[#0] ERROR:Eval -- RooAbsReal::logEvalError(pdfCTAU1) evaluation error, 
 origin       : RooAddPdf::pdfCTAU1[ fDFSS * pdfCTAUDSS + [%] * pdfCTAUDF ]
 message      : p.d.f value is less than zero (-0.000186), forcing value to zero
 server values: !refCoefNorm=(ctau3DErr = 0.0277176,ctau3D = -4), !pdfs=(pdfCTAUDSS = 1.18325e-56/1,pdfCTAUDF = 0.0186355/1), !coefficients=(fDFSS = 1.00999 +/- 0.00836444)
[#0] ERROR:Eval -- RooAbsReal::logEvalError(pdfCTAU_Bkg) evaluation error, 
 origin       : RooAddPdf::pdfCTAU_Bkg[ b_Bkg * pdfCTAU_BkgNoPR + [%] * pdfCTAU_BkgPR ]
 message      : p.d.f value is Not-a-Number (-nan), forcing value to zero
 server values: !refCoefNorm=(ctau3DErr = 0.0277176,ctau3D = -4), !pdfs=(pdfCTAU_BkgNoPR = 0/1,pdfCTAU_BkgPR = 0/1), !coefficients=(b_Bkg = 0.733576 +/- 0.048647)
[#0] ERROR:Eval -- RooAbsReal::logEvalError(pdfCTAU1) evaluation error, 
 origin       : RooAddPdf::pdfCTAU1[ fDFSS * pdfCTAUDSS + [%] * pdfCTAUDF ]
 message      : p.d.f value is less than zero (-0.000186), forcing value to zero
 server values: !refCoefNorm=(ctau3DErr = 0.0153657,ctau3D = -4), !pdfs=(pdfCTAUDSS = 2.84859e-173/1,pdfCTAUDF = 0.0186308/1), !coefficients=(fDFSS = 1.00999 +/- 0.00836444)
[#0] ERROR:Eval -- RooAbsReal::logEvalError(pdfCTAU_Bkg_Tot) evaluation error, 
 origin       : RooAddPdf::pdfCTAU_Bkg_Tot[ N_Bkg * pdfCTAU_Bkg ]
 message      : p.d.f value is Not-a-Number (-nan), forcing value to zero
 server values: !refCoefNorm=(ctau3DErr = 0.0277176,ctau3D = -4), !pdfs=(pdfCTAU_Bkg = -nan/1), !coefficients=(N_Bkg = 45.1378 +/- 0.0260238)
[#0] ERROR:Eval -- RooAbsReal::logEvalError(pdfCTAU1) evaluation error, 
 origin       : RooAddPdf::pdfCTAU1[ fDFSS * pdfCTAUDSS + [%] * pdfCTAUDF ]
 message      : p.d.f value is less than zero (-0.000186), forcing value to zero
 server values: !refCoefNorm=(ctau3DErr = 0.0156127,ctau3D = -4), !pdfs=(pdfCTAUDSS = 5.47701e-168/1,pdfCTAUDF = 0.0186309/1), !coefficients=(fDFSS = 1.00999 +/- 0.00836444)
[#0] ERROR:Eval -- RooAbsReal::logEvalError(pdfCTAU1) evaluation error, 
 origin       : RooAddPdf::pdfCTAU1[ fDFSS * pdfCTAUDSS + [%] * pdfCTAUDF ]
 message      : p.d.f value is less than zero (-0.000186), forcing value to zero
 server values: !refCoefNorm=(ctau3DErr = 0.0279646,ctau3D = -4), !pdfs=(pdfCTAUDSS = 9.64107e-56/1,pdfCTAUDF = 0.0186356/1), !coefficients=(fDFSS = 1.00999 +/- 0.00836444)
[#0] ERROR:Eval -- RooAbsReal::logEvalError(pdfCTAU_Bkg) evaluation error, 
 origin       : RooAddPdf::pdfCTAU_Bkg[ b_Bkg * pdfCTAU_BkgNoPR + [%] * pdfCTAU_BkgPR ]
 message      : p.d.f value is Not-a-Number (-nan), forcing value to zero
 server values: !refCoefNorm=(ctau3DErr = 0.0279646,ctau3D = -4), !pdfs=(pdfCTAU_BkgNoPR = 0/1,pdfCTAU_BkgPR = 0/1), !coefficients=(b_Bkg = 0.733576 +/- 0.048647)
[#0] ERROR:Eval -- RooAbsReal::logEvalError(pdfCTAU1) evaluation error, 
 origin       : RooAddPdf::pdfCTAU1[ fDFSS * pdfCTAUDSS + [%] * pdfCTAUDF ]
 message      : p.d.f value is less than zero (-0.000186), forcing value to zero
 server values: !refCoefNorm=(ctau3DErr = 0.0158597,ctau3D = -4), !pdfs=(pdfCTAUDSS = 5.99123e-163/1,pdfCTAUDF = 0.0186309/1), !coefficients=(fDFSS = 1.00999 +/- 0.00836444)
[#0] ERROR:Eval -- RooAbsReal::logEvalError(pdfCTAU_Bkg_Tot) evaluation error, 
 origin       : RooAddPdf::pdfCTAU_Bkg_Tot[ N_Bkg * pdfCTAU_Bkg ]
 message      : p.d.f value is Not-a-Number (-nan), forcing value to zero
 server values: !refCoefNorm=(ctau3DErr = 0.0279646,ctau3D = -4), !pdfs=(pdfCTAU_Bkg = -nan/1), !coefficients=(N_Bkg = 45.1378 +/- 0.0260238)
[#0] ERROR:Eval -- RooAbsReal::logEvalError(pdfCTAU1) evaluation error, 
 origin       : RooAddPdf::pdfCTAU1[ fDFSS * pdfCTAUDSS + [%] * pdfCTAUDF ]
 message      : p.d.f value is less than zero (-0.000186), forcing value to zero
 server values: !refCoefNorm=(ctau3DErr = 0.0161068,ctau3D = -4), !pdfs=(pdfCTAUDSS = 3.85888e-158/1,pdfCTAUDF = 0.018631/1), !coefficients=(fDFSS = 1.00999 +/- 0.00836444)
[#0] ERROR:Eval -- RooAbsReal::logEvalError(pdfCTAU1) evaluation error, 
 origin       : RooAddPdf::pdfCTAU1[ fDFSS * pdfCTAUDSS + [%] * pdfCTAUDF ]
 message      : p.d.f value is less than zero (-0.000186), forcing value to zero
 server values: !refCoefNorm=(ctau3DErr = 0.0289527,ctau3D = -4), !pdfs=(pdfCTAUDSS = 2.50314e-52/1,pdfCTAUDF = 0.0186361/1), !coefficients=(fDFSS = 1.00999 +/- 0.00836444)
[#0] ERROR:Eval -- RooAbsReal::logEvalError(pdfCTAU1) evaluation error, 
 origin       : RooAddPdf::pdfCTAU1[ fDFSS * pdfCTAUDSS + [%] * pdfCTAUDF ]
 message      : p.d.f value is less than zero (-0.000186), forcing value to zero
 server values: !refCoefNorm=(ctau3DErr = 0.0163538,ctau3D = -4), !pdfs=(pdfCTAUDSS = 1.51069e-153/1,pdfCTAUDF = 0.0186311/1), !coefficients=(fDFSS = 1.00999 +/- 0.00836444)
[#0] ERROR:Eval -- RooAbsReal::logEvalError(pdfCTAU1) evaluation error, 
 origin       : RooAddPdf::pdfCTAU1[ fDFSS * pdfCTAUDSS + [%] * pdfCTAUDF ]
 message      : p.d.f value is less than zero (-0.000186), forcing value to zero
 server values: !refCoefNorm=(ctau3DErr = 0.0294468,ctau3D = -4), !pdfs=(pdfCTAUDSS = 9.51575e-51/1,pdfCTAUDF = 0.0186363/1), !coefficients=(fDFSS = 1.00999 +/- 0.00836444)
[#0] ERROR:Eval -- RooAbsReal::logEvalError(pdfCTAU1) evaluation error, 
 origin       : RooAddPdf::pdfCTAU1[ fDFSS * pdfCTAUDSS + [%] * pdfCTAUDF ]
 message      : p.d.f value is less than zero (-0.000186), forcing value to zero
 server values: !refCoefNorm=(ctau3DErr = 0.0166009,ctau3D = -4), !pdfs=(pdfCTAUDSS = 3.70198e-149/1,pdfCTAUDF = 0.0186312/1), !coefficients=(fDFSS = 1.00999 +/- 0.00836444)
[#0] ERROR:Eval -- RooAbsReal::logEvalError(pdfCTAU1) evaluation error, 
 origin       : RooAddPdf::pdfCTAU1[ fDFSS * pdfCTAUDSS + [%] * pdfCTAUDF ]
 message      : p.d.f value is less than zero (-0.000186), forcing value to zero
 server values: !refCoefNorm=(ctau3DErr = 0.0296939,ctau3D = -4), !pdfs=(pdfCTAUDSS = 5.48361e-50/1,pdfCTAUDF = 0.0186365/1), !coefficients=(fDFSS = 1.00999 +/- 0.00836444)
[#0] ERROR:Eval -- RooAbsReal::logEvalError(pdfCTAU1) evaluation error, 
 origin       : RooAddPdf::pdfCTAU1[ fDFSS * pdfCTAUDSS + [%] * pdfCTAUDF ]
 message      : p.d.f value is less than zero (-0.000186), forcing value to zero
 server values: !refCoefNorm=(ctau3DErr = 0.00918973,ctau3D = -4), !pdfs=(pdfCTAUDSS = 0/1,pdfCTAUDF = 0.0186295/1), !coefficients=(fDFSS = 1.00999 +/- 0.00836444)
[#0] ERROR:Eval -- RooAbsReal::logEvalError(pdfCTAU1) evaluation error, 
 origin       : RooAddPdf::pdfCTAU1[ fDFSS * pdfCTAUDSS + [%] * pdfCTAUDF ]
 message      : p.d.f value is less than zero (-0.000186), forcing value to zero
 server values: !refCoefNorm=(ctau3DErr = 0.0168479,ctau3D = -4), !pdfs=(pdfCTAUDSS = 5.83559e-145/1,pdfCTAUDF = 0.0186312/1), !coefficients=(fDFSS = 1.00999 +/- 0.00836444)
[#0] ERROR:Eval -- RooAbsReal::logEvalError(pdfCTAU1) evaluation error, 
 origin       : RooAddPdf::pdfCTAU1[ fDFSS * pdfCTAUDSS + [%] * pdfCTAUDF ]
 message      : p.d.f value is less than zero (-0.000186), forcing value to zero
 server values: !refCoefNorm=(ctau3DErr = 0.0299409,ctau3D = -4), !pdfs=(pdfCTAUDSS = 3.02674e-49/1,pdfCTAUDF = 0.0186366/1), !coefficients=(fDFSS = 1.00999 +/- 0.00836444)
[#0] ERROR:Eval -- RooAbsReal::logEvalError(pdfCTAU1) evaluation error, 
 origin       : RooAddPdf::pdfCTAU1[ fDFSS * pdfCTAUDSS + [%] * pdfCTAUDF ]
 message      : p.d.f value is less than zero (-0.000186), forcing value to zero
 server values: !refCoefNorm=(ctau3DErr = 0.00943677,ctau3D = -4), !pdfs=(pdfCTAUDSS = 0/1,pdfCTAUDF = 0.0186295/1), !coefficients=(fDFSS = 1.00999 +/- 0.00836444)
[#0] ERROR:Eval -- RooAbsReal::logEvalError(pdfCTAU1) evaluation error, 
 origin       : RooAddPdf::pdfCTAU1[ fDFSS * pdfCTAUDSS + [%] * pdfCTAUDF ]
 message      : p.d.f value is less than zero (-0.000186), forcing value to zero
 server values: !refCoefNorm=(ctau3DErr = 0.0170949,ctau3D = -4), !pdfs=(pdfCTAUDSS = 6.0691e-141/1,pdfCTAUDF = 0.0186313/1), !coefficients=(fDFSS = 1.00999 +/- 0.00836444)
[#0] ERROR:Eval -- RooAbsReal::logEvalError(pdfCTAU1) evaluation error, 
 origin       : RooAddPdf::pdfCTAU1[ fDFSS * pdfCTAUDSS + [%] * pdfCTAUDF ]
 message      : p.d.f value is less than zero (-0.000186), forcing value to zero
 server values: !refCoefNorm=(ctau3DErr = 0.030435,ctau3D = -4), !pdfs=(pdfCTAUDSS = 8.14831e-48/1,pdfCTAUDF = 0.0186369/1), !coefficients=(fDFSS = 1.00999 +/- 0.00836444)
[#0] ERROR:Eval -- RooAbsReal::logEvalError(pdfCTAU1) evaluation error, 
 origin       : RooAddPdf::pdfCTAU1[ fDFSS * pdfCTAUDSS + [%] * pdfCTAUDF ]
 message      : p.d.f value is less than zero (-0.000186), forcing value to zero
 server values: !refCoefNorm=(ctau3DErr = 0.00968381,ctau3D = -4), !pdfs=(pdfCTAUDSS = 0/1,pdfCTAUDF = 0.0186296/1), !coefficients=(fDFSS = 1.00999 +/- 0.00836444)
[#0] ERROR:Eval -- RooAbsReal::logEvalError(pdfCTAU1) evaluation error, 
 origin       : RooAddPdf::pdfCTAU1[ fDFSS * pdfCTAUDSS + [%] * pdfCTAUDF ]
 message      : p.d.f value is less than zero (-0.000186), forcing value to zero
 server values: !refCoefNorm=(ctau3DErr = 0.017342,ctau3D = -4), !pdfs=(pdfCTAUDSS = 4.26356e-137/1,pdfCTAUDF = 0.0186314/1), !coefficients=(fDFSS = 1.00999 +/- 0.00836444)
[#0] ERROR:Eval -- RooAbsReal::logEvalError(pdfCTAU1) evaluation error, 
 origin       : RooAddPdf::pdfCTAU1[ fDFSS * pdfCTAUDSS + [%] * pdfCTAUDF ]
 message      : p.d.f value is less than zero (-0.000186), forcing value to zero
 server values: !refCoefNorm=(ctau3DErr = 0.00993085,ctau3D = -4), !pdfs=(pdfCTAUDSS = 0/1,pdfCTAUDF = 0.0186296/1), !coefficients=(fDFSS = 1.00999 +/- 0.00836444)
[#0] ERROR:Eval -- RooAbsReal::logEvalError(pdfCTAU1) evaluation error, 
 origin       : RooAddPdf::pdfCTAU1[ fDFSS * pdfCTAUDSS + [%] * pdfCTAUDF ]
 message      : p.d.f value is less than zero (-0.000186), forcing value to zero
 server values: !refCoefNorm=(ctau3DErr = 0.017589,ctau3D = -4), !pdfs=(pdfCTAUDSS = 2.06793e-133/1,pdfCTAUDF = 0.0186314/1), !coefficients=(fDFSS = 1.00999 +/- 0.00836444)
[#0] ERROR:Eval -- RooAbsReal::logEvalError(pdfCTAU1) evaluation error, 
 origin       : RooAddPdf::pdfCTAU1[ fDFSS * pdfCTAUDSS + [%] * pdfCTAUDF ]
 message      : p.d.f value is less than zero (-0.000186), forcing value to zero
 server values: !refCoefNorm=(ctau3DErr = 0.0101779,ctau3D = -4), !pdfs=(pdfCTAUDSS = 0/1,pdfCTAUDF = 0.0186296/1), !coefficients=(fDFSS = 1.00999 +/- 0.00836444)
[#0] ERROR:Eval -- RooAbsReal::logEvalError(pdfCTAU1) evaluation error, 
 origin       : RooAddPdf::pdfCTAU1[ fDFSS * pdfCTAUDSS + [%] * pdfCTAUDF ]
 message      : p.d.f value is less than zero (-0.000186), forcing value to zero
 server values: !refCoefNorm=(ctau3DErr = 0.0178361,ctau3D = -4), !pdfs=(pdfCTAUDSS = 7.06752e-130/1,pdfCTAUDF = 0.0186315/1), !coefficients=(fDFSS = 1.00999 +/- 0.00836444)
[#0] ERROR:Eval -- RooAbsReal::logEvalError(pdfCTAU1) evaluation error, 
 origin       : RooAddPdf::pdfCTAU1[ fDFSS * pdfCTAUDSS + [%] * pdfCTAUDF ]
 message      : p.d.f value is less than zero (-0.000186), forcing value to zero
 server values: !refCoefNorm=(ctau3DErr = 0.0104249,ctau3D = -4), !pdfs=(pdfCTAUDSS = 0/1,pdfCTAUDF = 0.0186297/1), !coefficients=(fDFSS = 1.00999 +/- 0.00836444)
[#0] ERROR:Eval -- RooAbsReal::logEvalError(pdfCTAU1) evaluation error, 
 origin       : RooAddPdf::pdfCTAU1[ fDFSS * pdfCTAUDSS + [%] * pdfCTAUDF ]
 message      : p.d.f value is less than zero (-0.000186), forcing value to zero
 server values: !refCoefNorm=(ctau3DErr = 0.0180831,ctau3D = -4), !pdfs=(pdfCTAUDSS = 1.73467e-126/1,pdfCTAUDF = 0.0186316/1), !coefficients=(fDFSS = 1.00999 +/- 0.00836444)
[#0] ERROR:Eval -- RooAbsReal::logEvalError(pdfCTAU1) evaluation error, 
 origin       : RooAddPdf::pdfCTAU1[ fDFSS * pdfCTAUDSS + [%] * pdfCTAUDF ]
 message      : p.d.f value is less than zero (-0.000186), forcing value to zero
 server values: !refCoefNorm=(ctau3DErr = 0.010672,ctau3D = -4), !pdfs=(pdfCTAUDSS = 0/1,pdfCTAUDF = 0.0186297/1), !coefficients=(fDFSS = 1.00999 +/- 0.00836444)
[#0] ERROR:Eval -- RooAbsReal::logEvalError(pdfCTAU1) evaluation error, 
 origin       : RooAddPdf::pdfCTAU1[ fDFSS * pdfCTAUDSS + [%] * pdfCTAUDF ]
 message      : p.d.f value is less than zero (-0.000186), forcing value to zero
 server values: !refCoefNorm=(ctau3DErr = 0.0245061,ctau3D = -4), !pdfs=(pdfCTAUDSS = 4.10155e-71/1,pdfCTAUDF = 0.018634/1), !coefficients=(fDFSS = 1.00999 +/- 0.00836444)
[#0] ERROR:Eval -- RooAbsReal::logEvalError(pdfCTAU1) evaluation error, 
 origin       : RooAddPdf::pdfCTAU1[ fDFSS * pdfCTAUDSS + [%] * pdfCTAUDF ]
 message      : p.d.f value is less than zero (-0.000186), forcing value to zero
 server values: !refCoefNorm=(ctau3DErr = 0.010919,ctau3D = -4), !pdfs=(pdfCTAUDSS = 0/1,pdfCTAUDF = 0.0186298/1), !coefficients=(fDFSS = 1.00999 +/- 0.00836444)
[#0] ERROR:Eval -- RooAbsReal::logEvalError(pdfCTAU1) evaluation error, 
 origin       : RooAddPdf::pdfCTAU1[ fDFSS * pdfCTAUDSS + [%] * pdfCTAUDF ]
 message      : p.d.f value is less than zero (-0.000186), forcing value to zero
 server values: !refCoefNorm=(ctau3DErr = 0.0247531,ctau3D = -4), !pdfs=(pdfCTAUDSS = 8.47589e-70/1,pdfCTAUDF = 0.0186341/1), !coefficients=(fDFSS = 1.00999 +/- 0.00836444)
[#0] ERROR:Eval -- RooAbsReal::logEvalError(pdfCTAU1) evaluation error, 
 origin       : RooAddPdf::pdfCTAU1[ fDFSS * pdfCTAUDSS + [%] * pdfCTAUDF ]
 message      : p.d.f value is less than zero (-0.000186), forcing value to zero
 server values: !refCoefNorm=(ctau3DErr = 0.011166,ctau3D = -4), !pdfs=(pdfCTAUDSS = 0/1,pdfCTAUDF = 0.0186298/1), !coefficients=(fDFSS = 1.00999 +/- 0.00836444)
[#0] ERROR:Eval -- RooAbsReal::logEvalError(pdfCTAU1) evaluation error, 
 origin       : RooAddPdf::pdfCTAU1[ fDFSS * pdfCTAUDSS + [%] * pdfCTAUDF ]
 message      : p.d.f value is less than zero (-0.000186), forcing value to zero
 server values: !refCoefNorm=(ctau3DErr = 0.0250001,ctau3D = -4), !pdfs=(pdfCTAUDSS = 1.60204e-68/1,pdfCTAUDF = 0.0186342/1), !coefficients=(fDFSS = 1.00999 +/- 0.00836444)
[#0] ERROR:Eval -- RooAbsReal::logEvalError(pdfCTAU1) evaluation error, 
 origin       : RooAddPdf::pdfCTAU1[ fDFSS * pdfCTAUDSS + [%] * pdfCTAUDF ]
 message      : p.d.f value is less than zero (-0.000186), forcing value to zero
 server values: !refCoefNorm=(ctau3DErr = 0.0114131,ctau3D = -4), !pdfs=(pdfCTAUDSS = 5.01087e-310/1,pdfCTAUDF = 0.0186299/1), !coefficients=(fDFSS = 1.00999 +/- 0.00836444)
[#0] ERROR:Eval -- RooAbsReal::logEvalError(pdfCTAU1) evaluation error, 
 origin       : RooAddPdf::pdfCTAU1[ fDFSS * pdfCTAUDSS + [%] * pdfCTAUDF ]
 message      : p.d.f value is less than zero (-0.000186), forcing value to zero
 server values: !refCoefNorm=(ctau3DErr = 0.0254942,ctau3D = -4), !pdfs=(pdfCTAUDSS = 4.43983e-66/1,pdfCTAUDF = 0.0186344/1), !coefficients=(fDFSS = 1.00999 +/- 0.00836444)
[#0] ERROR:Eval -- RooAbsReal::logEvalError(pdfCTAU1) evaluation error, 
 origin       : RooAddPdf::pdfCTAU1[ fDFSS * pdfCTAUDSS + [%] * pdfCTAUDF ]
 message      : p.d.f value is less than zero (-0.000186), forcing value to zero
 server values: !refCoefNorm=(ctau3DErr = 0.0116601,ctau3D = -4), !pdfs=(pdfCTAUDSS = 3.08261e-297/1,pdfCTAUDF = 0.0186299/1), !coefficients=(fDFSS = 1.00999 +/- 0.00836444)
[#0] ERROR:Eval -- RooAbsReal::logEvalError(pdfCTAU1) evaluation error, 
 origin       : RooAddPdf::pdfCTAU1[ fDFSS * pdfCTAUDSS + [%] * pdfCTAUDF ]
 message      : p.d.f value is less than zero (-0.000186), forcing value to zero
 server values: !refCoefNorm=(ctau3DErr = 0.0259883,ctau3D = -4), !pdfs=(pdfCTAUDSS = 8.95878e-64/1,pdfCTAUDF = 0.0186347/1), !coefficients=(fDFSS = 1.00999 +/- 0.00836444)
[#0] ERROR:Eval -- RooAbsReal::logEvalError(pdfCTAU1) evaluation error, 
 origin       : RooAddPdf::pdfCTAU1[ fDFSS * pdfCTAUDSS + [%] * pdfCTAUDF ]
 message      : p.d.f value is less than zero (-0.000186), forcing value to zero
 server values: !refCoefNorm=(ctau3DErr = 0.0119071,ctau3D = -4), !pdfs=(pdfCTAUDSS = 3.09159e-285/1,pdfCTAUDF = 0.01863/1), !coefficients=(fDFSS = 1.00999 +/- 0.00836444)
[#0] ERROR:Eval -- RooAbsReal::logEvalError(pdfCTAU1) evaluation error, 
 origin       : RooAddPdf::pdfCTAU1[ fDFSS * pdfCTAUDSS + [%] * pdfCTAUDF ]
 message      : p.d.f value is less than zero (-0.000186), forcing value to zero
 server values: !refCoefNorm=(ctau3DErr = 0.0262353,ctau3D = -4), !pdfs=(pdfCTAUDSS = 1.13823e-62/1,pdfCTAUDF = 0.0186348/1), !coefficients=(fDFSS = 1.00999 +/- 0.00836444)
[#0] ERROR:Eval -- RooAbsReal::logEvalError(pdfCTAU1) evaluation error, 
 origin       : RooAddPdf::pdfCTAU1[ fDFSS * pdfCTAUDSS + [%] * pdfCTAUDF ]
 message      : p.d.f value is less than zero (-0.000186), forcing value to zero
 server values: !refCoefNorm=(ctau3DErr = 0.0267294,ctau3D = -4), !pdfs=(pdfCTAUDSS = 1.49007e-60/1,pdfCTAUDF = 0.018635/1), !coefficients=(fDFSS = 1.00999 +/- 0.00836444)
[#0] ERROR:Eval -- RooAbsReal::logEvalError(pdfCTAU1) evaluation error, 
 origin       : RooAddPdf::pdfCTAU1[ fDFSS * pdfCTAUDSS + [%] * pdfCTAUDF ]
 message      : p.d.f value is less than zero (-0.000186), forcing value to zero
 server values: !refCoefNorm=(ctau3DErr = 0.0269764,ctau3D = -4), !pdfs=(pdfCTAUDSS = 1.54314e-59/1,pdfCTAUDF = 0.0186351/1), !coefficients=(fDFSS = 1.00999 +/- 0.00836444)
[#0] ERROR:Eval -- RooAbsReal::logEvalError(pdfCTAU1) evaluation error, 
 origin       : RooAddPdf::pdfCTAU1[ fDFSS * pdfCTAUDSS + [%] * pdfCTAUDF ]
 message      : p.d.f value is less than zero (-0.000186), forcing value to zero
 server values: !refCoefNorm=(ctau3DErr = 0.0121542,ctau3D = -4), !pdfs=(pdfCTAUDSS = 5.84924e-274/1,pdfCTAUDF = 0.01863/1), !coefficients=(fDFSS = 1.00999 +/- 0.00836444)
[#0] ERROR:Eval -- RooAbsReal::logEvalError(pdfCTAU1) evaluation error, 
 origin       : RooAddPdf::pdfCTAU1[ fDFSS * pdfCTAUDSS + [%] * pdfCTAUDF ]
 message      : p.d.f value is less than zero (-0.000186), forcing value to zero
 server values: !refCoefNorm=(ctau3DErr = 0.0124012,ctau3D = -4), !pdfs=(pdfCTAUDSS = 2.38131e-263/1,pdfCTAUDF = 0.0186301/1), !coefficients=(fDFSS = 1.00999 +/- 0.00836444)
[#0] ERROR:Eval -- RooAbsReal::logEvalError(pdfCTAU1) evaluation error, 
 origin       : RooAddPdf::pdfCTAU1[ fDFSS * pdfCTAUDSS + [%] * pdfCTAUDF ]
 message      : p.d.f value is less than zero (-0.000186), forcing value to zero
 server values: !refCoefNorm=(ctau3DErr = 0.0126483,ctau3D = -4), !pdfs=(pdfCTAUDSS = 2.34937e-253/1,pdfCTAUDF = 0.0186301/1), !coefficients=(fDFSS = 1.00999 +/- 0.00836444)
[#0] ERROR:Eval -- RooAbsReal::logEvalError(pdfCTAU1) evaluation error, 
 origin       : RooAddPdf::pdfCTAU1[ fDFSS * pdfCTAUDSS + [%] * pdfCTAUDF ]
 message      : p.d.f value is less than zero (-0.000186), forcing value to zero
 server values: !refCoefNorm=(ctau3DErr = 0.0128953,ctau3D = -4), !pdfs=(pdfCTAUDSS = 6.25499e-244/1,pdfCTAUDF = 0.0186302/1), !coefficients=(fDFSS = 1.00999 +/- 0.00836444)
[#0] ERROR:Eval -- RooAbsReal::logEvalError(pdfCTAU1) evaluation error, 
 origin       : RooAddPdf::pdfCTAU1[ fDFSS * pdfCTAUDSS + [%] * pdfCTAUDF ]
 message      : p.d.f value is less than zero (-0.000186), forcing value to zero
 server values: !refCoefNorm=(ctau3DErr = 0.0131423,ctau3D = -4), !pdfs=(pdfCTAUDSS = 4.95469e-235/1,pdfCTAUDF = 0.0186303/1), !coefficients=(fDFSS = 1.00999 +/- 0.00836444)
[#0] ERROR:Eval -- RooAbsReal::logEvalError(pdfCTAU1) evaluation error, 
 origin       : RooAddPdf::pdfCTAU1[ fDFSS * pdfCTAUDSS + [%] * pdfCTAUDF ]
 message      : p.d.f value is less than zero (-0.000186), forcing value to zero
 server values: !refCoefNorm=(ctau3DErr = 0.0133894,ctau3D = -4), !pdfs=(pdfCTAUDSS = 1.27591e-226/1,pdfCTAUDF = 0.0186303/1), !coefficients=(fDFSS = 1.00999 +/- 0.00836444)
[#0] ERROR:Eval -- RooAbsReal::logEvalError(pdfCTAU1) evaluation error, 
 origin       : RooAddPdf::pdfCTAU1[ fDFSS * pdfCTAUDSS + [%] * pdfCTAUDF ]
 message      : p.d.f value is less than zero (-0.000186), forcing value to zero
 server values: !refCoefNorm=(ctau3DErr = 0.0136364,ctau3D = -4), !pdfs=(pdfCTAUDSS = 1.15793e-218/1,pdfCTAUDF = 0.0186304/1), !coefficients=(fDFSS = 1.00999 +/- 0.00836444)
[#0] ERROR:Eval -- RooAbsReal::logEvalError(pdfCTAU1) evaluation error, 
 origin       : RooAddPdf::pdfCTAU1[ fDFSS * pdfCTAUDSS + [%] * pdfCTAUDF ]
 message      : p.d.f value is less than zero (-0.000186), forcing value to zero
 server values: !refCoefNorm=(ctau3DErr = 0.0138834,ctau3D = -4), !pdfs=(pdfCTAUDSS = 3.98616e-211/1,pdfCTAUDF = 0.0186304/1), !coefficients=(fDFSS = 1.00999 +/- 0.00836444)
[#0] ERROR:Eval -- RooAbsReal::logEvalError(pdfCTAU1) evaluation error, 
 origin       : RooAddPdf::pdfCTAU1[ fDFSS * pdfCTAUDSS + [%] * pdfCTAUDF ]
 message      : p.d.f value is less than zero (-0.000186), forcing value to zero
 server values: !refCoefNorm=(ctau3DErr = 0.0141305,ctau3D = -4), !pdfs=(pdfCTAUDSS = 5.56705e-204/1,pdfCTAUDF = 0.0186305/1), !coefficients=(fDFSS = 1.00999 +/- 0.00836444)
[#0] ERROR:Eval -- RooAbsReal::logEvalError(pdfCTAU1) evaluation error, 
 origin       : RooAddPdf::pdfCTAU1[ fDFSS * pdfCTAUDSS + [%] * pdfCTAUDF ]
 message      : p.d.f value is less than zero (-0.000186), forcing value to zero
 server values: !refCoefNorm=(ctau3DErr = 0.0143775,ctau3D = -4), !pdfs=(pdfCTAUDSS = 3.35423e-197/1,pdfCTAUDF = 0.0186305/1), !coefficients=(fDFSS = 1.00999 +/- 0.00836444)
[#0] ERROR:Eval -- RooAbsReal::logEvalError(pdfCTAU1) evaluation error, 
 origin       : RooAddPdf::pdfCTAU1[ fDFSS * pdfCTAUDSS + [%] * pdfCTAUDF ]
 message      : p.d.f value is less than zero (-0.000186), forcing value to zero
 server values: !refCoefNorm=(ctau3DErr = 0.0146246,ctau3D = -4), !pdfs=(pdfCTAUDSS = 9.22402e-191/1,pdfCTAUDF = 0.0186306/1), !coefficients=(fDFSS = 1.00999 +/- 0.00836444)
[#0] ERROR:Eval -- RooAbsReal::logEvalError(pdfCTAU1) evaluation error, 
 origin       : RooAddPdf::pdfCTAU1[ fDFSS * pdfCTAUDSS + [%] * pdfCTAUDF ]
 message      : p.d.f value is less than zero (-0.000186), forcing value to zero
 server values: !refCoefNorm=(ctau3DErr = 0.0148716,ctau3D = -4), !pdfs=(pdfCTAUDSS = 1.21915e-184/1,pdfCTAUDF = 0.0186307/1), !coefficients=(fDFSS = 1.00999 +/- 0.00836444)
[#0] ERROR:Eval -- RooAbsReal::logEvalError(pdfCTAU1) evaluation error, 
 origin       : RooAddPdf::pdfCTAU1[ fDFSS * pdfCTAUDSS + [%] * pdfCTAUDF ]
 message      : p.d.f value is less than zero (-0.000186), forcing value to zero
 server values: !refCoefNorm=(ctau3DErr = 0.0151186,ctau3D = -4), !pdfs=(pdfCTAUDSS = 8.12142e-179/1,pdfCTAUDF = 0.0186307/1), !coefficients=(fDFSS = 1.00999 +/- 0.00836444)
[#0] ERROR:Eval -- RooAbsReal::logEvalError(pdfCTAU1) evaluation error, 
 origin       : RooAddPdf::pdfCTAU1[ fDFSS * pdfCTAUDSS + [%] * pdfCTAUDF ]
 message      : p.d.f value is less than zero (-0.000186), forcing value to zero
 server values: !refCoefNorm=(ctau3DErr = 0.0183301,ctau3D = -4), !pdfs=(pdfCTAUDSS = 3.11235e-123/1,pdfCTAUDF = 0.0186317/1), !coefficients=(fDFSS = 1.00999 +/- 0.00836444)
[#0] ERROR:Eval -- RooAbsReal::logEvalError(pdfCTAU1) evaluation error, 
 origin       : RooAddPdf::pdfCTAU1[ fDFSS * pdfCTAUDSS + [%] * pdfCTAUDF ]
 message      : p.d.f value is less than zero (-0.000186), forcing value to zero
 server values: !refCoefNorm=(ctau3DErr = 0.0185772,ctau3D = -4), !pdfs=(pdfCTAUDSS = 4.1502e-120/1,pdfCTAUDF = 0.0186318/1), !coefficients=(fDFSS = 1.00999 +/- 0.00836444)
[#0] ERROR:Eval -- RooAbsReal::logEvalError(pdfCTAU1) evaluation error, 
 origin       : RooAddPdf::pdfCTAU1[ fDFSS * pdfCTAUDSS + [%] * pdfCTAUDF ]
 message      : p.d.f value is less than zero (-0.000186), forcing value to zero
 server values: !refCoefNorm=(ctau3DErr = 0.0188242,ctau3D = -4), !pdfs=(pdfCTAUDSS = 4.17717e-117/1,pdfCTAUDF = 0.0186318/1), !coefficients=(fDFSS = 1.00999 +/- 0.00836444)
[#0] ERROR:Eval -- RooAbsReal::logEvalError(pdfCTAU1) evaluation error, 
 origin       : RooAddPdf::pdfCTAU1[ fDFSS * pdfCTAUDSS + [%] * pdfCTAUDF ]
 message      : p.d.f value is less than zero (-0.000186), forcing value to zero
 server values: !refCoefNorm=(ctau3DErr = 0.0190712,ctau3D = -4), !pdfs=(pdfCTAUDSS = 3.21972e-114/1,pdfCTAUDF = 0.0186319/1), !coefficients=(fDFSS = 1.00999 +/- 0.00836444)
[#0] ERROR:Eval -- RooAbsReal::logEvalError(pdfCTAU1) evaluation error, 
 origin       : RooAddPdf::pdfCTAU1[ fDFSS * pdfCTAUDSS + [%] * pdfCTAUDF ]
 message      : p.d.f value is less than zero (-0.000186), forcing value to zero
 server values: !refCoefNorm=(ctau3DErr = 0.0193183,ctau3D = -4), !pdfs=(pdfCTAUDSS = 1.92649e-111/1,pdfCTAUDF = 0.018632/1), !coefficients=(fDFSS = 1.00999 +/- 0.00836444)
[#0] ERROR:Eval -- RooAbsReal::logEvalError(pdfCTAU1) evaluation error, 
 origin       : RooAddPdf::pdfCTAU1[ fDFSS * pdfCTAUDSS + [%] * pdfCTAUDF ]
 message      : p.d.f value is less than zero (-0.000186), forcing value to zero
 server values: !refCoefNorm=(ctau3DErr = 0.0195653,ctau3D = -4), !pdfs=(pdfCTAUDSS = 9.06252e-109/1,pdfCTAUDF = 0.0186321/1), !coefficients=(fDFSS = 1.00999 +/- 0.00836444)
[#0] ERROR:Eval -- RooAbsReal::logEvalError(pdfCTAU1) evaluation error, 
 origin       : RooAddPdf::pdfCTAU1[ fDFSS * pdfCTAUDSS + [%] * pdfCTAUDF ]
 message      : p.d.f value is less than zero (-0.000186), forcing value to zero
 server values: !refCoefNorm=(ctau3DErr = 0.0198124,ctau3D = -4), !pdfs=(pdfCTAUDSS = 3.39189e-106/1,pdfCTAUDF = 0.0186322/1), !coefficients=(fDFSS = 1.00999 +/- 0.00836444)
[#0] ERROR:Eval -- RooAbsReal::logEvalError(pdfCTAU1) evaluation error, 
 origin       : RooAddPdf::pdfCTAU1[ fDFSS * pdfCTAUDSS + [%] * pdfCTAUDF ]
 message      : p.d.f value is less than zero (-0.000186), forcing value to zero
 server values: !refCoefNorm=(ctau3DErr = 0.0200594,ctau3D = -4), !pdfs=(pdfCTAUDSS = 1.02143e-103/1,pdfCTAUDF = 0.0186323/1), !coefficients=(fDFSS = 1.00999 +/- 0.00836444)
[#0] ERROR:Eval -- RooAbsReal::logEvalError(pdfCTAU1) evaluation error, 
 origin       : RooAddPdf::pdfCTAU1[ fDFSS * pdfCTAUDSS + [%] * pdfCTAUDF ]
 message      : p.d.f value is less than zero (-0.000186), forcing value to zero
 server values: !refCoefNorm=(ctau3DErr = 0.0203064,ctau3D = -4), !pdfs=(pdfCTAUDSS = 2.501e-101/1,pdfCTAUDF = 0.0186323/1), !coefficients=(fDFSS = 1.00999 +/- 0.00836444)
[#0] ERROR:Eval -- RooAbsReal::logEvalError(pdfCTAU1) evaluation error, 
 origin       : RooAddPdf::pdfCTAU1[ fDFSS * pdfCTAUDSS + [%] * pdfCTAUDF ]
 message      : p.d.f value is less than zero (-0.000186), forcing value to zero
 server values: !refCoefNorm=(ctau3DErr = 0.0205535,ctau3D = -4), !pdfs=(pdfCTAUDSS = 5.02869e-99/1,pdfCTAUDF = 0.0186324/1), !coefficients=(fDFSS = 1.00999 +/- 0.00836444)
[#0] ERROR:Eval -- RooAbsReal::logEvalError(pdfCTAU1) evaluation error, 
 origin       : RooAddPdf::pdfCTAU1[ fDFSS * pdfCTAUDSS + [%] * pdfCTAUDF ]
 message      : p.d.f value is less than zero (-0.000186), forcing value to zero
 server values: !refCoefNorm=(ctau3DErr = 0.0208005,ctau3D = -4), !pdfs=(pdfCTAUDSS = 8.38055e-97/1,pdfCTAUDF = 0.0186325/1), !coefficients=(fDFSS = 1.00999 +/- 0.00836444)
[#0] ERROR:Eval -- RooAbsReal::logEvalError(pdfCTAU1) evaluation error, 
 origin       : RooAddPdf::pdfCTAU1[ fDFSS * pdfCTAUDSS + [%] * pdfCTAUDF ]
 message      : p.d.f value is less than zero (-0.000186), forcing value to zero
 server values: !refCoefNorm=(ctau3DErr = 0.0210475,ctau3D = -4), !pdfs=(pdfCTAUDSS = 1.16781e-94/1,pdfCTAUDF = 0.0186326/1), !coefficients=(fDFSS = 1.00999 +/- 0.00836444)
[#0] ERROR:Eval -- RooAbsReal::logEvalError(pdfCTAU1) evaluation error, 
 origin       : RooAddPdf::pdfCTAU1[ fDFSS * pdfCTAUDSS + [%] * pdfCTAUDF ]
 message      : p.d.f value is less than zero (-0.000186), forcing value to zero
 server values: !refCoefNorm=(ctau3DErr = 0.0212946,ctau3D = -4), !pdfs=(pdfCTAUDSS = 1.37194e-92/1,pdfCTAUDF = 0.0186327/1), !coefficients=(fDFSS = 1.00999 +/- 0.00836444)
[#0] WARNING:Eval -- RooAddPdf::updateCoefCache(pdfCTAU1 WARNING: sum of PDF coefficients not in range [0-1], value=1.00999[#0] WARNING:Eval -- 
[#0] WARNING:Eval -- RooAddPdf::updateCoefCache(pdfCTAU1 WARNING: sum of PDF coefficients not in range [0-1], value=1.00999[#0] WARNING:Eval -- 
[#0] WARNING:Eval -- RooAddPdf::updateCoefCache(pdfCTAU1 WARNING: sum of PDF coefficients not in range [0-1], value=1.00999[#0] WARNING:Eval -- 
[#0] WARNING:Eval -- RooAddPdf::updateCoefCache(pdfCTAU1 WARNING: sum of PDF coefficients not in range [0-1], value=1.00999[#0] WARNING:Eval -- 
[#0] WARNING:Eval -- RooAddPdf::updateCoefCache(pdfCTAU1 WARNING: sum of PDF coefficients not in range [0-1], value=1.00999[#0] WARNING:Eval -- 
[#0] WARNING:Eval -- RooAddPdf::updateCoefCache(pdfCTAU1 WARNING: sum of PDF coefficients not in range [0-1], value=1.00999[#0] WARNING:Eval -- 
[#0] WARNING:Eval -- RooAddPdf::updateCoefCache(pdfCTAU1 WARNING: sum of PDF coefficients not in range [0-1], value=1.00999[#0] WARNING:Eval -- 
RooArgSet::dependents = (ctau3D)
RooSetProxy::!refCoefNorm = (ctau3DErr,ctau3D)
RooArgSet::dependents = (ctau3D)
RooSetProxy::!refCoefNorm = (ctau3DErr,ctau3D)
RooArgSet:: = ()
RooSetProxy::!refCoefNorm = (ctau3DErr,ctau3D)
[#0] WARNING:Eval -- RooAddPdf::updateCoefCache(pdfCTAU1 WARNING: sum of PDF coefficients not in range [0-1], value=1.00999[#0] WARNING:Eval -- 
[#0] WARNING:Eval -- RooAddPdf::updateCoefCache(pdfCTAU1 WARNING: sum of PDF coefficients not in range [0-1], value=1.00999[#0] WARNING:Eval -- 
[#0] WARNING:Eval -- RooAddPdf::updateCoefCache(pdfCTAU1 WARNING: sum of PDF coefficients not in range [0-1], value=1.00999[#0] WARNING:Eval -- 
[#0] WARNING:Eval -- RooAddPdf::updateCoefCache(pdfCTAU1 WARNING: sum of PDF coefficients not in range [0-1], value=1.00999[#0] WARNING:Eval -- 
[#0] WARNING:Eval -- RooAddPdf::updateCoefCache(pdfCTAU1 WARNING: sum of PDF coefficients not in range [0-1], value=1.00999[#0] WARNING:Eval -- 
[#0] WARNING:Eval -- RooAddPdf::updateCoefCache(pdfCTAU1 WARNING: sum of PDF coefficients not in range [0-1], value=1.00999[#0] WARNING:Eval --  (no more will be printed)[#0] WARNING:Eval -- 
RooArgSet::dependents = (ctau3D)
RooArgSet::dependents = (ctau3D)
RooSetProxy::!refCoefNorm = (ctau3DErr,ctau3D)
RooSetProxy::!refCoefNorm = (ctau3DErr,ctau3D)
RooArgSet::dependents = (ctau3D)
RooSetProxy::!refCoefNorm = (ctau3DErr,ctau3D)
RooArgSet::dependents = (ctau3D)
RooArgSet::dependents = (ctau3D)
RooArgSet::dependents = (ctau3D)
RooSetProxy::!refCoefNorm = (ctau3DErr,ctau3D)
RooSetProxy::!refCoefNorm = (ctau3DErr,ctau3D)
RooSetProxy::!refCoefNorm = (ctau3DErr,ctau3D)
RooArgSet::dependents = (ctau3D)
RooSetProxy::!refCoefNorm = (ctau3DErr,ctau3D)
RooArgSet::dependents = (ctau3D)
RooSetProxy::!refCoefNorm = (ctau3DErr,ctau3D)
RooArgSet::dependents = (ctau3D)
RooSetProxy::!refCoefNorm = (ctau3DErr,ctau3D)
RooArgSet:: = ()
RooSetProxy::!refCoefNorm = (ctau3DErr,ctau3D)
RooArgSet:: = ()
RooSetProxy::!refCoefNorm = (ctau3DErr,ctau3D)
RooArgSet::dependents = (ctau3D)
RooArgSet::dependents = (ctau3D)
RooArgSet:: = ()
RooSetProxy::!refCoefNorm = (ctau3DErr,ctau3D)
RooSetProxy::!refCoefNorm = (ctau3DErr,ctau3D)
RooSetProxy::!refCoefNorm = (ctau3DErr,ctau3D)
RooArgSet::dependents = (ctau3D)
RooSetProxy::!refCoefNorm = (ctau3DErr,ctau3D)
RooArgSet::dependents = (ctau3D)
RooSetProxy::!refCoefNorm = (ctau3DErr,ctau3D)
RooArgSet::dependents = (ctau3D)
RooSetProxy::!refCoefNorm = (ctau3DErr,ctau3D)
RooArgSet:: = ()
RooSetProxy::!refCoefNorm = (ctau3DErr,ctau3D)
RooArgSet::dependents = (ctau3D)
RooArgSet::dependents = (ctau3D)
RooSetProxy::!refCoefNorm = (ctau3DErr,ctau3D)
RooSetProxy::!refCoefNorm = (ctau3DErr,ctau3D)
RooArgSet:: = ()
RooSetProxy::!refCoefNorm = (ctau3DErr,ctau3D)
RooArgSet:: = ()
RooSetProxy::!refCoefNorm = (ctau3DErr,ctau3D)
RooArgSet:: = ()
RooArgSet:: = ()
RooSetProxy::!refCoefNorm = (ctau3DErr,ctau3D)
RooSetProxy::!refCoefNorm = (ctau3DErr,ctau3D)
[#0] ERROR:Eval -- RooAbsReal::logEvalError(pdfCTAU1) evaluation error, 
 origin       : RooAddPdf::pdfCTAU1[ fDFSS * pdfCTAUDSS + [%] * pdfCTAUDF ]
 message      : p.d.f value is less than zero (-0.000186), forcing value to zero
 server values: !refCoefNorm=(ctau3DErr = 0.0215416,ctau3D = -4), !pdfs=(pdfCTAUDSS = 1.36946e-90/1,pdfCTAUDF = 0.0186328/1), !coefficients=(fDFSS = 1.00999 +/- 0.00836444)
[#0] ERROR:Eval -- RooAbsReal::logEvalError(pdfCTAU1) evaluation error, 
 origin       : RooAddPdf::pdfCTAU1[ fDFSS * pdfCTAUDSS + [%] * pdfCTAUDF ]
 message      : p.d.f value is less than zero (-0.000186), forcing value to zero
 server values: !refCoefNorm=(ctau3DErr = 0.0217887,ctau3D = -4), !pdfs=(pdfCTAUDSS = 1.17005e-88/1,pdfCTAUDF = 0.0186329/1), !coefficients=(fDFSS = 1.00999 +/- 0.00836444)
[#0] ERROR:Eval -- RooAbsReal::logEvalError(pdfCTAU1) evaluation error, 
 origin       : RooAddPdf::pdfCTAU1[ fDFSS * pdfCTAUDSS + [%] * pdfCTAUDF ]
 message      : p.d.f value is less than zero (-0.000186), forcing value to zero
 server values: !refCoefNorm=(ctau3DErr = 0.0220357,ctau3D = -4), !pdfs=(pdfCTAUDSS = 8.61603e-87/1,pdfCTAUDF = 0.018633/1), !coefficients=(fDFSS = 1.00999 +/- 0.00836444)
[#0] ERROR:Eval -- RooAbsReal::logEvalError(pdfCTAU1) evaluation error, 
 origin       : RooAddPdf::pdfCTAU1[ fDFSS * pdfCTAUDSS + [%] * pdfCTAUDF ]
 message      : p.d.f value is less than zero (-0.000186), forcing value to zero
 server values: !refCoefNorm=(ctau3DErr = 0.0222827,ctau3D = -4), !pdfs=(pdfCTAUDSS = 5.50441e-85/1,pdfCTAUDF = 0.0186331/1), !coefficients=(fDFSS = 1.00999 +/- 0.00836444)
[#0] ERROR:Eval -- RooAbsReal::logEvalError(pdfCTAU1) evaluation error, 
 origin       : RooAddPdf::pdfCTAU1[ fDFSS * pdfCTAUDSS + [%] * pdfCTAUDF ]
 message      : p.d.f value is less than zero (-0.000186), forcing value to zero
 server values: !refCoefNorm=(ctau3DErr = 0.0225298,ctau3D = -4), !pdfs=(pdfCTAUDSS = 3.06976e-83/1,pdfCTAUDF = 0.0186332/1), !coefficients=(fDFSS = 1.00999 +/- 0.00836444)
[#0] ERROR:Eval -- RooAbsReal::logEvalError(pdfCTAU1) evaluation error, 
 origin       : RooAddPdf::pdfCTAU1[ fDFSS * pdfCTAUDSS + [%] * pdfCTAUDF ]
 message      : p.d.f value is less than zero (-0.000186), forcing value to zero
 server values: !refCoefNorm=(ctau3DErr = 0.00918973,ctau3D = -4), !pdfs=(pdfCTAUDSS = 0/1,pdfCTAUDF = 0.0186295/1), !coefficients=(fDFSS = 1.00999 +/- 0.00836444)
[#0] ERROR:Eval -- RooAbsReal::logEvalError(pdfCTAU1) evaluation error, 
 origin       : RooAddPdf::pdfCTAU1[ fDFSS * pdfCTAUDSS + [%] * pdfCTAUDF ]
 message      : p.d.f value is less than zero (-0.000186), forcing value to zero
 server values: !refCoefNorm=(ctau3DErr = 0.0227768,ctau3D = -4), !pdfs=(pdfCTAUDSS = 1.50326e-81/1,pdfCTAUDF = 0.0186333/1), !coefficients=(fDFSS = 1.00999 +/- 0.00836444)
[#0] ERROR:Eval -- RooAbsReal::logEvalError(pdfCTAU1) evaluation error, 
 origin       : RooAddPdf::pdfCTAU1[ fDFSS * pdfCTAUDSS + [%] * pdfCTAUDF ]
 message      : p.d.f value is less than zero (-0.000186), forcing value to zero
 server values: !refCoefNorm=(ctau3DErr = 0.00943677,ctau3D = -4), !pdfs=(pdfCTAUDSS = 0/1,pdfCTAUDF = 0.0186295/1), !coefficients=(fDFSS = 1.00999 +/- 0.00836444)
[#0] ERROR:Eval -- RooAbsReal::logEvalError(pdfCTAU1) evaluation error, 
 origin       : RooAddPdf::pdfCTAU1[ fDFSS * pdfCTAUDSS + [%] * pdfCTAUDF ]
 message      : p.d.f value is less than zero (-0.000186), forcing value to zero
 server values: !refCoefNorm=(ctau3DErr = 0.0230238,ctau3D = -4), !pdfs=(pdfCTAUDSS = 6.49994e-80/1,pdfCTAUDF = 0.0186334/1), !coefficients=(fDFSS = 1.00999 +/- 0.00836444)
[#0] ERROR:Eval -- RooAbsReal::logEvalError(pdfCTAU1) evaluation error, 
 origin       : RooAddPdf::pdfCTAU1[ fDFSS * pdfCTAUDSS + [%] * pdfCTAUDF ]
 message      : p.d.f value is less than zero (-0.000186), forcing value to zero
 server values: !refCoefNorm=(ctau3DErr = 0.00968381,ctau3D = -4), !pdfs=(pdfCTAUDSS = 0/1,pdfCTAUDF = 0.0186296/1), !coefficients=(fDFSS = 1.00999 +/- 0.00836444)
[#0] ERROR:Eval -- RooAbsReal::logEvalError(pdfCTAU1) evaluation error, 
 origin       : RooAddPdf::pdfCTAU1[ fDFSS * pdfCTAUDSS + [%] * pdfCTAUDF ]
 message      : p.d.f value is less than zero (-0.000186), forcing value to zero
 server values: !refCoefNorm=(ctau3DErr = 0.0232709,ctau3D = -4), !pdfs=(pdfCTAUDSS = 2.49468e-78/1,pdfCTAUDF = 0.0186335/1), !coefficients=(fDFSS = 1.00999 +/- 0.00836444)
[#0] ERROR:Eval -- RooAbsReal::logEvalError(pdfCTAU1) evaluation error, 
 origin       : RooAddPdf::pdfCTAU1[ fDFSS * pdfCTAUDSS + [%] * pdfCTAUDF ]
 message      : p.d.f value is less than zero (-0.000186), forcing value to zero
 server values: !refCoefNorm=(ctau3DErr = 0.00993085,ctau3D = -4), !pdfs=(pdfCTAUDSS = 0/1,pdfCTAUDF = 0.0186296/1), !coefficients=(fDFSS = 1.00999 +/- 0.00836444)
[#0] ERROR:Eval -- RooAbsReal::logEvalError(pdfCTAU1) evaluation error, 
 origin       : RooAddPdf::pdfCTAU1[ fDFSS * pdfCTAUDSS + [%] * pdfCTAUDF ]
 message      : p.d.f value is less than zero (-0.000186), forcing value to zero
 server values: !refCoefNorm=(ctau3DErr = 0.0235179,ctau3D = -4), !pdfs=(pdfCTAUDSS = 8.54112e-77/1,pdfCTAUDF = 0.0186336/1), !coefficients=(fDFSS = 1.00999 +/- 0.00836444)
[#0] ERROR:Eval -- RooAbsReal::logEvalError(pdfCTAU1) evaluation error, 
 origin       : RooAddPdf::pdfCTAU1[ fDFSS * pdfCTAUDSS + [%] * pdfCTAUDF ]
 message      : p.d.f value is less than zero (-0.000186), forcing value to zero
 server values: !refCoefNorm=(ctau3DErr = 0.0101779,ctau3D = -4), !pdfs=(pdfCTAUDSS = 0/1,pdfCTAUDF = 0.0186296/1), !coefficients=(fDFSS = 1.00999 +/- 0.00836444)
[#0] ERROR:Eval -- RooAbsReal::logEvalError(pdfCTAU1) evaluation error, 
 origin       : RooAddPdf::pdfCTAU1[ fDFSS * pdfCTAUDSS + [%] * pdfCTAUDF ]
 message      : p.d.f value is less than zero (-0.000186), forcing value to zero
 server values: !refCoefNorm=(ctau3DErr = 0.023765,ctau3D = -4), !pdfs=(pdfCTAUDSS = 2.62095e-75/1,pdfCTAUDF = 0.0186337/1), !coefficients=(fDFSS = 1.00999 +/- 0.00836444)
[#0] ERROR:Eval -- RooAbsReal::logEvalError(pdfCTAU1) evaluation error, 
 origin       : RooAddPdf::pdfCTAU1[ fDFSS * pdfCTAUDSS + [%] * pdfCTAUDF ]
 message      : p.d.f value is less than zero (-0.000186), forcing value to zero
 server values: !refCoefNorm=(ctau3DErr = 0.0104249,ctau3D = -4), !pdfs=(pdfCTAUDSS = 0/1,pdfCTAUDF = 0.0186297/1), !coefficients=(fDFSS = 1.00999 +/- 0.00836444)
[#0] ERROR:Eval -- RooAbsReal::logEvalError(pdfCTAU1) evaluation error, 
 origin       : RooAddPdf::pdfCTAU1[ fDFSS * pdfCTAUDSS + [%] * pdfCTAUDF ]
 message      : p.d.f value is less than zero (-0.000186), forcing value to zero
 server values: !refCoefNorm=(ctau3DErr = 0.024012,ctau3D = -4), !pdfs=(pdfCTAUDSS = 7.24097e-74/1,pdfCTAUDF = 0.0186338/1), !coefficients=(fDFSS = 1.00999 +/- 0.00836444)
[#0] ERROR:Eval -- RooAbsReal::logEvalError(pdfCTAU1) evaluation error, 
 origin       : RooAddPdf::pdfCTAU1[ fDFSS * pdfCTAUDSS + [%] * pdfCTAUDF ]
 message      : p.d.f value is less than zero (-0.000186), forcing value to zero
 server values: !refCoefNorm=(ctau3DErr = 0.010672,ctau3D = -4), !pdfs=(pdfCTAUDSS = 0/1,pdfCTAUDF = 0.0186297/1), !coefficients=(fDFSS = 1.00999 +/- 0.00836444)
[#0] ERROR:Eval -- RooAbsReal::logEvalError(pdfCTAU1) evaluation error, 
 origin       : RooAddPdf::pdfCTAU1[ fDFSS * pdfCTAUDSS + [%] * pdfCTAUDF ]
 message      : p.d.f value is less than zero (-0.000186), forcing value to zero
 server values: !refCoefNorm=(ctau3DErr = 0.024259,ctau3D = -4), !pdfs=(pdfCTAUDSS = 1.80873e-72/1,pdfCTAUDF = 0.0186339/1), !coefficients=(fDFSS = 1.00999 +/- 0.00836444)
[#0] ERROR:Eval -- RooAbsReal::logEvalError(pdfCTAU1) evaluation error, 
 origin       : RooAddPdf::pdfCTAU1[ fDFSS * pdfCTAUDSS + [%] * pdfCTAUDF ]
 message      : p.d.f value is less than zero (-0.000186), forcing value to zero
 server values: !refCoefNorm=(ctau3DErr = 0.010919,ctau3D = -4), !pdfs=(pdfCTAUDSS = 0/1,pdfCTAUDF = 0.0186298/1), !coefficients=(fDFSS = 1.00999 +/- 0.00836444)
[#0] ERROR:Eval -- RooAbsReal::logEvalError(pdfCTAU1) evaluation error, 
 origin       : RooAddPdf::pdfCTAU1[ fDFSS * pdfCTAUDSS + [%] * pdfCTAUDF ]
 message      : p.d.f value is less than zero (-0.000186), forcing value to zero
 server values: !refCoefNorm=(ctau3DErr = 0.011166,ctau3D = -4), !pdfs=(pdfCTAUDSS = 0/1,pdfCTAUDF = 0.0186298/1), !coefficients=(fDFSS = 1.00999 +/- 0.00836444)
[#0] ERROR:Eval -- RooAbsReal::logEvalError(pdfCTAU1) evaluation error, 
 origin       : RooAddPdf::pdfCTAU1[ fDFSS * pdfCTAUDSS + [%] * pdfCTAUDF ]
 message      : p.d.f value is less than zero (-0.000186), forcing value to zero
 server values: !refCoefNorm=(ctau3DErr = 0.0114131,ctau3D = -4), !pdfs=(pdfCTAUDSS = 5.01087e-310/1,pdfCTAUDF = 0.0186299/1), !coefficients=(fDFSS = 1.00999 +/- 0.00836444)
[#0] ERROR:Eval -- RooAbsReal::logEvalError(pdfCTAU1) evaluation error, 
 origin       : RooAddPdf::pdfCTAU1[ fDFSS * pdfCTAUDSS + [%] * pdfCTAUDF ]
 message      : p.d.f value is less than zero (-0.000186), forcing value to zero
 server values: !refCoefNorm=(ctau3DErr = 0.0116601,ctau3D = -4), !pdfs=(pdfCTAUDSS = 3.08261e-297/1,pdfCTAUDF = 0.0186299/1), !coefficients=(fDFSS = 1.00999 +/- 0.00836444)
[#0] ERROR:Eval -- RooAbsReal::logEvalError(pdfCTAU1) evaluation error, 
 origin       : RooAddPdf::pdfCTAU1[ fDFSS * pdfCTAUDSS + [%] * pdfCTAUDF ]
 message      : p.d.f value is less than zero (-0.000186), forcing value to zero
 server values: !refCoefNorm=(ctau3DErr = 0.0119071,ctau3D = -4), !pdfs=(pdfCTAUDSS = 3.09159e-285/1,pdfCTAUDF = 0.01863/1), !coefficients=(fDFSS = 1.00999 +/- 0.00836444)
[#0] ERROR:Eval -- RooAbsReal::logEvalError(pdfCTAU1) evaluation error, 
 origin       : RooAddPdf::pdfCTAU1[ fDFSS * pdfCTAUDSS + [%] * pdfCTAUDF ]
 message      : p.d.f value is less than zero (-0.000186), forcing value to zero
 server values: !refCoefNorm=(ctau3DErr = 0.0314231,ctau3D = -4), !pdfs=(pdfCTAUDSS = 3.7319e-45/1,pdfCTAUDF = 0.0186374/1), !coefficients=(fDFSS = 1.00999 +/- 0.00836444)
[#0] ERROR:Eval -- RooAbsReal::logEvalError(pdfCTAU_Bkg) evaluation error, 
 origin       : RooAddPdf::pdfCTAU_Bkg[ b_Bkg * pdfCTAU_BkgNoPR + [%] * pdfCTAU_BkgPR ]
 message      : p.d.f value is Not-a-Number (-nan), forcing value to zero
 server values: !refCoefNorm=(ctau3DErr = 0.0314231,ctau3D = -4), !pdfs=(pdfCTAU_BkgNoPR = 0/1,pdfCTAU_BkgPR = 0/1), !coefficients=(b_Bkg = 0.733576 +/- 0.048647)
[#0] ERROR:Eval -- RooAbsReal::logEvalError(pdfCTAU1) evaluation error, 
 origin       : RooAddPdf::pdfCTAU1[ fDFSS * pdfCTAUDSS + [%] * pdfCTAUDF ]
 message      : p.d.f value is less than zero (-0.000186), forcing value to zero
 server values: !refCoefNorm=(ctau3DErr = 0.0277176,ctau3D = -4), !pdfs=(pdfCTAUDSS = 1.18325e-56/1,pdfCTAUDF = 0.0186355/1), !coefficients=(fDFSS = 1.00999 +/- 0.00836444)
[#0] ERROR:Eval -- RooAbsReal::logEvalError(pdfCTAU_Bkg_Tot) evaluation error, 
 origin       : RooAddPdf::pdfCTAU_Bkg_Tot[ N_Bkg * pdfCTAU_Bkg ]
 message      : p.d.f value is Not-a-Number (-nan), forcing value to zero
 server values: !refCoefNorm=(ctau3DErr = 0.0314231,ctau3D = -4), !pdfs=(pdfCTAU_Bkg = -nan/1), !coefficients=(N_Bkg = 45.1378 +/- 0.0260238)
[#0] ERROR:Eval -- RooAbsReal::logEvalError(pdfCTAU1) evaluation error, 
 origin       : RooAddPdf::pdfCTAU1[ fDFSS * pdfCTAUDSS + [%] * pdfCTAUDF ]
 message      : p.d.f value is less than zero (-0.000186), forcing value to zero
 server values: !refCoefNorm=(ctau3DErr = 0.0331524,ctau3D = -4), !pdfs=(pdfCTAUDSS = 4.67642e-41/1,pdfCTAUDF = 0.0186384/1), !coefficients=(fDFSS = 1.00999 +/- 0.00836444)
[#0] ERROR:Eval -- RooAbsReal::logEvalError(pdfCTAU_Bkg) evaluation error, 
 origin       : RooAddPdf::pdfCTAU_Bkg[ b_Bkg * pdfCTAU_BkgNoPR + [%] * pdfCTAU_BkgPR ]
 message      : p.d.f value is Not-a-Number (-nan), forcing value to zero
 server values: !refCoefNorm=(ctau3DErr = 0.0331524,ctau3D = -4), !pdfs=(pdfCTAU_BkgNoPR = 0/1,pdfCTAU_BkgPR = 0/1), !coefficients=(b_Bkg = 0.733576 +/- 0.048647)
[#0] ERROR:Eval -- RooAbsReal::logEvalError(pdfCTAU_Bkg_Tot) evaluation error, 
 origin       : RooAddPdf::pdfCTAU_Bkg_Tot[ N_Bkg * pdfCTAU_Bkg ]
 message      : p.d.f value is Not-a-Number (-nan), forcing value to zero
 server values: !refCoefNorm=(ctau3DErr = 0.0331524,ctau3D = -4), !pdfs=(pdfCTAU_Bkg = -nan/1), !coefficients=(N_Bkg = 45.1378 +/- 0.0260238)
[#0] ERROR:Eval -- RooAbsReal::logEvalError(pdfCTAU1) evaluation error, 
 origin       : RooAddPdf::pdfCTAU1[ fDFSS * pdfCTAUDSS + [%] * pdfCTAUDF ]
 message      : p.d.f value is less than zero (-0.000186), forcing value to zero
 server values: !refCoefNorm=(ctau3DErr = 0.0336465,ctau3D = -4), !pdfs=(pdfCTAUDSS = 5.32794e-40/1,pdfCTAUDF = 0.0186387/1), !coefficients=(fDFSS = 1.00999 +/- 0.00836444)
[#0] ERROR:Eval -- RooAbsReal::logEvalError(pdfCTAU_Bkg) evaluation error, 
 origin       : RooAddPdf::pdfCTAU_Bkg[ b_Bkg * pdfCTAU_BkgNoPR + [%] * pdfCTAU_BkgPR ]
 message      : p.d.f value is Not-a-Number (-nan), forcing value to zero
 server values: !refCoefNorm=(ctau3DErr = 0.0336465,ctau3D = -4), !pdfs=(pdfCTAU_BkgNoPR = 0/1,pdfCTAU_BkgPR = 0/1), !coefficients=(b_Bkg = 0.733576 +/- 0.048647)
[#0] ERROR:Eval -- RooAbsReal::logEvalError(pdfCTAU_Bkg) evaluation error, 
[#0] ERROR:Eval -- RooAbsReal::logEvalError(pdfCTAU_Bkg_Tot) evaluation error, 
 origin       : RooAddPdf::pdfCTAU_Bkg[ b_Bkg * pdfCTAU_BkgNoPR + [%] * pdfCTAU_BkgPR ]
 origin       : RooAddPdf::pdfCTAU_Bkg_Tot[ N_Bkg * pdfCTAU_Bkg ]
 message      : p.d.f value is Not-a-Number (-nan), forcing value to zero
 message      : p.d.f value is Not-a-Number (-nan), forcing value to zero
 server values: !refCoefNorm=(ctau3DErr = 0.0277176,ctau3D = -4), !pdfs=(pdfCTAU_BkgNoPR = 0/1,pdfCTAU_BkgPR = 0/1), !coefficients=(b_Bkg = 0.733576 +/- 0.048647)
 server values: !refCoefNorm=(ctau3DErr = 0.0336465,ctau3D = -4), !pdfs=(pdfCTAU_Bkg = -nan/1), !coefficients=(N_Bkg = 45.1378 +/- 0.0260238)
[#0] ERROR:Eval -- RooAbsReal::logEvalError(pdfCTAU_Bkg_Tot) evaluation error, 
 origin       : RooAddPdf::pdfCTAU_Bkg_Tot[ N_Bkg * pdfCTAU_Bkg ]
 message      : p.d.f value is Not-a-Number (-nan), forcing value to zero
 server values: !refCoefNorm=(ctau3DErr = 0.0277176,ctau3D = -4), !pdfs=(pdfCTAU_Bkg = -nan/1), !coefficients=(N_Bkg = 45.1378 +/- 0.0260238)
[#0] ERROR:Eval -- RooAbsReal::logEvalError(pdfCTAU1) evaluation error, 
 origin       : RooAddPdf::pdfCTAU1[ fDFSS * pdfCTAUDSS + [%] * pdfCTAUDF ]
 message      : p.d.f value is less than zero (-0.000186), forcing value to zero
 server values: !refCoefNorm=(ctau3DErr = 0.0279646,ctau3D = -4), !pdfs=(pdfCTAUDSS = 9.64107e-56/1,pdfCTAUDF = 0.0186356/1), !coefficients=(fDFSS = 1.00999 +/- 0.00836444)
[#0] ERROR:Eval -- RooAbsReal::logEvalError(pdfCTAU_Bkg) evaluation error, 
 origin       : RooAddPdf::pdfCTAU_Bkg[ b_Bkg * pdfCTAU_BkgNoPR + [%] * pdfCTAU_BkgPR ]
 message      : p.d.f value is Not-a-Number (-nan), forcing value to zero
 server values: !refCoefNorm=(ctau3DErr = 0.0279646,ctau3D = -4), !pdfs=(pdfCTAU_BkgNoPR = 0/1,pdfCTAU_BkgPR = 0/1), !coefficients=(b_Bkg = 0.733576 +/- 0.048647)
[#0] ERROR:Eval -- RooAbsReal::logEvalError(pdfCTAU_Bkg_Tot) evaluation error, 
 origin       : RooAddPdf::pdfCTAU_Bkg_Tot[ N_Bkg * pdfCTAU_Bkg ]
 message      : p.d.f value is Not-a-Number (-nan), forcing value to zero
 server values: !refCoefNorm=(ctau3DErr = 0.0279646,ctau3D = -4), !pdfs=(pdfCTAU_Bkg = -nan/1), !coefficients=(N_Bkg = 45.1378 +/- 0.0260238)
[#0] ERROR:Eval -- RooAbsReal::logEvalError(pdfCTAU1) evaluation error, 
 origin       : RooAddPdf::pdfCTAU1[ fDFSS * pdfCTAUDSS + [%] * pdfCTAUDF ]
 message      : p.d.f value is less than zero (-0.000186), forcing value to zero
 server values: !refCoefNorm=(ctau3DErr = 0.0289527,ctau3D = -4), !pdfs=(pdfCTAUDSS = 2.50314e-52/1,pdfCTAUDF = 0.0186361/1), !coefficients=(fDFSS = 1.00999 +/- 0.00836444)
[#0] ERROR:Eval -- RooAbsReal::logEvalError(pdfCTAU1) evaluation error, 
 origin       : RooAddPdf::pdfCTAU1[ fDFSS * pdfCTAUDSS + [%] * pdfCTAUDF ]
 message      : p.d.f value is less than zero (-0.000186), forcing value to zero
 server values: !refCoefNorm=(ctau3DErr = 0.0294468,ctau3D = -4), !pdfs=(pdfCTAUDSS = 9.51575e-51/1,pdfCTAUDF = 0.0186363/1), !coefficients=(fDFSS = 1.00999 +/- 0.00836444)
[#0] ERROR:Eval -- RooAbsReal::logEvalError(pdfCTAU1) evaluation error, 
 origin       : RooAddPdf::pdfCTAU1[ fDFSS * pdfCTAUDSS + [%] * pdfCTAUDF ]
 message      : p.d.f value is less than zero (-0.000186), forcing value to zero
 server values: !refCoefNorm=(ctau3DErr = 0.0296939,ctau3D = -4), !pdfs=(pdfCTAUDSS = 5.48361e-50/1,pdfCTAUDF = 0.0186365/1), !coefficients=(fDFSS = 1.00999 +/- 0.00836444)
[#0] ERROR:Eval -- RooAbsReal::logEvalError(pdfCTAU1) evaluation error, 
 origin       : RooAddPdf::pdfCTAU1[ fDFSS * pdfCTAUDSS + [%] * pdfCTAUDF ]
 message      : p.d.f value is less than zero (-0.000186), forcing value to zero
 server values: !refCoefNorm=(ctau3DErr = 0.0299409,ctau3D = -4), !pdfs=(pdfCTAUDSS = 3.02674e-49/1,pdfCTAUDF = 0.0186366/1), !coefficients=(fDFSS = 1.00999 +/- 0.00836444)
[#0] ERROR:Eval -- RooAbsReal::logEvalError(pdfCTAU1) evaluation error, 
 origin       : RooAddPdf::pdfCTAU1[ fDFSS * pdfCTAUDSS + [%] * pdfCTAUDF ]
 message      : p.d.f value is less than zero (-0.000186), forcing value to zero
 server values: !refCoefNorm=(ctau3DErr = 0.030435,ctau3D = -4), !pdfs=(pdfCTAUDSS = 8.14831e-48/1,pdfCTAUDF = 0.0186369/1), !coefficients=(fDFSS = 1.00999 +/- 0.00836444)
[#0] ERROR:Eval -- RooAbsReal::logEvalError(pdfCTAU1) evaluation error, 
 origin       : RooAddPdf::pdfCTAU1[ fDFSS * pdfCTAUDSS + [%] * pdfCTAUDF ]
 message      : p.d.f value is less than zero (-0.000186), forcing value to zero
 server values: !refCoefNorm=(ctau3DErr = 0.0245061,ctau3D = -4), !pdfs=(pdfCTAUDSS = 4.10155e-71/1,pdfCTAUDF = 0.018634/1), !coefficients=(fDFSS = 1.00999 +/- 0.00836444)
[#0] ERROR:Eval -- RooAbsReal::logEvalError(pdfCTAU1) evaluation error, 
 origin       : RooAddPdf::pdfCTAU1[ fDFSS * pdfCTAUDSS + [%] * pdfCTAUDF ]
 message      : p.d.f value is less than zero (-0.000186), forcing value to zero
 server values: !refCoefNorm=(ctau3DErr = 0.0247531,ctau3D = -4), !pdfs=(pdfCTAUDSS = 8.47589e-70/1,pdfCTAUDF = 0.0186341/1), !coefficients=(fDFSS = 1.00999 +/- 0.00836444)
[#0] ERROR:Eval -- RooAbsReal::logEvalError(pdfCTAU1) evaluation error, 
 origin       : RooAddPdf::pdfCTAU1[ fDFSS * pdfCTAUDSS + [%] * pdfCTAUDF ]
 message      : p.d.f value is less than zero (-0.000186), forcing value to zero
 server values: !refCoefNorm=(ctau3DErr = 0.0250001,ctau3D = -4), !pdfs=(pdfCTAUDSS = 1.60204e-68/1,pdfCTAUDF = 0.0186342/1), !coefficients=(fDFSS = 1.00999 +/- 0.00836444)
[#0] ERROR:Eval -- RooAbsReal::logEvalError(pdfCTAU1) evaluation error, 
 origin       : RooAddPdf::pdfCTAU1[ fDFSS * pdfCTAUDSS + [%] * pdfCTAUDF ]
 message      : p.d.f value is less than zero (-0.000186), forcing value to zero
 server values: !refCoefNorm=(ctau3DErr = 0.0254942,ctau3D = -4), !pdfs=(pdfCTAUDSS = 4.43983e-66/1,pdfCTAUDF = 0.0186344/1), !coefficients=(fDFSS = 1.00999 +/- 0.00836444)
[#0] ERROR:Eval -- RooAbsReal::logEvalError(pdfCTAU1) evaluation error, 
 origin       : RooAddPdf::pdfCTAU1[ fDFSS * pdfCTAUDSS + [%] * pdfCTAUDF ]
 message      : p.d.f value is less than zero (-0.000186), forcing value to zero
 server values: !refCoefNorm=(ctau3DErr = 0.0259883,ctau3D = -4), !pdfs=(pdfCTAUDSS = 8.95878e-64/1,pdfCTAUDF = 0.0186347/1), !coefficients=(fDFSS = 1.00999 +/- 0.00836444)
[#0] ERROR:Eval -- RooAbsReal::logEvalError(pdfCTAU1) evaluation error, 
 origin       : RooAddPdf::pdfCTAU1[ fDFSS * pdfCTAUDSS + [%] * pdfCTAUDF ]
 message      : p.d.f value is less than zero (-0.000186), forcing value to zero
 server values: !refCoefNorm=(ctau3DErr = 0.0262353,ctau3D = -4), !pdfs=(pdfCTAUDSS = 1.13823e-62/1,pdfCTAUDF = 0.0186348/1), !coefficients=(fDFSS = 1.00999 +/- 0.00836444)
[#0] ERROR:Eval -- RooAbsReal::logEvalError(pdfCTAU1) evaluation error, 
 origin       : RooAddPdf::pdfCTAU1[ fDFSS * pdfCTAUDSS + [%] * pdfCTAUDF ]
 message      : p.d.f value is less than zero (-0.000186), forcing value to zero
 server values: !refCoefNorm=(ctau3DErr = 0.0267294,ctau3D = -4), !pdfs=(pdfCTAUDSS = 1.49007e-60/1,pdfCTAUDF = 0.018635/1), !coefficients=(fDFSS = 1.00999 +/- 0.00836444)
[#0] ERROR:Eval -- RooAbsReal::logEvalError(pdfCTAU1) evaluation error, 
 origin       : RooAddPdf::pdfCTAU1[ fDFSS * pdfCTAUDSS + [%] * pdfCTAUDF ]
 message      : p.d.f value is less than zero (-0.000186), forcing value to zero
 server values: !refCoefNorm=(ctau3DErr = 0.0269764,ctau3D = -4), !pdfs=(pdfCTAUDSS = 1.54314e-59/1,pdfCTAUDF = 0.0186351/1), !coefficients=(fDFSS = 1.00999 +/- 0.00836444)
[#0] ERROR:Eval -- RooAbsReal::logEvalError(pdfCTAU1) evaluation error, 
 origin       : RooAddPdf::pdfCTAU1[ fDFSS * pdfCTAUDSS + [%] * pdfCTAUDF ]
 message      : p.d.f value is less than zero (-0.000186), forcing value to zero
 server values: !refCoefNorm=(ctau3DErr = 0.0121542,ctau3D = -4), !pdfs=(pdfCTAUDSS = 5.84924e-274/1,pdfCTAUDF = 0.01863/1), !coefficients=(fDFSS = 1.00999 +/- 0.00836444)
[#0] ERROR:Eval -- RooAbsReal::logEvalError(pdfCTAU1) evaluation error, 
 origin       : RooAddPdf::pdfCTAU1[ fDFSS * pdfCTAUDSS + [%] * pdfCTAUDF ]
 message      : p.d.f value is less than zero (-0.000186), forcing value to zero
 server values: !refCoefNorm=(ctau3DErr = 0.0124012,ctau3D = -4), !pdfs=(pdfCTAUDSS = 2.38131e-263/1,pdfCTAUDF = 0.0186301/1), !coefficients=(fDFSS = 1.00999 +/- 0.00836444)
[#0] ERROR:Eval -- RooAbsReal::logEvalError(pdfCTAU1) evaluation error, 
 origin       : RooAddPdf::pdfCTAU1[ fDFSS * pdfCTAUDSS + [%] * pdfCTAUDF ]
 message      : p.d.f value is less than zero (-0.000186), forcing value to zero
 server values: !refCoefNorm=(ctau3DErr = 0.0126483,ctau3D = -4), !pdfs=(pdfCTAUDSS = 2.34937e-253/1,pdfCTAUDF = 0.0186301/1), !coefficients=(fDFSS = 1.00999 +/- 0.00836444)
[#0] ERROR:Eval -- RooAbsReal::logEvalError(pdfCTAU1) evaluation error, 
 origin       : RooAddPdf::pdfCTAU1[ fDFSS * pdfCTAUDSS + [%] * pdfCTAUDF ]
 message      : p.d.f value is less than zero (-0.000186), forcing value to zero
 server values: !refCoefNorm=(ctau3DErr = 0.0128953,ctau3D = -4), !pdfs=(pdfCTAUDSS = 6.25499e-244/1,pdfCTAUDF = 0.0186302/1), !coefficients=(fDFSS = 1.00999 +/- 0.00836444)
[#0] ERROR:Eval -- RooAbsReal::logEvalError(pdfCTAU1) evaluation error, 
 origin       : RooAddPdf::pdfCTAU1[ fDFSS * pdfCTAUDSS + [%] * pdfCTAUDF ]
 message      : p.d.f value is less than zero (-0.000186), forcing value to zero
 server values: !refCoefNorm=(ctau3DErr = 0.0131423,ctau3D = -4), !pdfs=(pdfCTAUDSS = 4.95469e-235/1,pdfCTAUDF = 0.0186303/1), !coefficients=(fDFSS = 1.00999 +/- 0.00836444)
[#0] ERROR:Eval -- RooAbsReal::logEvalError(pdfCTAU1) evaluation error, 
 origin       : RooAddPdf::pdfCTAU1[ fDFSS * pdfCTAUDSS + [%] * pdfCTAUDF ]
 message      : p.d.f value is less than zero (-0.000186), forcing value to zero
 server values: !refCoefNorm=(ctau3DErr = 0.0133894,ctau3D = -4), !pdfs=(pdfCTAUDSS = 1.27591e-226/1,pdfCTAUDF = 0.0186303/1), !coefficients=(fDFSS = 1.00999 +/- 0.00836444)
[#0] ERROR:Eval -- RooAbsReal::logEvalError(pdfCTAU1) evaluation error, 
 origin       : RooAddPdf::pdfCTAU1[ fDFSS * pdfCTAUDSS + [%] * pdfCTAUDF ]
 message      : p.d.f value is less than zero (-0.000186), forcing value to zero
 server values: !refCoefNorm=(ctau3DErr = 0.0136364,ctau3D = -4), !pdfs=(pdfCTAUDSS = 1.15793e-218/1,pdfCTAUDF = 0.0186304/1), !coefficients=(fDFSS = 1.00999 +/- 0.00836444)
[#0] ERROR:Eval -- RooAbsReal::logEvalError(pdfCTAU1) evaluation error, 
 origin       : RooAddPdf::pdfCTAU1[ fDFSS * pdfCTAUDSS + [%] * pdfCTAUDF ]
 message      : p.d.f value is less than zero (-0.000186), forcing value to zero
 server values: !refCoefNorm=(ctau3DErr = 0.0138834,ctau3D = -4), !pdfs=(pdfCTAUDSS = 3.98616e-211/1,pdfCTAUDF = 0.0186304/1), !coefficients=(fDFSS = 1.00999 +/- 0.00836444)
[#0] ERROR:Eval -- RooAbsReal::logEvalError(pdfCTAU1) evaluation error, 
 origin       : RooAddPdf::pdfCTAU1[ fDFSS * pdfCTAUDSS + [%] * pdfCTAUDF ]
 message      : p.d.f value is less than zero (-0.000186), forcing value to zero
 server values: !refCoefNorm=(ctau3DErr = 0.0141305,ctau3D = -4), !pdfs=(pdfCTAUDSS = 5.56705e-204/1,pdfCTAUDF = 0.0186305/1), !coefficients=(fDFSS = 1.00999 +/- 0.00836444)
[#0] ERROR:Eval -- RooAbsReal::logEvalError(pdfCTAU1) evaluation error, 
 origin       : RooAddPdf::pdfCTAU1[ fDFSS * pdfCTAUDSS + [%] * pdfCTAUDF ]
 message      : p.d.f value is less than zero (-0.000186), forcing value to zero
 server values: !refCoefNorm=(ctau3DErr = 0.0143775,ctau3D = -4), !pdfs=(pdfCTAUDSS = 3.35423e-197/1,pdfCTAUDF = 0.0186305/1), !coefficients=(fDFSS = 1.00999 +/- 0.00836444)
[#0] ERROR:Eval -- RooAbsReal::logEvalError(pdfCTAU1) evaluation error, 
 origin       : RooAddPdf::pdfCTAU1[ fDFSS * pdfCTAUDSS + [%] * pdfCTAUDF ]
 message      : p.d.f value is less than zero (-0.000186), forcing value to zero
 server values: !refCoefNorm=(ctau3DErr = 0.0146246,ctau3D = -4), !pdfs=(pdfCTAUDSS = 9.22402e-191/1,pdfCTAUDF = 0.0186306/1), !coefficients=(fDFSS = 1.00999 +/- 0.00836444)
[#0] ERROR:Eval -- RooAbsReal::logEvalError(pdfCTAU1) evaluation error, 
 origin       : RooAddPdf::pdfCTAU1[ fDFSS * pdfCTAUDSS + [%] * pdfCTAUDF ]
 message      : p.d.f value is less than zero (-0.000186), forcing value to zero
 server values: !refCoefNorm=(ctau3DErr = 0.0148716,ctau3D = -4), !pdfs=(pdfCTAUDSS = 1.21915e-184/1,pdfCTAUDF = 0.0186307/1), !coefficients=(fDFSS = 1.00999 +/- 0.00836444)
[#0] ERROR:Eval -- RooAbsReal::logEvalError(pdfCTAU1) evaluation error, 
 origin       : RooAddPdf::pdfCTAU1[ fDFSS * pdfCTAUDSS + [%] * pdfCTAUDF ]
 message      : p.d.f value is less than zero (-0.000186), forcing value to zero
 server values: !refCoefNorm=(ctau3DErr = 0.0151186,ctau3D = -4), !pdfs=(pdfCTAUDSS = 8.12142e-179/1,pdfCTAUDF = 0.0186307/1), !coefficients=(fDFSS = 1.00999 +/- 0.00836444)
[#0] ERROR:Eval -- RooAbsReal::logEvalError(pdfCTAU1) evaluation error, 
 origin       : RooAddPdf::pdfCTAU1[ fDFSS * pdfCTAUDSS + [%] * pdfCTAUDF ]
 message      : p.d.f value is less than zero (-0.000186), forcing value to zero
 server values: !refCoefNorm=(ctau3DErr = 0.0153657,ctau3D = -4), !pdfs=(pdfCTAUDSS = 2.84859e-173/1,pdfCTAUDF = 0.0186308/1), !coefficients=(fDFSS = 1.00999 +/- 0.00836444)
[#0] ERROR:Eval -- RooAbsReal::logEvalError(pdfCTAU1) evaluation error, 
 origin       : RooAddPdf::pdfCTAU1[ fDFSS * pdfCTAUDSS + [%] * pdfCTAUDF ]
 message      : p.d.f value is less than zero (-0.000186), forcing value to zero
 server values: !refCoefNorm=(ctau3DErr = 0.0156127,ctau3D = -4), !pdfs=(pdfCTAUDSS = 5.47701e-168/1,pdfCTAUDF = 0.0186309/1), !coefficients=(fDFSS = 1.00999 +/- 0.00836444)
[#0] ERROR:Eval -- RooAbsReal::logEvalError(pdfCTAU1) evaluation error, 
 origin       : RooAddPdf::pdfCTAU1[ fDFSS * pdfCTAUDSS + [%] * pdfCTAUDF ]
 message      : p.d.f value is less than zero (-0.000186), forcing value to zero
 server values: !refCoefNorm=(ctau3DErr = 0.0158597,ctau3D = -4), !pdfs=(pdfCTAUDSS = 5.99123e-163/1,pdfCTAUDF = 0.0186309/1), !coefficients=(fDFSS = 1.00999 +/- 0.00836444)
[#0] ERROR:Eval -- RooAbsReal::logEvalError(pdfCTAU1) evaluation error, 
 origin       : RooAddPdf::pdfCTAU1[ fDFSS * pdfCTAUDSS + [%] * pdfCTAUDF ]
 message      : p.d.f value is less than zero (-0.000186), forcing value to zero
 server values: !refCoefNorm=(ctau3DErr = 0.0161068,ctau3D = -4), !pdfs=(pdfCTAUDSS = 3.85888e-158/1,pdfCTAUDF = 0.018631/1), !coefficients=(fDFSS = 1.00999 +/- 0.00836444)
[#0] ERROR:Eval -- RooAbsReal::logEvalError(pdfCTAU1) evaluation error, 
 origin       : RooAddPdf::pdfCTAU1[ fDFSS * pdfCTAUDSS + [%] * pdfCTAUDF ]
 message      : p.d.f value is less than zero (-0.000186), forcing value to zero
 server values: !refCoefNorm=(ctau3DErr = 0.0163538,ctau3D = -4), !pdfs=(pdfCTAUDSS = 1.51069e-153/1,pdfCTAUDF = 0.0186311/1), !coefficients=(fDFSS = 1.00999 +/- 0.00836444)
[#0] ERROR:Eval -- RooAbsReal::logEvalError(pdfCTAU1) evaluation error, 
 origin       : RooAddPdf::pdfCTAU1[ fDFSS * pdfCTAUDSS + [%] * pdfCTAUDF ]
 message      : p.d.f value is less than zero (-0.000186), forcing value to zero
 server values: !refCoefNorm=(ctau3DErr = 0.0166009,ctau3D = -4), !pdfs=(pdfCTAUDSS = 3.70198e-149/1,pdfCTAUDF = 0.0186312/1), !coefficients=(fDFSS = 1.00999 +/- 0.00836444)
[#0] ERROR:Eval -- RooAbsReal::logEvalError(pdfCTAU1) evaluation error, 
 origin       : RooAddPdf::pdfCTAU1[ fDFSS * pdfCTAUDSS + [%] * pdfCTAUDF ]
 message      : p.d.f value is less than zero (-0.000186), forcing value to zero
 server values: !refCoefNorm=(ctau3DErr = 0.0168479,ctau3D = -4), !pdfs=(pdfCTAUDSS = 5.83559e-145/1,pdfCTAUDF = 0.0186312/1), !coefficients=(fDFSS = 1.00999 +/- 0.00836444)
[#0] ERROR:Eval -- RooAbsReal::logEvalError(pdfCTAU1) evaluation error, 
 origin       : RooAddPdf::pdfCTAU1[ fDFSS * pdfCTAUDSS + [%] * pdfCTAUDF ]
 message      : p.d.f value is less than zero (-0.000186), forcing value to zero
 server values: !refCoefNorm=(ctau3DErr = 0.0170949,ctau3D = -4), !pdfs=(pdfCTAUDSS = 6.0691e-141/1,pdfCTAUDF = 0.0186313/1), !coefficients=(fDFSS = 1.00999 +/- 0.00836444)
[#0] ERROR:Eval -- RooAbsReal::logEvalError(pdfCTAU1) evaluation error, 
 origin       : RooAddPdf::pdfCTAU1[ fDFSS * pdfCTAUDSS + [%] * pdfCTAUDF ]
 message      : p.d.f value is less than zero (-0.000186), forcing value to zero
 server values: !refCoefNorm=(ctau3DErr = 0.017342,ctau3D = -4), !pdfs=(pdfCTAUDSS = 4.26356e-137/1,pdfCTAUDF = 0.0186314/1), !coefficients=(fDFSS = 1.00999 +/- 0.00836444)
[#0] ERROR:Eval -- RooAbsReal::logEvalError(pdfCTAU1) evaluation error, 
 origin       : RooAddPdf::pdfCTAU1[ fDFSS * pdfCTAUDSS + [%] * pdfCTAUDF ]
 message      : p.d.f value is less than zero (-0.000186), forcing value to zero
 server values: !refCoefNorm=(ctau3DErr = 0.017589,ctau3D = -4), !pdfs=(pdfCTAUDSS = 2.06793e-133/1,pdfCTAUDF = 0.0186314/1), !coefficients=(fDFSS = 1.00999 +/- 0.00836444)
[#0] ERROR:Eval -- RooAbsReal::logEvalError(pdfCTAU1) evaluation error, 
 origin       : RooAddPdf::pdfCTAU1[ fDFSS * pdfCTAUDSS + [%] * pdfCTAUDF ]
 message      : p.d.f value is less than zero (-0.000186), forcing value to zero
 server values: !refCoefNorm=(ctau3DErr = 0.0178361,ctau3D = -4), !pdfs=(pdfCTAUDSS = 7.06752e-130/1,pdfCTAUDF = 0.0186315/1), !coefficients=(fDFSS = 1.00999 +/- 0.00836444)
[#0] ERROR:Eval -- RooAbsReal::logEvalError(pdfCTAU1) evaluation error, 
 origin       : RooAddPdf::pdfCTAU1[ fDFSS * pdfCTAUDSS + [%] * pdfCTAUDF ]
 message      : p.d.f value is less than zero (-0.000186), forcing value to zero
 server values: !refCoefNorm=(ctau3DErr = 0.0180831,ctau3D = -4), !pdfs=(pdfCTAUDSS = 1.73467e-126/1,pdfCTAUDF = 0.0186316/1), !coefficients=(fDFSS = 1.00999 +/- 0.00836444)
[#0] ERROR:Eval -- RooAbsReal::logEvalError(pdfCTAU1) evaluation error, 
 origin       : RooAddPdf::pdfCTAU1[ fDFSS * pdfCTAUDSS + [%] * pdfCTAUDF ]
 message      : p.d.f value is less than zero (-0.000186), forcing value to zero
 server values: !refCoefNorm=(ctau3DErr = 0.0183301,ctau3D = -4), !pdfs=(pdfCTAUDSS = 3.11235e-123/1,pdfCTAUDF = 0.0186317/1), !coefficients=(fDFSS = 1.00999 +/- 0.00836444)
[#0] ERROR:Eval -- RooAbsReal::logEvalError(pdfCTAU1) evaluation error, 
 origin       : RooAddPdf::pdfCTAU1[ fDFSS * pdfCTAUDSS + [%] * pdfCTAUDF ]
 message      : p.d.f value is less than zero (-0.000186), forcing value to zero
 server values: !refCoefNorm=(ctau3DErr = 0.0185772,ctau3D = -4), !pdfs=(pdfCTAUDSS = 4.1502e-120/1,pdfCTAUDF = 0.0186318/1), !coefficients=(fDFSS = 1.00999 +/- 0.00836444)
[#0] ERROR:Eval -- RooAbsReal::logEvalError(pdfCTAU1) evaluation error, 
 origin       : RooAddPdf::pdfCTAU1[ fDFSS * pdfCTAUDSS + [%] * pdfCTAUDF ]
 message      : p.d.f value is less than zero (-0.000186), forcing value to zero
 server values: !refCoefNorm=(ctau3DErr = 0.0188242,ctau3D = -4), !pdfs=(pdfCTAUDSS = 4.17717e-117/1,pdfCTAUDF = 0.0186318/1), !coefficients=(fDFSS = 1.00999 +/- 0.00836444)
[#0] ERROR:Eval -- RooAbsReal::logEvalError(pdfCTAU1) evaluation error, 
 origin       : RooAddPdf::pdfCTAU1[ fDFSS * pdfCTAUDSS + [%] * pdfCTAUDF ]
 message      : p.d.f value is less than zero (-0.000186), forcing value to zero
 server values: !refCoefNorm=(ctau3DErr = 0.0190712,ctau3D = -4), !pdfs=(pdfCTAUDSS = 3.21972e-114/1,pdfCTAUDF = 0.0186319/1), !coefficients=(fDFSS = 1.00999 +/- 0.00836444)
[#0] ERROR:Eval -- RooAbsReal::logEvalError(pdfCTAU1) evaluation error, 
 origin       : RooAddPdf::pdfCTAU1[ fDFSS * pdfCTAUDSS + [%] * pdfCTAUDF ]
 message      : p.d.f value is less than zero (-0.000186), forcing value to zero
 server values: !refCoefNorm=(ctau3DErr = 0.0193183,ctau3D = -4), !pdfs=(pdfCTAUDSS = 1.92649e-111/1,pdfCTAUDF = 0.018632/1), !coefficients=(fDFSS = 1.00999 +/- 0.00836444)
[#0] ERROR:Eval -- RooAbsReal::logEvalError(pdfCTAU1) evaluation error, 
 origin       : RooAddPdf::pdfCTAU1[ fDFSS * pdfCTAUDSS + [%] * pdfCTAUDF ]
 message      : p.d.f value is less than zero (-0.000186), forcing value to zero
 server values: !refCoefNorm=(ctau3DErr = 0.0195653,ctau3D = -4), !pdfs=(pdfCTAUDSS = 9.06252e-109/1,pdfCTAUDF = 0.0186321/1), !coefficients=(fDFSS = 1.00999 +/- 0.00836444)
[#0] ERROR:Eval -- RooAbsReal::logEvalError(pdfCTAU1) evaluation error, 
 origin       : RooAddPdf::pdfCTAU1[ fDFSS * pdfCTAUDSS + [%] * pdfCTAUDF ]
 message      : p.d.f value is less than zero (-0.000186), forcing value to zero
 server values: !refCoefNorm=(ctau3DErr = 0.0198124,ctau3D = -4), !pdfs=(pdfCTAUDSS = 3.39189e-106/1,pdfCTAUDF = 0.0186322/1), !coefficients=(fDFSS = 1.00999 +/- 0.00836444)
[#0] ERROR:Eval -- RooAbsReal::logEvalError(pdfCTAU1) evaluation error, 
 origin       : RooAddPdf::pdfCTAU1[ fDFSS * pdfCTAUDSS + [%] * pdfCTAUDF ]
 message      : p.d.f value is less than zero (-0.000186), forcing value to zero
 server values: !refCoefNorm=(ctau3DErr = 0.0200594,ctau3D = -4), !pdfs=(pdfCTAUDSS = 1.02143e-103/1,pdfCTAUDF = 0.0186323/1), !coefficients=(fDFSS = 1.00999 +/- 0.00836444)
[#0] ERROR:Eval -- RooAbsReal::logEvalError(pdfCTAU1) evaluation error, 
 origin       : RooAddPdf::pdfCTAU1[ fDFSS * pdfCTAUDSS + [%] * pdfCTAUDF ]
 message      : p.d.f value is less than zero (-0.000186), forcing value to zero
 server values: !refCoefNorm=(ctau3DErr = 0.0203064,ctau3D = -4), !pdfs=(pdfCTAUDSS = 2.501e-101/1,pdfCTAUDF = 0.0186323/1), !coefficients=(fDFSS = 1.00999 +/- 0.00836444)
[#0] ERROR:Eval -- RooAbsReal::logEvalError(pdfCTAU1) evaluation error, 
 origin       : RooAddPdf::pdfCTAU1[ fDFSS * pdfCTAUDSS + [%] * pdfCTAUDF ]
 message      : p.d.f value is less than zero (-0.000186), forcing value to zero
 server values: !refCoefNorm=(ctau3DErr = 0.0205535,ctau3D = -4), !pdfs=(pdfCTAUDSS = 5.02869e-99/1,pdfCTAUDF = 0.0186324/1), !coefficients=(fDFSS = 1.00999 +/- 0.00836444)
[#0] ERROR:Eval -- RooAbsReal::logEvalError(pdfCTAU1) evaluation error, 
 origin       : RooAddPdf::pdfCTAU1[ fDFSS * pdfCTAUDSS + [%] * pdfCTAUDF ]
 message      : p.d.f value is less than zero (-0.000186), forcing value to zero
 server values: !refCoefNorm=(ctau3DErr = 0.0208005,ctau3D = -4), !pdfs=(pdfCTAUDSS = 8.38055e-97/1,pdfCTAUDF = 0.0186325/1), !coefficients=(fDFSS = 1.00999 +/- 0.00836444)
[#0] ERROR:Eval -- RooAbsReal::logEvalError(pdfCTAU1) evaluation error, 
 origin       : RooAddPdf::pdfCTAU1[ fDFSS * pdfCTAUDSS + [%] * pdfCTAUDF ]
 message      : p.d.f value is less than zero (-0.000186), forcing value to zero
 server values: !refCoefNorm=(ctau3DErr = 0.0210475,ctau3D = -4), !pdfs=(pdfCTAUDSS = 1.16781e-94/1,pdfCTAUDF = 0.0186326/1), !coefficients=(fDFSS = 1.00999 +/- 0.00836444)
[#0] ERROR:Eval -- RooAbsReal::logEvalError(pdfCTAU1) evaluation error, 
 origin       : RooAddPdf::pdfCTAU1[ fDFSS * pdfCTAUDSS + [%] * pdfCTAUDF ]
 message      : p.d.f value is less than zero (-0.000186), forcing value to zero
 server values: !refCoefNorm=(ctau3DErr = 0.0212946,ctau3D = -4), !pdfs=(pdfCTAUDSS = 1.37194e-92/1,pdfCTAUDF = 0.0186327/1), !coefficients=(fDFSS = 1.00999 +/- 0.00836444)
Info in <TCanvas::Print>: pdf file figs/2DFit_No_Weight/CtauBkg/Bkg_pt30.0-40.0_y0.0-1.6_muPt0.0_centrality0-180_PRw_Effw0_Accw0_PtW0_TnP0.pdf has been created

  RooFitResult: minimized FCN value: -149.829, estimated distance to minimum: 3.14142e+17
                covariance matrix quality: Unknown, matrix was externally provided
                Status : MINIMIZE=-1 HESSE=4 HESSE=4 

    Floating Parameter    FinalValue +/-  Error   
  --------------------  --------------------------
                 N_Bkg    4.5138e+01 +/-  2.60e-02
                 b_Bkg    7.3358e-01 +/-  4.86e-02
                 fDF12    9.9653e-01 +/-  1.44e-05
                 fDFSS    1.0100e+00 +/-  8.36e-03
                 fDLIV    9.9998e-01 +/-  1.15e-04
                fDSS12    2.2191e-02 +/-  6.56e+03
         lambdaDDS_Bkg    3.9987e-01 +/-  1.03e-03
         lambdaDF_Bkg1    9.9957e-01 +/-  2.17e+01
         lambdaDF_Bkg2    9.7813e-01 +/-  3.07e-04
        lambdaDSS_Bkg1    5.7120e-04 +/-  5.19e+02
        lambdaDSS_Bkg2    3.5470e-01 +/-  9.08e+02

RooDataSet::dataw_Bkg[ctau3DErr,ctau3DRes,ctau3D,mass,weight:N_Bkg_sw] = 97 entries (45.1005 weighted)

###### Fit Convergence Check ######
Hesse: 4	 edm: 3.14142e+17	 mll: -149.829
[31m[Stuck] fDFSS [0m // Final Value : 1.00999 (0.001 ~ 1.01)

[31m[Stuck] fDLIV [0m // Final Value : 0.999976 (0.001 ~ 1)

[31m[Stuck] fDSS12 [0m // Final Value : 0.022191 (1e-06 ~ 1)

[31m[Stuck] lambdaDF_Bkg1 [0m // Final Value : 0.999575 (0.0001 ~ 1)

[31m[Stuck] lambdaDSS_Bkg1 [0m // Final Value : 0.000571198 (0.0001 ~ 1)

[31m[Stuck] lambdaDSS_Bkg2 [0m // Final Value : 0.354698 (0.0001 ~ 1)

RealTime=19.544635 seconds, CpuTime=8.380000 seconds
# STAGE: ctauBkg
# CMD: /opt/conda/envs/root618/bin/root -l -b -q 'CtauBkg_2exp.C(30,40,0,1.6,0,180)'

