
Processing Final2DFit.C(3,40,1.6,2.4,100,180)...

[1mRooFit v3.60 -- Developed by Wouter Verkerke and David Kirkby[0m 
                Copyright (C) 2000-2013 NIKHEF, University of California & Stanford University
                All rights reserved, please read http://roofit.sourceforge.net/license.txt

pt: 3 - 40, y: 1.6 - 2.4, Cent: 50 - 90%
CtauErr Min: 0.0108009, Max: 0.1332
####################################
[#0] ERROR:InputArguments -- RooArgSet::checkForDup: ERROR argument with name weight is already in this set
RooRealVar::mass = 2.75648  L(2.6 - 3.5) // [GeV/c^{2}]
RooRealVar::ctau3D = 0.27907  L(-4 - 6.5) // [mm]
RooRealVar::ctau3DErr = 0.04715  L(0.0108009 - 0.1332) // [mm]
RooRealVar::ctau3DRes = 5.91877  L(-10 - 10) 
[INFO] Constraining N_Bkg with Mean : 10422.1 and Sigma: 154.79
[INFO] Constraining N_Jpsi with Mean : 17396.8 and Sigma: 175.879
0.0320899
1.04677: 27819/26576
##############START TOTAL CTAU FIT############
 **********
 **    1 **SET PRINT           3
 **********
 **********
 **    2 **SET NOGRAD
 **********
 PARAMETER DEFINITIONS:
    NO.   NAME         VALUE      STEP SIZE      LIMITS
     1 b_Jpsi       5.20000e-01  1.00000e-01    1.00000e-08  1.00000e+00
 **********
 **    3 **SET ERR         0.5
 **********
 **********
 **    4 **SET PRINT           3
 **********
 **********
 **    5 **SET STR           1
 **********
 NOW USING STRATEGY  1: TRY TO BALANCE SPEED AGAINST RELIABILITY
 **********
 **    6 **MIGRAD         500           1
 **********
 FIRST CALL TO USER FUNCTION AT NEW START POINT, WITH IFLAG=4.
[#0] ERROR:Tracing -- RooGaussModel::getVal(ctauRes1_conv_exp(-@0/@1)_ctau3D_lambdaDSS_Bkg1_[pdfCTAUDSS1]) got nan during case 1 
[#0] ERROR:Tracing -- RooGaussModel::getVal(ctauRes1_conv_exp(-@0/@1)_ctau3D_lambdaDSS_Bkg1_[pdfCTAUDSS1]) got nan during case 1 
[#0] ERROR:Tracing -- RooGaussModel::getVal(ctauRes3_conv_exp(-@0/@1)_ctau3D_lambdaDSS_Bkg1_[pdfCTAUDSS1]) got nan during case 1 
[#0] ERROR:Tracing -- RooGaussModel::getVal(ctauRes2_conv_exp(-@0/@1)_ctau3D_lambdaDSS_Bkg1_[pdfCTAUDSS1]) got nan during case 1 
[#0] ERROR:Tracing -- RooGaussModel::getVal(ctauRes3_conv_exp(-@0/@1)_ctau3D_lambdaDSS_Bkg1_[pdfCTAUDSS1]) got nan during case 1 
[#0] ERROR:Tracing -- RooGaussModel::getVal(ctauRes1_conv_exp(-@0/@1)_ctau3D_lambdaDSS_Bkg1_[pdfCTAUDSS1]) got nan during case 1 
[#0] ERROR:Tracing -- RooGaussModel::getVal(ctauRes2_conv_exp(-@0/@1)_ctau3D_lambdaDSS_Bkg1_[pdfCTAUDSS1]) got nan during case 1 
[#0] ERROR:Tracing -- RooGaussModel::getVal(ctauRes3_conv_exp(-@0/@1)_ctau3D_lambdaDSS_Bkg1_[pdfCTAUDSS1]) got nan during case 1 
[#0] ERROR:Tracing -- RooGaussModel::getVal(ctauRes1_conv_exp(-@0/@1)_ctau3D_lambdaDSS_Bkg1_[pdfCTAUDSS1]) got nan during case 1 
[#0] ERROR:Tracing -- RooGaussModel::getVal(ctauRes2_conv_exp(-@0/@1)_ctau3D_lambdaDSS_Bkg1_[pdfCTAUDSS1]) got nan during case 1 
[#0] ERROR:Tracing -- RooGaussModel::getVal(ctauRes3_conv_exp(-@0/@1)_ctau3D_lambdaDSS_Bkg1_[pdfCTAUDSS1]) got nan during case 1 
[#0] ERROR:Tracing -- RooGaussModel::getVal(ctauRes2_conv_exp(-@0/@1)_ctau3D_lambdaDSS_Bkg1_[pdfCTAUDSS1]) got nan during case 1 
[#0] ERROR:Tracing -- RooGaussModel::getVal(ctauRes1_conv_exp(-@0/@1)_ctau3D_lambdaDSS_Bkg1_[pdfCTAUDSS1]) got nan during case 1 
[#0] ERROR:Tracing -- RooGaussModel::getVal(ctauRes1_conv_exp(-@0/@1)_ctau3D_lambdaDSS_Bkg1_[pdfCTAUDSS1]) got nan during case 1 
[#0] ERROR:Tracing -- RooGaussModel::getVal(ctauRes3_conv_exp(-@0/@1)_ctau3D_lambdaDSS_Bkg1_[pdfCTAUDSS1]) got nan during case 1 
[#0] ERROR:Tracing -- RooGaussModel::getVal(ctauRes3_conv_exp(-@0/@1)_ctau3D_lambdaDSS_Bkg1_[pdfCTAUDSS1]) got nan during case 1 
[#0] ERROR:Tracing -- RooGaussModel::getVal(ctauRes2_conv_exp(-@0/@1)_ctau3D_lambdaDSS_Bkg1_[pdfCTAUDSS1]) got nan during case 1 
[#0] ERROR:Tracing -- RooGaussModel::getVal(ctauRes2_conv_exp(-@0/@1)_ctau3D_lambdaDSS_Bkg1_[pdfCTAUDSS1]) got nan during case 1 
[#0] ERROR:Tracing -- RooGaussModel::getVal(ctauRes1_conv_exp(-@0/@1)_ctau3D_lambdaDSS_Bkg1_[pdfCTAUDSS1]) got nan during case 1 
[#0] ERROR:Tracing -- RooGaussModel::getVal(ctauRes1_conv_exp(-@0/@1)_ctau3D_lambdaDSS_Bkg1_[pdfCTAUDSS1]) got nan during case 1 
[#0] ERROR:Tracing -- RooGaussModel::getVal(ctauRes3_conv_exp(-@0/@1)_ctau3D_lambdaDSS_Bkg1_[pdfCTAUDSS1]) got nan during case 1 
[#0] ERROR:Tracing -- RooGaussModel::getVal(ctauRes3_conv_exp(-@0/@1)_ctau3D_lambdaDSS_Bkg1_[pdfCTAUDSS1]) got nan during case 1 
[#0] ERROR:Tracing -- RooGaussModel::getVal(ctauRes2_conv_exp(-@0/@1)_ctau3D_lambdaDSS_Bkg1_[pdfCTAUDSS1]) got nan during case 1 
[#0] ERROR:Tracing -- RooGaussModel::getVal(ctauRes2_conv_exp(-@0/@1)_ctau3D_lambdaDSS_Bkg1_[pdfCTAUDSS1]) got nan during case 1 
[#0] ERROR:Tracing -- RooGaussModel::getVal(ctauRes1_conv_exp(-@0/@1)_ctau3D_lambdaDSS_Bkg2_[pdfCTAUDSS2]) got nan during case 1 
[#0] ERROR:Tracing -- RooGaussModel::getVal(ctauRes1_conv_exp(-@0/@1)_ctau3D_lambdaDSS_Bkg2_[pdfCTAUDSS2]) got nan during case 1 
[#0] ERROR:Tracing -- RooGaussModel::getVal(ctauRes3_conv_exp(-@0/@1)_ctau3D_lambdaDSS_Bkg2_[pdfCTAUDSS2]) got nan during case 1 
[#0] ERROR:Tracing -- RooGaussModel::getVal(ctauRes3_conv_exp(-@0/@1)_ctau3D_lambdaDSS_Bkg2_[pdfCTAUDSS2]) got nan during case 1 
[#0] ERROR:Tracing -- RooGaussModel::getVal(ctauRes2_conv_exp(-@0/@1)_ctau3D_lambdaDSS_Bkg2_[pdfCTAUDSS2]) got nan during case 1 
[#0] ERROR:Tracing -- RooGaussModel::getVal(ctauRes2_conv_exp(-@0/@1)_ctau3D_lambdaDSS_Bkg2_[pdfCTAUDSS2]) got nan during case 1 
[#0] ERROR:Tracing -- RooGaussModel::getVal(ctauRes1_conv_exp(-@0/@1)_ctau3D_lambdaDSS_Bkg2_[pdfCTAUDSS2]) got nan during case 1 
[#0] ERROR:Tracing -- RooGaussModel::getVal(ctauRes1_conv_exp(-@0/@1)_ctau3D_lambdaDSS_Bkg2_[pdfCTAUDSS2]) got nan during case 1 
[#0] ERROR:Tracing -- RooGaussModel::getVal(ctauRes3_conv_exp(-@0/@1)_ctau3D_lambdaDSS_Bkg2_[pdfCTAUDSS2]) got nan during case 1 
[#0] ERROR:Tracing -- RooGaussModel::getVal(ctauRes3_conv_exp(-@0/@1)_ctau3D_lambdaDSS_Bkg2_[pdfCTAUDSS2]) got nan during case 1 
[#0] ERROR:Tracing -- RooGaussModel::getVal(ctauRes2_conv_exp(-@0/@1)_ctau3D_lambdaDSS_Bkg2_[pdfCTAUDSS2]) got nan during case 1 
[#0] ERROR:Tracing -- RooGaussModel::getVal(ctauRes2_conv_exp(-@0/@1)_ctau3D_lambdaDSS_Bkg2_[pdfCTAUDSS2]) got nan during case 1 
[#0] ERROR:Tracing -- RooGaussModel::getVal(ctauRes1_conv_exp(-@0/@1)_ctau3D_lambdaDSS_Bkg2_[pdfCTAUDSS2]) got nan during case 1 
[#0] ERROR:Tracing -- RooGaussModel::getVal(ctauRes1_conv_exp(-@0/@1)_ctau3D_lambdaDSS_Bkg2_[pdfCTAUDSS2]) got nan during case 1 
[#0] ERROR:Tracing -- RooGaussModel::getVal(ctauRes3_conv_exp(-@0/@1)_ctau3D_lambdaDSS_Bkg2_[pdfCTAUDSS2]) got nan during case 1 
[#0] ERROR:Tracing -- RooGaussModel::getVal(ctauRes3_conv_exp(-@0/@1)_ctau3D_lambdaDSS_Bkg2_[pdfCTAUDSS2]) got nan during case 1 
[#0] ERROR:Tracing -- RooGaussModel::getVal(ctauRes2_conv_exp(-@0/@1)_ctau3D_lambdaDSS_Bkg2_[pdfCTAUDSS2]) got nan during case 1 
[#0] ERROR:Tracing -- RooGaussModel::getVal(ctauRes2_conv_exp(-@0/@1)_ctau3D_lambdaDSS_Bkg2_[pdfCTAUDSS2]) got nan during case 1 
[#0] ERROR:Tracing -- RooGaussModel::getVal(ctauRes1_conv_exp(-@0/@1)_ctau3D_lambdaDSS_Bkg2_[pdfCTAUDSS2]) got nan during case 1 
[#0] ERROR:Tracing -- RooGaussModel::getVal(ctauRes1_conv_exp(-@0/@1)_ctau3D_lambdaDSS_Bkg2_[pdfCTAUDSS2]) got nan during case 1 
[#0] ERROR:Tracing -- RooGaussModel::getVal(ctauRes3_conv_exp(-@0/@1)_ctau3D_lambdaDSS_Bkg2_[pdfCTAUDSS2]) got nan during case 1 
[#0] ERROR:Tracing -- RooGaussModel::getVal(ctauRes3_conv_exp(-@0/@1)_ctau3D_lambdaDSS_Bkg2_[pdfCTAUDSS2]) got nan during case 1 
[#0] ERROR:Tracing -- RooGaussModel::getVal(ctauRes2_conv_exp(-@0/@1)_ctau3D_lambdaDSS_Bkg2_[pdfCTAUDSS2]) got nan during case 1 
[#0] ERROR:Tracing -- RooGaussModel::getVal(ctauRes2_conv_exp(-@0/@1)_ctau3D_lambdaDSS_Bkg2_[pdfCTAUDSS2]) got nan during case 1 
[#0] ERROR:Tracing -- RooGaussModel::getVal(ctauRes1_conv_exp(@0/@1)_ctau3D_lambdaDF_Bkg1_[pdfCTAUDF1]) got nan during case 1 
[#0] ERROR:Tracing -- RooGaussModel::getVal(ctauRes1_conv_exp(@0/@1)_ctau3D_lambdaDF_Bkg1_[pdfCTAUDF1]) got nan during case 1 
[#0] ERROR:Tracing -- RooGaussModel::getVal(ctauRes3_conv_exp(@0/@1)_ctau3D_lambdaDF_Bkg1_[pdfCTAUDF1]) got nan during case 1 
[#0] ERROR:Tracing -- RooGaussModel::getVal(ctauRes3_conv_exp(@0/@1)_ctau3D_lambdaDF_Bkg1_[pdfCTAUDF1]) got nan during case 1 
[#0] ERROR:Tracing -- RooGaussModel::getVal(ctauRes2_conv_exp(@0/@1)_ctau3D_lambdaDF_Bkg1_[pdfCTAUDF1]) got nan during case 1 
[#0] ERROR:Tracing -- RooGaussModel::getVal(ctauRes2_conv_exp(@0/@1)_ctau3D_lambdaDF_Bkg1_[pdfCTAUDF1]) got nan during case 1 
[#0] ERROR:Tracing -- RooGaussModel::getVal(ctauRes1_conv_exp(@0/@1)_ctau3D_lambdaDF_Bkg1_[pdfCTAUDF1]) got nan during case 1 
[#0] ERROR:Tracing -- RooGaussModel::getVal(ctauRes1_conv_exp(@0/@1)_ctau3D_lambdaDF_Bkg1_[pdfCTAUDF1]) got nan during case 1 
[#0] ERROR:Tracing -- RooGaussModel::getVal(ctauRes3_conv_exp(@0/@1)_ctau3D_lambdaDF_Bkg1_[pdfCTAUDF1]) got nan during case 1 
[#0] ERROR:Tracing -- RooGaussModel::getVal(ctauRes3_conv_exp(@0/@1)_ctau3D_lambdaDF_Bkg1_[pdfCTAUDF1]) got nan during case 1 
[#0] ERROR:Tracing -- RooGaussModel::getVal(ctauRes2_conv_exp(@0/@1)_ctau3D_lambdaDF_Bkg1_[pdfCTAUDF1]) got nan during case 1 
[#0] ERROR:Tracing -- RooGaussModel::getVal(ctauRes2_conv_exp(@0/@1)_ctau3D_lambdaDF_Bkg1_[pdfCTAUDF1]) got nan during case 1 
[#0] ERROR:Tracing -- RooGaussModel::getVal(ctauRes1_conv_exp(@0/@1)_ctau3D_lambdaDF_Bkg1_[pdfCTAUDF1]) got nan during case 1 
[#0] ERROR:Tracing -- RooGaussModel::getVal(ctauRes1_conv_exp(@0/@1)_ctau3D_lambdaDF_Bkg1_[pdfCTAUDF1]) got nan during case 1 
[#0] ERROR:Tracing -- RooGaussModel::getVal(ctauRes3_conv_exp(@0/@1)_ctau3D_lambdaDF_Bkg1_[pdfCTAUDF1]) got nan during case 1 
[#0] ERROR:Tracing -- RooGaussModel::getVal(ctauRes3_conv_exp(@0/@1)_ctau3D_lambdaDF_Bkg1_[pdfCTAUDF1]) got nan during case 1 
[#0] ERROR:Tracing -- RooGaussModel::getVal(ctauRes2_conv_exp(@0/@1)_ctau3D_lambdaDF_Bkg1_[pdfCTAUDF1]) got nan during case 1 
[#0] ERROR:Tracing -- RooGaussModel::getVal(ctauRes2_conv_exp(@0/@1)_ctau3D_lambdaDF_Bkg1_[pdfCTAUDF1]) got nan during case 1 
[#0] ERROR:Tracing -- RooGaussModel::getVal(ctauRes1_conv_exp(@0/@1)_ctau3D_lambdaDF_Bkg1_[pdfCTAUDF1]) got nan during case 1 
[#0] ERROR:Tracing -- RooGaussModel::getVal(ctauRes1_conv_exp(@0/@1)_ctau3D_lambdaDF_Bkg1_[pdfCTAUDF1]) got nan during case 1 
[#0] ERROR:Tracing -- RooGaussModel::getVal(ctauRes3_conv_exp(@0/@1)_ctau3D_lambdaDF_Bkg1_[pdfCTAUDF1]) got nan during case 1 
[#0] ERROR:Tracing -- RooGaussModel::getVal(ctauRes3_conv_exp(@0/@1)_ctau3D_lambdaDF_Bkg1_[pdfCTAUDF1]) got nan during case 1 
[#0] ERROR:Tracing -- RooGaussModel::getVal(ctauRes2_conv_exp(@0/@1)_ctau3D_lambdaDF_Bkg1_[pdfCTAUDF1]) got nan during case 1 
[#0] ERROR:Tracing -- RooGaussModel::getVal(ctauRes2_conv_exp(@0/@1)_ctau3D_lambdaDF_Bkg1_[pdfCTAUDF1]) got nan during case 1 
[#0] ERROR:Tracing -- RooGaussModel::getVal(ctauRes1_conv_exp(@0/@1)_ctau3D_lambdaDF_Bkg2_[pdfCTAUDF2]) got nan during case 1 
[#0] ERROR:Tracing -- RooGaussModel::getVal(ctauRes1_conv_exp(@0/@1)_ctau3D_lambdaDF_Bkg2_[pdfCTAUDF2]) got nan during case 1 
[#0] ERROR:Tracing -- RooGaussModel::getVal(ctauRes3_conv_exp(@0/@1)_ctau3D_lambdaDF_Bkg2_[pdfCTAUDF2]) got nan during case 1 
[#0] ERROR:Tracing -- RooGaussModel::getVal(ctauRes3_conv_exp(@0/@1)_ctau3D_lambdaDF_Bkg2_[pdfCTAUDF2]) got nan during case 1 
[#0] ERROR:Tracing -- RooGaussModel::getVal(ctauRes2_conv_exp(@0/@1)_ctau3D_lambdaDF_Bkg2_[pdfCTAUDF2]) got nan during case 1 
[#0] ERROR:Tracing -- RooGaussModel::getVal(ctauRes2_conv_exp(@0/@1)_ctau3D_lambdaDF_Bkg2_[pdfCTAUDF2]) got nan during case 1 
[#0] ERROR:Tracing -- RooGaussModel::getVal(ctauRes1_conv_exp(@0/@1)_ctau3D_lambdaDF_Bkg2_[pdfCTAUDF2]) got nan during case 1 
[#0] ERROR:Tracing -- RooGaussModel::getVal(ctauRes1_conv_exp(@0/@1)_ctau3D_lambdaDF_Bkg2_[pdfCTAUDF2]) got nan during case 1 
[#0] ERROR:Tracing -- RooGaussModel::getVal(ctauRes3_conv_exp(@0/@1)_ctau3D_lambdaDF_Bkg2_[pdfCTAUDF2]) got nan during case 1 
[#0] ERROR:Tracing -- RooGaussModel::getVal(ctauRes3_conv_exp(@0/@1)_ctau3D_lambdaDF_Bkg2_[pdfCTAUDF2]) got nan during case 1 
[#0] ERROR:Tracing -- RooGaussModel::getVal(ctauRes2_conv_exp(@0/@1)_ctau3D_lambdaDF_Bkg2_[pdfCTAUDF2]) got nan during case 1 
[#0] ERROR:Tracing -- RooGaussModel::getVal(ctauRes2_conv_exp(@0/@1)_ctau3D_lambdaDF_Bkg2_[pdfCTAUDF2]) got nan during case 1 
[#0] ERROR:Tracing -- RooGaussModel::getVal(ctauRes1_conv_exp(@0/@1)_ctau3D_lambdaDF_Bkg2_[pdfCTAUDF2]) got nan during case 1 
[#0] ERROR:Tracing -- RooGaussModel::getVal(ctauRes3_conv_exp(@0/@1)_ctau3D_lambdaDF_Bkg2_[pdfCTAUDF2]) got nan during case 1 
[#0] ERROR:Tracing -- RooGaussModel::getVal(ctauRes1_conv_exp(@0/@1)_ctau3D_lambdaDF_Bkg2_[pdfCTAUDF2]) got nan during case 1 
[#0] ERROR:Tracing -- RooGaussModel::getVal(ctauRes2_conv_exp(@0/@1)_ctau3D_lambdaDF_Bkg2_[pdfCTAUDF2]) got nan during case 1 
[#0] ERROR:Tracing -- RooGaussModel::getVal(ctauRes3_conv_exp(@0/@1)_ctau3D_lambdaDF_Bkg2_[pdfCTAUDF2]) got nan during case 1 
[#0] ERROR:Tracing -- RooGaussModel::getVal(ctauRes1_conv_exp(@0/@1)_ctau3D_lambdaDF_Bkg2_[pdfCTAUDF2]) got nan during case 1 
[#0] ERROR:Tracing -- RooGaussModel::getVal(ctauRes2_conv_exp(@0/@1)_ctau3D_lambdaDF_Bkg2_[pdfCTAUDF2]) got nan during case 1 
[#0] ERROR:Tracing -- RooGaussModel::getVal(ctauRes3_conv_exp(@0/@1)_ctau3D_lambdaDF_Bkg2_[pdfCTAUDF2]) got nan during case 1 
[#0] ERROR:Tracing -- RooGaussModel::getVal(ctauRes1_conv_exp(@0/@1)_ctau3D_lambdaDF_Bkg2_[pdfCTAUDF2]) got nan during case 1 
[#0] ERROR:Tracing -- RooGaussModel::getVal(ctauRes2_conv_exp(@0/@1)_ctau3D_lambdaDF_Bkg2_[pdfCTAUDF2]) got nan during case 1 
[#0] ERROR:Tracing -- RooGaussModel::getVal(ctauRes3_conv_exp(@0/@1)_ctau3D_lambdaDF_Bkg2_[pdfCTAUDF2]) got nan during case 1 
[#0] ERROR:Tracing -- RooGaussModel::getVal(ctauRes2_conv_exp(@0/@1)_ctau3D_lambdaDF_Bkg2_[pdfCTAUDF2]) got nan during case 1 
[#0] ERROR:Tracing -- RooGaussModel::getVal(ctauRes1_conv_exp(-abs(@0)/@1)_ctau3D_lambdaDDS_Bkg_[pdfCTAUDDS]) got nan during case 1 
[#0] ERROR:Tracing -- RooGaussModel::getVal(ctauRes1_conv_exp(-abs(@0)/@1)_ctau3D_lambdaDDS_Bkg_[pdfCTAUDDS]) got nan during case 1 
[#0] ERROR:Tracing -- RooGaussModel::getVal(ctauRes3_conv_exp(-abs(@0)/@1)_ctau3D_lambdaDDS_Bkg_[pdfCTAUDDS]) got nan during case 1 
[#0] ERROR:Tracing -- RooGaussModel::getVal(ctauRes3_conv_exp(-abs(@0)/@1)_ctau3D_lambdaDDS_Bkg_[pdfCTAUDDS]) got nan during case 1 
[#0] ERROR:Tracing -- RooGaussModel::getVal(ctauRes2_conv_exp(-abs(@0)/@1)_ctau3D_lambdaDDS_Bkg_[pdfCTAUDDS]) got nan during case 1 
[#0] ERROR:Tracing -- RooGaussModel::getVal(ctauRes2_conv_exp(-abs(@0)/@1)_ctau3D_lambdaDDS_Bkg_[pdfCTAUDDS]) got nan during case 1 
[#0] ERROR:Tracing -- RooGaussModel::getVal(ctauRes1_conv_exp(-abs(@0)/@1)_ctau3D_lambdaDDS_Bkg_[pdfCTAUDDS]) got nan during case 1 
[#0] ERROR:Tracing -- RooGaussModel::getVal(ctauRes1_conv_exp(-abs(@0)/@1)_ctau3D_lambdaDDS_Bkg_[pdfCTAUDDS]) got nan during case 1 
[#0] ERROR:Tracing -- RooGaussModel::getVal(ctauRes3_conv_exp(-abs(@0)/@1)_ctau3D_lambdaDDS_Bkg_[pdfCTAUDDS]) got nan during case 1 
[#0] ERROR:Tracing -- RooGaussModel::getVal(ctauRes3_conv_exp(-abs(@0)/@1)_ctau3D_lambdaDDS_Bkg_[pdfCTAUDDS]) got nan during case 1 
[#0] ERROR:Tracing -- RooGaussModel::getVal(ctauRes2_conv_exp(-abs(@0)/@1)_ctau3D_lambdaDDS_Bkg_[pdfCTAUDDS]) got nan during case 1 
[#0] ERROR:Tracing -- RooGaussModel::getVal(ctauRes2_conv_exp(-abs(@0)/@1)_ctau3D_lambdaDDS_Bkg_[pdfCTAUDDS]) got nan during case 1 
[#0] ERROR:Tracing -- RooGaussModel::getVal(ctauRes1_conv_exp(-abs(@0)/@1)_ctau3D_lambdaDDS_Bkg_[pdfCTAUDDS]) got nan during case 1 
[#0] ERROR:Tracing -- RooGaussModel::getVal(ctauRes1_conv_exp(-abs(@0)/@1)_ctau3D_lambdaDDS_Bkg_[pdfCTAUDDS]) got nan during case 1 
[#0] ERROR:Tracing -- RooGaussModel::getVal(ctauRes3_conv_exp(-abs(@0)/@1)_ctau3D_lambdaDDS_Bkg_[pdfCTAUDDS]) got nan during case 1 
[#0] ERROR:Tracing -- RooGaussModel::getVal(ctauRes3_conv_exp(-abs(@0)/@1)_ctau3D_lambdaDDS_Bkg_[pdfCTAUDDS]) got nan during case 1 
[#0] ERROR:Tracing -- RooGaussModel::getVal(ctauRes2_conv_exp(-abs(@0)/@1)_ctau3D_lambdaDDS_Bkg_[pdfCTAUDDS]) got nan during case 1 
[#0] ERROR:Tracing -- RooGaussModel::getVal(ctauRes2_conv_exp(-abs(@0)/@1)_ctau3D_lambdaDDS_Bkg_[pdfCTAUDDS]) got nan during case 1 
[#0] ERROR:Tracing -- RooGaussModel::getVal(ctauRes1_conv_exp(-abs(@0)/@1)_ctau3D_lambdaDDS_Bkg_[pdfCTAUDDS]) got nan during case 1 
[#0] ERROR:Tracing -- RooGaussModel::getVal(ctauRes1_conv_exp(-abs(@0)/@1)_ctau3D_lambdaDDS_Bkg_[pdfCTAUDDS]) got nan during case 1 
[#0] ERROR:Tracing -- RooGaussModel::getVal(ctauRes3_conv_exp(-abs(@0)/@1)_ctau3D_lambdaDDS_Bkg_[pdfCTAUDDS]) got nan during case 1 
[#0] ERROR:Tracing -- RooGaussModel::getVal(ctauRes3_conv_exp(-abs(@0)/@1)_ctau3D_lambdaDDS_Bkg_[pdfCTAUDDS]) got nan during case 1 
[#0] ERROR:Tracing -- RooGaussModel::getVal(ctauRes2_conv_exp(-abs(@0)/@1)_ctau3D_lambdaDDS_Bkg_[pdfCTAUDDS]) got nan during case 1 
[#0] ERROR:Tracing -- RooGaussModel::getVal(ctauRes2_conv_exp(-abs(@0)/@1)_ctau3D_lambdaDDS_Bkg_[pdfCTAUDDS]) got nan during case 1 
[#0] ERROR:Tracing -- RooGaussModel::getVal(ctauRes1_conv_exp(-@0/@1)_ctau3D_lambdaDSS_test1_[pdfCTAUTRUE_test1]) got nan during case 1 
[#0] ERROR:Tracing -- RooGaussModel::getVal(ctauRes1_conv_exp(-@0/@1)_ctau3D_lambdaDSS_test1_[pdfCTAUTRUE_test1]) got nan during case 1 
[#0] ERROR:Tracing -- RooGaussModel::getVal(ctauRes3_conv_exp(-@0/@1)_ctau3D_lambdaDSS_test1_[pdfCTAUTRUE_test1]) got nan during case 1 
[#0] ERROR:Tracing -- RooGaussModel::getVal(ctauRes3_conv_exp(-@0/@1)_ctau3D_lambdaDSS_test1_[pdfCTAUTRUE_test1]) got nan during case 1 
[#0] ERROR:Tracing -- RooGaussModel::getVal(ctauRes2_conv_exp(-@0/@1)_ctau3D_lambdaDSS_test1_[pdfCTAUTRUE_test1]) got nan during case 1 
[#0] ERROR:Tracing -- RooGaussModel::getVal(ctauRes2_conv_exp(-@0/@1)_ctau3D_lambdaDSS_test1_[pdfCTAUTRUE_test1]) got nan during case 1 
[#0] ERROR:Tracing -- RooGaussModel::getVal(ctauRes1_conv_exp(-@0/@1)_ctau3D_lambdaDSS_test1_[pdfCTAUTRUE_test1]) got nan during case 1 
[#0] ERROR:Tracing -- RooGaussModel::getVal(ctauRes1_conv_exp(-@0/@1)_ctau3D_lambdaDSS_test1_[pdfCTAUTRUE_test1]) got nan during case 1 
[#0] ERROR:Tracing -- RooGaussModel::getVal(ctauRes3_conv_exp(-@0/@1)_ctau3D_lambdaDSS_test1_[pdfCTAUTRUE_test1]) got nan during case 1 
[#0] ERROR:Tracing -- RooGaussModel::getVal(ctauRes3_conv_exp(-@0/@1)_ctau3D_lambdaDSS_test1_[pdfCTAUTRUE_test1]) got nan during case 1 
[#0] ERROR:Tracing -- RooGaussModel::getVal(ctauRes2_conv_exp(-@0/@1)_ctau3D_lambdaDSS_test1_[pdfCTAUTRUE_test1]) got nan during case 1 
[#0] ERROR:Tracing -- RooGaussModel::getVal(ctauRes2_conv_exp(-@0/@1)_ctau3D_lambdaDSS_test1_[pdfCTAUTRUE_test1]) got nan during case 1 
[#0] ERROR:Tracing -- RooGaussModel::getVal(ctauRes1_conv_exp(-@0/@1)_ctau3D_lambdaDSS_test1_[pdfCTAUTRUE_test1]) got nan during case 1 
[#0] ERROR:Tracing -- RooGaussModel::getVal(ctauRes1_conv_exp(-@0/@1)_ctau3D_lambdaDSS_test1_[pdfCTAUTRUE_test1]) got nan during case 1 
[#0] ERROR:Tracing -- RooGaussModel::getVal(ctauRes3_conv_exp(-@0/@1)_ctau3D_lambdaDSS_test1_[pdfCTAUTRUE_test1]) got nan during case 1 
[#0] ERROR:Tracing -- RooGaussModel::getVal(ctauRes3_conv_exp(-@0/@1)_ctau3D_lambdaDSS_test1_[pdfCTAUTRUE_test1]) got nan during case 1 
[#0] ERROR:Tracing -- RooGaussModel::getVal(ctauRes2_conv_exp(-@0/@1)_ctau3D_lambdaDSS_test1_[pdfCTAUTRUE_test1]) got nan during case 1 
[#0] ERROR:Tracing -- RooGaussModel::getVal(ctauRes2_conv_exp(-@0/@1)_ctau3D_lambdaDSS_test1_[pdfCTAUTRUE_test1]) got nan during case 1 
[#0] ERROR:Tracing -- RooGaussModel::getVal(ctauRes1_conv_exp(-@0/@1)_ctau3D_lambdaDSS_test1_[pdfCTAUTRUE_test1]) got nan during case 1 
[#0] ERROR:Tracing -- RooGaussModel::getVal(ctauRes1_conv_exp(-@0/@1)_ctau3D_lambdaDSS_test1_[pdfCTAUTRUE_test1]) got nan during case 1 
[#0] ERROR:Tracing -- RooGaussModel::getVal(ctauRes3_conv_exp(-@0/@1)_ctau3D_lambdaDSS_test1_[pdfCTAUTRUE_test1]) got nan during case 1 
[#0] ERROR:Tracing -- RooGaussModel::getVal(ctauRes3_conv_exp(-@0/@1)_ctau3D_lambdaDSS_test1_[pdfCTAUTRUE_test1]) got nan during case 1 
[#0] ERROR:Tracing -- RooGaussModel::getVal(ctauRes2_conv_exp(-@0/@1)_ctau3D_lambdaDSS_test1_[pdfCTAUTRUE_test1]) got nan during case 1 
[#0] ERROR:Tracing -- RooGaussModel::getVal(ctauRes2_conv_exp(-@0/@1)_ctau3D_lambdaDSS_test1_[pdfCTAUTRUE_test1]) got nan during case 1 
[#0] ERROR:Tracing -- RooGaussModel::getVal(ctauRes1_conv_exp(-@0/@1)_ctau3D_lambdaDSS_test2_[pdfCTAUTRUE_test2]) got nan during case 1 
[#0] ERROR:Tracing -- RooGaussModel::getVal(ctauRes1_conv_exp(-@0/@1)_ctau3D_lambdaDSS_test2_[pdfCTAUTRUE_test2]) got nan during case 1 
[#0] ERROR:Tracing -- RooGaussModel::getVal(ctauRes3_conv_exp(-@0/@1)_ctau3D_lambdaDSS_test2_[pdfCTAUTRUE_test2]) got nan during case 1 
[#0] ERROR:Tracing -- RooGaussModel::getVal(ctauRes3_conv_exp(-@0/@1)_ctau3D_lambdaDSS_test2_[pdfCTAUTRUE_test2]) got nan during case 1 
[#0] ERROR:Tracing -- RooGaussModel::getVal(ctauRes2_conv_exp(-@0/@1)_ctau3D_lambdaDSS_test2_[pdfCTAUTRUE_test2]) got nan during case 1 
[#0] ERROR:Tracing -- RooGaussModel::getVal(ctauRes2_conv_exp(-@0/@1)_ctau3D_lambdaDSS_test2_[pdfCTAUTRUE_test2]) got nan during case 1 
[#0] ERROR:Tracing -- RooGaussModel::getVal(ctauRes1_conv_exp(-@0/@1)_ctau3D_lambdaDSS_test2_[pdfCTAUTRUE_test2]) got nan during case 1 
[#0] ERROR:Tracing -- RooGaussModel::getVal(ctauRes1_conv_exp(-@0/@1)_ctau3D_lambdaDSS_test2_[pdfCTAUTRUE_test2]) got nan during case 1 
[#0] ERROR:Tracing -- RooGaussModel::getVal(ctauRes3_conv_exp(-@0/@1)_ctau3D_lambdaDSS_test2_[pdfCTAUTRUE_test2]) got nan during case 1 
[#0] ERROR:Tracing -- RooGaussModel::getVal(ctauRes3_conv_exp(-@0/@1)_ctau3D_lambdaDSS_test2_[pdfCTAUTRUE_test2]) got nan during case 1 
[#0] ERROR:Tracing -- RooGaussModel::getVal(ctauRes2_conv_exp(-@0/@1)_ctau3D_lambdaDSS_test2_[pdfCTAUTRUE_test2]) got nan during case 1 
[#0] ERROR:Tracing -- RooGaussModel::getVal(ctauRes2_conv_exp(-@0/@1)_ctau3D_lambdaDSS_test2_[pdfCTAUTRUE_test2]) got nan during case 1 
[#0] ERROR:Tracing -- RooGaussModel::getVal(ctauRes1_conv_exp(-@0/@1)_ctau3D_lambdaDSS_test2_[pdfCTAUTRUE_test2]) got nan during case 1 
[#0] ERROR:Tracing -- RooGaussModel::getVal(ctauRes1_conv_exp(-@0/@1)_ctau3D_lambdaDSS_test2_[pdfCTAUTRUE_test2]) got nan during case 1 
[#0] ERROR:Tracing -- RooGaussModel::getVal(ctauRes3_conv_exp(-@0/@1)_ctau3D_lambdaDSS_test2_[pdfCTAUTRUE_test2]) got nan during case 1 
[#0] ERROR:Tracing -- RooGaussModel::getVal(ctauRes3_conv_exp(-@0/@1)_ctau3D_lambdaDSS_test2_[pdfCTAUTRUE_test2]) got nan during case 1 
[#0] ERROR:Tracing -- RooGaussModel::getVal(ctauRes2_conv_exp(-@0/@1)_ctau3D_lambdaDSS_test2_[pdfCTAUTRUE_test2]) got nan during case 1 
[#0] ERROR:Tracing -- RooGaussModel::getVal(ctauRes2_conv_exp(-@0/@1)_ctau3D_lambdaDSS_test2_[pdfCTAUTRUE_test2]) got nan during case 1 
[#0] ERROR:Tracing -- RooGaussModel::getVal(ctauRes1_conv_exp(-@0/@1)_ctau3D_lambdaDSS_test2_[pdfCTAUTRUE_test2]) got nan during case 1 
[#0] ERROR:Tracing -- RooGaussModel::getVal(ctauRes1_conv_exp(-@0/@1)_ctau3D_lambdaDSS_test2_[pdfCTAUTRUE_test2]) got nan during case 1 
[#0] ERROR:Tracing -- RooGaussModel::getVal(ctauRes3_conv_exp(-@0/@1)_ctau3D_lambdaDSS_test2_[pdfCTAUTRUE_test2]) got nan during case 1 
[#0] ERROR:Tracing -- RooGaussModel::getVal(ctauRes3_conv_exp(-@0/@1)_ctau3D_lambdaDSS_test2_[pdfCTAUTRUE_test2]) got nan during case 1 
[#0] ERROR:Tracing -- RooGaussModel::getVal(ctauRes2_conv_exp(-@0/@1)_ctau3D_lambdaDSS_test2_[pdfCTAUTRUE_test2]) got nan during case 1 
[#0] ERROR:Tracing -- RooGaussModel::getVal(ctauRes2_conv_exp(-@0/@1)_ctau3D_lambdaDSS_test2_[pdfCTAUTRUE_test2]) got nan during case 1 
[#0] ERROR:Tracing -- RooGaussModel::getVal(ctauRes1_conv_exp(-@0/@1)_ctau3D_lambdaDSS_test3_[pdfCTAUTRUE_test3]) got nan during case 1 
[#0] ERROR:Tracing -- RooGaussModel::getVal(ctauRes3_conv_exp(-@0/@1)_ctau3D_lambdaDSS_test3_[pdfCTAUTRUE_test3]) got nan during case 1 
[#0] ERROR:Tracing -- RooGaussModel::getVal(ctauRes1_conv_exp(-@0/@1)_ctau3D_lambdaDSS_test3_[pdfCTAUTRUE_test3]) got nan during case 1 
[#0] ERROR:Tracing -- RooGaussModel::getVal(ctauRes2_conv_exp(-@0/@1)_ctau3D_lambdaDSS_test3_[pdfCTAUTRUE_test3]) got nan during case 1 
[#0] ERROR:Tracing -- RooGaussModel::getVal(ctauRes3_conv_exp(-@0/@1)_ctau3D_lambdaDSS_test3_[pdfCTAUTRUE_test3]) got nan during case 1 
[#0] ERROR:Tracing -- RooGaussModel::getVal(ctauRes1_conv_exp(-@0/@1)_ctau3D_lambdaDSS_test3_[pdfCTAUTRUE_test3]) got nan during case 1 
[#0] ERROR:Tracing -- RooGaussModel::getVal(ctauRes2_conv_exp(-@0/@1)_ctau3D_lambdaDSS_test3_[pdfCTAUTRUE_test3]) got nan during case 1 
[#0] ERROR:Tracing -- RooGaussModel::getVal(ctauRes3_conv_exp(-@0/@1)_ctau3D_lambdaDSS_test3_[pdfCTAUTRUE_test3]) got nan during case 1 
[#0] ERROR:Tracing -- RooGaussModel::getVal(ctauRes1_conv_exp(-@0/@1)_ctau3D_lambdaDSS_test3_[pdfCTAUTRUE_test3]) got nan during case 1 
[#0] ERROR:Tracing -- RooGaussModel::getVal(ctauRes2_conv_exp(-@0/@1)_ctau3D_lambdaDSS_test3_[pdfCTAUTRUE_test3]) got nan during case 1 
[#0] ERROR:Tracing -- RooGaussModel::getVal(ctauRes3_conv_exp(-@0/@1)_ctau3D_lambdaDSS_test3_[pdfCTAUTRUE_test3]) got nan during case 1 
[#0] ERROR:Tracing -- RooGaussModel::getVal(ctauRes2_conv_exp(-@0/@1)_ctau3D_lambdaDSS_test3_[pdfCTAUTRUE_test3]) got nan during case 1 
[#0] ERROR:Tracing -- RooGaussModel::getVal(ctauRes1_conv_exp(-@0/@1)_ctau3D_lambdaDSS_test3_[pdfCTAUTRUE_test3]) got nan during case 1 
[#0] ERROR:Tracing -- RooGaussModel::getVal(ctauRes1_conv_exp(-@0/@1)_ctau3D_lambdaDSS_test3_[pdfCTAUTRUE_test3]) got nan during case 1 
[#0] ERROR:Tracing -- RooGaussModel::getVal(ctauRes3_conv_exp(-@0/@1)_ctau3D_lambdaDSS_test3_[pdfCTAUTRUE_test3]) got nan during case 1 
[#0] ERROR:Tracing -- RooGaussModel::getVal(ctauRes3_conv_exp(-@0/@1)_ctau3D_lambdaDSS_test3_[pdfCTAUTRUE_test3]) got nan during case 1 
[#0] ERROR:Tracing -- RooGaussModel::getVal(ctauRes2_conv_exp(-@0/@1)_ctau3D_lambdaDSS_test3_[pdfCTAUTRUE_test3]) got nan during case 1 
[#0] ERROR:Tracing -- RooGaussModel::getVal(ctauRes2_conv_exp(-@0/@1)_ctau3D_lambdaDSS_test3_[pdfCTAUTRUE_test3]) got nan during case 1 
[#0] ERROR:Tracing -- RooGaussModel::getVal(ctauRes1_conv_exp(-@0/@1)_ctau3D_lambdaDSS_test3_[pdfCTAUTRUE_test3]) got nan during case 1 
[#0] ERROR:Tracing -- RooGaussModel::getVal(ctauRes1_conv_exp(-@0/@1)_ctau3D_lambdaDSS_test3_[pdfCTAUTRUE_test3]) got nan during case 1 
[#0] ERROR:Tracing -- RooGaussModel::getVal(ctauRes3_conv_exp(-@0/@1)_ctau3D_lambdaDSS_test3_[pdfCTAUTRUE_test3]) got nan during case 1 
[#0] ERROR:Tracing -- RooGaussModel::getVal(ctauRes3_conv_exp(-@0/@1)_ctau3D_lambdaDSS_test3_[pdfCTAUTRUE_test3]) got nan during case 1 
[#0] ERROR:Tracing -- RooGaussModel::getVal(ctauRes2_conv_exp(-@0/@1)_ctau3D_lambdaDSS_test3_[pdfCTAUTRUE_test3]) got nan during case 1 
[#0] ERROR:Tracing -- RooGaussModel::getVal(ctauRes2_conv_exp(-@0/@1)_ctau3D_lambdaDSS_test3_[pdfCTAUTRUE_test3]) got nan during case 1 
[#0] ERROR:Tracing -- RooGaussModel::getVal(ctauRes1_conv_exp(-@0/@1)_ctau3D_lambdaDSS_Bkg1_[pdfCTAUDSS1]) got nan during case 1 
[#0] ERROR:Tracing -- RooGaussModel::getVal(ctauRes3_conv_exp(-@0/@1)_ctau3D_lambdaDSS_Bkg1_[pdfCTAUDSS1]) got nan during case 1 
[#0] ERROR:Tracing -- RooGaussModel::getVal(ctauRes2_conv_exp(-@0/@1)_ctau3D_lambdaDSS_Bkg1_[pdfCTAUDSS1]) got nan during case 1 
[#0] ERROR:Tracing -- RooGaussModel::getVal(ctauRes1_conv_exp(-@0/@1)_ctau3D_lambdaDSS_Bkg1_[pdfCTAUDSS1]) got nan during case 1 
[#0] ERROR:Tracing -- RooGaussModel::getVal(ctauRes3_conv_exp(-@0/@1)_ctau3D_lambdaDSS_Bkg1_[pdfCTAUDSS1]) got nan during case 1 
[#0] ERROR:Tracing -- RooGaussModel::getVal(ctauRes2_conv_exp(-@0/@1)_ctau3D_lambdaDSS_Bkg1_[pdfCTAUDSS1]) got nan during case 1 
[#0] ERROR:Tracing -- RooGaussModel::getVal(ctauRes1_conv_exp(-@0/@1)_ctau3D_lambdaDSS_Bkg1_[pdfCTAUDSS1]) got nan during case 1 
[#0] ERROR:Tracing -- RooGaussModel::getVal(ctauRes3_conv_exp(-@0/@1)_ctau3D_lambdaDSS_Bkg1_[pdfCTAUDSS1]) got nan during case 1 
[#0] ERROR:Tracing -- RooGaussModel::getVal(ctauRes2_conv_exp(-@0/@1)_ctau3D_lambdaDSS_Bkg1_[pdfCTAUDSS1]) got nan during case 1 
[#0] ERROR:Tracing -- RooGaussModel::getVal(ctauRes1_conv_exp(-@0/@1)_ctau3D_lambdaDSS_Bkg1_[pdfCTAUDSS1]) got nan during case 1 
[#0] ERROR:Tracing -- RooGaussModel::getVal(ctauRes3_conv_exp(-@0/@1)_ctau3D_lambdaDSS_Bkg1_[pdfCTAUDSS1]) got nan during case 1 
[#0] ERROR:Tracing -- RooGaussModel::getVal(ctauRes2_conv_exp(-@0/@1)_ctau3D_lambdaDSS_Bkg1_[pdfCTAUDSS1]) got nan during case 1 
[#0] ERROR:Tracing -- RooGaussModel::getVal(ctauRes1_conv_exp(-@0/@1)_ctau3D_lambdaDSS_Bkg2_[pdfCTAUDSS2]) got nan during case 1 
[#0] ERROR:Tracing -- RooGaussModel::getVal(ctauRes3_conv_exp(-@0/@1)_ctau3D_lambdaDSS_Bkg2_[pdfCTAUDSS2]) got nan during case 1 
[#0] ERROR:Tracing -- RooGaussModel::getVal(ctauRes2_conv_exp(-@0/@1)_ctau3D_lambdaDSS_Bkg2_[pdfCTAUDSS2]) got nan during case 1 
[#0] ERROR:Tracing -- RooGaussModel::getVal(ctauRes1_conv_exp(-@0/@1)_ctau3D_lambdaDSS_Bkg2_[pdfCTAUDSS2]) got nan during case 1 
[#0] ERROR:Tracing -- RooGaussModel::getVal(ctauRes3_conv_exp(-@0/@1)_ctau3D_lambdaDSS_Bkg2_[pdfCTAUDSS2]) got nan during case 1 
[#0] ERROR:Tracing -- RooGaussModel::getVal(ctauRes2_conv_exp(-@0/@1)_ctau3D_lambdaDSS_Bkg2_[pdfCTAUDSS2]) got nan during case 1 
[#0] ERROR:Tracing -- RooGaussModel::getVal(ctauRes1_conv_exp(-@0/@1)_ctau3D_lambdaDSS_Bkg2_[pdfCTAUDSS2]) got nan during case 1 
[#0] ERROR:Tracing -- RooGaussModel::getVal(ctauRes3_conv_exp(-@0/@1)_ctau3D_lambdaDSS_Bkg2_[pdfCTAUDSS2]) got nan during case 1 
[#0] ERROR:Tracing -- RooGaussModel::getVal(ctauRes2_conv_exp(-@0/@1)_ctau3D_lambdaDSS_Bkg2_[pdfCTAUDSS2]) got nan during case 1 
[#0] ERROR:Tracing -- RooGaussModel::getVal(ctauRes1_conv_exp(-@0/@1)_ctau3D_lambdaDSS_Bkg2_[pdfCTAUDSS2]) got nan during case 1 
[#0] ERROR:Tracing -- RooGaussModel::getVal(ctauRes3_conv_exp(-@0/@1)_ctau3D_lambdaDSS_Bkg2_[pdfCTAUDSS2]) got nan during case 1 
[#0] ERROR:Tracing -- RooGaussModel::getVal(ctauRes2_conv_exp(-@0/@1)_ctau3D_lambdaDSS_Bkg2_[pdfCTAUDSS2]) got nan during case 1 
[#0] ERROR:Tracing -- RooGaussModel::getVal(ctauRes1_conv_exp(@0/@1)_ctau3D_lambdaDF_Bkg1_[pdfCTAUDF1]) got nan during case 1 
[#0] ERROR:Tracing -- RooGaussModel::getVal(ctauRes3_conv_exp(@0/@1)_ctau3D_lambdaDF_Bkg1_[pdfCTAUDF1]) got nan during case 1 
[#0] ERROR:Tracing -- RooGaussModel::getVal(ctauRes2_conv_exp(@0/@1)_ctau3D_lambdaDF_Bkg1_[pdfCTAUDF1]) got nan during case 1 
[#0] ERROR:Tracing -- RooGaussModel::getVal(ctauRes1_conv_exp(@0/@1)_ctau3D_lambdaDF_Bkg1_[pdfCTAUDF1]) got nan during case 1 
[#0] ERROR:Tracing -- RooGaussModel::getVal(ctauRes3_conv_exp(@0/@1)_ctau3D_lambdaDF_Bkg1_[pdfCTAUDF1]) got nan during case 1 
[#0] ERROR:Tracing -- RooGaussModel::getVal(ctauRes2_conv_exp(@0/@1)_ctau3D_lambdaDF_Bkg1_[pdfCTAUDF1]) got nan during case 1 
[#0] ERROR:Tracing -- RooGaussModel::getVal(ctauRes1_conv_exp(@0/@1)_ctau3D_lambdaDF_Bkg1_[pdfCTAUDF1]) got nan during case 1 
[#0] ERROR:Tracing -- RooGaussModel::getVal(ctauRes3_conv_exp(@0/@1)_ctau3D_lambdaDF_Bkg1_[pdfCTAUDF1]) got nan during case 1 
[#0] ERROR:Tracing -- RooGaussModel::getVal(ctauRes2_conv_exp(@0/@1)_ctau3D_lambdaDF_Bkg1_[pdfCTAUDF1]) got nan during case 1 
[#0] ERROR:Tracing -- RooGaussModel::getVal(ctauRes1_conv_exp(@0/@1)_ctau3D_lambdaDF_Bkg1_[pdfCTAUDF1]) got nan during case 1 
[#0] ERROR:Tracing -- RooGaussModel::getVal(ctauRes3_conv_exp(@0/@1)_ctau3D_lambdaDF_Bkg1_[pdfCTAUDF1]) got nan during case 1 
[#0] ERROR:Tracing -- RooGaussModel::getVal(ctauRes2_conv_exp(@0/@1)_ctau3D_lambdaDF_Bkg1_[pdfCTAUDF1]) got nan during case 1 
[#0] ERROR:Tracing -- RooGaussModel::getVal(ctauRes1_conv_exp(@0/@1)_ctau3D_lambdaDF_Bkg2_[pdfCTAUDF2]) got nan during case 1 
[#0] ERROR:Tracing -- RooGaussModel::getVal(ctauRes3_conv_exp(@0/@1)_ctau3D_lambdaDF_Bkg2_[pdfCTAUDF2]) got nan during case 1 
[#0] ERROR:Tracing -- RooGaussModel::getVal(ctauRes2_conv_exp(@0/@1)_ctau3D_lambdaDF_Bkg2_[pdfCTAUDF2]) got nan during case 1 
[#0] ERROR:Tracing -- RooGaussModel::getVal(ctauRes1_conv_exp(@0/@1)_ctau3D_lambdaDF_Bkg2_[pdfCTAUDF2]) got nan during case 1 
[#0] ERROR:Tracing -- RooGaussModel::getVal(ctauRes3_conv_exp(@0/@1)_ctau3D_lambdaDF_Bkg2_[pdfCTAUDF2]) got nan during case 1 
[#0] ERROR:Tracing -- RooGaussModel::getVal(ctauRes2_conv_exp(@0/@1)_ctau3D_lambdaDF_Bkg2_[pdfCTAUDF2]) got nan during case 1 
[#0] ERROR:Tracing -- RooGaussModel::getVal(ctauRes1_conv_exp(@0/@1)_ctau3D_lambdaDF_Bkg2_[pdfCTAUDF2]) got nan during case 1 
[#0] ERROR:Tracing -- RooGaussModel::getVal(ctauRes3_conv_exp(@0/@1)_ctau3D_lambdaDF_Bkg2_[pdfCTAUDF2]) got nan during case 1 
[#0] ERROR:Tracing -- RooGaussModel::getVal(ctauRes2_conv_exp(@0/@1)_ctau3D_lambdaDF_Bkg2_[pdfCTAUDF2]) got nan during case 1 
[#0] ERROR:Tracing -- RooGaussModel::getVal(ctauRes1_conv_exp(@0/@1)_ctau3D_lambdaDF_Bkg2_[pdfCTAUDF2]) got nan during case 1 
[#0] ERROR:Tracing -- RooGaussModel::getVal(ctauRes3_conv_exp(@0/@1)_ctau3D_lambdaDF_Bkg2_[pdfCTAUDF2]) got nan during case 1 
[#0] ERROR:Tracing -- RooGaussModel::getVal(ctauRes2_conv_exp(@0/@1)_ctau3D_lambdaDF_Bkg2_[pdfCTAUDF2]) got nan during case 1 
[#0] ERROR:Tracing -- RooGaussModel::getVal(ctauRes1_conv_exp(-abs(@0)/@1)_ctau3D_lambdaDDS_Bkg_[pdfCTAUDDS]) got nan during case 1 
[#0] ERROR:Tracing -- RooGaussModel::getVal(ctauRes3_conv_exp(-abs(@0)/@1)_ctau3D_lambdaDDS_Bkg_[pdfCTAUDDS]) got nan during case 1 
[#0] ERROR:Tracing -- RooGaussModel::getVal(ctauRes2_conv_exp(-abs(@0)/@1)_ctau3D_lambdaDDS_Bkg_[pdfCTAUDDS]) got nan during case 1 
[#0] ERROR:Tracing -- RooGaussModel::getVal(ctauRes1_conv_exp(-abs(@0)/@1)_ctau3D_lambdaDDS_Bkg_[pdfCTAUDDS]) got nan during case 1 
[#0] ERROR:Tracing -- RooGaussModel::getVal(ctauRes3_conv_exp(-abs(@0)/@1)_ctau3D_lambdaDDS_Bkg_[pdfCTAUDDS]) got nan during case 1 
[#0] ERROR:Tracing -- RooGaussModel::getVal(ctauRes2_conv_exp(-abs(@0)/@1)_ctau3D_lambdaDDS_Bkg_[pdfCTAUDDS]) got nan during case 1 
[#0] ERROR:Tracing -- RooGaussModel::getVal(ctauRes1_conv_exp(-abs(@0)/@1)_ctau3D_lambdaDDS_Bkg_[pdfCTAUDDS]) got nan during case 1 
[#0] ERROR:Tracing -- RooGaussModel::getVal(ctauRes3_conv_exp(-abs(@0)/@1)_ctau3D_lambdaDDS_Bkg_[pdfCTAUDDS]) got nan during case 1 
[#0] ERROR:Tracing -- RooGaussModel::getVal(ctauRes2_conv_exp(-abs(@0)/@1)_ctau3D_lambdaDDS_Bkg_[pdfCTAUDDS]) got nan during case 1 
[#0] ERROR:Tracing -- RooGaussModel::getVal(ctauRes1_conv_exp(-abs(@0)/@1)_ctau3D_lambdaDDS_Bkg_[pdfCTAUDDS]) got nan during case 1 
[#0] ERROR:Tracing -- RooGaussModel::getVal(ctauRes3_conv_exp(-abs(@0)/@1)_ctau3D_lambdaDDS_Bkg_[pdfCTAUDDS]) got nan during case 1 
[#0] ERROR:Tracing -- RooGaussModel::getVal(ctauRes2_conv_exp(-abs(@0)/@1)_ctau3D_lambdaDDS_Bkg_[pdfCTAUDDS]) got nan during case 1 
[#0] ERROR:Tracing -- RooGaussModel::getVal(ctauRes1_conv_exp(-@0/@1)_ctau3D_lambdaDSS_test1_[pdfCTAUTRUE_test1]) got nan during case 1 
[#0] ERROR:Tracing -- RooGaussModel::getVal(ctauRes3_conv_exp(-@0/@1)_ctau3D_lambdaDSS_test1_[pdfCTAUTRUE_test1]) got nan during case 1 
[#0] ERROR:Tracing -- RooGaussModel::getVal(ctauRes2_conv_exp(-@0/@1)_ctau3D_lambdaDSS_test1_[pdfCTAUTRUE_test1]) got nan during case 1 
[#0] ERROR:Tracing -- RooGaussModel::getVal(ctauRes1_conv_exp(-@0/@1)_ctau3D_lambdaDSS_test1_[pdfCTAUTRUE_test1]) got nan during case 1 
[#0] ERROR:Tracing -- RooGaussModel::getVal(ctauRes3_conv_exp(-@0/@1)_ctau3D_lambdaDSS_test1_[pdfCTAUTRUE_test1]) got nan during case 1 
[#0] ERROR:Tracing -- RooGaussModel::getVal(ctauRes2_conv_exp(-@0/@1)_ctau3D_lambdaDSS_test1_[pdfCTAUTRUE_test1]) got nan during case 1 
[#0] ERROR:Tracing -- RooGaussModel::getVal(ctauRes1_conv_exp(-@0/@1)_ctau3D_lambdaDSS_test1_[pdfCTAUTRUE_test1]) got nan during case 1 
[#0] ERROR:Tracing -- RooGaussModel::getVal(ctauRes3_conv_exp(-@0/@1)_ctau3D_lambdaDSS_test1_[pdfCTAUTRUE_test1]) got nan during case 1 
[#0] ERROR:Tracing -- RooGaussModel::getVal(ctauRes2_conv_exp(-@0/@1)_ctau3D_lambdaDSS_test1_[pdfCTAUTRUE_test1]) got nan during case 1 
[#0] ERROR:Tracing -- RooGaussModel::getVal(ctauRes1_conv_exp(-@0/@1)_ctau3D_lambdaDSS_test1_[pdfCTAUTRUE_test1]) got nan during case 1 
[#0] ERROR:Tracing -- RooGaussModel::getVal(ctauRes3_conv_exp(-@0/@1)_ctau3D_lambdaDSS_test1_[pdfCTAUTRUE_test1]) got nan during case 1 
[#0] ERROR:Tracing -- RooGaussModel::getVal(ctauRes2_conv_exp(-@0/@1)_ctau3D_lambdaDSS_test1_[pdfCTAUTRUE_test1]) got nan during case 1 
[#0] ERROR:Tracing -- RooGaussModel::getVal(ctauRes1_conv_exp(-@0/@1)_ctau3D_lambdaDSS_test2_[pdfCTAUTRUE_test2]) got nan during case 1 
[#0] ERROR:Tracing -- RooGaussModel::getVal(ctauRes3_conv_exp(-@0/@1)_ctau3D_lambdaDSS_test2_[pdfCTAUTRUE_test2]) got nan during case 1 
[#0] ERROR:Tracing -- RooGaussModel::getVal(ctauRes2_conv_exp(-@0/@1)_ctau3D_lambdaDSS_test2_[pdfCTAUTRUE_test2]) got nan during case 1 
[#0] ERROR:Tracing -- RooGaussModel::getVal(ctauRes1_conv_exp(-@0/@1)_ctau3D_lambdaDSS_test2_[pdfCTAUTRUE_test2]) got nan during case 1 
[#0] ERROR:Tracing -- RooGaussModel::getVal(ctauRes3_conv_exp(-@0/@1)_ctau3D_lambdaDSS_test2_[pdfCTAUTRUE_test2]) got nan during case 1 
[#0] ERROR:Tracing -- RooGaussModel::getVal(ctauRes2_conv_exp(-@0/@1)_ctau3D_lambdaDSS_test2_[pdfCTAUTRUE_test2]) got nan during case 1 
[#0] ERROR:Tracing -- RooGaussModel::getVal(ctauRes1_conv_exp(-@0/@1)_ctau3D_lambdaDSS_test2_[pdfCTAUTRUE_test2]) got nan during case 1 
[#0] ERROR:Tracing -- RooGaussModel::getVal(ctauRes3_conv_exp(-@0/@1)_ctau3D_lambdaDSS_test2_[pdfCTAUTRUE_test2]) got nan during case 1 
[#0] ERROR:Tracing -- RooGaussModel::getVal(ctauRes2_conv_exp(-@0/@1)_ctau3D_lambdaDSS_test2_[pdfCTAUTRUE_test2]) got nan during case 1 
[#0] ERROR:Tracing -- RooGaussModel::getVal(ctauRes1_conv_exp(-@0/@1)_ctau3D_lambdaDSS_test2_[pdfCTAUTRUE_test2]) got nan during case 1 
[#0] ERROR:Tracing -- RooGaussModel::getVal(ctauRes3_conv_exp(-@0/@1)_ctau3D_lambdaDSS_test2_[pdfCTAUTRUE_test2]) got nan during case 1 
[#0] ERROR:Tracing -- RooGaussModel::getVal(ctauRes2_conv_exp(-@0/@1)_ctau3D_lambdaDSS_test2_[pdfCTAUTRUE_test2]) got nan during case 1 
[#0] ERROR:Tracing -- RooGaussModel::getVal(ctauRes1_conv_exp(-@0/@1)_ctau3D_lambdaDSS_test3_[pdfCTAUTRUE_test3]) got nan during case 1 
[#0] ERROR:Tracing -- RooGaussModel::getVal(ctauRes3_conv_exp(-@0/@1)_ctau3D_lambdaDSS_test3_[pdfCTAUTRUE_test3]) got nan during case 1 
[#0] ERROR:Tracing -- RooGaussModel::getVal(ctauRes2_conv_exp(-@0/@1)_ctau3D_lambdaDSS_test3_[pdfCTAUTRUE_test3]) got nan during case 1 
[#0] ERROR:Tracing -- RooGaussModel::getVal(ctauRes1_conv_exp(-@0/@1)_ctau3D_lambdaDSS_test3_[pdfCTAUTRUE_test3]) got nan during case 1 
[#0] ERROR:Tracing -- RooGaussModel::getVal(ctauRes3_conv_exp(-@0/@1)_ctau3D_lambdaDSS_test3_[pdfCTAUTRUE_test3]) got nan during case 1 
[#0] ERROR:Tracing -- RooGaussModel::getVal(ctauRes2_conv_exp(-@0/@1)_ctau3D_lambdaDSS_test3_[pdfCTAUTRUE_test3]) got nan during case 1 
[#0] ERROR:Tracing -- RooGaussModel::getVal(ctauRes1_conv_exp(-@0/@1)_ctau3D_lambdaDSS_test3_[pdfCTAUTRUE_test3]) got nan during case 1 
[#0] ERROR:Tracing -- RooGaussModel::getVal(ctauRes3_conv_exp(-@0/@1)_ctau3D_lambdaDSS_test3_[pdfCTAUTRUE_test3]) got nan during case 1 
[#0] ERROR:Tracing -- RooGaussModel::getVal(ctauRes2_conv_exp(-@0/@1)_ctau3D_lambdaDSS_test3_[pdfCTAUTRUE_test3]) got nan during case 1 
[#0] ERROR:Tracing -- RooGaussModel::getVal(ctauRes1_conv_exp(-@0/@1)_ctau3D_lambdaDSS_test3_[pdfCTAUTRUE_test3]) got nan during case 1 
[#0] ERROR:Tracing -- RooGaussModel::getVal(ctauRes3_conv_exp(-@0/@1)_ctau3D_lambdaDSS_test3_[pdfCTAUTRUE_test3]) got nan during case 1 
[#0] ERROR:Tracing -- RooGaussModel::getVal(ctauRes2_conv_exp(-@0/@1)_ctau3D_lambdaDSS_test3_[pdfCTAUTRUE_test3]) got nan during case 1 
[#0] ERROR:Tracing -- RooGaussModel::getVal(ctauRes1_conv_exp(-@0/@1)_ctau3D_lambdaDSS_Bkg1_[pdfCTAUDSS1]) got nan during case 1 
[#0] ERROR:Tracing -- RooGaussModel::getVal(ctauRes3_conv_exp(-@0/@1)_ctau3D_lambdaDSS_Bkg1_[pdfCTAUDSS1]) got nan during case 1 
[#0] ERROR:Tracing -- RooGaussModel::getVal(ctauRes2_conv_exp(-@0/@1)_ctau3D_lambdaDSS_Bkg1_[pdfCTAUDSS1]) got nan during case 1 
[#0] ERROR:Tracing -- RooGaussModel::getVal(ctauRes1_conv_exp(-@0/@1)_ctau3D_lambdaDSS_Bkg1_[pdfCTAUDSS1]) got nan during case 1 
[#0] ERROR:Tracing -- RooGaussModel::getVal(ctauRes3_conv_exp(-@0/@1)_ctau3D_lambdaDSS_Bkg1_[pdfCTAUDSS1]) got nan during case 1 
[#0] ERROR:Tracing -- RooGaussModel::getVal(ctauRes2_conv_exp(-@0/@1)_ctau3D_lambdaDSS_Bkg1_[pdfCTAUDSS1]) got nan during case 1 
[#0] ERROR:Tracing -- RooGaussModel::getVal(ctauRes1_conv_exp(-@0/@1)_ctau3D_lambdaDSS_Bkg1_[pdfCTAUDSS1]) got nan during case 1 
[#0] ERROR:Tracing -- RooGaussModel::getVal(ctauRes3_conv_exp(-@0/@1)_ctau3D_lambdaDSS_Bkg1_[pdfCTAUDSS1]) got nan during case 1 
[#0] ERROR:Tracing -- RooGaussModel::getVal(ctauRes2_conv_exp(-@0/@1)_ctau3D_lambdaDSS_Bkg1_[pdfCTAUDSS1]) got nan during case 1 
[#0] ERROR:Tracing -- RooGaussModel::getVal(ctauRes1_conv_exp(-@0/@1)_ctau3D_lambdaDSS_Bkg1_[pdfCTAUDSS1]) got nan during case 1 
[#0] ERROR:Tracing -- RooGaussModel::getVal(ctauRes3_conv_exp(-@0/@1)_ctau3D_lambdaDSS_Bkg1_[pdfCTAUDSS1]) got nan during case 1 
[#0] ERROR:Tracing -- RooGaussModel::getVal(ctauRes2_conv_exp(-@0/@1)_ctau3D_lambdaDSS_Bkg1_[pdfCTAUDSS1]) got nan during case 1 
[#0] ERROR:Tracing -- RooGaussModel::getVal(ctauRes1_conv_exp(-@0/@1)_ctau3D_lambdaDSS_Bkg2_[pdfCTAUDSS2]) got nan during case 1 
[#0] ERROR:Tracing -- RooGaussModel::getVal(ctauRes3_conv_exp(-@0/@1)_ctau3D_lambdaDSS_Bkg2_[pdfCTAUDSS2]) got nan during case 1 
[#0] ERROR:Tracing -- RooGaussModel::getVal(ctauRes2_conv_exp(-@0/@1)_ctau3D_lambdaDSS_Bkg2_[pdfCTAUDSS2]) got nan during case 1 
[#0] ERROR:Tracing -- RooGaussModel::getVal(ctauRes1_conv_exp(-@0/@1)_ctau3D_lambdaDSS_Bkg2_[pdfCTAUDSS2]) got nan during case 1 
[#0] ERROR:Tracing -- RooGaussModel::getVal(ctauRes3_conv_exp(-@0/@1)_ctau3D_lambdaDSS_Bkg2_[pdfCTAUDSS2]) got nan during case 1 
[#0] ERROR:Tracing -- RooGaussModel::getVal(ctauRes2_conv_exp(-@0/@1)_ctau3D_lambdaDSS_Bkg2_[pdfCTAUDSS2]) got nan during case 1 
[#0] ERROR:Tracing -- RooGaussModel::getVal(ctauRes1_conv_exp(-@0/@1)_ctau3D_lambdaDSS_Bkg2_[pdfCTAUDSS2]) got nan during case 1 
[#0] ERROR:Tracing -- RooGaussModel::getVal(ctauRes3_conv_exp(-@0/@1)_ctau3D_lambdaDSS_Bkg2_[pdfCTAUDSS2]) got nan during case 1 
[#0] ERROR:Tracing -- RooGaussModel::getVal(ctauRes2_conv_exp(-@0/@1)_ctau3D_lambdaDSS_Bkg2_[pdfCTAUDSS2]) got nan during case 1 
[#0] ERROR:Tracing -- RooGaussModel::getVal(ctauRes1_conv_exp(-@0/@1)_ctau3D_lambdaDSS_Bkg2_[pdfCTAUDSS2]) got nan during case 1 
[#0] ERROR:Tracing -- RooGaussModel::getVal(ctauRes3_conv_exp(-@0/@1)_ctau3D_lambdaDSS_Bkg2_[pdfCTAUDSS2]) got nan during case 1 
[#0] ERROR:Tracing -- RooGaussModel::getVal(ctauRes2_conv_exp(-@0/@1)_ctau3D_lambdaDSS_Bkg2_[pdfCTAUDSS2]) got nan during case 1 
[#0] ERROR:Tracing -- RooGaussModel::getVal(ctauRes1_conv_exp(@0/@1)_ctau3D_lambdaDF_Bkg1_[pdfCTAUDF1]) got nan during case 1 
[#0] ERROR:Tracing -- RooGaussModel::getVal(ctauRes3_conv_exp(@0/@1)_ctau3D_lambdaDF_Bkg1_[pdfCTAUDF1]) got nan during case 1 
[#0] ERROR:Tracing -- RooGaussModel::getVal(ctauRes2_conv_exp(@0/@1)_ctau3D_lambdaDF_Bkg1_[pdfCTAUDF1]) got nan during case 1 
[#0] ERROR:Tracing -- RooGaussModel::getVal(ctauRes1_conv_exp(@0/@1)_ctau3D_lambdaDF_Bkg1_[pdfCTAUDF1]) got nan during case 1 
[#0] ERROR:Tracing -- RooGaussModel::getVal(ctauRes3_conv_exp(@0/@1)_ctau3D_lambdaDF_Bkg1_[pdfCTAUDF1]) got nan during case 1 
[#0] ERROR:Tracing -- RooGaussModel::getVal(ctauRes2_conv_exp(@0/@1)_ctau3D_lambdaDF_Bkg1_[pdfCTAUDF1]) got nan during case 1 
[#0] ERROR:Tracing -- RooGaussModel::getVal(ctauRes1_conv_exp(@0/@1)_ctau3D_lambdaDF_Bkg1_[pdfCTAUDF1]) got nan during case 1 
[#0] ERROR:Tracing -- RooGaussModel::getVal(ctauRes3_conv_exp(@0/@1)_ctau3D_lambdaDF_Bkg1_[pdfCTAUDF1]) got nan during case 1 
[#0] ERROR:Tracing -- RooGaussModel::getVal(ctauRes2_conv_exp(@0/@1)_ctau3D_lambdaDF_Bkg1_[pdfCTAUDF1]) got nan during case 1 
[#0] ERROR:Tracing -- RooGaussModel::getVal(ctauRes1_conv_exp(@0/@1)_ctau3D_lambdaDF_Bkg1_[pdfCTAUDF1]) got nan during case 1 
[#0] ERROR:Tracing -- RooGaussModel::getVal(ctauRes3_conv_exp(@0/@1)_ctau3D_lambdaDF_Bkg1_[pdfCTAUDF1]) got nan during case 1 
[#0] ERROR:Tracing -- RooGaussModel::getVal(ctauRes2_conv_exp(@0/@1)_ctau3D_lambdaDF_Bkg1_[pdfCTAUDF1]) got nan during case 1 
[#0] ERROR:Tracing -- RooGaussModel::getVal(ctauRes1_conv_exp(@0/@1)_ctau3D_lambdaDF_Bkg2_[pdfCTAUDF2]) got nan during case 1 
[#0] ERROR:Tracing -- RooGaussModel::getVal(ctauRes3_conv_exp(@0/@1)_ctau3D_lambdaDF_Bkg2_[pdfCTAUDF2]) got nan during case 1 
[#0] ERROR:Tracing -- RooGaussModel::getVal(ctauRes2_conv_exp(@0/@1)_ctau3D_lambdaDF_Bkg2_[pdfCTAUDF2]) got nan during case 1 
[#0] ERROR:Tracing -- RooGaussModel::getVal(ctauRes1_conv_exp(@0/@1)_ctau3D_lambdaDF_Bkg2_[pdfCTAUDF2]) got nan during case 1 
[#0] ERROR:Tracing -- RooGaussModel::getVal(ctauRes3_conv_exp(@0/@1)_ctau3D_lambdaDF_Bkg2_[pdfCTAUDF2]) got nan during case 1 
[#0] ERROR:Tracing -- RooGaussModel::getVal(ctauRes2_conv_exp(@0/@1)_ctau3D_lambdaDF_Bkg2_[pdfCTAUDF2]) got nan during case 1 
[#0] ERROR:Tracing -- RooGaussModel::getVal(ctauRes1_conv_exp(@0/@1)_ctau3D_lambdaDF_Bkg2_[pdfCTAUDF2]) got nan during case 1 
[#0] ERROR:Tracing -- RooGaussModel::getVal(ctauRes3_conv_exp(@0/@1)_ctau3D_lambdaDF_Bkg2_[pdfCTAUDF2]) got nan during case 1 
[#0] ERROR:Tracing -- RooGaussModel::getVal(ctauRes2_conv_exp(@0/@1)_ctau3D_lambdaDF_Bkg2_[pdfCTAUDF2]) got nan during case 1 
[#0] ERROR:Tracing -- RooGaussModel::getVal(ctauRes1_conv_exp(@0/@1)_ctau3D_lambdaDF_Bkg2_[pdfCTAUDF2]) got nan during case 1 
[#0] ERROR:Tracing -- RooGaussModel::getVal(ctauRes3_conv_exp(@0/@1)_ctau3D_lambdaDF_Bkg2_[pdfCTAUDF2]) got nan during case 1 
[#0] ERROR:Tracing -- RooGaussModel::getVal(ctauRes2_conv_exp(@0/@1)_ctau3D_lambdaDF_Bkg2_[pdfCTAUDF2]) got nan during case 1 
[#0] ERROR:Tracing -- RooGaussModel::getVal(ctauRes1_conv_exp(-abs(@0)/@1)_ctau3D_lambdaDDS_Bkg_[pdfCTAUDDS]) got nan during case 1 
[#0] ERROR:Tracing -- RooGaussModel::getVal(ctauRes3_conv_exp(-abs(@0)/@1)_ctau3D_lambdaDDS_Bkg_[pdfCTAUDDS]) got nan during case 1 
[#0] ERROR:Tracing -- RooGaussModel::getVal(ctauRes2_conv_exp(-abs(@0)/@1)_ctau3D_lambdaDDS_Bkg_[pdfCTAUDDS]) got nan during case 1 
[#0] ERROR:Tracing -- RooGaussModel::getVal(ctauRes1_conv_exp(-abs(@0)/@1)_ctau3D_lambdaDDS_Bkg_[pdfCTAUDDS]) got nan during case 1 
[#0] ERROR:Tracing -- RooGaussModel::getVal(ctauRes3_conv_exp(-abs(@0)/@1)_ctau3D_lambdaDDS_Bkg_[pdfCTAUDDS]) got nan during case 1 
[#0] ERROR:Tracing -- RooGaussModel::getVal(ctauRes2_conv_exp(-abs(@0)/@1)_ctau3D_lambdaDDS_Bkg_[pdfCTAUDDS]) got nan during case 1 
[#0] ERROR:Tracing -- RooGaussModel::getVal(ctauRes1_conv_exp(-abs(@0)/@1)_ctau3D_lambdaDDS_Bkg_[pdfCTAUDDS]) got nan during case 1 
[#0] ERROR:Tracing -- RooGaussModel::getVal(ctauRes3_conv_exp(-abs(@0)/@1)_ctau3D_lambdaDDS_Bkg_[pdfCTAUDDS]) got nan during case 1 
[#0] ERROR:Tracing -- RooGaussModel::getVal(ctauRes2_conv_exp(-abs(@0)/@1)_ctau3D_lambdaDDS_Bkg_[pdfCTAUDDS]) got nan during case 1 
[#0] ERROR:Tracing -- RooGaussModel::getVal(ctauRes1_conv_exp(-abs(@0)/@1)_ctau3D_lambdaDDS_Bkg_[pdfCTAUDDS]) got nan during case 1 
[#0] ERROR:Tracing -- RooGaussModel::getVal(ctauRes3_conv_exp(-abs(@0)/@1)_ctau3D_lambdaDDS_Bkg_[pdfCTAUDDS]) got nan during case 1 
[#0] ERROR:Tracing -- RooGaussModel::getVal(ctauRes2_conv_exp(-abs(@0)/@1)_ctau3D_lambdaDDS_Bkg_[pdfCTAUDDS]) got nan during case 1 
[#0] ERROR:Tracing -- RooGaussModel::getVal(ctauRes1_conv_exp(-@0/@1)_ctau3D_lambdaDSS_test1_[pdfCTAUTRUE_test1]) got nan during case 1 
[#0] ERROR:Tracing -- RooGaussModel::getVal(ctauRes3_conv_exp(-@0/@1)_ctau3D_lambdaDSS_test1_[pdfCTAUTRUE_test1]) got nan during case 1 
[#0] ERROR:Tracing -- RooGaussModel::getVal(ctauRes2_conv_exp(-@0/@1)_ctau3D_lambdaDSS_test1_[pdfCTAUTRUE_test1]) got nan during case 1 
[#0] ERROR:Tracing -- RooGaussModel::getVal(ctauRes1_conv_exp(-@0/@1)_ctau3D_lambdaDSS_test1_[pdfCTAUTRUE_test1]) got nan during case 1 
[#0] ERROR:Tracing -- RooGaussModel::getVal(ctauRes3_conv_exp(-@0/@1)_ctau3D_lambdaDSS_test1_[pdfCTAUTRUE_test1]) got nan during case 1 
[#0] ERROR:Tracing -- RooGaussModel::getVal(ctauRes2_conv_exp(-@0/@1)_ctau3D_lambdaDSS_test1_[pdfCTAUTRUE_test1]) got nan during case 1 
[#0] ERROR:Tracing -- RooGaussModel::getVal(ctauRes1_conv_exp(-@0/@1)_ctau3D_lambdaDSS_test1_[pdfCTAUTRUE_test1]) got nan during case 1 
[#0] ERROR:Tracing -- RooGaussModel::getVal(ctauRes3_conv_exp(-@0/@1)_ctau3D_lambdaDSS_test1_[pdfCTAUTRUE_test1]) got nan during case 1 
[#0] ERROR:Tracing -- RooGaussModel::getVal(ctauRes2_conv_exp(-@0/@1)_ctau3D_lambdaDSS_test1_[pdfCTAUTRUE_test1]) got nan during case 1 
[#0] ERROR:Tracing -- RooGaussModel::getVal(ctauRes1_conv_exp(-@0/@1)_ctau3D_lambdaDSS_test1_[pdfCTAUTRUE_test1]) got nan during case 1 
[#0] ERROR:Tracing -- RooGaussModel::getVal(ctauRes3_conv_exp(-@0/@1)_ctau3D_lambdaDSS_test1_[pdfCTAUTRUE_test1]) got nan during case 1 
[#0] ERROR:Tracing -- RooGaussModel::getVal(ctauRes2_conv_exp(-@0/@1)_ctau3D_lambdaDSS_test1_[pdfCTAUTRUE_test1]) got nan during case 1 
[#0] ERROR:Tracing -- RooGaussModel::getVal(ctauRes1_conv_exp(-@0/@1)_ctau3D_lambdaDSS_test2_[pdfCTAUTRUE_test2]) got nan during case 1 
[#0] ERROR:Tracing -- RooGaussModel::getVal(ctauRes3_conv_exp(-@0/@1)_ctau3D_lambdaDSS_test2_[pdfCTAUTRUE_test2]) got nan during case 1 
[#0] ERROR:Tracing -- RooGaussModel::getVal(ctauRes2_conv_exp(-@0/@1)_ctau3D_lambdaDSS_test2_[pdfCTAUTRUE_test2]) got nan during case 1 
[#0] ERROR:Tracing -- RooGaussModel::getVal(ctauRes1_conv_exp(-@0/@1)_ctau3D_lambdaDSS_test2_[pdfCTAUTRUE_test2]) got nan during case 1 
[#0] ERROR:Tracing -- RooGaussModel::getVal(ctauRes3_conv_exp(-@0/@1)_ctau3D_lambdaDSS_test2_[pdfCTAUTRUE_test2]) got nan during case 1 
[#0] ERROR:Tracing -- RooGaussModel::getVal(ctauRes2_conv_exp(-@0/@1)_ctau3D_lambdaDSS_test2_[pdfCTAUTRUE_test2]) got nan during case 1 
[#0] ERROR:Tracing -- RooGaussModel::getVal(ctauRes1_conv_exp(-@0/@1)_ctau3D_lambdaDSS_test2_[pdfCTAUTRUE_test2]) got nan during case 1 
[#0] ERROR:Tracing -- RooGaussModel::getVal(ctauRes3_conv_exp(-@0/@1)_ctau3D_lambdaDSS_test2_[pdfCTAUTRUE_test2]) got nan during case 1 
[#0] ERROR:Tracing -- RooGaussModel::getVal(ctauRes2_conv_exp(-@0/@1)_ctau3D_lambdaDSS_test2_[pdfCTAUTRUE_test2]) got nan during case 1 
[#0] ERROR:Tracing -- RooGaussModel::getVal(ctauRes1_conv_exp(-@0/@1)_ctau3D_lambdaDSS_test2_[pdfCTAUTRUE_test2]) got nan during case 1 
[#0] ERROR:Tracing -- RooGaussModel::getVal(ctauRes3_conv_exp(-@0/@1)_ctau3D_lambdaDSS_test2_[pdfCTAUTRUE_test2]) got nan during case 1 
[#0] ERROR:Tracing -- RooGaussModel::getVal(ctauRes2_conv_exp(-@0/@1)_ctau3D_lambdaDSS_test2_[pdfCTAUTRUE_test2]) got nan during case 1 
[#0] ERROR:Tracing -- RooGaussModel::getVal(ctauRes1_conv_exp(-@0/@1)_ctau3D_lambdaDSS_test3_[pdfCTAUTRUE_test3]) got nan during case 1 
[#0] ERROR:Tracing -- RooGaussModel::getVal(ctauRes3_conv_exp(-@0/@1)_ctau3D_lambdaDSS_test3_[pdfCTAUTRUE_test3]) got nan during case 1 
[#0] ERROR:Tracing -- RooGaussModel::getVal(ctauRes2_conv_exp(-@0/@1)_ctau3D_lambdaDSS_test3_[pdfCTAUTRUE_test3]) got nan during case 1 
[#0] ERROR:Tracing -- RooGaussModel::getVal(ctauRes1_conv_exp(-@0/@1)_ctau3D_lambdaDSS_test3_[pdfCTAUTRUE_test3]) got nan during case 1 
[#0] ERROR:Tracing -- RooGaussModel::getVal(ctauRes3_conv_exp(-@0/@1)_ctau3D_lambdaDSS_test3_[pdfCTAUTRUE_test3]) got nan during case 1 
[#0] ERROR:Tracing -- RooGaussModel::getVal(ctauRes2_conv_exp(-@0/@1)_ctau3D_lambdaDSS_test3_[pdfCTAUTRUE_test3]) got nan during case 1 
[#0] ERROR:Tracing -- RooGaussModel::getVal(ctauRes1_conv_exp(-@0/@1)_ctau3D_lambdaDSS_test3_[pdfCTAUTRUE_test3]) got nan during case 1 
[#0] ERROR:Tracing -- RooGaussModel::getVal(ctauRes3_conv_exp(-@0/@1)_ctau3D_lambdaDSS_test3_[pdfCTAUTRUE_test3]) got nan during case 1 
[#0] ERROR:Tracing -- RooGaussModel::getVal(ctauRes2_conv_exp(-@0/@1)_ctau3D_lambdaDSS_test3_[pdfCTAUTRUE_test3]) got nan during case 1 
[#0] ERROR:Tracing -- RooGaussModel::getVal(ctauRes1_conv_exp(-@0/@1)_ctau3D_lambdaDSS_test3_[pdfCTAUTRUE_test3]) got nan during case 1 
[#0] ERROR:Tracing -- RooGaussModel::getVal(ctauRes3_conv_exp(-@0/@1)_ctau3D_lambdaDSS_test3_[pdfCTAUTRUE_test3]) got nan during case 1 
[#0] ERROR:Tracing -- RooGaussModel::getVal(ctauRes2_conv_exp(-@0/@1)_ctau3D_lambdaDSS_test3_[pdfCTAUTRUE_test3]) got nan during case 1 
[#0] ERROR:Tracing -- RooGaussModel::getVal(ctauRes1_conv_exp(-@0/@1)_ctau3D_lambdaDSS_Bkg1_[pdfCTAUDSS1]) got nan during case 1 
[#0] ERROR:Tracing -- RooGaussModel::getVal(ctauRes3_conv_exp(-@0/@1)_ctau3D_lambdaDSS_Bkg1_[pdfCTAUDSS1]) got nan during case 1 
[#0] ERROR:Tracing -- RooGaussModel::getVal(ctauRes2_conv_exp(-@0/@1)_ctau3D_lambdaDSS_Bkg1_[pdfCTAUDSS1]) got nan during case 1 
[#0] ERROR:Tracing -- RooGaussModel::getVal(ctauRes1_conv_exp(-@0/@1)_ctau3D_lambdaDSS_Bkg1_[pdfCTAUDSS1]) got nan during case 1 
[#0] ERROR:Tracing -- RooGaussModel::getVal(ctauRes3_conv_exp(-@0/@1)_ctau3D_lambdaDSS_Bkg1_[pdfCTAUDSS1]) got nan during case 1 
[#0] ERROR:Tracing -- RooGaussModel::getVal(ctauRes2_conv_exp(-@0/@1)_ctau3D_lambdaDSS_Bkg1_[pdfCTAUDSS1]) got nan during case 1 
[#0] ERROR:Tracing -- RooGaussModel::getVal(ctauRes1_conv_exp(-@0/@1)_ctau3D_lambdaDSS_Bkg1_[pdfCTAUDSS1]) got nan during case 1 
[#0] ERROR:Tracing -- RooGaussModel::getVal(ctauRes3_conv_exp(-@0/@1)_ctau3D_lambdaDSS_Bkg1_[pdfCTAUDSS1]) got nan during case 1 
[#0] ERROR:Tracing -- RooGaussModel::getVal(ctauRes2_conv_exp(-@0/@1)_ctau3D_lambdaDSS_Bkg1_[pdfCTAUDSS1]) got nan during case 1 
[#0] ERROR:Tracing -- RooGaussModel::getVal(ctauRes1_conv_exp(-@0/@1)_ctau3D_lambdaDSS_Bkg1_[pdfCTAUDSS1]) got nan during case 1 
[#0] ERROR:Tracing -- RooGaussModel::getVal(ctauRes3_conv_exp(-@0/@1)_ctau3D_lambdaDSS_Bkg1_[pdfCTAUDSS1]) got nan during case 1 
[#0] ERROR:Tracing -- RooGaussModel::getVal(ctauRes2_conv_exp(-@0/@1)_ctau3D_lambdaDSS_Bkg1_[pdfCTAUDSS1]) got nan during case 1 
[#0] ERROR:Tracing -- RooGaussModel::getVal(ctauRes1_conv_exp(-@0/@1)_ctau3D_lambdaDSS_Bkg2_[pdfCTAUDSS2]) got nan during case 1 
[#0] ERROR:Tracing -- RooGaussModel::getVal(ctauRes3_conv_exp(-@0/@1)_ctau3D_lambdaDSS_Bkg2_[pdfCTAUDSS2]) got nan during case 1 
[#0] ERROR:Tracing -- RooGaussModel::getVal(ctauRes2_conv_exp(-@0/@1)_ctau3D_lambdaDSS_Bkg2_[pdfCTAUDSS2]) got nan during case 1 
[#0] ERROR:Tracing -- RooGaussModel::getVal(ctauRes1_conv_exp(-@0/@1)_ctau3D_lambdaDSS_Bkg2_[pdfCTAUDSS2]) got nan during case 1 
[#0] ERROR:Tracing -- RooGaussModel::getVal(ctauRes3_conv_exp(-@0/@1)_ctau3D_lambdaDSS_Bkg2_[pdfCTAUDSS2]) got nan during case 1 
[#0] ERROR:Tracing -- RooGaussModel::getVal(ctauRes2_conv_exp(-@0/@1)_ctau3D_lambdaDSS_Bkg2_[pdfCTAUDSS2]) got nan during case 1 
[#0] ERROR:Tracing -- RooGaussModel::getVal(ctauRes1_conv_exp(-@0/@1)_ctau3D_lambdaDSS_Bkg2_[pdfCTAUDSS2]) got nan during case 1 
[#0] ERROR:Tracing -- RooGaussModel::getVal(ctauRes3_conv_exp(-@0/@1)_ctau3D_lambdaDSS_Bkg2_[pdfCTAUDSS2]) got nan during case 1 
[#0] ERROR:Tracing -- RooGaussModel::getVal(ctauRes2_conv_exp(-@0/@1)_ctau3D_lambdaDSS_Bkg2_[pdfCTAUDSS2]) got nan during case 1 
[#0] ERROR:Tracing -- RooGaussModel::getVal(ctauRes1_conv_exp(-@0/@1)_ctau3D_lambdaDSS_Bkg2_[pdfCTAUDSS2]) got nan during case 1 
[#0] ERROR:Tracing -- RooGaussModel::getVal(ctauRes3_conv_exp(-@0/@1)_ctau3D_lambdaDSS_Bkg2_[pdfCTAUDSS2]) got nan during case 1 
[#0] ERROR:Tracing -- RooGaussModel::getVal(ctauRes2_conv_exp(-@0/@1)_ctau3D_lambdaDSS_Bkg2_[pdfCTAUDSS2]) got nan during case 1 
[#0] ERROR:Tracing -- RooGaussModel::getVal(ctauRes1_conv_exp(@0/@1)_ctau3D_lambdaDF_Bkg1_[pdfCTAUDF1]) got nan during case 1 
[#0] ERROR:Tracing -- RooGaussModel::getVal(ctauRes3_conv_exp(@0/@1)_ctau3D_lambdaDF_Bkg1_[pdfCTAUDF1]) got nan during case 1 
[#0] ERROR:Tracing -- RooGaussModel::getVal(ctauRes2_conv_exp(@0/@1)_ctau3D_lambdaDF_Bkg1_[pdfCTAUDF1]) got nan during case 1 
[#0] ERROR:Tracing -- RooGaussModel::getVal(ctauRes1_conv_exp(@0/@1)_ctau3D_lambdaDF_Bkg1_[pdfCTAUDF1]) got nan during case 1 
[#0] ERROR:Tracing -- RooGaussModel::getVal(ctauRes3_conv_exp(@0/@1)_ctau3D_lambdaDF_Bkg1_[pdfCTAUDF1]) got nan during case 1 
[#0] ERROR:Tracing -- RooGaussModel::getVal(ctauRes2_conv_exp(@0/@1)_ctau3D_lambdaDF_Bkg1_[pdfCTAUDF1]) got nan during case 1 
[#0] ERROR:Tracing -- RooGaussModel::getVal(ctauRes1_conv_exp(@0/@1)_ctau3D_lambdaDF_Bkg1_[pdfCTAUDF1]) got nan during case 1 
[#0] ERROR:Tracing -- RooGaussModel::getVal(ctauRes3_conv_exp(@0/@1)_ctau3D_lambdaDF_Bkg1_[pdfCTAUDF1]) got nan during case 1 
[#0] ERROR:Tracing -- RooGaussModel::getVal(ctauRes2_conv_exp(@0/@1)_ctau3D_lambdaDF_Bkg1_[pdfCTAUDF1]) got nan during case 1 
[#0] ERROR:Tracing -- RooGaussModel::getVal(ctauRes1_conv_exp(@0/@1)_ctau3D_lambdaDF_Bkg1_[pdfCTAUDF1]) got nan during case 1 
[#0] ERROR:Tracing -- RooGaussModel::getVal(ctauRes3_conv_exp(@0/@1)_ctau3D_lambdaDF_Bkg1_[pdfCTAUDF1]) got nan during case 1 
[#0] ERROR:Tracing -- RooGaussModel::getVal(ctauRes2_conv_exp(@0/@1)_ctau3D_lambdaDF_Bkg1_[pdfCTAUDF1]) got nan during case 1 
[#0] ERROR:Tracing -- RooGaussModel::getVal(ctauRes1_conv_exp(-@0/@1)_ctau3D_lambdaDSS_Bkg1_[pdfCTAUDSS1]) got nan during case 1 
[#0] ERROR:Tracing -- RooGaussModel::getVal(ctauRes1_conv_exp(@0/@1)_ctau3D_lambdaDF_Bkg2_[pdfCTAUDF2]) got nan during case 1 
[#0] ERROR:Tracing -- RooGaussModel::getVal(ctauRes3_conv_exp(-@0/@1)_ctau3D_lambdaDSS_Bkg1_[pdfCTAUDSS1]) got nan during case 1 
[#0] ERROR:Tracing -- RooGaussModel::getVal(ctauRes3_conv_exp(@0/@1)_ctau3D_lambdaDF_Bkg2_[pdfCTAUDF2]) got nan during case 1 
[#0] ERROR:Tracing -- RooGaussModel::getVal(ctauRes2_conv_exp(-@0/@1)_ctau3D_lambdaDSS_Bkg1_[pdfCTAUDSS1]) got nan during case 1 
[#0] ERROR:Tracing -- RooGaussModel::getVal(ctauRes2_conv_exp(@0/@1)_ctau3D_lambdaDF_Bkg2_[pdfCTAUDF2]) got nan during case 1 
[#0] ERROR:Tracing -- RooGaussModel::getVal(ctauRes1_conv_exp(-@0/@1)_ctau3D_lambdaDSS_Bkg1_[pdfCTAUDSS1]) got nan during case 1 
[#0] ERROR:Tracing -- RooGaussModel::getVal(ctauRes1_conv_exp(@0/@1)_ctau3D_lambdaDF_Bkg2_[pdfCTAUDF2]) got nan during case 1 
[#0] ERROR:Tracing -- RooGaussModel::getVal(ctauRes3_conv_exp(-@0/@1)_ctau3D_lambdaDSS_Bkg1_[pdfCTAUDSS1]) got nan during case 1 
[#0] ERROR:Tracing -- RooGaussModel::getVal(ctauRes3_conv_exp(@0/@1)_ctau3D_lambdaDF_Bkg2_[pdfCTAUDF2]) got nan during case 1 
[#0] ERROR:Tracing -- RooGaussModel::getVal(ctauRes2_conv_exp(-@0/@1)_ctau3D_lambdaDSS_Bkg1_[pdfCTAUDSS1]) got nan during case 1 
[#0] ERROR:Tracing -- RooGaussModel::getVal(ctauRes2_conv_exp(@0/@1)_ctau3D_lambdaDF_Bkg2_[pdfCTAUDF2]) got nan during case 1 
[#0] ERROR:Tracing -- RooGaussModel::getVal(ctauRes1_conv_exp(@0/@1)_ctau3D_lambdaDF_Bkg2_[pdfCTAUDF2]) got nan during case 1 
[#0] ERROR:Tracing -- RooGaussModel::getVal(ctauRes3_conv_exp(@0/@1)_ctau3D_lambdaDF_Bkg2_[pdfCTAUDF2]) got nan during case 1 
[#0] ERROR:Tracing -- RooGaussModel::getVal(ctauRes2_conv_exp(@0/@1)_ctau3D_lambdaDF_Bkg2_[pdfCTAUDF2]) got nan during case 1 
[#0] ERROR:Tracing -- RooGaussModel::getVal(ctauRes1_conv_exp(@0/@1)_ctau3D_lambdaDF_Bkg2_[pdfCTAUDF2]) got nan during case 1 
[#0] ERROR:Tracing -- RooGaussModel::getVal(ctauRes3_conv_exp(@0/@1)_ctau3D_lambdaDF_Bkg2_[pdfCTAUDF2]) got nan during case 1 
[#0] ERROR:Tracing -- RooGaussModel::getVal(ctauRes2_conv_exp(@0/@1)_ctau3D_lambdaDF_Bkg2_[pdfCTAUDF2]) got nan during case 1 
[#0] ERROR:Tracing -- RooGaussModel::getVal(ctauRes1_conv_exp(-abs(@0)/@1)_ctau3D_lambdaDDS_Bkg_[pdfCTAUDDS]) got nan during case 1 
[#0] ERROR:Tracing -- RooGaussModel::getVal(ctauRes3_conv_exp(-abs(@0)/@1)_ctau3D_lambdaDDS_Bkg_[pdfCTAUDDS]) got nan during case 1 
[#0] ERROR:Tracing -- RooGaussModel::getVal(ctauRes2_conv_exp(-abs(@0)/@1)_ctau3D_lambdaDDS_Bkg_[pdfCTAUDDS]) got nan during case 1 
[#0] ERROR:Tracing -- RooGaussModel::getVal(ctauRes1_conv_exp(-@0/@1)_ctau3D_lambdaDSS_Bkg1_[pdfCTAUDSS1]) got nan during case 1 
[#0] ERROR:Tracing -- RooGaussModel::getVal(ctauRes1_conv_exp(-abs(@0)/@1)_ctau3D_lambdaDDS_Bkg_[pdfCTAUDDS]) got nan during case 1 
[#0] ERROR:Tracing -- RooGaussModel::getVal(ctauRes3_conv_exp(-@0/@1)_ctau3D_lambdaDSS_Bkg1_[pdfCTAUDSS1]) got nan during case 1 
[#0] ERROR:Tracing -- RooGaussModel::getVal(ctauRes3_conv_exp(-abs(@0)/@1)_ctau3D_lambdaDDS_Bkg_[pdfCTAUDDS]) got nan during case 1 
[#0] ERROR:Tracing -- RooGaussModel::getVal(ctauRes2_conv_exp(-@0/@1)_ctau3D_lambdaDSS_Bkg1_[pdfCTAUDSS1]) got nan during case 1 
[#0] ERROR:Tracing -- RooGaussModel::getVal(ctauRes2_conv_exp(-abs(@0)/@1)_ctau3D_lambdaDDS_Bkg_[pdfCTAUDDS]) got nan during case 1 
[#0] ERROR:Tracing -- RooGaussModel::getVal(ctauRes1_conv_exp(-@0/@1)_ctau3D_lambdaDSS_Bkg1_[pdfCTAUDSS1]) got nan during case 1 
[#0] ERROR:Tracing -- RooGaussModel::getVal(ctauRes3_conv_exp(-@0/@1)_ctau3D_lambdaDSS_Bkg1_[pdfCTAUDSS1]) got nan during case 1 
[#0] ERROR:Tracing -- RooGaussModel::getVal(ctauRes2_conv_exp(-@0/@1)_ctau3D_lambdaDSS_Bkg1_[pdfCTAUDSS1]) got nan during case 1 
[#0] ERROR:Tracing -- RooGaussModel::getVal(ctauRes1_conv_exp(-abs(@0)/@1)_ctau3D_lambdaDDS_Bkg_[pdfCTAUDDS]) got nan during case 1 
[#0] ERROR:Tracing -- RooGaussModel::getVal(ctauRes3_conv_exp(-abs(@0)/@1)_ctau3D_lambdaDDS_Bkg_[pdfCTAUDDS]) got nan during case 1 
[#0] ERROR:Tracing -- RooGaussModel::getVal(ctauRes2_conv_exp(-abs(@0)/@1)_ctau3D_lambdaDDS_Bkg_[pdfCTAUDDS]) got nan during case 1 
[#0] ERROR:Tracing -- RooGaussModel::getVal(ctauRes1_conv_exp(-abs(@0)/@1)_ctau3D_lambdaDDS_Bkg_[pdfCTAUDDS]) got nan during case 1 
[#0] ERROR:Tracing -- RooGaussModel::getVal(ctauRes3_conv_exp(-abs(@0)/@1)_ctau3D_lambdaDDS_Bkg_[pdfCTAUDDS]) got nan during case 1 
[#0] ERROR:Tracing -- RooGaussModel::getVal(ctauRes2_conv_exp(-abs(@0)/@1)_ctau3D_lambdaDDS_Bkg_[pdfCTAUDDS]) got nan during case 1 
[#0] ERROR:Tracing -- RooGaussModel::getVal(ctauRes1_conv_exp(-@0/@1)_ctau3D_lambdaDSS_Bkg2_[pdfCTAUDSS2]) got nan during case 1 
[#0] ERROR:Tracing -- RooGaussModel::getVal(ctauRes3_conv_exp(-@0/@1)_ctau3D_lambdaDSS_Bkg2_[pdfCTAUDSS2]) got nan during case 1 
[#0] ERROR:Tracing -- RooGaussModel::getVal(ctauRes2_conv_exp(-@0/@1)_ctau3D_lambdaDSS_Bkg2_[pdfCTAUDSS2]) got nan during case 1 
[#0] ERROR:Tracing -- RooGaussModel::getVal(ctauRes1_conv_exp(-@0/@1)_ctau3D_lambdaDSS_Bkg2_[pdfCTAUDSS2]) got nan during case 1 
[#0] ERROR:Tracing -- RooGaussModel::getVal(ctauRes3_conv_exp(-@0/@1)_ctau3D_lambdaDSS_Bkg2_[pdfCTAUDSS2]) got nan during case 1 
[#0] ERROR:Tracing -- RooGaussModel::getVal(ctauRes2_conv_exp(-@0/@1)_ctau3D_lambdaDSS_Bkg2_[pdfCTAUDSS2]) got nan during case 1 
[#0] ERROR:Tracing -- RooGaussModel::getVal(ctauRes1_conv_exp(-@0/@1)_ctau3D_lambdaDSS_Bkg2_[pdfCTAUDSS2]) got nan during case 1 
[#0] ERROR:Tracing -- RooGaussModel::getVal(ctauRes3_conv_exp(-@0/@1)_ctau3D_lambdaDSS_Bkg2_[pdfCTAUDSS2]) got nan during case 1 
[#0] ERROR:Tracing -- RooGaussModel::getVal(ctauRes2_conv_exp(-@0/@1)_ctau3D_lambdaDSS_Bkg2_[pdfCTAUDSS2]) got nan during case 1 
[#0] ERROR:Tracing -- RooGaussModel::getVal(ctauRes1_conv_exp(-@0/@1)_ctau3D_lambdaDSS_Bkg2_[pdfCTAUDSS2]) got nan during case 1 
[#0] ERROR:Tracing -- RooGaussModel::getVal(ctauRes3_conv_exp(-@0/@1)_ctau3D_lambdaDSS_Bkg2_[pdfCTAUDSS2]) got nan during case 1 
[#0] ERROR:Tracing -- RooGaussModel::getVal(ctauRes1_conv_exp(-@0/@1)_ctau3D_lambdaDSS_test1_[pdfCTAUTRUE_test1]) got nan during case 1 
[#0] ERROR:Tracing -- RooGaussModel::getVal(ctauRes2_conv_exp(-@0/@1)_ctau3D_lambdaDSS_Bkg2_[pdfCTAUDSS2]) got nan during case 1 
[#0] ERROR:Tracing -- RooGaussModel::getVal(ctauRes3_conv_exp(-@0/@1)_ctau3D_lambdaDSS_test1_[pdfCTAUTRUE_test1]) got nan during case 1 
[#0] ERROR:Tracing -- RooGaussModel::getVal(ctauRes2_conv_exp(-@0/@1)_ctau3D_lambdaDSS_test1_[pdfCTAUTRUE_test1]) got nan during case 1 
[#0] ERROR:Tracing -- RooGaussModel::getVal(ctauRes1_conv_exp(-@0/@1)_ctau3D_lambdaDSS_test1_[pdfCTAUTRUE_test1]) got nan during case 1 
[#0] ERROR:Tracing -- RooGaussModel::getVal(ctauRes3_conv_exp(-@0/@1)_ctau3D_lambdaDSS_test1_[pdfCTAUTRUE_test1]) got nan during case 1 
[#0] ERROR:Tracing -- RooGaussModel::getVal(ctauRes2_conv_exp(-@0/@1)_ctau3D_lambdaDSS_test1_[pdfCTAUTRUE_test1]) got nan during case 1 
[#0] ERROR:Tracing -- RooGaussModel::getVal(ctauRes1_conv_exp(@0/@1)_ctau3D_lambdaDF_Bkg1_[pdfCTAUDF1]) got nan during case 1 
[#0] ERROR:Tracing -- RooGaussModel::getVal(ctauRes3_conv_exp(@0/@1)_ctau3D_lambdaDF_Bkg1_[pdfCTAUDF1]) got nan during case 1 
[#0] ERROR:Tracing -- RooGaussModel::getVal(ctauRes2_conv_exp(@0/@1)_ctau3D_lambdaDF_Bkg1_[pdfCTAUDF1]) got nan during case 1 
[#0] ERROR:Tracing -- RooGaussModel::getVal(ctauRes1_conv_exp(@0/@1)_ctau3D_lambdaDF_Bkg1_[pdfCTAUDF1]) got nan during case 1 
[#0] ERROR:Tracing -- RooGaussModel::getVal(ctauRes3_conv_exp(@0/@1)_ctau3D_lambdaDF_Bkg1_[pdfCTAUDF1]) got nan during case 1 
[#0] ERROR:Tracing -- RooGaussModel::getVal(ctauRes2_conv_exp(@0/@1)_ctau3D_lambdaDF_Bkg1_[pdfCTAUDF1]) got nan during case 1 
[#0] ERROR:Tracing -- RooGaussModel::getVal(ctauRes1_conv_exp(@0/@1)_ctau3D_lambdaDF_Bkg1_[pdfCTAUDF1]) got nan during case 1 
[#0] ERROR:Tracing -- RooGaussModel::getVal(ctauRes3_conv_exp(@0/@1)_ctau3D_lambdaDF_Bkg1_[pdfCTAUDF1]) got nan during case 1 
[#0] ERROR:Tracing -- RooGaussModel::getVal(ctauRes2_conv_exp(@0/@1)_ctau3D_lambdaDF_Bkg1_[pdfCTAUDF1]) got nan during case 1 
[#0] ERROR:Tracing -- RooGaussModel::getVal(ctauRes1_conv_exp(-@0/@1)_ctau3D_lambdaDSS_test1_[pdfCTAUTRUE_test1]) got nan during case 1 
[#0] ERROR:Tracing -- RooGaussModel::getVal(ctauRes1_conv_exp(@0/@1)_ctau3D_lambdaDF_Bkg1_[pdfCTAUDF1]) got nan during case 1 
[#0] ERROR:Tracing -- RooGaussModel::getVal(ctauRes3_conv_exp(-@0/@1)_ctau3D_lambdaDSS_test1_[pdfCTAUTRUE_test1]) got nan during case 1 
[#0] ERROR:Tracing -- RooGaussModel::getVal(ctauRes3_conv_exp(@0/@1)_ctau3D_lambdaDF_Bkg1_[pdfCTAUDF1]) got nan during case 1 
[#0] ERROR:Tracing -- RooGaussModel::getVal(ctauRes2_conv_exp(-@0/@1)_ctau3D_lambdaDSS_test1_[pdfCTAUTRUE_test1]) got nan during case 1 
[#0] ERROR:Tracing -- RooGaussModel::getVal(ctauRes2_conv_exp(@0/@1)_ctau3D_lambdaDF_Bkg1_[pdfCTAUDF1]) got nan during case 1 
[#0] ERROR:Tracing -- RooGaussModel::getVal(ctauRes1_conv_exp(-@0/@1)_ctau3D_lambdaDSS_test1_[pdfCTAUTRUE_test1]) got nan during case 1 
[#0] ERROR:Tracing -- RooGaussModel::getVal(ctauRes3_conv_exp(-@0/@1)_ctau3D_lambdaDSS_test1_[pdfCTAUTRUE_test1]) got nan during case 1 
[#0] ERROR:Tracing -- RooGaussModel::getVal(ctauRes2_conv_exp(-@0/@1)_ctau3D_lambdaDSS_test1_[pdfCTAUTRUE_test1]) got nan during case 1 
[#0] ERROR:Tracing -- RooGaussModel::getVal(ctauRes1_conv_exp(@0/@1)_ctau3D_lambdaDF_Bkg2_[pdfCTAUDF2]) got nan during case 1 
[#0] ERROR:Tracing -- RooGaussModel::getVal(ctauRes3_conv_exp(@0/@1)_ctau3D_lambdaDF_Bkg2_[pdfCTAUDF2]) got nan during case 1 
[#0] ERROR:Tracing -- RooGaussModel::getVal(ctauRes1_conv_exp(-@0/@1)_ctau3D_lambdaDSS_test2_[pdfCTAUTRUE_test2]) got nan during case 1 
[#0] ERROR:Tracing -- RooGaussModel::getVal(ctauRes2_conv_exp(@0/@1)_ctau3D_lambdaDF_Bkg2_[pdfCTAUDF2]) got nan during case 1 
[#0] ERROR:Tracing -- RooGaussModel::getVal(ctauRes3_conv_exp(-@0/@1)_ctau3D_lambdaDSS_test2_[pdfCTAUTRUE_test2]) got nan during case 1 
[#0] ERROR:Tracing -- RooGaussModel::getVal(ctauRes1_conv_exp(@0/@1)_ctau3D_lambdaDF_Bkg2_[pdfCTAUDF2]) got nan during case 1 
[#0] ERROR:Tracing -- RooGaussModel::getVal(ctauRes2_conv_exp(-@0/@1)_ctau3D_lambdaDSS_test2_[pdfCTAUTRUE_test2]) got nan during case 1 
[#0] ERROR:Tracing -- RooGaussModel::getVal(ctauRes3_conv_exp(@0/@1)_ctau3D_lambdaDF_Bkg2_[pdfCTAUDF2]) got nan during case 1 
[#0] ERROR:Tracing -- RooGaussModel::getVal(ctauRes1_conv_exp(-@0/@1)_ctau3D_lambdaDSS_test2_[pdfCTAUTRUE_test2]) got nan during case 1 
[#0] ERROR:Tracing -- RooGaussModel::getVal(ctauRes2_conv_exp(@0/@1)_ctau3D_lambdaDF_Bkg2_[pdfCTAUDF2]) got nan during case 1 
[#0] ERROR:Tracing -- RooGaussModel::getVal(ctauRes3_conv_exp(-@0/@1)_ctau3D_lambdaDSS_test2_[pdfCTAUTRUE_test2]) got nan during case 1 
[#0] ERROR:Tracing -- RooGaussModel::getVal(ctauRes2_conv_exp(-@0/@1)_ctau3D_lambdaDSS_test2_[pdfCTAUTRUE_test2]) got nan during case 1 
[#0] ERROR:Tracing -- RooGaussModel::getVal(ctauRes1_conv_exp(@0/@1)_ctau3D_lambdaDF_Bkg2_[pdfCTAUDF2]) got nan during case 1 
[#0] ERROR:Tracing -- RooGaussModel::getVal(ctauRes1_conv_exp(-@0/@1)_ctau3D_lambdaDSS_test2_[pdfCTAUTRUE_test2]) got nan during case 1 
[#0] ERROR:Tracing -- RooGaussModel::getVal(ctauRes3_conv_exp(@0/@1)_ctau3D_lambdaDF_Bkg2_[pdfCTAUDF2]) got nan during case 1 
[#0] ERROR:Tracing -- RooGaussModel::getVal(ctauRes3_conv_exp(-@0/@1)_ctau3D_lambdaDSS_test2_[pdfCTAUTRUE_test2]) got nan during case 1 
[#0] ERROR:Tracing -- RooGaussModel::getVal(ctauRes2_conv_exp(@0/@1)_ctau3D_lambdaDF_Bkg2_[pdfCTAUDF2]) got nan during case 1 
[#0] ERROR:Tracing -- RooGaussModel::getVal(ctauRes2_conv_exp(-@0/@1)_ctau3D_lambdaDSS_test2_[pdfCTAUTRUE_test2]) got nan during case 1 
[#0] ERROR:Tracing -- RooGaussModel::getVal(ctauRes1_conv_exp(@0/@1)_ctau3D_lambdaDF_Bkg2_[pdfCTAUDF2]) got nan during case 1 
[#0] ERROR:Tracing -- RooGaussModel::getVal(ctauRes1_conv_exp(-@0/@1)_ctau3D_lambdaDSS_test2_[pdfCTAUTRUE_test2]) got nan during case 1 
[#0] ERROR:Tracing -- RooGaussModel::getVal(ctauRes3_conv_exp(@0/@1)_ctau3D_lambdaDF_Bkg2_[pdfCTAUDF2]) got nan during case 1 
[#0] ERROR:Tracing -- RooGaussModel::getVal(ctauRes3_conv_exp(-@0/@1)_ctau3D_lambdaDSS_test2_[pdfCTAUTRUE_test2]) got nan during case 1 
[#0] ERROR:Tracing -- RooGaussModel::getVal(ctauRes2_conv_exp(@0/@1)_ctau3D_lambdaDF_Bkg2_[pdfCTAUDF2]) got nan during case 1 
[#0] ERROR:Tracing -- RooGaussModel::getVal(ctauRes2_conv_exp(-@0/@1)_ctau3D_lambdaDSS_test2_[pdfCTAUTRUE_test2]) got nan during case 1 
[#0] ERROR:Tracing -- RooGaussModel::getVal(ctauRes1_conv_exp(-abs(@0)/@1)_ctau3D_lambdaDDS_Bkg_[pdfCTAUDDS]) got nan during case 1 
[#0] ERROR:Tracing -- RooGaussModel::getVal(ctauRes3_conv_exp(-abs(@0)/@1)_ctau3D_lambdaDDS_Bkg_[pdfCTAUDDS]) got nan during case 1 
[#0] ERROR:Tracing -- RooGaussModel::getVal(ctauRes1_conv_exp(-@0/@1)_ctau3D_lambdaDSS_test3_[pdfCTAUTRUE_test3]) got nan during case 1 
[#0] ERROR:Tracing -- RooGaussModel::getVal(ctauRes2_conv_exp(-abs(@0)/@1)_ctau3D_lambdaDDS_Bkg_[pdfCTAUDDS]) got nan during case 1 
[#0] ERROR:Tracing -- RooGaussModel::getVal(ctauRes3_conv_exp(-@0/@1)_ctau3D_lambdaDSS_test3_[pdfCTAUTRUE_test3]) got nan during case 1 
[#0] ERROR:Tracing -- RooGaussModel::getVal(ctauRes1_conv_exp(-abs(@0)/@1)_ctau3D_lambdaDDS_Bkg_[pdfCTAUDDS]) got nan during case 1 
[#0] ERROR:Tracing -- RooGaussModel::getVal(ctauRes2_conv_exp(-@0/@1)_ctau3D_lambdaDSS_test3_[pdfCTAUTRUE_test3]) got nan during case 1 
[#0] ERROR:Tracing -- RooGaussModel::getVal(ctauRes3_conv_exp(-abs(@0)/@1)_ctau3D_lambdaDDS_Bkg_[pdfCTAUDDS]) got nan during case 1 
[#0] ERROR:Tracing -- RooGaussModel::getVal(ctauRes1_conv_exp(-@0/@1)_ctau3D_lambdaDSS_test3_[pdfCTAUTRUE_test3]) got nan during case 1 
[#0] ERROR:Tracing -- RooGaussModel::getVal(ctauRes2_conv_exp(-abs(@0)/@1)_ctau3D_lambdaDDS_Bkg_[pdfCTAUDDS]) got nan during case 1 
[#0] ERROR:Tracing -- RooGaussModel::getVal(ctauRes3_conv_exp(-@0/@1)_ctau3D_lambdaDSS_test3_[pdfCTAUTRUE_test3]) got nan during case 1 
[#0] ERROR:Tracing -- RooGaussModel::getVal(ctauRes2_conv_exp(-@0/@1)_ctau3D_lambdaDSS_test3_[pdfCTAUTRUE_test3]) got nan during case 1 
[#0] ERROR:Tracing -- RooGaussModel::getVal(ctauRes1_conv_exp(-abs(@0)/@1)_ctau3D_lambdaDDS_Bkg_[pdfCTAUDDS]) got nan during case 1 
[#0] ERROR:Tracing -- RooGaussModel::getVal(ctauRes3_conv_exp(-abs(@0)/@1)_ctau3D_lambdaDDS_Bkg_[pdfCTAUDDS]) got nan during case 1 
[#0] ERROR:Tracing -- RooGaussModel::getVal(ctauRes1_conv_exp(-@0/@1)_ctau3D_lambdaDSS_test3_[pdfCTAUTRUE_test3]) got nan during case 1 
[#0] ERROR:Tracing -- RooGaussModel::getVal(ctauRes2_conv_exp(-abs(@0)/@1)_ctau3D_lambdaDDS_Bkg_[pdfCTAUDDS]) got nan during case 1 
[#0] ERROR:Tracing -- RooGaussModel::getVal(ctauRes3_conv_exp(-@0/@1)_ctau3D_lambdaDSS_test3_[pdfCTAUTRUE_test3]) got nan during case 1 
[#0] ERROR:Tracing -- RooGaussModel::getVal(ctauRes1_conv_exp(-abs(@0)/@1)_ctau3D_lambdaDDS_Bkg_[pdfCTAUDDS]) got nan during case 1 
[#0] ERROR:Tracing -- RooGaussModel::getVal(ctauRes2_conv_exp(-@0/@1)_ctau3D_lambdaDSS_test3_[pdfCTAUTRUE_test3]) got nan during case 1 
[#0] ERROR:Tracing -- RooGaussModel::getVal(ctauRes3_conv_exp(-abs(@0)/@1)_ctau3D_lambdaDDS_Bkg_[pdfCTAUDDS]) got nan during case 1 
[#0] ERROR:Tracing -- RooGaussModel::getVal(ctauRes1_conv_exp(-@0/@1)_ctau3D_lambdaDSS_test3_[pdfCTAUTRUE_test3]) got nan during case 1 
[#0] ERROR:Tracing -- RooGaussModel::getVal(ctauRes2_conv_exp(-abs(@0)/@1)_ctau3D_lambdaDDS_Bkg_[pdfCTAUDDS]) got nan during case 1 
[#0] ERROR:Tracing -- RooGaussModel::getVal(ctauRes3_conv_exp(-@0/@1)_ctau3D_lambdaDSS_test3_[pdfCTAUTRUE_test3]) got nan during case 1 
[#0] ERROR:Tracing -- RooGaussModel::getVal(ctauRes2_conv_exp(-@0/@1)_ctau3D_lambdaDSS_test3_[pdfCTAUTRUE_test3]) got nan during case 1 
[#0] ERROR:Tracing -- RooGaussModel::getVal(ctauRes1_conv_exp(-@0/@1)_ctau3D_lambdaDSS_test1_[pdfCTAUTRUE_test1]) got nan during case 1 
[#0] ERROR:Tracing -- RooGaussModel::getVal(ctauRes3_conv_exp(-@0/@1)_ctau3D_lambdaDSS_test1_[pdfCTAUTRUE_test1]) got nan during case 1 
[#0] ERROR:Tracing -- RooGaussModel::getVal(ctauRes2_conv_exp(-@0/@1)_ctau3D_lambdaDSS_test1_[pdfCTAUTRUE_test1]) got nan during case 1 
[#0] ERROR:Tracing -- RooGaussModel::getVal(ctauRes1_conv_exp(-@0/@1)_ctau3D_lambdaDSS_test1_[pdfCTAUTRUE_test1]) got nan during case 1 
[#0] ERROR:Tracing -- RooGaussModel::getVal(ctauRes3_conv_exp(-@0/@1)_ctau3D_lambdaDSS_test1_[pdfCTAUTRUE_test1]) got nan during case 1 
[#0] ERROR:Tracing -- RooGaussModel::getVal(ctauRes2_conv_exp(-@0/@1)_ctau3D_lambdaDSS_test1_[pdfCTAUTRUE_test1]) got nan during case 1 
[#0] ERROR:Tracing -- RooGaussModel::getVal(ctauRes1_conv_exp(-@0/@1)_ctau3D_lambdaDSS_test1_[pdfCTAUTRUE_test1]) got nan during case 1 
[#0] ERROR:Tracing -- RooGaussModel::getVal(ctauRes3_conv_exp(-@0/@1)_ctau3D_lambdaDSS_test1_[pdfCTAUTRUE_test1]) got nan during case 1 
[#0] ERROR:Tracing -- RooGaussModel::getVal(ctauRes2_conv_exp(-@0/@1)_ctau3D_lambdaDSS_test1_[pdfCTAUTRUE_test1]) got nan during case 1 
[#0] ERROR:Tracing -- RooGaussModel::getVal(ctauRes1_conv_exp(-@0/@1)_ctau3D_lambdaDSS_test1_[pdfCTAUTRUE_test1]) got nan during case 1 
[#0] ERROR:Tracing -- RooGaussModel::getVal(ctauRes3_conv_exp(-@0/@1)_ctau3D_lambdaDSS_test1_[pdfCTAUTRUE_test1]) got nan during case 1 
[#0] ERROR:Tracing -- RooGaussModel::getVal(ctauRes2_conv_exp(-@0/@1)_ctau3D_lambdaDSS_test1_[pdfCTAUTRUE_test1]) got nan during case 1 
[#0] ERROR:Tracing -- RooGaussModel::getVal(ctauRes1_conv_exp(-@0/@1)_ctau3D_lambdaDSS_test2_[pdfCTAUTRUE_test2]) got nan during case 1 
[#0] ERROR:Tracing -- RooGaussModel::getVal(ctauRes3_conv_exp(-@0/@1)_ctau3D_lambdaDSS_test2_[pdfCTAUTRUE_test2]) got nan during case 1 
[#0] ERROR:Tracing -- RooGaussModel::getVal(ctauRes2_conv_exp(-@0/@1)_ctau3D_lambdaDSS_test2_[pdfCTAUTRUE_test2]) got nan during case 1 
[#0] ERROR:Tracing -- RooGaussModel::getVal(ctauRes1_conv_exp(-@0/@1)_ctau3D_lambdaDSS_test2_[pdfCTAUTRUE_test2]) got nan during case 1 
[#0] ERROR:Tracing -- RooGaussModel::getVal(ctauRes3_conv_exp(-@0/@1)_ctau3D_lambdaDSS_test2_[pdfCTAUTRUE_test2]) got nan during case 1 
[#0] ERROR:Tracing -- RooGaussModel::getVal(ctauRes2_conv_exp(-@0/@1)_ctau3D_lambdaDSS_test2_[pdfCTAUTRUE_test2]) got nan during case 1 
[#0] ERROR:Tracing -- RooGaussModel::getVal(ctauRes1_conv_exp(-@0/@1)_ctau3D_lambdaDSS_test2_[pdfCTAUTRUE_test2]) got nan during case 1 
[#0] ERROR:Tracing -- RooGaussModel::getVal(ctauRes3_conv_exp(-@0/@1)_ctau3D_lambdaDSS_test2_[pdfCTAUTRUE_test2]) got nan during case 1 
[#0] ERROR:Tracing -- RooGaussModel::getVal(ctauRes2_conv_exp(-@0/@1)_ctau3D_lambdaDSS_test2_[pdfCTAUTRUE_test2]) got nan during case 1 
[#0] ERROR:Tracing -- RooGaussModel::getVal(ctauRes1_conv_exp(-@0/@1)_ctau3D_lambdaDSS_test2_[pdfCTAUTRUE_test2]) got nan during case 1 
[#0] ERROR:Tracing -- RooGaussModel::getVal(ctauRes3_conv_exp(-@0/@1)_ctau3D_lambdaDSS_test2_[pdfCTAUTRUE_test2]) got nan during case 1 
[#0] ERROR:Tracing -- RooGaussModel::getVal(ctauRes2_conv_exp(-@0/@1)_ctau3D_lambdaDSS_test2_[pdfCTAUTRUE_test2]) got nan during case 1 
[#0] ERROR:Tracing -- RooGaussModel::getVal(ctauRes1_conv_exp(-@0/@1)_ctau3D_lambdaDSS_test3_[pdfCTAUTRUE_test3]) got nan during case 1 
[#0] ERROR:Tracing -- RooGaussModel::getVal(ctauRes3_conv_exp(-@0/@1)_ctau3D_lambdaDSS_test3_[pdfCTAUTRUE_test3]) got nan during case 1 
[#0] ERROR:Tracing -- RooGaussModel::getVal(ctauRes2_conv_exp(-@0/@1)_ctau3D_lambdaDSS_test3_[pdfCTAUTRUE_test3]) got nan during case 1 
[#0] ERROR:Tracing -- RooGaussModel::getVal(ctauRes1_conv_exp(-@0/@1)_ctau3D_lambdaDSS_test3_[pdfCTAUTRUE_test3]) got nan during case 1 
[#0] ERROR:Tracing -- RooGaussModel::getVal(ctauRes3_conv_exp(-@0/@1)_ctau3D_lambdaDSS_test3_[pdfCTAUTRUE_test3]) got nan during case 1 
[#0] ERROR:Tracing -- RooGaussModel::getVal(ctauRes2_conv_exp(-@0/@1)_ctau3D_lambdaDSS_test3_[pdfCTAUTRUE_test3]) got nan during case 1 
[#0] ERROR:Tracing -- RooGaussModel::getVal(ctauRes1_conv_exp(-@0/@1)_ctau3D_lambdaDSS_test3_[pdfCTAUTRUE_test3]) got nan during case 1 
[#0] ERROR:Tracing -- RooGaussModel::getVal(ctauRes3_conv_exp(-@0/@1)_ctau3D_lambdaDSS_test3_[pdfCTAUTRUE_test3]) got nan during case 1 
[#0] ERROR:Tracing -- RooGaussModel::getVal(ctauRes2_conv_exp(-@0/@1)_ctau3D_lambdaDSS_test3_[pdfCTAUTRUE_test3]) got nan during case 1 
[#0] ERROR:Tracing -- RooGaussModel::getVal(ctauRes1_conv_exp(-@0/@1)_ctau3D_lambdaDSS_test3_[pdfCTAUTRUE_test3]) got nan during case 1 
[#0] ERROR:Tracing -- RooGaussModel::getVal(ctauRes3_conv_exp(-@0/@1)_ctau3D_lambdaDSS_test3_[pdfCTAUTRUE_test3]) got nan during case 1 
[#0] ERROR:Tracing -- RooGaussModel::getVal(ctauRes2_conv_exp(-@0/@1)_ctau3D_lambdaDSS_test3_[pdfCTAUTRUE_test3]) got nan during case 1 
[#0] ERROR:Tracing -- RooGaussModel::getVal(ctauRes1_conv_exp(-@0/@1)_ctau3D_lambdaDSS_Bkg1_[pdfCTAUDSS1]) got nan during case 1 
[#0] ERROR:Tracing -- RooGaussModel::getVal(ctauRes3_conv_exp(-@0/@1)_ctau3D_lambdaDSS_Bkg1_[pdfCTAUDSS1]) got nan during case 1 
[#0] ERROR:Tracing -- RooGaussModel::getVal(ctauRes2_conv_exp(-@0/@1)_ctau3D_lambdaDSS_Bkg1_[pdfCTAUDSS1]) got nan during case 1 
[#0] ERROR:Tracing -- RooGaussModel::getVal(ctauRes1_conv_exp(-@0/@1)_ctau3D_lambdaDSS_Bkg1_[pdfCTAUDSS1]) got nan during case 1 
[#0] ERROR:Tracing -- RooGaussModel::getVal(ctauRes3_conv_exp(-@0/@1)_ctau3D_lambdaDSS_Bkg1_[pdfCTAUDSS1]) got nan during case 1 
[#0] ERROR:Tracing -- RooGaussModel::getVal(ctauRes2_conv_exp(-@0/@1)_ctau3D_lambdaDSS_Bkg1_[pdfCTAUDSS1]) got nan during case 1 
[#0] ERROR:Tracing -- RooGaussModel::getVal(ctauRes1_conv_exp(-@0/@1)_ctau3D_lambdaDSS_Bkg1_[pdfCTAUDSS1]) got nan during case 1 
[#0] ERROR:Tracing -- RooGaussModel::getVal(ctauRes3_conv_exp(-@0/@1)_ctau3D_lambdaDSS_Bkg1_[pdfCTAUDSS1]) got nan during case 1 
[#0] ERROR:Tracing -- RooGaussModel::getVal(ctauRes2_conv_exp(-@0/@1)_ctau3D_lambdaDSS_Bkg1_[pdfCTAUDSS1]) got nan during case 1 
[#0] ERROR:Tracing -- RooGaussModel::getVal(ctauRes1_conv_exp(-@0/@1)_ctau3D_lambdaDSS_Bkg1_[pdfCTAUDSS1]) got nan during case 1 
[#0] ERROR:Tracing -- RooGaussModel::getVal(ctauRes3_conv_exp(-@0/@1)_ctau3D_lambdaDSS_Bkg1_[pdfCTAUDSS1]) got nan during case 1 
[#0] ERROR:Tracing -- RooGaussModel::getVal(ctauRes2_conv_exp(-@0/@1)_ctau3D_lambdaDSS_Bkg1_[pdfCTAUDSS1]) got nan during case 1 
[#0] ERROR:Tracing -- RooGaussModel::getVal(ctauRes1_conv_exp(-@0/@1)_ctau3D_lambdaDSS_Bkg2_[pdfCTAUDSS2]) got nan during case 1 
[#0] ERROR:Tracing -- RooGaussModel::getVal(ctauRes3_conv_exp(-@0/@1)_ctau3D_lambdaDSS_Bkg2_[pdfCTAUDSS2]) got nan during case 1 
[#0] ERROR:Tracing -- RooGaussModel::getVal(ctauRes2_conv_exp(-@0/@1)_ctau3D_lambdaDSS_Bkg2_[pdfCTAUDSS2]) got nan during case 1 
[#0] ERROR:Tracing -- RooGaussModel::getVal(ctauRes1_conv_exp(-@0/@1)_ctau3D_lambdaDSS_Bkg2_[pdfCTAUDSS2]) got nan during case 1 
[#0] ERROR:Tracing -- RooGaussModel::getVal(ctauRes3_conv_exp(-@0/@1)_ctau3D_lambdaDSS_Bkg2_[pdfCTAUDSS2]) got nan during case 1 
[#0] ERROR:Tracing -- RooGaussModel::getVal(ctauRes2_conv_exp(-@0/@1)_ctau3D_lambdaDSS_Bkg2_[pdfCTAUDSS2]) got nan during case 1 
[#0] ERROR:Tracing -- RooGaussModel::getVal(ctauRes1_conv_exp(-@0/@1)_ctau3D_lambdaDSS_Bkg2_[pdfCTAUDSS2]) got nan during case 1 
[#0] ERROR:Tracing -- RooGaussModel::getVal(ctauRes3_conv_exp(-@0/@1)_ctau3D_lambdaDSS_Bkg2_[pdfCTAUDSS2]) got nan during case 1 
[#0] ERROR:Tracing -- RooGaussModel::getVal(ctauRes2_conv_exp(-@0/@1)_ctau3D_lambdaDSS_Bkg2_[pdfCTAUDSS2]) got nan during case 1 
[#0] ERROR:Tracing -- RooGaussModel::getVal(ctauRes1_conv_exp(-@0/@1)_ctau3D_lambdaDSS_Bkg2_[pdfCTAUDSS2]) got nan during case 1 
[#0] ERROR:Tracing -- RooGaussModel::getVal(ctauRes3_conv_exp(-@0/@1)_ctau3D_lambdaDSS_Bkg2_[pdfCTAUDSS2]) got nan during case 1 
[#0] ERROR:Tracing -- RooGaussModel::getVal(ctauRes2_conv_exp(-@0/@1)_ctau3D_lambdaDSS_Bkg2_[pdfCTAUDSS2]) got nan during case 1 
[#0] ERROR:Tracing -- RooGaussModel::getVal(ctauRes1_conv_exp(@0/@1)_ctau3D_lambdaDF_Bkg1_[pdfCTAUDF1]) got nan during case 1 
[#0] ERROR:Tracing -- RooGaussModel::getVal(ctauRes3_conv_exp(@0/@1)_ctau3D_lambdaDF_Bkg1_[pdfCTAUDF1]) got nan during case 1 
[#0] ERROR:Tracing -- RooGaussModel::getVal(ctauRes2_conv_exp(@0/@1)_ctau3D_lambdaDF_Bkg1_[pdfCTAUDF1]) got nan during case 1 
[#0] ERROR:Tracing -- RooGaussModel::getVal(ctauRes1_conv_exp(@0/@1)_ctau3D_lambdaDF_Bkg1_[pdfCTAUDF1]) got nan during case 1 
[#0] ERROR:Tracing -- RooGaussModel::getVal(ctauRes3_conv_exp(@0/@1)_ctau3D_lambdaDF_Bkg1_[pdfCTAUDF1]) got nan during case 1 
[#0] ERROR:Tracing -- RooGaussModel::getVal(ctauRes2_conv_exp(@0/@1)_ctau3D_lambdaDF_Bkg1_[pdfCTAUDF1]) got nan during case 1 
[#0] ERROR:Tracing -- RooGaussModel::getVal(ctauRes1_conv_exp(@0/@1)_ctau3D_lambdaDF_Bkg1_[pdfCTAUDF1]) got nan during case 1 
[#0] ERROR:Tracing -- RooGaussModel::getVal(ctauRes3_conv_exp(@0/@1)_ctau3D_lambdaDF_Bkg1_[pdfCTAUDF1]) got nan during case 1 
[#0] ERROR:Tracing -- RooGaussModel::getVal(ctauRes2_conv_exp(@0/@1)_ctau3D_lambdaDF_Bkg1_[pdfCTAUDF1]) got nan during case 1 
[#0] ERROR:Tracing -- RooGaussModel::getVal(ctauRes1_conv_exp(@0/@1)_ctau3D_lambdaDF_Bkg1_[pdfCTAUDF1]) got nan during case 1 
[#0] ERROR:Tracing -- RooGaussModel::getVal(ctauRes3_conv_exp(@0/@1)_ctau3D_lambdaDF_Bkg1_[pdfCTAUDF1]) got nan during case 1 
[#0] ERROR:Tracing -- RooGaussModel::getVal(ctauRes2_conv_exp(@0/@1)_ctau3D_lambdaDF_Bkg1_[pdfCTAUDF1]) got nan during case 1 
[#0] ERROR:Tracing -- RooGaussModel::getVal(ctauRes1_conv_exp(@0/@1)_ctau3D_lambdaDF_Bkg2_[pdfCTAUDF2]) got nan during case 1 
[#0] ERROR:Tracing -- RooGaussModel::getVal(ctauRes3_conv_exp(@0/@1)_ctau3D_lambdaDF_Bkg2_[pdfCTAUDF2]) got nan during case 1 
[#0] ERROR:Tracing -- RooGaussModel::getVal(ctauRes2_conv_exp(@0/@1)_ctau3D_lambdaDF_Bkg2_[pdfCTAUDF2]) got nan during case 1 
[#0] ERROR:Tracing -- RooGaussModel::getVal(ctauRes1_conv_exp(@0/@1)_ctau3D_lambdaDF_Bkg2_[pdfCTAUDF2]) got nan during case 1 
[#0] ERROR:Tracing -- RooGaussModel::getVal(ctauRes3_conv_exp(@0/@1)_ctau3D_lambdaDF_Bkg2_[pdfCTAUDF2]) got nan during case 1 
[#0] ERROR:Tracing -- RooGaussModel::getVal(ctauRes2_conv_exp(@0/@1)_ctau3D_lambdaDF_Bkg2_[pdfCTAUDF2]) got nan during case 1 
[#0] ERROR:Tracing -- RooGaussModel::getVal(ctauRes1_conv_exp(@0/@1)_ctau3D_lambdaDF_Bkg2_[pdfCTAUDF2]) got nan during case 1 
[#0] ERROR:Tracing -- RooGaussModel::getVal(ctauRes3_conv_exp(@0/@1)_ctau3D_lambdaDF_Bkg2_[pdfCTAUDF2]) got nan during case 1 
[#0] ERROR:Tracing -- RooGaussModel::getVal(ctauRes2_conv_exp(@0/@1)_ctau3D_lambdaDF_Bkg2_[pdfCTAUDF2]) got nan during case 1 
[#0] ERROR:Tracing -- RooGaussModel::getVal(ctauRes1_conv_exp(@0/@1)_ctau3D_lambdaDF_Bkg2_[pdfCTAUDF2]) got nan during case 1 
[#0] ERROR:Tracing -- RooGaussModel::getVal(ctauRes3_conv_exp(@0/@1)_ctau3D_lambdaDF_Bkg2_[pdfCTAUDF2]) got nan during case 1 
[#0] ERROR:Tracing -- RooGaussModel::getVal(ctauRes2_conv_exp(@0/@1)_ctau3D_lambdaDF_Bkg2_[pdfCTAUDF2]) got nan during case 1 
[#0] ERROR:Tracing -- RooGaussModel::getVal(ctauRes1_conv_exp(-abs(@0)/@1)_ctau3D_lambdaDDS_Bkg_[pdfCTAUDDS]) got nan during case 1 
[#0] ERROR:Tracing -- RooGaussModel::getVal(ctauRes3_conv_exp(-abs(@0)/@1)_ctau3D_lambdaDDS_Bkg_[pdfCTAUDDS]) got nan during case 1 
[#0] ERROR:Tracing -- RooGaussModel::getVal(ctauRes2_conv_exp(-abs(@0)/@1)_ctau3D_lambdaDDS_Bkg_[pdfCTAUDDS]) got nan during case 1 
[#0] ERROR:Tracing -- RooGaussModel::getVal(ctauRes1_conv_exp(-abs(@0)/@1)_ctau3D_lambdaDDS_Bkg_[pdfCTAUDDS]) got nan during case 1 
[#0] ERROR:Tracing -- RooGaussModel::getVal(ctauRes3_conv_exp(-abs(@0)/@1)_ctau3D_lambdaDDS_Bkg_[pdfCTAUDDS]) got nan during case 1 
[#0] ERROR:Tracing -- RooGaussModel::getVal(ctauRes2_conv_exp(-abs(@0)/@1)_ctau3D_lambdaDDS_Bkg_[pdfCTAUDDS]) got nan during case 1 
[#0] ERROR:Tracing -- RooGaussModel::getVal(ctauRes1_conv_exp(-abs(@0)/@1)_ctau3D_lambdaDDS_Bkg_[pdfCTAUDDS]) got nan during case 1 
[#0] ERROR:Tracing -- RooGaussModel::getVal(ctauRes3_conv_exp(-abs(@0)/@1)_ctau3D_lambdaDDS_Bkg_[pdfCTAUDDS]) got nan during case 1 
[#0] ERROR:Tracing -- RooGaussModel::getVal(ctauRes2_conv_exp(-abs(@0)/@1)_ctau3D_lambdaDDS_Bkg_[pdfCTAUDDS]) got nan during case 1 
[#0] ERROR:Tracing -- RooGaussModel::getVal(ctauRes1_conv_exp(-abs(@0)/@1)_ctau3D_lambdaDDS_Bkg_[pdfCTAUDDS]) got nan during case 1 
[#0] ERROR:Tracing -- RooGaussModel::getVal(ctauRes3_conv_exp(-abs(@0)/@1)_ctau3D_lambdaDDS_Bkg_[pdfCTAUDDS]) got nan during case 1 
[#0] ERROR:Tracing -- RooGaussModel::getVal(ctauRes2_conv_exp(-abs(@0)/@1)_ctau3D_lambdaDDS_Bkg_[pdfCTAUDDS]) got nan during case 1 
[#0] ERROR:Tracing -- RooGaussModel::getVal(ctauRes1_conv_exp(-@0/@1)_ctau3D_lambdaDSS_test1_[pdfCTAUTRUE_test1]) got nan during case 1 
[#0] ERROR:Tracing -- RooGaussModel::getVal(ctauRes3_conv_exp(-@0/@1)_ctau3D_lambdaDSS_test1_[pdfCTAUTRUE_test1]) got nan during case 1 
[#0] ERROR:Tracing -- RooGaussModel::getVal(ctauRes2_conv_exp(-@0/@1)_ctau3D_lambdaDSS_test1_[pdfCTAUTRUE_test1]) got nan during case 1 
[#0] ERROR:Tracing -- RooGaussModel::getVal(ctauRes1_conv_exp(-@0/@1)_ctau3D_lambdaDSS_test1_[pdfCTAUTRUE_test1]) got nan during case 1 
[#0] ERROR:Tracing -- RooGaussModel::getVal(ctauRes3_conv_exp(-@0/@1)_ctau3D_lambdaDSS_test1_[pdfCTAUTRUE_test1]) got nan during case 1 
[#0] ERROR:Tracing -- RooGaussModel::getVal(ctauRes2_conv_exp(-@0/@1)_ctau3D_lambdaDSS_test1_[pdfCTAUTRUE_test1]) got nan during case 1 
[#0] ERROR:Tracing -- RooGaussModel::getVal(ctauRes1_conv_exp(-@0/@1)_ctau3D_lambdaDSS_test1_[pdfCTAUTRUE_test1]) got nan during case 1 
[#0] ERROR:Tracing -- RooGaussModel::getVal(ctauRes3_conv_exp(-@0/@1)_ctau3D_lambdaDSS_test1_[pdfCTAUTRUE_test1]) got nan during case 1 
[#0] ERROR:Tracing -- RooGaussModel::getVal(ctauRes2_conv_exp(-@0/@1)_ctau3D_lambdaDSS_test1_[pdfCTAUTRUE_test1]) got nan during case 1 
[#0] ERROR:Tracing -- RooGaussModel::getVal(ctauRes1_conv_exp(-@0/@1)_ctau3D_lambdaDSS_test1_[pdfCTAUTRUE_test1]) got nan during case 1 
[#0] ERROR:Tracing -- RooGaussModel::getVal(ctauRes3_conv_exp(-@0/@1)_ctau3D_lambdaDSS_test1_[pdfCTAUTRUE_test1]) got nan during case 1 
[#0] ERROR:Tracing -- RooGaussModel::getVal(ctauRes2_conv_exp(-@0/@1)_ctau3D_lambdaDSS_test1_[pdfCTAUTRUE_test1]) got nan during case 1 
[#0] ERROR:Tracing -- RooGaussModel::getVal(ctauRes1_conv_exp(-@0/@1)_ctau3D_lambdaDSS_test2_[pdfCTAUTRUE_test2]) got nan during case 1 
[#0] ERROR:Tracing -- RooGaussModel::getVal(ctauRes3_conv_exp(-@0/@1)_ctau3D_lambdaDSS_test2_[pdfCTAUTRUE_test2]) got nan during case 1 
[#0] ERROR:Tracing -- RooGaussModel::getVal(ctauRes2_conv_exp(-@0/@1)_ctau3D_lambdaDSS_test2_[pdfCTAUTRUE_test2]) got nan during case 1 
[#0] ERROR:Tracing -- RooGaussModel::getVal(ctauRes1_conv_exp(-@0/@1)_ctau3D_lambdaDSS_test2_[pdfCTAUTRUE_test2]) got nan during case 1 
[#0] ERROR:Tracing -- RooGaussModel::getVal(ctauRes3_conv_exp(-@0/@1)_ctau3D_lambdaDSS_test2_[pdfCTAUTRUE_test2]) got nan during case 1 
[#0] ERROR:Tracing -- RooGaussModel::getVal(ctauRes2_conv_exp(-@0/@1)_ctau3D_lambdaDSS_test2_[pdfCTAUTRUE_test2]) got nan during case 1 
[#0] ERROR:Tracing -- RooGaussModel::getVal(ctauRes1_conv_exp(-@0/@1)_ctau3D_lambdaDSS_test2_[pdfCTAUTRUE_test2]) got nan during case 1 
[#0] ERROR:Tracing -- RooGaussModel::getVal(ctauRes3_conv_exp(-@0/@1)_ctau3D_lambdaDSS_test2_[pdfCTAUTRUE_test2]) got nan during case 1 
[#0] ERROR:Tracing -- RooGaussModel::getVal(ctauRes2_conv_exp(-@0/@1)_ctau3D_lambdaDSS_test2_[pdfCTAUTRUE_test2]) got nan during case 1 
[#0] ERROR:Tracing -- RooGaussModel::getVal(ctauRes1_conv_exp(-@0/@1)_ctau3D_lambdaDSS_test2_[pdfCTAUTRUE_test2]) got nan during case 1 
[#0] ERROR:Tracing -- RooGaussModel::getVal(ctauRes3_conv_exp(-@0/@1)_ctau3D_lambdaDSS_test2_[pdfCTAUTRUE_test2]) got nan during case 1 
[#0] ERROR:Tracing -- RooGaussModel::getVal(ctauRes2_conv_exp(-@0/@1)_ctau3D_lambdaDSS_test2_[pdfCTAUTRUE_test2]) got nan during case 1 
[#0] ERROR:Tracing -- RooGaussModel::getVal(ctauRes1_conv_exp(-@0/@1)_ctau3D_lambdaDSS_test3_[pdfCTAUTRUE_test3]) got nan during case 1 
[#0] ERROR:Tracing -- RooGaussModel::getVal(ctauRes3_conv_exp(-@0/@1)_ctau3D_lambdaDSS_test3_[pdfCTAUTRUE_test3]) got nan during case 1 
[#0] ERROR:Tracing -- RooGaussModel::getVal(ctauRes2_conv_exp(-@0/@1)_ctau3D_lambdaDSS_test3_[pdfCTAUTRUE_test3]) got nan during case 1 
[#0] ERROR:Tracing -- RooGaussModel::getVal(ctauRes1_conv_exp(-@0/@1)_ctau3D_lambdaDSS_test3_[pdfCTAUTRUE_test3]) got nan during case 1 
[#0] ERROR:Tracing -- RooGaussModel::getVal(ctauRes3_conv_exp(-@0/@1)_ctau3D_lambdaDSS_test3_[pdfCTAUTRUE_test3]) got nan during case 1 
[#0] ERROR:Tracing -- RooGaussModel::getVal(ctauRes2_conv_exp(-@0/@1)_ctau3D_lambdaDSS_test3_[pdfCTAUTRUE_test3]) got nan during case 1 
[#0] ERROR:Tracing -- RooGaussModel::getVal(ctauRes1_conv_exp(-@0/@1)_ctau3D_lambdaDSS_test3_[pdfCTAUTRUE_test3]) got nan during case 1 
[#0] ERROR:Tracing -- RooGaussModel::getVal(ctauRes3_conv_exp(-@0/@1)_ctau3D_lambdaDSS_test3_[pdfCTAUTRUE_test3]) got nan during case 1 
[#0] ERROR:Tracing -- RooGaussModel::getVal(ctauRes2_conv_exp(-@0/@1)_ctau3D_lambdaDSS_test3_[pdfCTAUTRUE_test3]) got nan during case 1 
[#0] ERROR:Tracing -- RooGaussModel::getVal(ctauRes1_conv_exp(-@0/@1)_ctau3D_lambdaDSS_test3_[pdfCTAUTRUE_test3]) got nan during case 1 
[#0] ERROR:Tracing -- RooGaussModel::getVal(ctauRes3_conv_exp(-@0/@1)_ctau3D_lambdaDSS_test3_[pdfCTAUTRUE_test3]) got nan during case 1 
[#0] ERROR:Tracing -- RooGaussModel::getVal(ctauRes2_conv_exp(-@0/@1)_ctau3D_lambdaDSS_test3_[pdfCTAUTRUE_test3]) got nan during case 1 
[#0] ERROR:Tracing -- RooGaussModel::getVal(ctauRes1_conv_exp(-@0/@1)_ctau3D_lambdaDSS_Bkg1_[pdfCTAUDSS1]) got nan during case 1 
[#0] ERROR:Tracing -- RooGaussModel::getVal(ctauRes3_conv_exp(-@0/@1)_ctau3D_lambdaDSS_Bkg1_[pdfCTAUDSS1]) got nan during case 1 
[#0] ERROR:Tracing -- RooGaussModel::getVal(ctauRes2_conv_exp(-@0/@1)_ctau3D_lambdaDSS_Bkg1_[pdfCTAUDSS1]) got nan during case 1 
[#0] ERROR:Tracing -- RooGaussModel::getVal(ctauRes1_conv_exp(-@0/@1)_ctau3D_lambdaDSS_Bkg1_[pdfCTAUDSS1]) got nan during case 1 
[#0] ERROR:Tracing -- RooGaussModel::getVal(ctauRes3_conv_exp(-@0/@1)_ctau3D_lambdaDSS_Bkg1_[pdfCTAUDSS1]) got nan during case 1 
[#0] ERROR:Tracing -- RooGaussModel::getVal(ctauRes2_conv_exp(-@0/@1)_ctau3D_lambdaDSS_Bkg1_[pdfCTAUDSS1]) got nan during case 1 
[#0] ERROR:Tracing -- RooGaussModel::getVal(ctauRes1_conv_exp(-@0/@1)_ctau3D_lambdaDSS_Bkg1_[pdfCTAUDSS1]) got nan during case 1 
[#0] ERROR:Tracing -- RooGaussModel::getVal(ctauRes3_conv_exp(-@0/@1)_ctau3D_lambdaDSS_Bkg1_[pdfCTAUDSS1]) got nan during case 1 
[#0] ERROR:Tracing -- RooGaussModel::getVal(ctauRes2_conv_exp(-@0/@1)_ctau3D_lambdaDSS_Bkg1_[pdfCTAUDSS1]) got nan during case 1 
[#0] ERROR:Tracing -- RooGaussModel::getVal(ctauRes1_conv_exp(-@0/@1)_ctau3D_lambdaDSS_Bkg1_[pdfCTAUDSS1]) got nan during case 1 
[#0] ERROR:Tracing -- RooGaussModel::getVal(ctauRes3_conv_exp(-@0/@1)_ctau3D_lambdaDSS_Bkg1_[pdfCTAUDSS1]) got nan during case 1 
[#0] ERROR:Tracing -- RooGaussModel::getVal(ctauRes2_conv_exp(-@0/@1)_ctau3D_lambdaDSS_Bkg1_[pdfCTAUDSS1]) got nan during case 1 
[#0] ERROR:Tracing -- RooGaussModel::getVal(ctauRes1_conv_exp(-@0/@1)_ctau3D_lambdaDSS_Bkg2_[pdfCTAUDSS2]) got nan during case 1 
[#0] ERROR:Tracing -- RooGaussModel::getVal(ctauRes3_conv_exp(-@0/@1)_ctau3D_lambdaDSS_Bkg2_[pdfCTAUDSS2]) got nan during case 1 
[#0] ERROR:Tracing -- RooGaussModel::getVal(ctauRes2_conv_exp(-@0/@1)_ctau3D_lambdaDSS_Bkg2_[pdfCTAUDSS2]) got nan during case 1 
[#0] ERROR:Tracing -- RooGaussModel::getVal(ctauRes1_conv_exp(-@0/@1)_ctau3D_lambdaDSS_Bkg2_[pdfCTAUDSS2]) got nan during case 1 
[#0] ERROR:Tracing -- RooGaussModel::getVal(ctauRes3_conv_exp(-@0/@1)_ctau3D_lambdaDSS_Bkg2_[pdfCTAUDSS2]) got nan during case 1 
[#0] ERROR:Tracing -- RooGaussModel::getVal(ctauRes2_conv_exp(-@0/@1)_ctau3D_lambdaDSS_Bkg2_[pdfCTAUDSS2]) got nan during case 1 
[#0] ERROR:Tracing -- RooGaussModel::getVal(ctauRes1_conv_exp(-@0/@1)_ctau3D_lambdaDSS_Bkg2_[pdfCTAUDSS2]) got nan during case 1 
[#0] ERROR:Tracing -- RooGaussModel::getVal(ctauRes3_conv_exp(-@0/@1)_ctau3D_lambdaDSS_Bkg2_[pdfCTAUDSS2]) got nan during case 1 
[#0] ERROR:Tracing -- RooGaussModel::getVal(ctauRes2_conv_exp(-@0/@1)_ctau3D_lambdaDSS_Bkg2_[pdfCTAUDSS2]) got nan during case 1 
[#0] ERROR:Tracing -- RooGaussModel::getVal(ctauRes1_conv_exp(-@0/@1)_ctau3D_lambdaDSS_Bkg2_[pdfCTAUDSS2]) got nan during case 1 
[#0] ERROR:Tracing -- RooGaussModel::getVal(ctauRes3_conv_exp(-@0/@1)_ctau3D_lambdaDSS_Bkg2_[pdfCTAUDSS2]) got nan during case 1 
[#0] ERROR:Tracing -- RooGaussModel::getVal(ctauRes2_conv_exp(-@0/@1)_ctau3D_lambdaDSS_Bkg2_[pdfCTAUDSS2]) got nan during case 1 
[#0] ERROR:Tracing -- RooGaussModel::getVal(ctauRes1_conv_exp(@0/@1)_ctau3D_lambdaDF_Bkg1_[pdfCTAUDF1]) got nan during case 1 
[#0] ERROR:Tracing -- RooGaussModel::getVal(ctauRes3_conv_exp(@0/@1)_ctau3D_lambdaDF_Bkg1_[pdfCTAUDF1]) got nan during case 1 
[#0] ERROR:Tracing -- RooGaussModel::getVal(ctauRes2_conv_exp(@0/@1)_ctau3D_lambdaDF_Bkg1_[pdfCTAUDF1]) got nan during case 1 
[#0] ERROR:Tracing -- RooGaussModel::getVal(ctauRes1_conv_exp(@0/@1)_ctau3D_lambdaDF_Bkg1_[pdfCTAUDF1]) got nan during case 1 
[#0] ERROR:Tracing -- RooGaussModel::getVal(ctauRes3_conv_exp(@0/@1)_ctau3D_lambdaDF_Bkg1_[pdfCTAUDF1]) got nan during case 1 
[#0] ERROR:Tracing -- RooGaussModel::getVal(ctauRes2_conv_exp(@0/@1)_ctau3D_lambdaDF_Bkg1_[pdfCTAUDF1]) got nan during case 1 
[#0] ERROR:Tracing -- RooGaussModel::getVal(ctauRes1_conv_exp(@0/@1)_ctau3D_lambdaDF_Bkg1_[pdfCTAUDF1]) got nan during case 1 
[#0] ERROR:Tracing -- RooGaussModel::getVal(ctauRes3_conv_exp(@0/@1)_ctau3D_lambdaDF_Bkg1_[pdfCTAUDF1]) got nan during case 1 
[#0] ERROR:Tracing -- RooGaussModel::getVal(ctauRes2_conv_exp(@0/@1)_ctau3D_lambdaDF_Bkg1_[pdfCTAUDF1]) got nan during case 1 
[#0] ERROR:Tracing -- RooGaussModel::getVal(ctauRes1_conv_exp(@0/@1)_ctau3D_lambdaDF_Bkg1_[pdfCTAUDF1]) got nan during case 1 
[#0] ERROR:Tracing -- RooGaussModel::getVal(ctauRes3_conv_exp(@0/@1)_ctau3D_lambdaDF_Bkg1_[pdfCTAUDF1]) got nan during case 1 
[#0] ERROR:Tracing -- RooGaussModel::getVal(ctauRes2_conv_exp(@0/@1)_ctau3D_lambdaDF_Bkg1_[pdfCTAUDF1]) got nan during case 1 
[#0] ERROR:Tracing -- RooGaussModel::getVal(ctauRes1_conv_exp(@0/@1)_ctau3D_lambdaDF_Bkg2_[pdfCTAUDF2]) got nan during case 1 
[#0] ERROR:Tracing -- RooGaussModel::getVal(ctauRes3_conv_exp(@0/@1)_ctau3D_lambdaDF_Bkg2_[pdfCTAUDF2]) got nan during case 1 
[#0] ERROR:Tracing -- RooGaussModel::getVal(ctauRes2_conv_exp(@0/@1)_ctau3D_lambdaDF_Bkg2_[pdfCTAUDF2]) got nan during case 1 
[#0] ERROR:Tracing -- RooGaussModel::getVal(ctauRes1_conv_exp(@0/@1)_ctau3D_lambdaDF_Bkg2_[pdfCTAUDF2]) got nan during case 1 
[#0] ERROR:Tracing -- RooGaussModel::getVal(ctauRes3_conv_exp(@0/@1)_ctau3D_lambdaDF_Bkg2_[pdfCTAUDF2]) got nan during case 1 
[#0] ERROR:Tracing -- RooGaussModel::getVal(ctauRes2_conv_exp(@0/@1)_ctau3D_lambdaDF_Bkg2_[pdfCTAUDF2]) got nan during case 1 
[#0] ERROR:Tracing -- RooGaussModel::getVal(ctauRes1_conv_exp(@0/@1)_ctau3D_lambdaDF_Bkg2_[pdfCTAUDF2]) got nan during case 1 
[#0] ERROR:Tracing -- RooGaussModel::getVal(ctauRes3_conv_exp(@0/@1)_ctau3D_lambdaDF_Bkg2_[pdfCTAUDF2]) got nan during case 1 
[#0] ERROR:Tracing -- RooGaussModel::getVal(ctauRes2_conv_exp(@0/@1)_ctau3D_lambdaDF_Bkg2_[pdfCTAUDF2]) got nan during case 1 
[#0] ERROR:Tracing -- RooGaussModel::getVal(ctauRes1_conv_exp(@0/@1)_ctau3D_lambdaDF_Bkg2_[pdfCTAUDF2]) got nan during case 1 
[#0] ERROR:Tracing -- RooGaussModel::getVal(ctauRes3_conv_exp(@0/@1)_ctau3D_lambdaDF_Bkg2_[pdfCTAUDF2]) got nan during case 1 
[#0] ERROR:Tracing -- RooGaussModel::getVal(ctauRes2_conv_exp(@0/@1)_ctau3D_lambdaDF_Bkg2_[pdfCTAUDF2]) got nan during case 1 
[#0] ERROR:Tracing -- RooGaussModel::getVal(ctauRes1_conv_exp(-abs(@0)/@1)_ctau3D_lambdaDDS_Bkg_[pdfCTAUDDS]) got nan during case 1 
[#0] ERROR:Tracing -- RooGaussModel::getVal(ctauRes3_conv_exp(-abs(@0)/@1)_ctau3D_lambdaDDS_Bkg_[pdfCTAUDDS]) got nan during case 1 
[#0] ERROR:Tracing -- RooGaussModel::getVal(ctauRes2_conv_exp(-abs(@0)/@1)_ctau3D_lambdaDDS_Bkg_[pdfCTAUDDS]) got nan during case 1 
[#0] ERROR:Tracing -- RooGaussModel::getVal(ctauRes1_conv_exp(-abs(@0)/@1)_ctau3D_lambdaDDS_Bkg_[pdfCTAUDDS]) got nan during case 1 
[#0] ERROR:Tracing -- RooGaussModel::getVal(ctauRes3_conv_exp(-abs(@0)/@1)_ctau3D_lambdaDDS_Bkg_[pdfCTAUDDS]) got nan during case 1 
[#0] ERROR:Tracing -- RooGaussModel::getVal(ctauRes2_conv_exp(-abs(@0)/@1)_ctau3D_lambdaDDS_Bkg_[pdfCTAUDDS]) got nan during case 1 
[#0] ERROR:Tracing -- RooGaussModel::getVal(ctauRes1_conv_exp(-abs(@0)/@1)_ctau3D_lambdaDDS_Bkg_[pdfCTAUDDS]) got nan during case 1 
[#0] ERROR:Tracing -- RooGaussModel::getVal(ctauRes3_conv_exp(-abs(@0)/@1)_ctau3D_lambdaDDS_Bkg_[pdfCTAUDDS]) got nan during case 1 
[#0] ERROR:Tracing -- RooGaussModel::getVal(ctauRes2_conv_exp(-abs(@0)/@1)_ctau3D_lambdaDDS_Bkg_[pdfCTAUDDS]) got nan during case 1 
[#0] ERROR:Tracing -- RooGaussModel::getVal(ctauRes1_conv_exp(-abs(@0)/@1)_ctau3D_lambdaDDS_Bkg_[pdfCTAUDDS]) got nan during case 1 
[#0] ERROR:Tracing -- RooGaussModel::getVal(ctauRes3_conv_exp(-abs(@0)/@1)_ctau3D_lambdaDDS_Bkg_[pdfCTAUDDS]) got nan during case 1 
[#0] ERROR:Tracing -- RooGaussModel::getVal(ctauRes2_conv_exp(-abs(@0)/@1)_ctau3D_lambdaDDS_Bkg_[pdfCTAUDDS]) got nan during case 1 
[#0] ERROR:Tracing -- RooGaussModel::getVal(ctauRes1_conv_exp(-@0/@1)_ctau3D_lambdaDSS_test1_[pdfCTAUTRUE_test1]) got nan during case 1 
[#0] ERROR:Tracing -- RooGaussModel::getVal(ctauRes3_conv_exp(-@0/@1)_ctau3D_lambdaDSS_test1_[pdfCTAUTRUE_test1]) got nan during case 1 
[#0] ERROR:Tracing -- RooGaussModel::getVal(ctauRes2_conv_exp(-@0/@1)_ctau3D_lambdaDSS_test1_[pdfCTAUTRUE_test1]) got nan during case 1 
[#0] ERROR:Tracing -- RooGaussModel::getVal(ctauRes1_conv_exp(-@0/@1)_ctau3D_lambdaDSS_test1_[pdfCTAUTRUE_test1]) got nan during case 1 
[#0] ERROR:Tracing -- RooGaussModel::getVal(ctauRes3_conv_exp(-@0/@1)_ctau3D_lambdaDSS_test1_[pdfCTAUTRUE_test1]) got nan during case 1 
[#0] ERROR:Tracing -- RooGaussModel::getVal(ctauRes2_conv_exp(-@0/@1)_ctau3D_lambdaDSS_test1_[pdfCTAUTRUE_test1]) got nan during case 1 
[#0] ERROR:Tracing -- RooGaussModel::getVal(ctauRes1_conv_exp(-@0/@1)_ctau3D_lambdaDSS_test1_[pdfCTAUTRUE_test1]) got nan during case 1 
[#0] ERROR:Tracing -- RooGaussModel::getVal(ctauRes3_conv_exp(-@0/@1)_ctau3D_lambdaDSS_test1_[pdfCTAUTRUE_test1]) got nan during case 1 
[#0] ERROR:Tracing -- RooGaussModel::getVal(ctauRes2_conv_exp(-@0/@1)_ctau3D_lambdaDSS_test1_[pdfCTAUTRUE_test1]) got nan during case 1 
[#0] ERROR:Tracing -- RooGaussModel::getVal(ctauRes1_conv_exp(-@0/@1)_ctau3D_lambdaDSS_test1_[pdfCTAUTRUE_test1]) got nan during case 1 
[#0] ERROR:Tracing -- RooGaussModel::getVal(ctauRes3_conv_exp(-@0/@1)_ctau3D_lambdaDSS_test1_[pdfCTAUTRUE_test1]) got nan during case 1 
[#0] ERROR:Tracing -- RooGaussModel::getVal(ctauRes2_conv_exp(-@0/@1)_ctau3D_lambdaDSS_test1_[pdfCTAUTRUE_test1]) got nan during case 1 
[#0] ERROR:Tracing -- RooGaussModel::getVal(ctauRes1_conv_exp(-@0/@1)_ctau3D_lambdaDSS_test2_[pdfCTAUTRUE_test2]) got nan during case 1 
[#0] ERROR:Tracing -- RooGaussModel::getVal(ctauRes3_conv_exp(-@0/@1)_ctau3D_lambdaDSS_test2_[pdfCTAUTRUE_test2]) got nan during case 1 
[#0] ERROR:Tracing -- RooGaussModel::getVal(ctauRes2_conv_exp(-@0/@1)_ctau3D_lambdaDSS_test2_[pdfCTAUTRUE_test2]) got nan during case 1 
[#0] ERROR:Tracing -- RooGaussModel::getVal(ctauRes1_conv_exp(-@0/@1)_ctau3D_lambdaDSS_test2_[pdfCTAUTRUE_test2]) got nan during case 1 
[#0] ERROR:Tracing -- RooGaussModel::getVal(ctauRes3_conv_exp(-@0/@1)_ctau3D_lambdaDSS_test2_[pdfCTAUTRUE_test2]) got nan during case 1 
[#0] ERROR:Tracing -- RooGaussModel::getVal(ctauRes2_conv_exp(-@0/@1)_ctau3D_lambdaDSS_test2_[pdfCTAUTRUE_test2]) got nan during case 1 
[#0] ERROR:Tracing -- RooGaussModel::getVal(ctauRes1_conv_exp(-@0/@1)_ctau3D_lambdaDSS_test2_[pdfCTAUTRUE_test2]) got nan during case 1 
[#0] ERROR:Tracing -- RooGaussModel::getVal(ctauRes3_conv_exp(-@0/@1)_ctau3D_lambdaDSS_test2_[pdfCTAUTRUE_test2]) got nan during case 1 
[#0] ERROR:Tracing -- RooGaussModel::getVal(ctauRes2_conv_exp(-@0/@1)_ctau3D_lambdaDSS_test2_[pdfCTAUTRUE_test2]) got nan during case 1 
[#0] ERROR:Tracing -- RooGaussModel::getVal(ctauRes1_conv_exp(-@0/@1)_ctau3D_lambdaDSS_test2_[pdfCTAUTRUE_test2]) got nan during case 1 
[#0] ERROR:Tracing -- RooGaussModel::getVal(ctauRes3_conv_exp(-@0/@1)_ctau3D_lambdaDSS_test2_[pdfCTAUTRUE_test2]) got nan during case 1 
[#0] ERROR:Tracing -- RooGaussModel::getVal(ctauRes2_conv_exp(-@0/@1)_ctau3D_lambdaDSS_test2_[pdfCTAUTRUE_test2]) got nan during case 1 
[#0] ERROR:Tracing -- RooGaussModel::getVal(ctauRes1_conv_exp(-@0/@1)_ctau3D_lambdaDSS_test3_[pdfCTAUTRUE_test3]) got nan during case 1 
[#0] ERROR:Tracing -- RooGaussModel::getVal(ctauRes3_conv_exp(-@0/@1)_ctau3D_lambdaDSS_test3_[pdfCTAUTRUE_test3]) got nan during case 1 
[#0] ERROR:Tracing -- RooGaussModel::getVal(ctauRes2_conv_exp(-@0/@1)_ctau3D_lambdaDSS_test3_[pdfCTAUTRUE_test3]) got nan during case 1 
[#0] ERROR:Tracing -- RooGaussModel::getVal(ctauRes1_conv_exp(-@0/@1)_ctau3D_lambdaDSS_test3_[pdfCTAUTRUE_test3]) got nan during case 1 
[#0] ERROR:Tracing -- RooGaussModel::getVal(ctauRes3_conv_exp(-@0/@1)_ctau3D_lambdaDSS_test3_[pdfCTAUTRUE_test3]) got nan during case 1 
[#0] ERROR:Tracing -- RooGaussModel::getVal(ctauRes2_conv_exp(-@0/@1)_ctau3D_lambdaDSS_test3_[pdfCTAUTRUE_test3]) got nan during case 1 
[#0] ERROR:Tracing -- RooGaussModel::getVal(ctauRes1_conv_exp(-@0/@1)_ctau3D_lambdaDSS_test3_[pdfCTAUTRUE_test3]) got nan during case 1 
[#0] ERROR:Tracing -- RooGaussModel::getVal(ctauRes3_conv_exp(-@0/@1)_ctau3D_lambdaDSS_test3_[pdfCTAUTRUE_test3]) got nan during case 1 
[#0] ERROR:Tracing -- RooGaussModel::getVal(ctauRes2_conv_exp(-@0/@1)_ctau3D_lambdaDSS_test3_[pdfCTAUTRUE_test3]) got nan during case 1 
[#0] ERROR:Tracing -- RooGaussModel::getVal(ctauRes1_conv_exp(-@0/@1)_ctau3D_lambdaDSS_test3_[pdfCTAUTRUE_test3]) got nan during case 1 
[#0] ERROR:Tracing -- RooGaussModel::getVal(ctauRes3_conv_exp(-@0/@1)_ctau3D_lambdaDSS_test3_[pdfCTAUTRUE_test3]) got nan during case 1 
[#0] ERROR:Tracing -- RooGaussModel::getVal(ctauRes2_conv_exp(-@0/@1)_ctau3D_lambdaDSS_test3_[pdfCTAUTRUE_test3]) got nan during case 1 
[#0] ERROR:Tracing -- RooGaussModel::getVal(ctauRes1_conv_exp(-@0/@1)_ctau3D_lambdaDSS_Bkg1_[pdfCTAUDSS1]) got nan during case 1 
[#0] ERROR:Tracing -- RooGaussModel::getVal(ctauRes3_conv_exp(-@0/@1)_ctau3D_lambdaDSS_Bkg1_[pdfCTAUDSS1]) got nan during case 1 
[#0] ERROR:Tracing -- RooGaussModel::getVal(ctauRes2_conv_exp(-@0/@1)_ctau3D_lambdaDSS_Bkg1_[pdfCTAUDSS1]) got nan during case 1 
[#0] ERROR:Tracing -- RooGaussModel::getVal(ctauRes1_conv_exp(-@0/@1)_ctau3D_lambdaDSS_Bkg1_[pdfCTAUDSS1]) got nan during case 1 
[#0] ERROR:Tracing -- RooGaussModel::getVal(ctauRes3_conv_exp(-@0/@1)_ctau3D_lambdaDSS_Bkg1_[pdfCTAUDSS1]) got nan during case 1 
[#0] ERROR:Tracing -- RooGaussModel::getVal(ctauRes2_conv_exp(-@0/@1)_ctau3D_lambdaDSS_Bkg1_[pdfCTAUDSS1]) got nan during case 1 
[#0] ERROR:Tracing -- RooGaussModel::getVal(ctauRes1_conv_exp(-@0/@1)_ctau3D_lambdaDSS_Bkg2_[pdfCTAUDSS2]) got nan during case 1 
[#0] ERROR:Tracing -- RooGaussModel::getVal(ctauRes3_conv_exp(-@0/@1)_ctau3D_lambdaDSS_Bkg2_[pdfCTAUDSS2]) got nan during case 1 
[#0] ERROR:Tracing -- RooGaussModel::getVal(ctauRes2_conv_exp(-@0/@1)_ctau3D_lambdaDSS_Bkg2_[pdfCTAUDSS2]) got nan during case 1 
[#0] ERROR:Tracing -- RooGaussModel::getVal(ctauRes1_conv_exp(-@0/@1)_ctau3D_lambdaDSS_Bkg2_[pdfCTAUDSS2]) got nan during case 1 
[#0] ERROR:Tracing -- RooGaussModel::getVal(ctauRes3_conv_exp(-@0/@1)_ctau3D_lambdaDSS_Bkg2_[pdfCTAUDSS2]) got nan during case 1 
[#0] ERROR:Tracing -- RooGaussModel::getVal(ctauRes2_conv_exp(-@0/@1)_ctau3D_lambdaDSS_Bkg2_[pdfCTAUDSS2]) got nan during case 1 
[#0] ERROR:Tracing -- RooGaussModel::getVal(ctauRes1_conv_exp(@0/@1)_ctau3D_lambdaDF_Bkg1_[pdfCTAUDF1]) got nan during case 1 
[#0] ERROR:Tracing -- RooGaussModel::getVal(ctauRes3_conv_exp(@0/@1)_ctau3D_lambdaDF_Bkg1_[pdfCTAUDF1]) got nan during case 1 
[#0] ERROR:Tracing -- RooGaussModel::getVal(ctauRes2_conv_exp(@0/@1)_ctau3D_lambdaDF_Bkg1_[pdfCTAUDF1]) got nan during case 1 
[#0] ERROR:Tracing -- RooGaussModel::getVal(ctauRes1_conv_exp(@0/@1)_ctau3D_lambdaDF_Bkg1_[pdfCTAUDF1]) got nan during case 1 
[#0] ERROR:Tracing -- RooGaussModel::getVal(ctauRes3_conv_exp(@0/@1)_ctau3D_lambdaDF_Bkg1_[pdfCTAUDF1]) got nan during case 1 
[#0] ERROR:Tracing -- RooGaussModel::getVal(ctauRes2_conv_exp(@0/@1)_ctau3D_lambdaDF_Bkg1_[pdfCTAUDF1]) got nan during case 1 
[#0] ERROR:Tracing -- RooGaussModel::getVal(ctauRes1_conv_exp(@0/@1)_ctau3D_lambdaDF_Bkg2_[pdfCTAUDF2]) got nan during case 1 
[#0] ERROR:Tracing -- RooGaussModel::getVal(ctauRes3_conv_exp(@0/@1)_ctau3D_lambdaDF_Bkg2_[pdfCTAUDF2]) got nan during case 1 
[#0] ERROR:Tracing -- RooGaussModel::getVal(ctauRes2_conv_exp(@0/@1)_ctau3D_lambdaDF_Bkg2_[pdfCTAUDF2]) got nan during case 1 
[#0] ERROR:Tracing -- RooGaussModel::getVal(ctauRes1_conv_exp(@0/@1)_ctau3D_lambdaDF_Bkg2_[pdfCTAUDF2]) got nan during case 1 
[#0] ERROR:Tracing -- RooGaussModel::getVal(ctauRes3_conv_exp(@0/@1)_ctau3D_lambdaDF_Bkg2_[pdfCTAUDF2]) got nan during case 1 
[#0] ERROR:Tracing -- RooGaussModel::getVal(ctauRes2_conv_exp(@0/@1)_ctau3D_lambdaDF_Bkg2_[pdfCTAUDF2]) got nan during case 1 
[#0] ERROR:Tracing -- RooGaussModel::getVal(ctauRes1_conv_exp(-abs(@0)/@1)_ctau3D_lambdaDDS_Bkg_[pdfCTAUDDS]) got nan during case 1 
[#0] ERROR:Tracing -- RooGaussModel::getVal(ctauRes3_conv_exp(-abs(@0)/@1)_ctau3D_lambdaDDS_Bkg_[pdfCTAUDDS]) got nan during case 1 
[#0] ERROR:Tracing -- RooGaussModel::getVal(ctauRes2_conv_exp(-abs(@0)/@1)_ctau3D_lambdaDDS_Bkg_[pdfCTAUDDS]) got nan during case 1 
[#0] ERROR:Tracing -- RooGaussModel::getVal(ctauRes1_conv_exp(-abs(@0)/@1)_ctau3D_lambdaDDS_Bkg_[pdfCTAUDDS]) got nan during case 1 
[#0] ERROR:Tracing -- RooGaussModel::getVal(ctauRes3_conv_exp(-abs(@0)/@1)_ctau3D_lambdaDDS_Bkg_[pdfCTAUDDS]) got nan during case 1 
[#0] ERROR:Tracing -- RooGaussModel::getVal(ctauRes2_conv_exp(-abs(@0)/@1)_ctau3D_lambdaDDS_Bkg_[pdfCTAUDDS]) got nan during case 1 
[#0] WARNING:Minization -- RooMinimizerFcn: Minimized function has error status.
Returning maximum FCN so far (-1e+30) to force MIGRAD to back out of this region. Error log follows
Parameter values: b_Jpsi=0.52
RooNLLVar::nll_pdfCTAUMASS_Tot_dsToFit[ paramSet=(N_Bkg,N_Jpsi,alpha_1_A,b_Bkg,b_Jpsi,ctau1_CtauRes,ctau2_CtauRes,ctau3_CtauRes,f,f2_CtauRes,fDF12,fDFSS,fDLIV,fDSS12,fDSS1_test,fDSS2_test,f_CtauRes,lambdaDDS_Bkg,lambdaDF_Bkg1,lambdaDF_Bkg2,lambdaDSS_Bkg1,lambdaDSS_Bkg2,lambdaDSS_test1,lambdaDSS_test2,lambdaDSS_test3,m_{J/#Psi},n_1_A,rS21_CtauRes,rS32_CtauRes,s1_CtauRes,sigma_1_A,sl1,sl2,x_A,zeroMean) ]
     function value is NAN @ paramSet=(N_Bkg = 10422.1 +/- 154.79,N_Jpsi = 17396.8 +/- 175.879,alpha_1_A = 2.16069,b_Bkg = 0.759368 +/- 2.05668,b_Jpsi = 0.52,ctau1_CtauRes = 0,ctau2_CtauRes = 0,ctau3_CtauRes = 0,f = 0.720778,f2_CtauRes = 1.02206e-06 +/- 1.40334e-05,fDF12 = 0.416499 +/- 164846,fDFSS = 0.949422 +/- 5.22043,fDLIV = 0.393305 +/- 2.31686,fDSS12 = 0.875485 +/- 0.206613,fDSS1_test = 0.78,fDSS2_test = 0.37,f_CtauRes = 0.912575 +/- 0.0175917,lambdaDDS_Bkg = 0.034334 +/- 0.465804,lambdaDF_Bkg1 = 0.417596 +/- 410.327,lambdaDF_Bkg2 = 0.41414 +/- 988.141,lambdaDSS_Bkg1 = 0.279744 +/- 0.642153,lambdaDSS_Bkg2 = 0.99992 +/- 0.0546058,lambdaDSS_test1 = 0.5,lambdaDSS_test2 = 0.58,lambdaDSS_test3 = 0.34,m_{J/#Psi} = 3.09165 +/- 0.000446256,n_1_A = 1.28385,rS21_CtauRes = 2.92474 +/- 0.196868,rS32_CtauRes = 4.97158 +/- 0.375916,s1_CtauRes = 0.994607 +/- 0.0259245,sigma_1_A = 0.0418059 +/- 0.000431558,sl1 = -0.102918 +/- 0.0176394,sl2 = -0.0100587 +/- 0.0237262,x_A = 1.60948,zeroMean = 0)
PID3856008/RooRealMPFE::nll_pdfCTAUMASS_Tot_dsToFit_597526bcd3d0_MPFE4[ arg=nll_pdfCTAUMASS_Tot_dsToFit_GOF4 vars=(N_Bkg,N_Jpsi,alpha_1_A,b_Bkg,b_Jpsi,ctau1_CtauRes,ctau2_CtauRes,ctau3_CtauRes,f,f2_CtauRes,fDF12,fDFSS,fDLIV,fDSS12,fDSS1_test,fDSS2_test,f_CtauRes,lambdaDDS_Bkg,lambdaDF_Bkg1,lambdaDF_Bkg2,lambdaDSS_Bkg1,lambdaDSS_Bkg2,lambdaDSS_test1,lambdaDSS_test2,lambdaDSS_test3,m_{J/#Psi},n_1_A,rS21_CtauRes,rS32_CtauRes,s1_CtauRes,sigma_1_A,sl1,sl2,x_A,zeroMean) ]
     function value is NAN @ paramSet=(N_Bkg = 10422.1 +/- 154.79,N_Jpsi = 17396.8 +/- 175.879,alpha_1_A = 2.16069,b_Bkg = 0.759368 +/- 2.05668,b_Jpsi = 0.52,ctau1_CtauRes = 0,ctau2_CtauRes = 0,ctau3_CtauRes = 0,f = 0.720778,f2_CtauRes = 1.02206e-06 +/- 1.40334e-05,fDF12 = 0.416499 +/- 164846,fDFSS = 0.949422 +/- 5.22043,fDLIV = 0.393305 +/- 2.31686,fDSS12 = 0.875485 +/- 0.206613,fDSS1_test = 0.78,fDSS2_test = 0.37,f_CtauRes = 0.912575 +/- 0.0175917,lambdaDDS_Bkg = 0.034334 +/- 0.465804,lambdaDF_Bkg1 = 0.417596 +/- 410.327,lambdaDF_Bkg2 = 0.41414 +/- 988.141,lambdaDSS_Bkg1 = 0.279744 +/- 0.642153,lambdaDSS_Bkg2 = 0.99992 +/- 0.0546058,lambdaDSS_test1 = 0.5,lambdaDSS_test2 = 0.58,lambdaDSS_test3 = 0.34,m_{J/#Psi} = 3.09165 +/- 0.000446256,n_1_A = 1.28385,rS21_CtauRes = 2.92474 +/- 0.196868,rS32_CtauRes = 4.97158 +/- 0.375916,s1_CtauRes = 0.994607 +/- 0.0259245,sigma_1_A = 0.0418059 +/- 0.000431558,sl1 = -0.102918 +/- 0.0176394,sl2 = -0.0100587 +/- 0.0237262,x_A = 1.60948,zeroMean = 0)
     function value is NAN @ paramSet=(N_Bkg = 10422.1 +/- 154.79,N_Jpsi = 17396.8 +/- 175.879,alpha_1_A = 2.16069,b_Bkg = 0.759368 +/- 2.05668,b_Jpsi = 0.52,ctau1_CtauRes = 0,ctau2_CtauRes = 0,ctau3_CtauRes = 0,f = 0.720778,f2_CtauRes = 1.02206e-06 +/- 1.40334e-05,fDF12 = 0.416499 +/- 164846,fDFSS = 0.949422 +/- 5.22043,fDLIV = 0.393305 +/- 2.31686,fDSS12 = 0.875485 +/- 0.206613,fDSS1_test = 0.78,fDSS2_test = 0.37,f_CtauRes = 0.912575 +/- 0.0175917,lambdaDDS_Bkg = 0.034334 +/- 0.465804,lambdaDF_Bkg1 = 0.417596 +/- 410.327,lambdaDF_Bkg2 = 0.41414 +/- 988.141,lambdaDSS_Bkg1 = 0.279744 +/- 0.642153,lambdaDSS_Bkg2 = 0.99992 +/- 0.0546058,lambdaDSS_test1 = 0.5,lambdaDSS_test2 = 0.58,lambdaDSS_test3 = 0.34,m_{J/#Psi} = 3.09165 +/- 0.000446256,n_1_A = 1.28385,rS21_CtauRes = 2.92474 +/- 0.196868,rS32_CtauRes = 4.97158 +/- 0.375916,s1_CtauRes = 0.994607 +/- 0.0259245,sigma_1_A = 0.0418059 +/- 0.000431558,sl1 = -0.102918 +/- 0.0176394,sl2 = -0.0100587 +/- 0.0237262,x_A = 1.60948,zeroMean = 0)
     function value is NAN @ paramSet=(N_Bkg = 10422.1 +/- 154.79,N_Jpsi = 17396.8 +/- 175.879,alpha_1_A = 2.16069,b_Bkg = 0.759368 +/- 2.05668,b_Jpsi = 0.52,ctau1_CtauRes = 0,ctau2_CtauRes = 0,ctau3_CtauRes = 0,f = 0.720778,f2_CtauRes = 1.02206e-06 +/- 1.40334e-05,fDF12 = 0.416499 +/- 164846,fDFSS = 0.949422 +/- 5.22043,fDLIV = 0.393305 +/- 2.31686,fDSS12 = 0.875485 +/- 0.206613,fDSS1_test = 0.78,fDSS2_test = 0.37,f_CtauRes = 0.912575 +/- 0.0175917,lambdaDDS_Bkg = 0.034334 +/- 0.465804,lambdaDF_Bkg1 = 0.417596 +/- 410.327,lambdaDF_Bkg2 = 0.41414 +/- 988.141,lambdaDSS_Bkg1 = 0.279744 +/- 0.642153,lambdaDSS_Bkg2 = 0.99992 +/- 0.0546058,lambdaDSS_test1 = 0.5,lambdaDSS_test2 = 0.58,lambdaDSS_test3 = 0.34,m_{J/#Psi} = 3.09165 +/- 0.000446256,n_1_A = 1.28385,rS21_CtauRes = 2.92474 +/- 0.196868,rS32_CtauRes = 4.97158 +/- 0.375916,s1_CtauRes = 0.994607 +/- 0.0259245,sigma_1_A = 0.0418059 +/- 0.000431558,sl1 = -0.102918 +/- 0.0176394,sl2 = -0.0100587 +/- 0.0237262,x_A = 1.60948,zeroMean = 0)
     function value is NAN @ paramSet=(N_Bkg = 10422.1 +/- 154.79,N_Jpsi = 17396.8 +/- 175.879,alpha_1_A = 2.16069,b_Bkg = 0.759368 +/- 2.05668,b_Jpsi = 0.52,ctau1_CtauRes = 0,ctau2_CtauRes = 0,ctau3_CtauRes = 0,f = 0.720778,f2_CtauRes = 1.02206e-06 +/- 1.40334e-05,fDF12 = 0.416499 +/- 164846,fDFSS = 0.949422 +/- 5.22043,fDLIV = 0.393305 +/- 2.31686,fDSS12 = 0.875485 +/- 0.206613,fDSS1_test = 0.78,fDSS2_test = 0.37,f_CtauRes = 0.912575 +/- 0.0175917,lambdaDDS_Bkg = 0.034334 +/- 0.465804,lambdaDF_Bkg1 = 0.417596 +/- 410.327,lambdaDF_Bkg2 = 0.41414 +/- 988.141,lambdaDSS_Bkg1 = 0.279744 +/- 0.642153,lambdaDSS_Bkg2 = 0.99992 +/- 0.0546058,lambdaDSS_test1 = 0.5,lambdaDSS_test2 = 0.58,lambdaDSS_test3 = 0.34,m_{J/#Psi} = 3.09165 +/- 0.000446256,n_1_A = 1.28385,rS21_CtauRes = 2.92474 +/- 0.196868,rS32_CtauRes = 4.97158 +/- 0.375916,s1_CtauRes = 0.994607 +/- 0.0259245,sigma_1_A = 0.0418059 +/- 0.000431558,sl1 = -0.102918 +/- 0.0176394,sl2 = -0.0100587 +/- 0.0237262,x_A = 1.60948,zeroMean = 0)
     function value is NAN @ paramSet=(N_Bkg = 10422.1 +/- 154.79,N_Jpsi = 17396.8 +/- 175.879,alpha_1_A = 2.16069,b_Bkg = 0.759368 +/- 2.05668,b_Jpsi = 0.52,ctau1_CtauRes = 0,ctau2_CtauRes = 0,ctau3_CtauRes = 0,f = 0.720778,f2_CtauRes = 1.02206e-06 +/- 1.40334e-05,fDF12 = 0.416499 +/- 164846,fDFSS = 0.949422 +/- 5.22043,fDLIV = 0.393305 +/- 2.31686,fDSS12 = 0.875485 +/- 0.206613,fDSS1_test = 0.78,fDSS2_test = 0.37,f_CtauRes = 0.912575 +/- 0.0175917,lambdaDDS_Bkg = 0.034334 +/- 0.465804,lambdaDF_Bkg1 = 0.417596 +/- 410.327,lambdaDF_Bkg2 = 0.41414 +/- 988.141,lambdaDSS_Bkg1 = 0.279744 +/- 0.642153,lambdaDSS_Bkg2 = 0.99992 +/- 0.0546058,lambdaDSS_test1 = 0.5,lambdaDSS_test2 = 0.58,lambdaDSS_test3 = 0.34,m_{J/#Psi} = 3.09165 +/- 0.000446256,n_1_A = 1.28385,rS21_CtauRes = 2.92474 +/- 0.196868,rS32_CtauRes = 4.97158 +/- 0.375916,s1_CtauRes = 0.994607 +/- 0.0259245,sigma_1_A = 0.0418059 +/- 0.000431558,sl1 = -0.102918 +/- 0.0176394,sl2 = -0.0100587 +/- 0.0237262,x_A = 1.60948,zeroMean = 0)
     function value is NAN @ paramSet=(N_Bkg = 10422.1 +/- 154.79,N_Jpsi = 17396.8 +/- 175.879,alpha_1_A = 2.16069,b_Bkg = 0.759368 +/- 2.05668,b_Jpsi = 0.52,ctau1_CtauRes = 0,ctau2_CtauRes = 0,ctau3_CtauRes = 0,f = 0.720778,f2_CtauRes = 1.02206e-06 +/- 1.40334e-05,fDF12 = 0.416499 +/- 164846,fDFSS = 0.949422 +/- 5.22043,fDLIV = 0.393305 +/- 2.31686,fDSS12 = 0.875485 +/- 0.206613,fDSS1_test = 0.78,fDSS2_test = 0.37,f_CtauRes = 0.912575 +/- 0.0175917,lambdaDDS_Bkg = 0.034334 +/- 0.465804,lambdaDF_Bkg1 = 0.417596 +/- 410.327,lambdaDF_Bkg2 = 0.41414 +/- 988.141,lambdaDSS_Bkg1 = 0.279744 +/- 0.642153,lambdaDSS_Bkg2 = 0.99992 +/- 0.0546058,lambdaDSS_test1 = 0.5,lambdaDSS_test2 = 0.58,lambdaDSS_test3 = 0.34,m_{J/#Psi} = 3.09165 +/- 0.000446256,n_1_A = 1.28385,rS21_CtauRes = 2.92474 +/- 0.196868,rS32_CtauRes = 4.97158 +/- 0.375916,s1_CtauRes = 0.994607 +/- 0.0259245,sigma_1_A = 0.0418059 +/- 0.000431558,sl1 = -0.102918 +/- 0.0176394,sl2 = -0.0100587 +/- 0.0237262,x_A = 1.60948,zeroMean = 0)
     function value is NAN @ paramSet=(N_Bkg = 10422.1 +/- 154.79,N_Jpsi = 17396.8 +/- 175.879,alpha_1_A = 2.16069,b_Bkg = 0.759368 +/- 2.05668,b_Jpsi = 0.52,ctau1_CtauRes = 0,ctau2_CtauRes = 0,ctau3_CtauRes = 0,f = 0.720778,f2_CtauRes = 1.02206e-06 +/- 1.40334e-05,fDF12 = 0.416499 +/- 164846,fDFSS = 0.949422 +/- 5.22043,fDLIV = 0.393305 +/- 2.31686,fDSS12 = 0.875485 +/- 0.206613,fDSS1_test = 0.78,fDSS2_test = 0.37,f_CtauRes = 0.912575 +/- 0.0175917,lambdaDDS_Bkg = 0.034334 +/- 0.465804,lambdaDF_Bkg1 = 0.417596 +/- 410.327,lambdaDF_Bkg2 = 0.41414 +/- 988.141,lambdaDSS_Bkg1 = 0.279744 +/- 0.642153,lambdaDSS_Bkg2 = 0.99992 +/- 0.0546058,lambdaDSS_test1 = 0.5,lambdaDSS_test2 = 0.58,lambdaDSS_test3 = 0.34,m_{J/#Psi} = 3.09165 +/- 0.000446256,n_1_A = 1.28385,rS21_CtauRes = 2.92474 +/- 0.196868,rS32_CtauRes = 4.97158 +/- 0.375916,s1_CtauRes = 0.994607 +/- 0.0259245,sigma_1_A = 0.0418059 +/- 0.000431558,sl1 = -0.102918 +/- 0.0176394,sl2 = -0.0100587 +/- 0.0237262,x_A = 1.60948,zeroMean = 0)
     function value is NAN @ paramSet=(N_Bkg = 10422.1 +/- 154.79,N_Jpsi = 17396.8 +/- 175.879,alpha_1_A = 2.16069,b_Bkg = 0.759368 +/- 2.05668,b_Jpsi = 0.52,ctau1_CtauRes = 0,ctau2_CtauRes = 0,ctau3_CtauRes = 0,f = 0.720778,f2_CtauRes = 1.02206e-06 +/- 1.40334e-05,fDF12 = 0.416499 +/- 164846,fDFSS = 0.949422 +/- 5.22043,fDLIV = 0.393305 +/- 2.31686,fDSS12 = 0.875485 +/- 0.206613,fDSS1_test = 0.78,fDSS2_test = 0.37,f_CtauRes = 0.912575 +/- 0.0175917,lambdaDDS_Bkg = 0.034334 +/- 0.465804,lambdaDF_Bkg1 = 0.417596 +/- 410.327,lambdaDF_Bkg2 = 0.41414 +/- 988.141,lambdaDSS_Bkg1 = 0.279744 +/- 0.642153,lambdaDSS_Bkg2 = 0.99992 +/- 0.0546058,lambdaDSS_test1 = 0.5,lambdaDSS_test2 = 0.58,lambdaDSS_test3 = 0.34,m_{J/#Psi} = 3.09165 +/- 0.000446256,n_1_A = 1.28385,rS21_CtauRes = 2.92474 +/- 0.196868,rS32_CtauRes = 4.97158 +/- 0.375916,s1_CtauRes = 0.994607 +/- 0.0259245,sigma_1_A = 0.0418059 +/- 0.000431558,sl1 = -0.102918 +/- 0.0176394,sl2 = -0.0100587 +/- 0.0237262,x_A = 1.60948,zeroMean = 0)
     function value is NAN @ paramSet=(N_Bkg = 10422.1 +/- 154.79,N_Jpsi = 17396.8 +/- 175.879,alpha_1_A = 2.16069,b_Bkg = 0.759368 +/- 2.05668,b_Jpsi = 0.52,ctau1_CtauRes = 0,ctau2_CtauRes = 0,ctau3_CtauRes = 0,f = 0.720778,f2_CtauRes = 1.02206e-06 +/- 1.40334e-05,fDF12 = 0.416499 +/- 164846,fDFSS = 0.949422 +/- 5.22043,fDLIV = 0.393305 +/- 2.31686,fDSS12 = 0.875485 +/- 0.206613,fDSS1_test = 0.78,fDSS2_test = 0.37,f_CtauRes = 0.912575 +/- 0.0175917,lambdaDDS_Bkg = 0.034334 +/- 0.465804,lambdaDF_Bkg1 = 0.417596 +/- 410.327,lambdaDF_Bkg2 = 0.41414 +/- 988.141,lambdaDSS_Bkg1 = 0.279744 +/- 0.642153,lambdaDSS_Bkg2 = 0.99992 +/- 0.0546058,lambdaDSS_test1 = 0.5,lambdaDSS_test2 = 0.58,lambdaDSS_test3 = 0.34,m_{J/#Psi} = 3.09165 +/- 0.000446256,n_1_A = 1.28385,rS21_CtauRes = 2.92474 +/- 0.196868,rS32_CtauRes = 4.97158 +/- 0.375916,s1_CtauRes = 0.994607 +/- 0.0259245,sigma_1_A = 0.0418059 +/- 0.000431558,sl1 = -0.102918 +/- 0.0176394,sl2 = -0.0100587 +/- 0.0237262,x_A = 1.60948,zeroMean = 0)
     function value is NAN @ paramSet=(N_Bkg = 10422.1 +/- 154.79,N_Jpsi = 17396.8 +/- 175.879,alpha_1_A = 2.16069,b_Bkg = 0.759368 +/- 2.05668,b_Jpsi = 0.52,ctau1_CtauRes = 0,ctau2_CtauRes = 0,ctau3_CtauRes = 0,f = 0.720778,f2_CtauRes = 1.02206e-06 +/- 1.40334e-05,fDF12 = 0.416499 +/- 164846,fDFSS = 0.949422 +/- 5.22043,fDLIV = 0.393305 +/- 2.31686,fDSS12 = 0.875485 +/- 0.206613,fDSS1_test = 0.78,fDSS2_test = 0.37,f_CtauRes = 0.912575 +/- 0.0175917,lambdaDDS_Bkg = 0.034334 +/- 0.465804,lambdaDF_Bkg1 = 0.417596 +/- 410.327,lambdaDF_Bkg2 = 0.41414 +/- 988.141,lambdaDSS_Bkg1 = 0.279744 +/- 0.642153,lambdaDSS_Bkg2 = 0.99992 +/- 0.0546058,lambdaDSS_test1 = 0.5,lambdaDSS_test2 = 0.58,lambdaDSS_test3 = 0.34,m_{J/#Psi} = 3.09165 +/- 0.000446256,n_1_A = 1.28385,rS21_CtauRes = 2.92474 +/- 0.196868,rS32_CtauRes = 4.97158 +/- 0.375916,s1_CtauRes = 0.994607 +/- 0.0259245,sigma_1_A = 0.0418059 +/- 0.000431558,sl1 = -0.102918 +/- 0.0176394,sl2 = -0.0100587 +/- 0.0237262,x_A = 1.60948,zeroMean = 0)
     function value is NAN @ paramSet=(N_Bkg = 10422.1 +/- 154.79,N_Jpsi = 17396.8 +/- 175.879,alpha_1_A = 2.16069,b_Bkg = 0.759368 +/- 2.05668,b_Jpsi = 0.52,ctau1_CtauRes = 0,ctau2_CtauRes = 0,ctau3_CtauRes = 0,f = 0.720778,f2_CtauRes = 1.02206e-06 +/- 1.40334e-05,fDF12 = 0.416499 +/- 164846,fDFSS = 0.949422 +/- 5.22043,fDLIV = 0.393305 +/- 2.31686,fDSS12 = 0.875485 +/- 0.206613,fDSS1_test = 0.78,fDSS2_test = 0.37,f_CtauRes = 0.912575 +/- 0.0175917,lambdaDDS_Bkg = 0.034334 +/- 0.465804,lambdaDF_Bkg1 = 0.417596 +/- 410.327,lambdaDF_Bkg2 = 0.41414 +/- 988.141,lambdaDSS_Bkg1 = 0.279744 +/- 0.642153,lambdaDSS_Bkg2 = 0.99992 +/- 0.0546058,lambdaDSS_test1 = 0.5,lambdaDSS_test2 = 0.58,lambdaDSS_test3 = 0.34,m_{J/#Psi} = 3.09165 +/- 0.000446256,n_1_A = 1.28385,rS21_CtauRes = 2.92474 +/- 0.196868,rS32_CtauRes = 4.97158 +/- 0.375916,s1_CtauRes = 0.994607 +/- 0.0259245,sigma_1_A = 0.0418059 +/- 0.000431558,sl1 = -0.102918 +/- 0.0176394,sl2 = -0.0100587 +/- 0.0237262,x_A = 1.60948,zeroMean = 0)
     function value is NAN @ paramSet=(N_Bkg = 10422.1 +/- 154.79,N_Jpsi = 17396.8 +/- 175.879,alpha_1_A = 2.16069,b_Bkg = 0.759368 +/- 2.05668,b_Jpsi = 0.52,ctau1_CtauRes = 0,ctau2_CtauRes = 0,ctau3_CtauRes = 0,f = 0.720778,f2_CtauRes = 1.02206e-06 +/- 1.40334e-05,fDF12 = 0.416499 +/- 164846,fDFSS = 0.949422 +/- 5.22043,fDLIV = 0.393305 +/- 2.31686,fDSS12 = 0.875485 +/- 0.206613,fDSS1_test = 0.78,fDSS2_test = 0.37,f_CtauRes = 0.912575 +/- 0.0175917,lambdaDDS_Bkg = 0.034334 +/- 0.465804,lambdaDF_Bkg1 = 0.417596 +/- 410.327,lambdaDF_Bkg2 = 0.41414 +/- 988.141,lambdaDSS_Bkg1 = 0.279744 +/- 0.642153,lambdaDSS_Bkg2 = 0.99992 +/- 0.0546058,lambdaDSS_test1 = 0.5,lambdaDSS_test2 = 0.58,lambdaDSS_test3 = 0.34,m_{J/#Psi} = 3.09165 +/- 0.000446256,n_1_A = 1.28385,rS21_CtauRes = 2.92474 +/- 0.196868,rS32_CtauRes = 4.97158 +/- 0.375916,s1_CtauRes = 0.994607 +/- 0.0259245,sigma_1_A = 0.0418059 +/- 0.000431558,sl1 = -0.102918 +/- 0.0176394,sl2 = -0.0100587 +/- 0.0237262,x_A = 1.60948,zeroMean = 0)
    ... (remaining 6 messages suppressed)
PID3856004/RooRealMPFE::nll_pdfCTAUMASS_Tot_dsToFit_597526bcd3d0_MPFE0[ arg=nll_pdfCTAUMASS_Tot_dsToFit_GOF0 vars=(N_Bkg,N_Jpsi,alpha_1_A,b_Bkg,b_Jpsi,ctau1_CtauRes,ctau2_CtauRes,ctau3_CtauRes,f,f2_CtauRes,fDF12,fDFSS,fDLIV,fDSS12,fDSS1_test,fDSS2_test,f_CtauRes,lambdaDDS_Bkg,lambdaDF_Bkg1,lambdaDF_Bkg2,lambdaDSS_Bkg1,lambdaDSS_Bkg2,lambdaDSS_test1,lambdaDSS_test2,lambdaDSS_test3,m_{J/#Psi},n_1_A,rS21_CtauRes,rS32_CtauRes,s1_CtauRes,sigma_1_A,sl1,sl2,x_A,zeroMean) ]
     p.d.f value is Not-a-Number (nan), forcing value to zero @ !model=pdfCTAURES=0/1, !convVar=ctau3D=-nan, !convSet=(pdfCTAURES_conv_exp(-@0/@1)_ctau3D_lambdaDSS_Bkg1_[pdfCTAUDSS1] = nan/0.559488), t=ctau3D=-nan, tau=lambdaDSS_Bkg1=0.279744 +/- 0.642153
     p.d.f value is Not-a-Number (nan), forcing value to zero @ !model=pdfCTAURES=0/1, !convVar=ctau3D=-nan, !convSet=(pdfCTAURES_conv_exp(-@0/@1)_ctau3D_lambdaDSS_Bkg1_[pdfCTAUDSS1] = nan/0.559488), t=ctau3D=-nan, tau=lambdaDSS_Bkg1=0.279744 +/- 0.642153
     p.d.f value is Not-a-Number (nan), forcing value to zero @ !model=pdfCTAURES=0/1, !convVar=ctau3D=-nan, !convSet=(pdfCTAURES_conv_exp(-@0/@1)_ctau3D_lambdaDSS_Bkg1_[pdfCTAUDSS1] = nan/0.559488), t=ctau3D=-nan, tau=lambdaDSS_Bkg1=0.279744 +/- 0.642153
     p.d.f value is Not-a-Number (nan), forcing value to zero @ !model=pdfCTAURES=0/1, !convVar=ctau3D=-nan, !convSet=(pdfCTAURES_conv_exp(-@0/@1)_ctau3D_lambdaDSS_Bkg1_[pdfCTAUDSS1] = nan/0.559488), t=ctau3D=-nan, tau=lambdaDSS_Bkg1=0.279744 +/- 0.642153
     p.d.f value is Not-a-Number (nan), forcing value to zero @ !model=pdfCTAURES=0/1, !convVar=ctau3D=-nan, !convSet=(pdfCTAURES_conv_exp(-@0/@1)_ctau3D_lambdaDSS_Bkg1_[pdfCTAUDSS1] = nan/0.559488), t=ctau3D=-nan, tau=lambdaDSS_Bkg1=0.279744 +/- 0.642153
     p.d.f value is Not-a-Number (nan), forcing value to zero @ !model=pdfCTAURES=0/1, !convVar=ctau3D=-nan, !convSet=(pdfCTAURES_conv_exp(-@0/@1)_ctau3D_lambdaDSS_Bkg1_[pdfCTAUDSS1] = nan/0.559488), t=ctau3D=-nan, tau=lambdaDSS_Bkg1=0.279744 +/- 0.642153
     p.d.f value is Not-a-Number (nan), forcing value to zero @ !model=pdfCTAURES=0/1, !convVar=ctau3D=-nan, !convSet=(pdfCTAURES_conv_exp(-@0/@1)_ctau3D_lambdaDSS_Bkg1_[pdfCTAUDSS1] = nan/0.559488), t=ctau3D=-nan, tau=lambdaDSS_Bkg1=0.279744 +/- 0.642153
     p.d.f value is Not-a-Number (nan), forcing value to zero @ !model=pdfCTAURES=0/1, !convVar=ctau3D=-nan, !convSet=(pdfCTAURES_conv_exp(-@0/@1)_ctau3D_lambdaDSS_Bkg1_[pdfCTAUDSS1] = nan/0.559488), t=ctau3D=-nan, tau=lambdaDSS_Bkg1=0.279744 +/- 0.642153
     p.d.f value is Not-a-Number (nan), forcing value to zero @ !model=pdfCTAURES=0/1, !convVar=ctau3D=-nan, !convSet=(pdfCTAURES_conv_exp(-@0/@1)_ctau3D_lambdaDSS_Bkg1_[pdfCTAUDSS1] = nan/0.559488), t=ctau3D=-nan, tau=lambdaDSS_Bkg1=0.279744 +/- 0.642153
     p.d.f value is Not-a-Number (nan), forcing value to zero @ !model=pdfCTAURES=0/1, !convVar=ctau3D=-nan, !convSet=(pdfCTAURES_conv_exp(-@0/@1)_ctau3D_lambdaDSS_Bkg1_[pdfCTAUDSS1] = nan/0.559488), t=ctau3D=-nan, tau=lambdaDSS_Bkg1=0.279744 +/- 0.642153
     p.d.f value is Not-a-Number (nan), forcing value to zero @ !model=pdfCTAURES=0/1, !convVar=ctau3D=-nan, !convSet=(pdfCTAURES_conv_exp(-@0/@1)_ctau3D_lambdaDSS_Bkg1_[pdfCTAUDSS1] = nan/0.559488), t=ctau3D=-nan, tau=lambdaDSS_Bkg1=0.279744 +/- 0.642153
     p.d.f value is Not-a-Number (nan), forcing value to zero @ !model=pdfCTAURES=0/1, !convVar=ctau3D=-nan, !convSet=(pdfCTAURES_conv_exp(-@0/@1)_ctau3D_lambdaDSS_Bkg1_[pdfCTAUDSS1] = nan/0.559488), t=ctau3D=-nan, tau=lambdaDSS_Bkg1=0.279744 +/- 0.642153
    ... (remaining 4 messages suppressed)
PID3856005/RooRealMPFE::nll_pdfCTAUMASS_Tot_dsToFit_597526bcd3d0_MPFE1[ arg=nll_pdfCTAUMASS_Tot_dsToFit_GOF1 vars=(N_Bkg,N_Jpsi,alpha_1_A,b_Bkg,b_Jpsi,ctau1_CtauRes,ctau2_CtauRes,ctau3_CtauRes,f,f2_CtauRes,fDF12,fDFSS,fDLIV,fDSS12,fDSS1_test,fDSS2_test,f_CtauRes,lambdaDDS_Bkg,lambdaDF_Bkg1,lambdaDF_Bkg2,lambdaDSS_Bkg1,lambdaDSS_Bkg2,lambdaDSS_test1,lambdaDSS_test2,lambdaDSS_test3,m_{J/#Psi},n_1_A,rS21_CtauRes,rS32_CtauRes,s1_CtauRes,sigma_1_A,sl1,sl2,x_A,zeroMean) ]
     p.d.f value is Not-a-Number (nan), forcing value to zero @ !model=pdfCTAURES=0/1, !convVar=ctau3D=-nan, !convSet=(pdfCTAURES_conv_exp(-@0/@1)_ctau3D_lambdaDSS_Bkg1_[pdfCTAUDSS1] = nan/0.559488), t=ctau3D=-nan, tau=lambdaDSS_Bkg1=0.279744 +/- 0.642153
     p.d.f value is Not-a-Number (nan), forcing value to zero @ !model=pdfCTAURES=0/1, !convVar=ctau3D=-nan, !convSet=(pdfCTAURES_conv_exp(-@0/@1)_ctau3D_lambdaDSS_Bkg1_[pdfCTAUDSS1] = nan/0.559488), t=ctau3D=-nan, tau=lambdaDSS_Bkg1=0.279744 +/- 0.642153
     p.d.f value is Not-a-Number (nan), forcing value to zero @ !model=pdfCTAURES=0/1, !convVar=ctau3D=-nan, !convSet=(pdfCTAURES_conv_exp(-@0/@1)_ctau3D_lambdaDSS_Bkg1_[pdfCTAUDSS1] = nan/0.559488), t=ctau3D=-nan, tau=lambdaDSS_Bkg1=0.279744 +/- 0.642153
     p.d.f value is Not-a-Number (nan), forcing value to zero @ !model=pdfCTAURES=0/1, !convVar=ctau3D=-nan, !convSet=(pdfCTAURES_conv_exp(-@0/@1)_ctau3D_lambdaDSS_Bkg1_[pdfCTAUDSS1] = nan/0.559488), t=ctau3D=-nan, tau=lambdaDSS_Bkg1=0.279744 +/- 0.642153
     p.d.f value is Not-a-Number (nan), forcing value to zero @ !model=pdfCTAURES=0/1, !convVar=ctau3D=-nan, !convSet=(pdfCTAURES_conv_exp(-@0/@1)_ctau3D_lambdaDSS_Bkg1_[pdfCTAUDSS1] = nan/0.559488), t=ctau3D=-nan, tau=lambdaDSS_Bkg1=0.279744 +/- 0.642153
     p.d.f value is Not-a-Number (nan), forcing value to zero @ !model=pdfCTAURES=0/1, !convVar=ctau3D=-nan, !convSet=(pdfCTAURES_conv_exp(-@0/@1)_ctau3D_lambdaDSS_Bkg1_[pdfCTAUDSS1] = nan/0.559488), t=ctau3D=-nan, tau=lambdaDSS_Bkg1=0.279744 +/- 0.642153
     p.d.f value is Not-a-Number (nan), forcing value to zero @ !model=pdfCTAURES=0/1, !convVar=ctau3D=-nan, !convSet=(pdfCTAURES_conv_exp(-@0/@1)_ctau3D_lambdaDSS_Bkg1_[pdfCTAUDSS1] = nan/0.559488), t=ctau3D=-nan, tau=lambdaDSS_Bkg1=0.279744 +/- 0.642153
     p.d.f value is Not-a-Number (nan), forcing value to zero @ !model=pdfCTAURES=0/1, !convVar=ctau3D=-nan, !convSet=(pdfCTAURES_conv_exp(-@0/@1)_ctau3D_lambdaDSS_Bkg1_[pdfCTAUDSS1] = nan/0.559488), t=ctau3D=-nan, tau=lambdaDSS_Bkg1=0.279744 +/- 0.642153
     p.d.f value is Not-a-Number (nan), forcing value to zero @ !model=pdfCTAURES=0/1, !convVar=ctau3D=-nan, !convSet=(pdfCTAURES_conv_exp(-@0/@1)_ctau3D_lambdaDSS_Bkg1_[pdfCTAUDSS1] = nan/0.559488), t=ctau3D=-nan, tau=lambdaDSS_Bkg1=0.279744 +/- 0.642153
     p.d.f value is Not-a-Number (nan), forcing value to zero @ !model=pdfCTAURES=0/1, !convVar=ctau3D=-nan, !convSet=(pdfCTAURES_conv_exp(-@0/@1)_ctau3D_lambdaDSS_Bkg1_[pdfCTAUDSS1] = nan/0.559488), t=ctau3D=-nan, tau=lambdaDSS_Bkg1=0.279744 +/- 0.642153
     p.d.f value is Not-a-Number (nan), forcing value to zero @ !model=pdfCTAURES=0/1, !convVar=ctau3D=-nan, !convSet=(pdfCTAURES_conv_exp(-@0/@1)_ctau3D_lambdaDSS_Bkg1_[pdfCTAUDSS1] = nan/0.559488), t=ctau3D=-nan, tau=lambdaDSS_Bkg1=0.279744 +/- 0.642153
     p.d.f value is Not-a-Number (nan), forcing value to zero @ !model=pdfCTAURES=0/1, !convVar=ctau3D=-nan, !convSet=(pdfCTAURES_conv_exp(-@0/@1)_ctau3D_lambdaDSS_Bkg1_[pdfCTAUDSS1] = nan/0.559488), t=ctau3D=-nan, tau=lambdaDSS_Bkg1=0.279744 +/- 0.642153
    ... (remaining 4 messages suppressed)
PID3856006/RooRealMPFE::nll_pdfCTAUMASS_Tot_dsToFit_597526bcd3d0_MPFE2[ arg=nll_pdfCTAUMASS_Tot_dsToFit_GOF2 vars=(N_Bkg,N_Jpsi,alpha_1_A,b_Bkg,b_Jpsi,ctau1_CtauRes,ctau2_CtauRes,ctau3_CtauRes,f,f2_CtauRes,fDF12,fDFSS,fDLIV,fDSS12,fDSS1_test,fDSS2_test,f_CtauRes,lambdaDDS_Bkg,lambdaDF_Bkg1,lambdaDF_Bkg2,lambdaDSS_Bkg1,lambdaDSS_Bkg2,lambdaDSS_test1,lambdaDSS_test2,lambdaDSS_test3,m_{J/#Psi},n_1_A,rS21_CtauRes,rS32_CtauRes,s1_CtauRes,sigma_1_A,sl1,sl2,x_A,zeroMean) ]
     p.d.f value is Not-a-Number (nan), forcing value to zero @ !model=pdfCTAURES=0/1, !convVar=ctau3D=-nan, !convSet=(pdfCTAURES_conv_exp(-@0/@1)_ctau3D_lambdaDSS_Bkg1_[pdfCTAUDSS1] = nan/0.559488), t=ctau3D=-nan, tau=lambdaDSS_Bkg1=0.279744 +/- 0.642153
     p.d.f value is Not-a-Number (nan), forcing value to zero @ !model=pdfCTAURES=0/1, !convVar=ctau3D=-nan, !convSet=(pdfCTAURES_conv_exp(-@0/@1)_ctau3D_lambdaDSS_Bkg1_[pdfCTAUDSS1] = nan/0.559488), t=ctau3D=-nan, tau=lambdaDSS_Bkg1=0.279744 +/- 0.642153
     p.d.f value is Not-a-Number (nan), forcing value to zero @ !model=pdfCTAURES=0/1, !convVar=ctau3D=-nan, !convSet=(pdfCTAURES_conv_exp(-@0/@1)_ctau3D_lambdaDSS_Bkg1_[pdfCTAUDSS1] = nan/0.559488), t=ctau3D=-nan, tau=lambdaDSS_Bkg1=0.279744 +/- 0.642153
     p.d.f value is Not-a-Number (nan), forcing value to zero @ !model=pdfCTAURES=0/1, !convVar=ctau3D=-nan, !convSet=(pdfCTAURES_conv_exp(-@0/@1)_ctau3D_lambdaDSS_Bkg1_[pdfCTAUDSS1] = nan/0.559488), t=ctau3D=-nan, tau=lambdaDSS_Bkg1=0.279744 +/- 0.642153
     p.d.f value is Not-a-Number (nan), forcing value to zero @ !model=pdfCTAURES=0/1, !convVar=ctau3D=-nan, !convSet=(pdfCTAURES_conv_exp(-@0/@1)_ctau3D_lambdaDSS_Bkg1_[pdfCTAUDSS1] = nan/0.559488), t=ctau3D=-nan, tau=lambdaDSS_Bkg1=0.279744 +/- 0.642153
     p.d.f value is Not-a-Number (nan), forcing value to zero @ !model=pdfCTAURES=0/1, !convVar=ctau3D=-nan, !convSet=(pdfCTAURES_conv_exp(-@0/@1)_ctau3D_lambdaDSS_Bkg1_[pdfCTAUDSS1] = nan/0.559488), t=ctau3D=-nan, tau=lambdaDSS_Bkg1=0.279744 +/- 0.642153
     p.d.f value is Not-a-Number (nan), forcing value to zero @ !model=pdfCTAURES=0/1, !convVar=ctau3D=-nan, !convSet=(pdfCTAURES_conv_exp(-@0/@1)_ctau3D_lambdaDSS_Bkg1_[pdfCTAUDSS1] = nan/0.559488), t=ctau3D=-nan, tau=lambdaDSS_Bkg1=0.279744 +/- 0.642153
     p.d.f value is Not-a-Number (nan), forcing value to zero @ !model=pdfCTAURES=0/1, !convVar=ctau3D=-nan, !convSet=(pdfCTAURES_conv_exp(-@0/@1)_ctau3D_lambdaDSS_Bkg1_[pdfCTAUDSS1] = nan/0.559488), t=ctau3D=-nan, tau=lambdaDSS_Bkg1=0.279744 +/- 0.642153
     p.d.f value is Not-a-Number (nan), forcing value to zero @ !model=pdfCTAURES=0/1, !convVar=ctau3D=-nan, !convSet=(pdfCTAURES_conv_exp(-@0/@1)_ctau3D_lambdaDSS_Bkg1_[pdfCTAUDSS1] = nan/0.559488), t=ctau3D=-nan, tau=lambdaDSS_Bkg1=0.279744 +/- 0.642153
     p.d.f value is Not-a-Number (nan), forcing value to zero @ !model=pdfCTAURES=0/1, !convVar=ctau3D=-nan, !convSet=(pdfCTAURES_conv_exp(-@0/@1)_ctau3D_lambdaDSS_Bkg1_[pdfCTAUDSS1] = nan/0.559488), t=ctau3D=-nan, tau=lambdaDSS_Bkg1=0.279744 +/- 0.642153
     p.d.f value is Not-a-Number (nan), forcing value to zero @ !model=pdfCTAURES=0/1, !convVar=ctau3D=-nan, !convSet=(pdfCTAURES_conv_exp(-@0/@1)_ctau3D_lambdaDSS_Bkg1_[pdfCTAUDSS1] = nan/0.559488), t=ctau3D=-nan, tau=lambdaDSS_Bkg1=0.279744 +/- 0.642153
     p.d.f value is Not-a-Number (nan), forcing value to zero @ !model=pdfCTAURES=0/1, !convVar=ctau3D=-nan, !convSet=(pdfCTAURES_conv_exp(-@0/@1)_ctau3D_lambdaDSS_Bkg1_[pdfCTAUDSS1] = nan/0.559488), t=ctau3D=-nan, tau=lambdaDSS_Bkg1=0.279744 +/- 0.642153
    ... (remaining 4 messages suppressed)
PID3856007/RooRealMPFE::nll_pdfCTAUMASS_Tot_dsToFit_597526bcd3d0_MPFE3[ arg=nll_pdfCTAUMASS_Tot_dsToFit_GOF3 vars=(N_Bkg,N_Jpsi,alpha_1_A,b_Bkg,b_Jpsi,ctau1_CtauRes,ctau2_CtauRes,ctau3_CtauRes,f,f2_CtauRes,fDF12,fDFSS,fDLIV,fDSS12,fDSS1_test,fDSS2_test,f_CtauRes,lambdaDDS_Bkg,lambdaDF_Bkg1,lambdaDF_Bkg2,lambdaDSS_Bkg1,lambdaDSS_Bkg2,lambdaDSS_test1,lambdaDSS_test2,lambdaDSS_test3,m_{J/#Psi},n_1_A,rS21_CtauRes,rS32_CtauRes,s1_CtauRes,sigma_1_A,sl1,sl2,x_A,zeroMean) ]
     p.d.f value is Not-a-Number (nan), forcing value to zero @ !model=pdfCTAURES=0/1, !convVar=ctau3D=-nan, !convSet=(pdfCTAURES_conv_exp(-@0/@1)_ctau3D_lambdaDSS_Bkg1_[pdfCTAUDSS1] = nan/0.559488), t=ctau3D=-nan, tau=lambdaDSS_Bkg1=0.279744 +/- 0.642153
     p.d.f value is Not-a-Number (nan), forcing value to zero @ !model=pdfCTAURES=0/1, !convVar=ctau3D=-nan, !convSet=(pdfCTAURES_conv_exp(-@0/@1)_ctau3D_lambdaDSS_Bkg1_[pdfCTAUDSS1] = nan/0.559488), t=ctau3D=-nan, tau=lambdaDSS_Bkg1=0.279744 +/- 0.642153
     p.d.f value is Not-a-Number (nan), forcing value to zero @ !model=pdfCTAURES=0/1, !convVar=ctau3D=-nan, !convSet=(pdfCTAURES_conv_exp(-@0/@1)_ctau3D_lambdaDSS_Bkg1_[pdfCTAUDSS1] = nan/0.559488), t=ctau3D=-nan, tau=lambdaDSS_Bkg1=0.279744 +/- 0.642153
     p.d.f value is Not-a-Number (nan), forcing value to zero @ !model=pdfCTAURES=0/1, !convVar=ctau3D=-nan, !convSet=(pdfCTAURES_conv_exp(-@0/@1)_ctau3D_lambdaDSS_Bkg1_[pdfCTAUDSS1] = nan/0.559488), t=ctau3D=-nan, tau=lambdaDSS_Bkg1=0.279744 +/- 0.642153
     p.d.f value is Not-a-Number (nan), forcing value to zero @ !model=pdfCTAURES=0/1, !convVar=ctau3D=-nan, !convSet=(pdfCTAURES_conv_exp(-@0/@1)_ctau3D_lambdaDSS_Bkg1_[pdfCTAUDSS1] = nan/0.559488), t=ctau3D=-nan, tau=lambdaDSS_Bkg1=0.279744 +/- 0.642153
     p.d.f value is Not-a-Number (nan), forcing value to zero @ !model=pdfCTAURES=0/1, !convVar=ctau3D=-nan, !convSet=(pdfCTAURES_conv_exp(-@0/@1)_ctau3D_lambdaDSS_Bkg1_[pdfCTAUDSS1] = nan/0.559488), t=ctau3D=-nan, tau=lambdaDSS_Bkg1=0.279744 +/- 0.642153
     p.d.f value is Not-a-Number (nan), forcing value to zero @ !model=pdfCTAURES=0/1, !convVar=ctau3D=-nan, !convSet=(pdfCTAURES_conv_exp(-@0/@1)_ctau3D_lambdaDSS_Bkg1_[pdfCTAUDSS1] = nan/0.559488), t=ctau3D=-nan, tau=lambdaDSS_Bkg1=0.279744 +/- 0.642153
     p.d.f value is Not-a-Number (nan), forcing value to zero @ !model=pdfCTAURES=0/1, !convVar=ctau3D=-nan, !convSet=(pdfCTAURES_conv_exp(-@0/@1)_ctau3D_lambdaDSS_Bkg1_[pdfCTAUDSS1] = nan/0.559488), t=ctau3D=-nan, tau=lambdaDSS_Bkg1=0.279744 +/- 0.642153
     p.d.f value is Not-a-Number (nan), forcing value to zero @ !model=pdfCTAURES=0/1, !convVar=ctau3D=-nan, !convSet=(pdfCTAURES_conv_exp(-@0/@1)_ctau3D_lambdaDSS_Bkg1_[pdfCTAUDSS1] = nan/0.559488), t=ctau3D=-nan, tau=lambdaDSS_Bkg1=0.279744 +/- 0.642153
     p.d.f value is Not-a-Number (nan), forcing value to zero @ !model=pdfCTAURES=0/1, !convVar=ctau3D=-nan, !convSet=(pdfCTAURES_conv_exp(-@0/@1)_ctau3D_lambdaDSS_Bkg1_[pdfCTAUDSS1] = nan/0.559488), t=ctau3D=-nan, tau=lambdaDSS_Bkg1=0.279744 +/- 0.642153
     p.d.f value is Not-a-Number (nan), forcing value to zero @ !model=pdfCTAURES=0/1, !convVar=ctau3D=-nan, !convSet=(pdfCTAURES_conv_exp(-@0/@1)_ctau3D_lambdaDSS_Bkg1_[pdfCTAUDSS1] = nan/0.559488), t=ctau3D=-nan, tau=lambdaDSS_Bkg1=0.279744 +/- 0.642153
     p.d.f value is Not-a-Number (nan), forcing value to zero @ !model=pdfCTAURES=0/1, !convVar=ctau3D=-nan, !convSet=(pdfCTAURES_conv_exp(-@0/@1)_ctau3D_lambdaDSS_Bkg1_[pdfCTAUDSS1] = nan/0.559488), t=ctau3D=-nan, tau=lambdaDSS_Bkg1=0.279744 +/- 0.642153
    ... (remaining 4 messages suppressed)
PID3856009/RooRealMPFE::nll_pdfCTAUMASS_Tot_dsToFit_597526bcd3d0_MPFE5[ arg=nll_pdfCTAUMASS_Tot_dsToFit_GOF5 vars=(N_Bkg,N_Jpsi,alpha_1_A,b_Bkg,b_Jpsi,ctau1_CtauRes,ctau2_CtauRes,ctau3_CtauRes,f,f2_CtauRes,fDF12,fDFSS,fDLIV,fDSS12,fDSS1_test,fDSS2_test,f_CtauRes,lambdaDDS_Bkg,lambdaDF_Bkg1,lambdaDF_Bkg2,lambdaDSS_Bkg1,lambdaDSS_Bkg2,lambdaDSS_test1,lambdaDSS_test2,lambdaDSS_test3,m_{J/#Psi},n_1_A,rS21_CtauRes,rS32_CtauRes,s1_CtauRes,sigma_1_A,sl1,sl2,x_A,zeroMean) ]
     p.d.f value is Not-a-Number (nan), forcing value to zero @ !model=pdfCTAURES=0/1, !convVar=ctau3D=-nan, !convSet=(pdfCTAURES_conv_exp(-@0/@1)_ctau3D_lambdaDSS_Bkg1_[pdfCTAUDSS1] = nan/0.559488), t=ctau3D=-nan, tau=lambdaDSS_Bkg1=0.279744 +/- 0.642153
     p.d.f value is Not-a-Number (nan), forcing value to zero @ !model=pdfCTAURES=0/1, !convVar=ctau3D=-nan, !convSet=(pdfCTAURES_conv_exp(-@0/@1)_ctau3D_lambdaDSS_Bkg1_[pdfCTAUDSS1] = nan/0.559488), t=ctau3D=-nan, tau=lambdaDSS_Bkg1=0.279744 +/- 0.642153
     p.d.f value is Not-a-Number (nan), forcing value to zero @ !model=pdfCTAURES=0/1, !convVar=ctau3D=-nan, !convSet=(pdfCTAURES_conv_exp(-@0/@1)_ctau3D_lambdaDSS_Bkg1_[pdfCTAUDSS1] = nan/0.559488), t=ctau3D=-nan, tau=lambdaDSS_Bkg1=0.279744 +/- 0.642153
     p.d.f value is Not-a-Number (nan), forcing value to zero @ !model=pdfCTAURES=0/1, !convVar=ctau3D=-nan, !convSet=(pdfCTAURES_conv_exp(-@0/@1)_ctau3D_lambdaDSS_Bkg1_[pdfCTAUDSS1] = nan/0.559488), t=ctau3D=-nan, tau=lambdaDSS_Bkg1=0.279744 +/- 0.642153
     p.d.f value is Not-a-Number (nan), forcing value to zero @ !model=pdfCTAURES=0/1, !convVar=ctau3D=-nan, !convSet=(pdfCTAURES_conv_exp(-@0/@1)_ctau3D_lambdaDSS_Bkg1_[pdfCTAUDSS1] = nan/0.559488), t=ctau3D=-nan, tau=lambdaDSS_Bkg1=0.279744 +/- 0.642153
     p.d.f value is Not-a-Number (nan), forcing value to zero @ !model=pdfCTAURES=0/1, !convVar=ctau3D=-nan, !convSet=(pdfCTAURES_conv_exp(-@0/@1)_ctau3D_lambdaDSS_Bkg1_[pdfCTAUDSS1] = nan/0.559488), t=ctau3D=-nan, tau=lambdaDSS_Bkg1=0.279744 +/- 0.642153
     p.d.f value is Not-a-Number (nan), forcing value to zero @ !model=pdfCTAURES=0/1, !convVar=ctau3D=-nan, !convSet=(pdfCTAURES_conv_exp(-@0/@1)_ctau3D_lambdaDSS_Bkg1_[pdfCTAUDSS1] = nan/0.559488), t=ctau3D=-nan, tau=lambdaDSS_Bkg1=0.279744 +/- 0.642153
     p.d.f value is Not-a-Number (nan), forcing value to zero @ !model=pdfCTAURES=0/1, !convVar=ctau3D=-nan, !convSet=(pdfCTAURES_conv_exp(-@0/@1)_ctau3D_lambdaDSS_Bkg1_[pdfCTAUDSS1] = nan/0.559488), t=ctau3D=-nan, tau=lambdaDSS_Bkg1=0.279744 +/- 0.642153
     p.d.f value is Not-a-Number (nan), forcing value to zero @ !model=pdfCTAURES=0/1, !convVar=ctau3D=-nan, !convSet=(pdfCTAURES_conv_exp(-@0/@1)_ctau3D_lambdaDSS_Bkg1_[pdfCTAUDSS1] = nan/0.559488), t=ctau3D=-nan, tau=lambdaDSS_Bkg1=0.279744 +/- 0.642153
     p.d.f value is Not-a-Number (nan), forcing value to zero @ !model=pdfCTAURES=0/1, !convVar=ctau3D=-nan, !convSet=(pdfCTAURES_conv_exp(-@0/@1)_ctau3D_lambdaDSS_Bkg1_[pdfCTAUDSS1] = nan/0.559488), t=ctau3D=-nan, tau=lambdaDSS_Bkg1=0.279744 +/- 0.642153
     p.d.f value is Not-a-Number (nan), forcing value to zero @ !model=pdfCTAURES=0/1, !convVar=ctau3D=-nan, !convSet=(pdfCTAURES_conv_exp(-@0/@1)_ctau3D_lambdaDSS_Bkg1_[pdfCTAUDSS1] = nan/0.559488), t=ctau3D=-nan, tau=lambdaDSS_Bkg1=0.279744 +/- 0.642153
     p.d.f value is Not-a-Number (nan), forcing value to zero @ !model=pdfCTAURES=0/1, !convVar=ctau3D=-nan, !convSet=(pdfCTAURES_conv_exp(-@0/@1)_ctau3D_lambdaDSS_Bkg1_[pdfCTAUDSS1] = nan/0.559488), t=ctau3D=-nan, tau=lambdaDSS_Bkg1=0.279744 +/- 0.642153
    ... (remaining 4 messages suppressed)
PID3856010/RooRealMPFE::nll_pdfCTAUMASS_Tot_dsToFit_597526bcd3d0_MPFE6[ arg=nll_pdfCTAUMASS_Tot_dsToFit_GOF6 vars=(N_Bkg,N_Jpsi,alpha_1_A,b_Bkg,b_Jpsi,ctau1_CtauRes,ctau2_CtauRes,ctau3_CtauRes,f,f2_CtauRes,fDF12,fDFSS,fDLIV,fDSS12,fDSS1_test,fDSS2_test,f_CtauRes,lambdaDDS_Bkg,lambdaDF_Bkg1,lambdaDF_Bkg2,lambdaDSS_Bkg1,lambdaDSS_Bkg2,lambdaDSS_test1,lambdaDSS_test2,lambdaDSS_test3,m_{J/#Psi},n_1_A,rS21_CtauRes,rS32_CtauRes,s1_CtauRes,sigma_1_A,sl1,sl2,x_A,zeroMean) ]
     p.d.f value is Not-a-Number (nan), forcing value to zero @ !model=pdfCTAURES=0/1, !convVar=ctau3D=-nan, !convSet=(pdfCTAURES_conv_exp(-@0/@1)_ctau3D_lambdaDSS_Bkg1_[pdfCTAUDSS1] = nan/0.559488), t=ctau3D=-nan, tau=lambdaDSS_Bkg1=0.279744 +/- 0.642153
     p.d.f value is Not-a-Number (nan), forcing value to zero @ !model=pdfCTAURES=0/1, !convVar=ctau3D=-nan, !convSet=(pdfCTAURES_conv_exp(-@0/@1)_ctau3D_lambdaDSS_Bkg1_[pdfCTAUDSS1] = nan/0.559488), t=ctau3D=-nan, tau=lambdaDSS_Bkg1=0.279744 +/- 0.642153
     p.d.f value is Not-a-Number (nan), forcing value to zero @ !model=pdfCTAURES=0/1, !convVar=ctau3D=-nan, !convSet=(pdfCTAURES_conv_exp(-@0/@1)_ctau3D_lambdaDSS_Bkg1_[pdfCTAUDSS1] = nan/0.559488), t=ctau3D=-nan, tau=lambdaDSS_Bkg1=0.279744 +/- 0.642153
     p.d.f value is Not-a-Number (nan), forcing value to zero @ !model=pdfCTAURES=0/1, !convVar=ctau3D=-nan, !convSet=(pdfCTAURES_conv_exp(-@0/@1)_ctau3D_lambdaDSS_Bkg1_[pdfCTAUDSS1] = nan/0.559488), t=ctau3D=-nan, tau=lambdaDSS_Bkg1=0.279744 +/- 0.642153
     p.d.f value is Not-a-Number (nan), forcing value to zero @ !model=pdfCTAURES=0/1, !convVar=ctau3D=-nan, !convSet=(pdfCTAURES_conv_exp(-@0/@1)_ctau3D_lambdaDSS_Bkg1_[pdfCTAUDSS1] = nan/0.559488), t=ctau3D=-nan, tau=lambdaDSS_Bkg1=0.279744 +/- 0.642153
     p.d.f value is Not-a-Number (nan), forcing value to zero @ !model=pdfCTAURES=0/1, !convVar=ctau3D=-nan, !convSet=(pdfCTAURES_conv_exp(-@0/@1)_ctau3D_lambdaDSS_Bkg1_[pdfCTAUDSS1] = nan/0.559488), t=ctau3D=-nan, tau=lambdaDSS_Bkg1=0.279744 +/- 0.642153
     p.d.f value is Not-a-Number (nan), forcing value to zero @ !model=pdfCTAURES=0/1, !convVar=ctau3D=-nan, !convSet=(pdfCTAURES_conv_exp(-@0/@1)_ctau3D_lambdaDSS_Bkg1_[pdfCTAUDSS1] = nan/0.559488), t=ctau3D=-nan, tau=lambdaDSS_Bkg1=0.279744 +/- 0.642153
     p.d.f value is Not-a-Number (nan), forcing value to zero @ !model=pdfCTAURES=0/1, !convVar=ctau3D=-nan, !convSet=(pdfCTAURES_conv_exp(-@0/@1)_ctau3D_lambdaDSS_Bkg1_[pdfCTAUDSS1] = nan/0.559488), t=ctau3D=-nan, tau=lambdaDSS_Bkg1=0.279744 +/- 0.642153
     p.d.f value is Not-a-Number (nan), forcing value to zero @ !model=pdfCTAURES=0/1, !convVar=ctau3D=-nan, !convSet=(pdfCTAURES_conv_exp(-@0/@1)_ctau3D_lambdaDSS_Bkg1_[pdfCTAUDSS1] = nan/0.559488), t=ctau3D=-nan, tau=lambdaDSS_Bkg1=0.279744 +/- 0.642153
     p.d.f value is Not-a-Number (nan), forcing value to zero @ !model=pdfCTAURES=0/1, !convVar=ctau3D=-nan, !convSet=(pdfCTAURES_conv_exp(-@0/@1)_ctau3D_lambdaDSS_Bkg1_[pdfCTAUDSS1] = nan/0.559488), t=ctau3D=-nan, tau=lambdaDSS_Bkg1=0.279744 +/- 0.642153
     p.d.f value is Not-a-Number (nan), forcing value to zero @ !model=pdfCTAURES=0/1, !convVar=ctau3D=-nan, !convSet=(pdfCTAURES_conv_exp(-@0/@1)_ctau3D_lambdaDSS_Bkg1_[pdfCTAUDSS1] = nan/0.559488), t=ctau3D=-nan, tau=lambdaDSS_Bkg1=0.279744 +/- 0.642153
     p.d.f value is Not-a-Number (nan), forcing value to zero @ !model=pdfCTAURES=0/1, !convVar=ctau3D=-nan, !convSet=(pdfCTAURES_conv_exp(-@0/@1)_ctau3D_lambdaDSS_Bkg1_[pdfCTAUDSS1] = nan/0.559488), t=ctau3D=-nan, tau=lambdaDSS_Bkg1=0.279744 +/- 0.642153
    ... (remaining 4 messages suppressed)
PID3856011/RooRealMPFE::nll_pdfCTAUMASS_Tot_dsToFit_597526bcd3d0_MPFE7[ arg=nll_pdfCTAUMASS_Tot_dsToFit_GOF7 vars=(N_Bkg,N_Jpsi,alpha_1_A,b_Bkg,b_Jpsi,ctau1_CtauRes,ctau2_CtauRes,ctau3_CtauRes,f,f2_CtauRes,fDF12,fDFSS,fDLIV,fDSS12,fDSS1_test,fDSS2_test,f_CtauRes,lambdaDDS_Bkg,lambdaDF_Bkg1,lambdaDF_Bkg2,lambdaDSS_Bkg1,lambdaDSS_Bkg2,lambdaDSS_test1,lambdaDSS_test2,lambdaDSS_test3,m_{J/#Psi},n_1_A,rS21_CtauRes,rS32_CtauRes,s1_CtauRes,sigma_1_A,sl1,sl2,x_A,zeroMean) ]
     p.d.f value is Not-a-Number (nan), forcing value to zero @ !model=pdfCTAURES=0/1, !convVar=ctau3D=-nan, !convSet=(pdfCTAURES_conv_exp(-@0/@1)_ctau3D_lambdaDSS_Bkg1_[pdfCTAUDSS1] = nan/0.559488), t=ctau3D=-nan, tau=lambdaDSS_Bkg1=0.279744 +/- 0.642153
     p.d.f value is Not-a-Number (nan), forcing value to zero @ !model=pdfCTAURES=0/1, !convVar=ctau3D=-nan, !convSet=(pdfCTAURES_conv_exp(-@0/@1)_ctau3D_lambdaDSS_Bkg1_[pdfCTAUDSS1] = nan/0.559488), t=ctau3D=-nan, tau=lambdaDSS_Bkg1=0.279744 +/- 0.642153
     p.d.f value is Not-a-Number (nan), forcing value to zero @ !model=pdfCTAURES=0/1, !convVar=ctau3D=-nan, !convSet=(pdfCTAURES_conv_exp(-@0/@1)_ctau3D_lambdaDSS_Bkg1_[pdfCTAUDSS1] = nan/0.559488), t=ctau3D=-nan, tau=lambdaDSS_Bkg1=0.279744 +/- 0.642153
     p.d.f value is Not-a-Number (nan), forcing value to zero @ !model=pdfCTAURES=0/1, !convVar=ctau3D=-nan, !convSet=(pdfCTAURES_conv_exp(-@0/@1)_ctau3D_lambdaDSS_Bkg1_[pdfCTAUDSS1] = nan/0.559488), t=ctau3D=-nan, tau=lambdaDSS_Bkg1=0.279744 +/- 0.642153
     p.d.f value is Not-a-Number (nan), forcing value to zero @ !model=pdfCTAURES=0/1, !convVar=ctau3D=-nan, !convSet=(pdfCTAURES_conv_exp(-@0/@1)_ctau3D_lambdaDSS_Bkg1_[pdfCTAUDSS1] = nan/0.559488), t=ctau3D=-nan, tau=lambdaDSS_Bkg1=0.279744 +/- 0.642153
     p.d.f value is Not-a-Number (nan), forcing value to zero @ !model=pdfCTAURES=0/1, !convVar=ctau3D=-nan, !convSet=(pdfCTAURES_conv_exp(-@0/@1)_ctau3D_lambdaDSS_Bkg1_[pdfCTAUDSS1] = nan/0.559488), t=ctau3D=-nan, tau=lambdaDSS_Bkg1=0.279744 +/- 0.642153
     p.d.f value is Not-a-Number (nan), forcing value to zero @ !model=pdfCTAURES=0/1, !convVar=ctau3D=-nan, !convSet=(pdfCTAURES_conv_exp(-@0/@1)_ctau3D_lambdaDSS_Bkg1_[pdfCTAUDSS1] = nan/0.559488), t=ctau3D=-nan, tau=lambdaDSS_Bkg1=0.279744 +/- 0.642153
     p.d.f value is Not-a-Number (nan), forcing value to zero @ !model=pdfCTAURES=0/1, !convVar=ctau3D=-nan, !convSet=(pdfCTAURES_conv_exp(-@0/@1)_ctau3D_lambdaDSS_Bkg1_[pdfCTAUDSS1] = nan/0.559488), t=ctau3D=-nan, tau=lambdaDSS_Bkg1=0.279744 +/- 0.642153
     p.d.f value is Not-a-Number (nan), forcing value to zero @ !model=pdfCTAURES=0/1, !convVar=ctau3D=-nan, !convSet=(pdfCTAURES_conv_exp(-@0/@1)_ctau3D_lambdaDSS_Bkg1_[pdfCTAUDSS1] = nan/0.559488), t=ctau3D=-nan, tau=lambdaDSS_Bkg1=0.279744 +/- 0.642153
     p.d.f value is Not-a-Number (nan), forcing value to zero @ !model=pdfCTAURES=0/1, !convVar=ctau3D=-nan, !convSet=(pdfCTAURES_conv_exp(-@0/@1)_ctau3D_lambdaDSS_Bkg1_[pdfCTAUDSS1] = nan/0.559488), t=ctau3D=-nan, tau=lambdaDSS_Bkg1=0.279744 +/- 0.642153
     p.d.f value is Not-a-Number (nan), forcing value to zero @ !model=pdfCTAURES=0/1, !convVar=ctau3D=-nan, !convSet=(pdfCTAURES_conv_exp(-@0/@1)_ctau3D_lambdaDSS_Bkg1_[pdfCTAUDSS1] = nan/0.559488), t=ctau3D=-nan, tau=lambdaDSS_Bkg1=0.279744 +/- 0.642153
     p.d.f value is Not-a-Number (nan), forcing value to zero @ !model=pdfCTAURES=0/1, !convVar=ctau3D=-nan, !convSet=(pdfCTAURES_conv_exp(-@0/@1)_ctau3D_lambdaDSS_Bkg1_[pdfCTAUDSS1] = nan/0.559488), t=ctau3D=-nan, tau=lambdaDSS_Bkg1=0.279744 +/- 0.642153
    ... (remaining 4 messages suppressed)

 START MIGRAD MINIMIZATION.  STRATEGY  1.  CONVERGENCE WHEN EDM .LT. 1.00e-03
[#0] ERROR:Tracing -- RooGaussModel::getVal(ctauRes1_conv_exp(-@0/@1)_ctau3D_lambdaDSS_Bkg1_[pdfCTAUDSS1]) got nan during case 1 
[#0] ERROR:Tracing -- RooGaussModel::getVal(ctauRes3_conv_exp(-@0/@1)_ctau3D_lambdaDSS_Bkg1_[pdfCTAUDSS1]) got nan during case 1 
[#0] ERROR:Tracing -- RooGaussModel::getVal(ctauRes2_conv_exp(-@0/@1)_ctau3D_lambdaDSS_Bkg1_[pdfCTAUDSS1]) got nan during case 1 
[#0] ERROR:Tracing -- RooGaussModel::getVal(ctauRes1_conv_exp(-@0/@1)_ctau3D_lambdaDSS_Bkg1_[pdfCTAUDSS1]) got nan during case 1 
[#0] ERROR:Tracing -- RooGaussModel::getVal(ctauRes3_conv_exp(-@0/@1)_ctau3D_lambdaDSS_Bkg1_[pdfCTAUDSS1]) got nan during case 1 
[#0] ERROR:Tracing -- RooGaussModel::getVal(ctauRes2_conv_exp(-@0/@1)_ctau3D_lambdaDSS_Bkg1_[pdfCTAUDSS1]) got nan during case 1 
[#0] ERROR:Tracing -- RooGaussModel::getVal(ctauRes1_conv_exp(-@0/@1)_ctau3D_lambdaDSS_Bkg2_[pdfCTAUDSS2]) got nan during case 1 
[#0] ERROR:Tracing -- RooGaussModel::getVal(ctauRes3_conv_exp(-@0/@1)_ctau3D_lambdaDSS_Bkg2_[pdfCTAUDSS2]) got nan during case 1 
[#0] ERROR:Tracing -- RooGaussModel::getVal(ctauRes2_conv_exp(-@0/@1)_ctau3D_lambdaDSS_Bkg2_[pdfCTAUDSS2]) got nan during case 1 
[#0] ERROR:Tracing -- RooGaussModel::getVal(ctauRes1_conv_exp(-@0/@1)_ctau3D_lambdaDSS_Bkg2_[pdfCTAUDSS2]) got nan during case 1 
[#0] ERROR:Tracing -- RooGaussModel::getVal(ctauRes3_conv_exp(-@0/@1)_ctau3D_lambdaDSS_Bkg2_[pdfCTAUDSS2]) got nan during case 1 
[#0] ERROR:Tracing -- RooGaussModel::getVal(ctauRes2_conv_exp(-@0/@1)_ctau3D_lambdaDSS_Bkg2_[pdfCTAUDSS2]) got nan during case 1 
[#0] ERROR:Tracing -- RooGaussModel::getVal(ctauRes1_conv_exp(@0/@1)_ctau3D_lambdaDF_Bkg1_[pdfCTAUDF1]) got nan during case 1 
[#0] ERROR:Tracing -- RooGaussModel::getVal(ctauRes3_conv_exp(@0/@1)_ctau3D_lambdaDF_Bkg1_[pdfCTAUDF1]) got nan during case 1 
[#0] ERROR:Tracing -- RooGaussModel::getVal(ctauRes2_conv_exp(@0/@1)_ctau3D_lambdaDF_Bkg1_[pdfCTAUDF1]) got nan during case 1 
[#0] ERROR:Tracing -- RooGaussModel::getVal(ctauRes1_conv_exp(@0/@1)_ctau3D_lambdaDF_Bkg1_[pdfCTAUDF1]) got nan during case 1 
[#0] ERROR:Tracing -- RooGaussModel::getVal(ctauRes3_conv_exp(@0/@1)_ctau3D_lambdaDF_Bkg1_[pdfCTAUDF1]) got nan during case 1 
[#0] ERROR:Tracing -- RooGaussModel::getVal(ctauRes2_conv_exp(@0/@1)_ctau3D_lambdaDF_Bkg1_[pdfCTAUDF1]) got nan during case 1 
[#0] ERROR:Tracing -- RooGaussModel::getVal(ctauRes1_conv_exp(@0/@1)_ctau3D_lambdaDF_Bkg2_[pdfCTAUDF2]) got nan during case 1 
[#0] ERROR:Tracing -- RooGaussModel::getVal(ctauRes3_conv_exp(@0/@1)_ctau3D_lambdaDF_Bkg2_[pdfCTAUDF2]) got nan during case 1 
[#0] ERROR:Tracing -- RooGaussModel::getVal(ctauRes2_conv_exp(@0/@1)_ctau3D_lambdaDF_Bkg2_[pdfCTAUDF2]) got nan during case 1 
[#0] ERROR:Tracing -- RooGaussModel::getVal(ctauRes1_conv_exp(@0/@1)_ctau3D_lambdaDF_Bkg2_[pdfCTAUDF2]) got nan during case 1 
[#0] ERROR:Tracing -- RooGaussModel::getVal(ctauRes3_conv_exp(@0/@1)_ctau3D_lambdaDF_Bkg2_[pdfCTAUDF2]) got nan during case 1 
[#0] ERROR:Tracing -- RooGaussModel::getVal(ctauRes2_conv_exp(@0/@1)_ctau3D_lambdaDF_Bkg2_[pdfCTAUDF2]) got nan during case 1 
[#0] ERROR:Tracing -- RooGaussModel::getVal(ctauRes1_conv_exp(-abs(@0)/@1)_ctau3D_lambdaDDS_Bkg_[pdfCTAUDDS]) got nan during case 1 
[#0] ERROR:Tracing -- RooGaussModel::getVal(ctauRes3_conv_exp(-abs(@0)/@1)_ctau3D_lambdaDDS_Bkg_[pdfCTAUDDS]) got nan during case 1 
[#0] ERROR:Tracing -- RooGaussModel::getVal(ctauRes2_conv_exp(-abs(@0)/@1)_ctau3D_lambdaDDS_Bkg_[pdfCTAUDDS]) got nan during case 1 
[#0] ERROR:Tracing -- RooGaussModel::getVal(ctauRes1_conv_exp(-abs(@0)/@1)_ctau3D_lambdaDDS_Bkg_[pdfCTAUDDS]) got nan during case 1 
[#0] ERROR:Tracing -- RooGaussModel::getVal(ctauRes3_conv_exp(-abs(@0)/@1)_ctau3D_lambdaDDS_Bkg_[pdfCTAUDDS]) got nan during case 1 
[#0] ERROR:Tracing -- RooGaussModel::getVal(ctauRes2_conv_exp(-abs(@0)/@1)_ctau3D_lambdaDDS_Bkg_[pdfCTAUDDS]) got nan during case 1 
[#0] WARNING:Minization -- RooMinimizerFcn: Minimized function has error status.
Returning maximum FCN so far (-1e+30) to force MIGRAD to back out of this region. Error log follows
Parameter values: b_Jpsi=0.619599
RooNLLVar::nll_pdfCTAUMASS_Tot_dsToFit[ paramSet=(N_Bkg,N_Jpsi,alpha_1_A,b_Bkg,b_Jpsi,ctau1_CtauRes,ctau2_CtauRes,ctau3_CtauRes,f,f2_CtauRes,fDF12,fDFSS,fDLIV,fDSS12,fDSS1_test,fDSS2_test,f_CtauRes,lambdaDDS_Bkg,lambdaDF_Bkg1,lambdaDF_Bkg2,lambdaDSS_Bkg1,lambdaDSS_Bkg2,lambdaDSS_test1,lambdaDSS_test2,lambdaDSS_test3,m_{J/#Psi},n_1_A,rS21_CtauRes,rS32_CtauRes,s1_CtauRes,sigma_1_A,sl1,sl2,x_A,zeroMean) ]
     function value is NAN @ paramSet=(N_Bkg = 10422.1 +/- 154.79,N_Jpsi = 17396.8 +/- 175.879,alpha_1_A = 2.16069,b_Bkg = 0.759368 +/- 2.05668,b_Jpsi = 0.619599,ctau1_CtauRes = 0,ctau2_CtauRes = 0,ctau3_CtauRes = 0,f = 0.720778,f2_CtauRes = 1.02206e-06 +/- 1.40334e-05,fDF12 = 0.416499 +/- 164846,fDFSS = 0.949422 +/- 5.22043,fDLIV = 0.393305 +/- 2.31686,fDSS12 = 0.875485 +/- 0.206613,fDSS1_test = 0.78,fDSS2_test = 0.37,f_CtauRes = 0.912575 +/- 0.0175917,lambdaDDS_Bkg = 0.034334 +/- 0.465804,lambdaDF_Bkg1 = 0.417596 +/- 410.327,lambdaDF_Bkg2 = 0.41414 +/- 988.141,lambdaDSS_Bkg1 = 0.279744 +/- 0.642153,lambdaDSS_Bkg2 = 0.99992 +/- 0.0546058,lambdaDSS_test1 = 0.5,lambdaDSS_test2 = 0.58,lambdaDSS_test3 = 0.34,m_{J/#Psi} = 3.09165 +/- 0.000446256,n_1_A = 1.28385,rS21_CtauRes = 2.92474 +/- 0.196868,rS32_CtauRes = 4.97158 +/- 0.375916,s1_CtauRes = 0.994607 +/- 0.0259245,sigma_1_A = 0.0418059 +/- 0.000431558,sl1 = -0.102918 +/- 0.0176394,sl2 = -0.0100587 +/- 0.0237262,x_A = 1.60948,zeroMean = 0)
PID3856008/RooRealMPFE::nll_pdfCTAUMASS_Tot_dsToFit_597526bcd3d0_MPFE4[ arg=nll_pdfCTAUMASS_Tot_dsToFit_GOF4 vars=(N_Bkg,N_Jpsi,alpha_1_A,b_Bkg,b_Jpsi,ctau1_CtauRes,ctau2_CtauRes,ctau3_CtauRes,f,f2_CtauRes,fDF12,fDFSS,fDLIV,fDSS12,fDSS1_test,fDSS2_test,f_CtauRes,lambdaDDS_Bkg,lambdaDF_Bkg1,lambdaDF_Bkg2,lambdaDSS_Bkg1,lambdaDSS_Bkg2,lambdaDSS_test1,lambdaDSS_test2,lambdaDSS_test3,m_{J/#Psi},n_1_A,rS21_CtauRes,rS32_CtauRes,s1_CtauRes,sigma_1_A,sl1,sl2,x_A,zeroMean) ]
     function value is NAN @ paramSet=(N_Bkg = 10422.1 +/- 154.79,N_Jpsi = 17396.8 +/- 175.879,alpha_1_A = 2.16069,b_Bkg = 0.759368 +/- 2.05668,b_Jpsi = 0.619599,ctau1_CtauRes = 0,ctau2_CtauRes = 0,ctau3_CtauRes = 0,f = 0.720778,f2_CtauRes = 1.02206e-06 +/- 1.40334e-05,fDF12 = 0.416499 +/- 164846,fDFSS = 0.949422 +/- 5.22043,fDLIV = 0.393305 +/- 2.31686,fDSS12 = 0.875485 +/- 0.206613,fDSS1_test = 0.78,fDSS2_test = 0.37,f_CtauRes = 0.912575 +/- 0.0175917,lambdaDDS_Bkg = 0.034334 +/- 0.465804,lambdaDF_Bkg1 = 0.417596 +/- 410.327,lambdaDF_Bkg2 = 0.41414 +/- 988.141,lambdaDSS_Bkg1 = 0.279744 +/- 0.642153,lambdaDSS_Bkg2 = 0.99992 +/- 0.0546058,lambdaDSS_test1 = 0.5,lambdaDSS_test2 = 0.58,lambdaDSS_test3 = 0.34,m_{J/#Psi} = 3.09165 +/- 0.000446256,n_1_A = 1.28385,rS21_CtauRes = 2.92474 +/- 0.196868,rS32_CtauRes = 4.97158 +/- 0.375916,s1_CtauRes = 0.994607 +/- 0.0259245,sigma_1_A = 0.0418059 +/- 0.000431558,sl1 = -0.102918 +/- 0.0176394,sl2 = -0.0100587 +/- 0.0237262,x_A = 1.60948,zeroMean = 0)
     function value is NAN @ paramSet=(N_Bkg = 10422.1 +/- 154.79,N_Jpsi = 17396.8 +/- 175.879,alpha_1_A = 2.16069,b_Bkg = 0.759368 +/- 2.05668,b_Jpsi = 0.619599,ctau1_CtauRes = 0,ctau2_CtauRes = 0,ctau3_CtauRes = 0,f = 0.720778,f2_CtauRes = 1.02206e-06 +/- 1.40334e-05,fDF12 = 0.416499 +/- 164846,fDFSS = 0.949422 +/- 5.22043,fDLIV = 0.393305 +/- 2.31686,fDSS12 = 0.875485 +/- 0.206613,fDSS1_test = 0.78,fDSS2_test = 0.37,f_CtauRes = 0.912575 +/- 0.0175917,lambdaDDS_Bkg = 0.034334 +/- 0.465804,lambdaDF_Bkg1 = 0.417596 +/- 410.327,lambdaDF_Bkg2 = 0.41414 +/- 988.141,lambdaDSS_Bkg1 = 0.279744 +/- 0.642153,lambdaDSS_Bkg2 = 0.99992 +/- 0.0546058,lambdaDSS_test1 = 0.5,lambdaDSS_test2 = 0.58,lambdaDSS_test3 = 0.34,m_{J/#Psi} = 3.09165 +/- 0.000446256,n_1_A = 1.28385,rS21_CtauRes = 2.92474 +/- 0.196868,rS32_CtauRes = 4.97158 +/- 0.375916,s1_CtauRes = 0.994607 +/- 0.0259245,sigma_1_A = 0.0418059 +/- 0.000431558,sl1 = -0.102918 +/- 0.0176394,sl2 = -0.0100587 +/- 0.0237262,x_A = 1.60948,zeroMean = 0)

[#0] ERROR:Tracing -- RooGaussModel::getVal(ctauRes1_conv_exp(-@0/@1)_ctau3D_lambdaDSS_Bkg1_[pdfCTAUDSS1]) got nan during case 1 
[#0] ERROR:Tracing -- RooGaussModel::getVal(ctauRes3_conv_exp(-@0/@1)_ctau3D_lambdaDSS_Bkg1_[pdfCTAUDSS1]) got nan during case 1 
[#0] ERROR:Tracing -- RooGaussModel::getVal(ctauRes2_conv_exp(-@0/@1)_ctau3D_lambdaDSS_Bkg1_[pdfCTAUDSS1]) got nan during case 1 
[#0] ERROR:Tracing -- RooGaussModel::getVal(ctauRes1_conv_exp(-@0/@1)_ctau3D_lambdaDSS_Bkg1_[pdfCTAUDSS1]) got nan during case 1 
[#0] ERROR:Tracing -- RooGaussModel::getVal(ctauRes3_conv_exp(-@0/@1)_ctau3D_lambdaDSS_Bkg1_[pdfCTAUDSS1]) got nan during case 1 
[#0] ERROR:Tracing -- RooGaussModel::getVal(ctauRes2_conv_exp(-@0/@1)_ctau3D_lambdaDSS_Bkg1_[pdfCTAUDSS1]) got nan during case 1 
[#0] ERROR:Tracing -- RooGaussModel::getVal(ctauRes1_conv_exp(-@0/@1)_ctau3D_lambdaDSS_Bkg2_[pdfCTAUDSS2]) got nan during case 1 
[#0] ERROR:Tracing -- RooGaussModel::getVal(ctauRes3_conv_exp(-@0/@1)_ctau3D_lambdaDSS_Bkg2_[pdfCTAUDSS2]) got nan during case 1 
[#0] ERROR:Tracing -- RooGaussModel::getVal(ctauRes2_conv_exp(-@0/@1)_ctau3D_lambdaDSS_Bkg2_[pdfCTAUDSS2]) got nan during case 1 
[#0] ERROR:Tracing -- RooGaussModel::getVal(ctauRes1_conv_exp(-@0/@1)_ctau3D_lambdaDSS_Bkg2_[pdfCTAUDSS2]) got nan during case 1 
[#0] ERROR:Tracing -- RooGaussModel::getVal(ctauRes3_conv_exp(-@0/@1)_ctau3D_lambdaDSS_Bkg2_[pdfCTAUDSS2]) got nan during case 1 
[#0] ERROR:Tracing -- RooGaussModel::getVal(ctauRes2_conv_exp(-@0/@1)_ctau3D_lambdaDSS_Bkg2_[pdfCTAUDSS2]) got nan during case 1 
[#0] ERROR:Tracing -- RooGaussModel::getVal(ctauRes1_conv_exp(@0/@1)_ctau3D_lambdaDF_Bkg1_[pdfCTAUDF1]) got nan during case 1 
[#0] ERROR:Tracing -- RooGaussModel::getVal(ctauRes3_conv_exp(@0/@1)_ctau3D_lambdaDF_Bkg1_[pdfCTAUDF1]) got nan during case 1 
[#0] ERROR:Tracing -- RooGaussModel::getVal(ctauRes2_conv_exp(@0/@1)_ctau3D_lambdaDF_Bkg1_[pdfCTAUDF1]) got nan during case 1 
[#0] ERROR:Tracing -- RooGaussModel::getVal(ctauRes1_conv_exp(@0/@1)_ctau3D_lambdaDF_Bkg1_[pdfCTAUDF1]) got nan during case 1 
[#0] ERROR:Tracing -- RooGaussModel::getVal(ctauRes3_conv_exp(@0/@1)_ctau3D_lambdaDF_Bkg1_[pdfCTAUDF1]) got nan during case 1 
[#0] ERROR:Tracing -- RooGaussModel::getVal(ctauRes2_conv_exp(@0/@1)_ctau3D_lambdaDF_Bkg1_[pdfCTAUDF1]) got nan during case 1 
[#0] ERROR:Tracing -- RooGaussModel::getVal(ctauRes1_conv_exp(@0/@1)_ctau3D_lambdaDF_Bkg2_[pdfCTAUDF2]) got nan during case 1 
[#0] ERROR:Tracing -- RooGaussModel::getVal(ctauRes3_conv_exp(@0/@1)_ctau3D_lambdaDF_Bkg2_[pdfCTAUDF2]) got nan during case 1 
[#0] ERROR:Tracing -- RooGaussModel::getVal(ctauRes2_conv_exp(@0/@1)_ctau3D_lambdaDF_Bkg2_[pdfCTAUDF2]) got nan during case 1 
[#0] ERROR:Tracing -- RooGaussModel::getVal(ctauRes1_conv_exp(@0/@1)_ctau3D_lambdaDF_Bkg2_[pdfCTAUDF2]) got nan during case 1 
[#0] ERROR:Tracing -- RooGaussModel::getVal(ctauRes3_conv_exp(@0/@1)_ctau3D_lambdaDF_Bkg2_[pdfCTAUDF2]) got nan during case 1 
[#0] ERROR:Tracing -- RooGaussModel::getVal(ctauRes2_conv_exp(@0/@1)_ctau3D_lambdaDF_Bkg2_[pdfCTAUDF2]) got nan during case 1 
[#0] ERROR:Tracing -- RooGaussModel::getVal(ctauRes1_conv_exp(-abs(@0)/@1)_ctau3D_lambdaDDS_Bkg_[pdfCTAUDDS]) got nan during case 1 
[#0] ERROR:Tracing -- RooGaussModel::getVal(ctauRes3_conv_exp(-abs(@0)/@1)_ctau3D_lambdaDDS_Bkg_[pdfCTAUDDS]) got nan during case 1 
[#0] ERROR:Tracing -- RooGaussModel::getVal(ctauRes2_conv_exp(-abs(@0)/@1)_ctau3D_lambdaDDS_Bkg_[pdfCTAUDDS]) got nan during case 1 
[#0] ERROR:Tracing -- RooGaussModel::getVal(ctauRes1_conv_exp(-abs(@0)/@1)_ctau3D_lambdaDDS_Bkg_[pdfCTAUDDS]) got nan during case 1 
[#0] ERROR:Tracing -- RooGaussModel::getVal(ctauRes3_conv_exp(-abs(@0)/@1)_ctau3D_lambdaDDS_Bkg_[pdfCTAUDDS]) got nan during case 1 
[#0] ERROR:Tracing -- RooGaussModel::getVal(ctauRes2_conv_exp(-abs(@0)/@1)_ctau3D_lambdaDDS_Bkg_[pdfCTAUDDS]) got nan during case 1 
[#0] WARNING:Minization -- RooMinimizerFcn: Minimized function has error status.
Returning maximum FCN so far (-1e+30) to force MIGRAD to back out of this region. Error log follows
Parameter values: b_Jpsi=0.419592
RooNLLVar::nll_pdfCTAUMASS_Tot_dsToFit[ paramSet=(N_Bkg,N_Jpsi,alpha_1_A,b_Bkg,b_Jpsi,ctau1_CtauRes,ctau2_CtauRes,ctau3_CtauRes,f,f2_CtauRes,fDF12,fDFSS,fDLIV,fDSS12,fDSS1_test,fDSS2_test,f_CtauRes,lambdaDDS_Bkg,lambdaDF_Bkg1,lambdaDF_Bkg2,lambdaDSS_Bkg1,lambdaDSS_Bkg2,lambdaDSS_test1,lambdaDSS_test2,lambdaDSS_test3,m_{J/#Psi},n_1_A,rS21_CtauRes,rS32_CtauRes,s1_CtauRes,sigma_1_A,sl1,sl2,x_A,zeroMean) ]
     function value is NAN @ paramSet=(N_Bkg = 10422.1 +/- 154.79,N_Jpsi = 17396.8 +/- 175.879,alpha_1_A = 2.16069,b_Bkg = 0.759368 +/- 2.05668,b_Jpsi = 0.419592,ctau1_CtauRes = 0,ctau2_CtauRes = 0,ctau3_CtauRes = 0,f = 0.720778,f2_CtauRes = 1.02206e-06 +/- 1.40334e-05,fDF12 = 0.416499 +/- 164846,fDFSS = 0.949422 +/- 5.22043,fDLIV = 0.393305 +/- 2.31686,fDSS12 = 0.875485 +/- 0.206613,fDSS1_test = 0.78,fDSS2_test = 0.37,f_CtauRes = 0.912575 +/- 0.0175917,lambdaDDS_Bkg = 0.034334 +/- 0.465804,lambdaDF_Bkg1 = 0.417596 +/- 410.327,lambdaDF_Bkg2 = 0.41414 +/- 988.141,lambdaDSS_Bkg1 = 0.279744 +/- 0.642153,lambdaDSS_Bkg2 = 0.99992 +/- 0.0546058,lambdaDSS_test1 = 0.5,lambdaDSS_test2 = 0.58,lambdaDSS_test3 = 0.34,m_{J/#Psi} = 3.09165 +/- 0.000446256,n_1_A = 1.28385,rS21_CtauRes = 2.92474 +/- 0.196868,rS32_CtauRes = 4.97158 +/- 0.375916,s1_CtauRes = 0.994607 +/- 0.0259245,sigma_1_A = 0.0418059 +/- 0.000431558,sl1 = -0.102918 +/- 0.0176394,sl2 = -0.0100587 +/- 0.0237262,x_A = 1.60948,zeroMean = 0)
PID3856008/RooRealMPFE::nll_pdfCTAUMASS_Tot_dsToFit_597526bcd3d0_MPFE4[ arg=nll_pdfCTAUMASS_Tot_dsToFit_GOF4 vars=(N_Bkg,N_Jpsi,alpha_1_A,b_Bkg,b_Jpsi,ctau1_CtauRes,ctau2_CtauRes,ctau3_CtauRes,f,f2_CtauRes,fDF12,fDFSS,fDLIV,fDSS12,fDSS1_test,fDSS2_test,f_CtauRes,lambdaDDS_Bkg,lambdaDF_Bkg1,lambdaDF_Bkg2,lambdaDSS_Bkg1,lambdaDSS_Bkg2,lambdaDSS_test1,lambdaDSS_test2,lambdaDSS_test3,m_{J/#Psi},n_1_A,rS21_CtauRes,rS32_CtauRes,s1_CtauRes,sigma_1_A,sl1,sl2,x_A,zeroMean) ]
     function value is NAN @ paramSet=(N_Bkg = 10422.1 +/- 154.79,N_Jpsi = 17396.8 +/- 175.879,alpha_1_A = 2.16069,b_Bkg = 0.759368 +/- 2.05668,b_Jpsi = 0.419592,ctau1_CtauRes = 0,ctau2_CtauRes = 0,ctau3_CtauRes = 0,f = 0.720778,f2_CtauRes = 1.02206e-06 +/- 1.40334e-05,fDF12 = 0.416499 +/- 164846,fDFSS = 0.949422 +/- 5.22043,fDLIV = 0.393305 +/- 2.31686,fDSS12 = 0.875485 +/- 0.206613,fDSS1_test = 0.78,fDSS2_test = 0.37,f_CtauRes = 0.912575 +/- 0.0175917,lambdaDDS_Bkg = 0.034334 +/- 0.465804,lambdaDF_Bkg1 = 0.417596 +/- 410.327,lambdaDF_Bkg2 = 0.41414 +/- 988.141,lambdaDSS_Bkg1 = 0.279744 +/- 0.642153,lambdaDSS_Bkg2 = 0.99992 +/- 0.0546058,lambdaDSS_test1 = 0.5,lambdaDSS_test2 = 0.58,lambdaDSS_test3 = 0.34,m_{J/#Psi} = 3.09165 +/- 0.000446256,n_1_A = 1.28385,rS21_CtauRes = 2.92474 +/- 0.196868,rS32_CtauRes = 4.97158 +/- 0.375916,s1_CtauRes = 0.994607 +/- 0.0259245,sigma_1_A = 0.0418059 +/- 0.000431558,sl1 = -0.102918 +/- 0.0176394,sl2 = -0.0100587 +/- 0.0237262,x_A = 1.60948,zeroMean = 0)
     function value is NAN @ paramSet=(N_Bkg = 10422.1 +/- 154.79,N_Jpsi = 17396.8 +/- 175.879,alpha_1_A = 2.16069,b_Bkg = 0.759368 +/- 2.05668,b_Jpsi = 0.419592,ctau1_CtauRes = 0,ctau2_CtauRes = 0,ctau3_CtauRes = 0,f = 0.720778,f2_CtauRes = 1.02206e-06 +/- 1.40334e-05,fDF12 = 0.416499 +/- 164846,fDFSS = 0.949422 +/- 5.22043,fDLIV = 0.393305 +/- 2.31686,fDSS12 = 0.875485 +/- 0.206613,fDSS1_test = 0.78,fDSS2_test = 0.37,f_CtauRes = 0.912575 +/- 0.0175917,lambdaDDS_Bkg = 0.034334 +/- 0.465804,lambdaDF_Bkg1 = 0.417596 +/- 410.327,lambdaDF_Bkg2 = 0.41414 +/- 988.141,lambdaDSS_Bkg1 = 0.279744 +/- 0.642153,lambdaDSS_Bkg2 = 0.99992 +/- 0.0546058,lambdaDSS_test1 = 0.5,lambdaDSS_test2 = 0.58,lambdaDSS_test3 = 0.34,m_{J/#Psi} = 3.09165 +/- 0.000446256,n_1_A = 1.28385,rS21_CtauRes = 2.92474 +/- 0.196868,rS32_CtauRes = 4.97158 +/- 0.375916,s1_CtauRes = 0.994607 +/- 0.0259245,sigma_1_A = 0.0418059 +/- 0.000431558,sl1 = -0.102918 +/- 0.0176394,sl2 = -0.0100587 +/- 0.0237262,x_A = 1.60948,zeroMean = 0)

[#0] ERROR:Tracing -- RooGaussModel::getVal(ctauRes1_conv_exp(-@0/@1)_ctau3D_lambdaDSS_Bkg1_[pdfCTAUDSS1]) got nan during case 1 
[#0] ERROR:Tracing -- RooGaussModel::getVal(ctauRes3_conv_exp(-@0/@1)_ctau3D_lambdaDSS_Bkg1_[pdfCTAUDSS1]) got nan during case 1 
[#0] ERROR:Tracing -- RooGaussModel::getVal(ctauRes2_conv_exp(-@0/@1)_ctau3D_lambdaDSS_Bkg1_[pdfCTAUDSS1]) got nan during case 1 
[#0] ERROR:Tracing -- RooGaussModel::getVal(ctauRes1_conv_exp(-@0/@1)_ctau3D_lambdaDSS_Bkg1_[pdfCTAUDSS1]) got nan during case 1 
[#0] ERROR:Tracing -- RooGaussModel::getVal(ctauRes3_conv_exp(-@0/@1)_ctau3D_lambdaDSS_Bkg1_[pdfCTAUDSS1]) got nan during case 1 
[#0] ERROR:Tracing -- RooGaussModel::getVal(ctauRes2_conv_exp(-@0/@1)_ctau3D_lambdaDSS_Bkg1_[pdfCTAUDSS1]) got nan during case 1 
[#0] ERROR:Tracing -- RooGaussModel::getVal(ctauRes1_conv_exp(-@0/@1)_ctau3D_lambdaDSS_Bkg2_[pdfCTAUDSS2]) got nan during case 1 
[#0] ERROR:Tracing -- RooGaussModel::getVal(ctauRes3_conv_exp(-@0/@1)_ctau3D_lambdaDSS_Bkg2_[pdfCTAUDSS2]) got nan during case 1 
[#0] ERROR:Tracing -- RooGaussModel::getVal(ctauRes2_conv_exp(-@0/@1)_ctau3D_lambdaDSS_Bkg2_[pdfCTAUDSS2]) got nan during case 1 
[#0] ERROR:Tracing -- RooGaussModel::getVal(ctauRes1_conv_exp(-@0/@1)_ctau3D_lambdaDSS_Bkg2_[pdfCTAUDSS2]) got nan during case 1 
[#0] ERROR:Tracing -- RooGaussModel::getVal(ctauRes3_conv_exp(-@0/@1)_ctau3D_lambdaDSS_Bkg2_[pdfCTAUDSS2]) got nan during case 1 
[#0] ERROR:Tracing -- RooGaussModel::getVal(ctauRes2_conv_exp(-@0/@1)_ctau3D_lambdaDSS_Bkg2_[pdfCTAUDSS2]) got nan during case 1 
[#0] ERROR:Tracing -- RooGaussModel::getVal(ctauRes1_conv_exp(@0/@1)_ctau3D_lambdaDF_Bkg1_[pdfCTAUDF1]) got nan during case 1 
[#0] ERROR:Tracing -- RooGaussModel::getVal(ctauRes3_conv_exp(@0/@1)_ctau3D_lambdaDF_Bkg1_[pdfCTAUDF1]) got nan during case 1 
[#0] ERROR:Tracing -- RooGaussModel::getVal(ctauRes2_conv_exp(@0/@1)_ctau3D_lambdaDF_Bkg1_[pdfCTAUDF1]) got nan during case 1 
[#0] ERROR:Tracing -- RooGaussModel::getVal(ctauRes1_conv_exp(@0/@1)_ctau3D_lambdaDF_Bkg1_[pdfCTAUDF1]) got nan during case 1 
[#0] ERROR:Tracing -- RooGaussModel::getVal(ctauRes3_conv_exp(@0/@1)_ctau3D_lambdaDF_Bkg1_[pdfCTAUDF1]) got nan during case 1 
[#0] ERROR:Tracing -- RooGaussModel::getVal(ctauRes2_conv_exp(@0/@1)_ctau3D_lambdaDF_Bkg1_[pdfCTAUDF1]) got nan during case 1 
[#0] ERROR:Tracing -- RooGaussModel::getVal(ctauRes1_conv_exp(@0/@1)_ctau3D_lambdaDF_Bkg2_[pdfCTAUDF2]) got nan during case 1 
[#0] ERROR:Tracing -- RooGaussModel::getVal(ctauRes3_conv_exp(@0/@1)_ctau3D_lambdaDF_Bkg2_[pdfCTAUDF2]) got nan during case 1 
[#0] ERROR:Tracing -- RooGaussModel::getVal(ctauRes2_conv_exp(@0/@1)_ctau3D_lambdaDF_Bkg2_[pdfCTAUDF2]) got nan during case 1 
[#0] ERROR:Tracing -- RooGaussModel::getVal(ctauRes1_conv_exp(@0/@1)_ctau3D_lambdaDF_Bkg2_[pdfCTAUDF2]) got nan during case 1 
[#0] ERROR:Tracing -- RooGaussModel::getVal(ctauRes3_conv_exp(@0/@1)_ctau3D_lambdaDF_Bkg2_[pdfCTAUDF2]) got nan during case 1 
[#0] ERROR:Tracing -- RooGaussModel::getVal(ctauRes2_conv_exp(@0/@1)_ctau3D_lambdaDF_Bkg2_[pdfCTAUDF2]) got nan during case 1 
[#0] ERROR:Tracing -- RooGaussModel::getVal(ctauRes1_conv_exp(-abs(@0)/@1)_ctau3D_lambdaDDS_Bkg_[pdfCTAUDDS]) got nan during case 1 
[#0] ERROR:Tracing -- RooGaussModel::getVal(ctauRes3_conv_exp(-abs(@0)/@1)_ctau3D_lambdaDDS_Bkg_[pdfCTAUDDS]) got nan during case 1 
[#0] ERROR:Tracing -- RooGaussModel::getVal(ctauRes2_conv_exp(-abs(@0)/@1)_ctau3D_lambdaDDS_Bkg_[pdfCTAUDDS]) got nan during case 1 
[#0] ERROR:Tracing -- RooGaussModel::getVal(ctauRes1_conv_exp(-abs(@0)/@1)_ctau3D_lambdaDDS_Bkg_[pdfCTAUDDS]) got nan during case 1 
[#0] ERROR:Tracing -- RooGaussModel::getVal(ctauRes3_conv_exp(-abs(@0)/@1)_ctau3D_lambdaDDS_Bkg_[pdfCTAUDDS]) got nan during case 1 
[#0] ERROR:Tracing -- RooGaussModel::getVal(ctauRes2_conv_exp(-abs(@0)/@1)_ctau3D_lambdaDDS_Bkg_[pdfCTAUDDS]) got nan during case 1 
[#0] WARNING:Minization -- RooMinimizerFcn: Minimized function has error status.
Returning maximum FCN so far (-1e+30) to force MIGRAD to back out of this region. Error log follows
Parameter values: b_Jpsi=0.619599
RooNLLVar::nll_pdfCTAUMASS_Tot_dsToFit[ paramSet=(N_Bkg,N_Jpsi,alpha_1_A,b_Bkg,b_Jpsi,ctau1_CtauRes,ctau2_CtauRes,ctau3_CtauRes,f,f2_CtauRes,fDF12,fDFSS,fDLIV,fDSS12,fDSS1_test,fDSS2_test,f_CtauRes,lambdaDDS_Bkg,lambdaDF_Bkg1,lambdaDF_Bkg2,lambdaDSS_Bkg1,lambdaDSS_Bkg2,lambdaDSS_test1,lambdaDSS_test2,lambdaDSS_test3,m_{J/#Psi},n_1_A,rS21_CtauRes,rS32_CtauRes,s1_CtauRes,sigma_1_A,sl1,sl2,x_A,zeroMean) ]
     function value is NAN @ paramSet=(N_Bkg = 10422.1 +/- 154.79,N_Jpsi = 17396.8 +/- 175.879,alpha_1_A = 2.16069,b_Bkg = 0.759368 +/- 2.05668,b_Jpsi = 0.619599,ctau1_CtauRes = 0,ctau2_CtauRes = 0,ctau3_CtauRes = 0,f = 0.720778,f2_CtauRes = 1.02206e-06 +/- 1.40334e-05,fDF12 = 0.416499 +/- 164846,fDFSS = 0.949422 +/- 5.22043,fDLIV = 0.393305 +/- 2.31686,fDSS12 = 0.875485 +/- 0.206613,fDSS1_test = 0.78,fDSS2_test = 0.37,f_CtauRes = 0.912575 +/- 0.0175917,lambdaDDS_Bkg = 0.034334 +/- 0.465804,lambdaDF_Bkg1 = 0.417596 +/- 410.327,lambdaDF_Bkg2 = 0.41414 +/- 988.141,lambdaDSS_Bkg1 = 0.279744 +/- 0.642153,lambdaDSS_Bkg2 = 0.99992 +/- 0.0546058,lambdaDSS_test1 = 0.5,lambdaDSS_test2 = 0.58,lambdaDSS_test3 = 0.34,m_{J/#Psi} = 3.09165 +/- 0.000446256,n_1_A = 1.28385,rS21_CtauRes = 2.92474 +/- 0.196868,rS32_CtauRes = 4.97158 +/- 0.375916,s1_CtauRes = 0.994607 +/- 0.0259245,sigma_1_A = 0.0418059 +/- 0.000431558,sl1 = -0.102918 +/- 0.0176394,sl2 = -0.0100587 +/- 0.0237262,x_A = 1.60948,zeroMean = 0)
PID3856008/RooRealMPFE::nll_pdfCTAUMASS_Tot_dsToFit_597526bcd3d0_MPFE4[ arg=nll_pdfCTAUMASS_Tot_dsToFit_GOF4 vars=(N_Bkg,N_Jpsi,alpha_1_A,b_Bkg,b_Jpsi,ctau1_CtauRes,ctau2_CtauRes,ctau3_CtauRes,f,f2_CtauRes,fDF12,fDFSS,fDLIV,fDSS12,fDSS1_test,fDSS2_test,f_CtauRes,lambdaDDS_Bkg,lambdaDF_Bkg1,lambdaDF_Bkg2,lambdaDSS_Bkg1,lambdaDSS_Bkg2,lambdaDSS_test1,lambdaDSS_test2,lambdaDSS_test3,m_{J/#Psi},n_1_A,rS21_CtauRes,rS32_CtauRes,s1_CtauRes,sigma_1_A,sl1,sl2,x_A,zeroMean) ]
     function value is NAN @ paramSet=(N_Bkg = 10422.1 +/- 154.79,N_Jpsi = 17396.8 +/- 175.879,alpha_1_A = 2.16069,b_Bkg = 0.759368 +/- 2.05668,b_Jpsi = 0.619599,ctau1_CtauRes = 0,ctau2_CtauRes = 0,ctau3_CtauRes = 0,f = 0.720778,f2_CtauRes = 1.02206e-06 +/- 1.40334e-05,fDF12 = 0.416499 +/- 164846,fDFSS = 0.949422 +/- 5.22043,fDLIV = 0.393305 +/- 2.31686,fDSS12 = 0.875485 +/- 0.206613,fDSS1_test = 0.78,fDSS2_test = 0.37,f_CtauRes = 0.912575 +/- 0.0175917,lambdaDDS_Bkg = 0.034334 +/- 0.465804,lambdaDF_Bkg1 = 0.417596 +/- 410.327,lambdaDF_Bkg2 = 0.41414 +/- 988.141,lambdaDSS_Bkg1 = 0.279744 +/- 0.642153,lambdaDSS_Bkg2 = 0.99992 +/- 0.0546058,lambdaDSS_test1 = 0.5,lambdaDSS_test2 = 0.58,lambdaDSS_test3 = 0.34,m_{J/#Psi} = 3.09165 +/- 0.000446256,n_1_A = 1.28385,rS21_CtauRes = 2.92474 +/- 0.196868,rS32_CtauRes = 4.97158 +/- 0.375916,s1_CtauRes = 0.994607 +/- 0.0259245,sigma_1_A = 0.0418059 +/- 0.000431558,sl1 = -0.102918 +/- 0.0176394,sl2 = -0.0100587 +/- 0.0237262,x_A = 1.60948,zeroMean = 0)
     function value is NAN @ paramSet=(N_Bkg = 10422.1 +/- 154.79,N_Jpsi = 17396.8 +/- 175.879,alpha_1_A = 2.16069,b_Bkg = 0.759368 +/- 2.05668,b_Jpsi = 0.619599,ctau1_CtauRes = 0,ctau2_CtauRes = 0,ctau3_CtauRes = 0,f = 0.720778,f2_CtauRes = 1.02206e-06 +/- 1.40334e-05,fDF12 = 0.416499 +/- 164846,fDFSS = 0.949422 +/- 5.22043,fDLIV = 0.393305 +/- 2.31686,fDSS12 = 0.875485 +/- 0.206613,fDSS1_test = 0.78,fDSS2_test = 0.37,f_CtauRes = 0.912575 +/- 0.0175917,lambdaDDS_Bkg = 0.034334 +/- 0.465804,lambdaDF_Bkg1 = 0.417596 +/- 410.327,lambdaDF_Bkg2 = 0.41414 +/- 988.141,lambdaDSS_Bkg1 = 0.279744 +/- 0.642153,lambdaDSS_Bkg2 = 0.99992 +/- 0.0546058,lambdaDSS_test1 = 0.5,lambdaDSS_test2 = 0.58,lambdaDSS_test3 = 0.34,m_{J/#Psi} = 3.09165 +/- 0.000446256,n_1_A = 1.28385,rS21_CtauRes = 2.92474 +/- 0.196868,rS32_CtauRes = 4.97158 +/- 0.375916,s1_CtauRes = 0.994607 +/- 0.0259245,sigma_1_A = 0.0418059 +/- 0.000431558,sl1 = -0.102918 +/- 0.0176394,sl2 = -0.0100587 +/- 0.0237262,x_A = 1.60948,zeroMean = 0)

[#0] ERROR:Tracing -- RooGaussModel::getVal(ctauRes1_conv_exp(-@0/@1)_ctau3D_lambdaDSS_Bkg1_[pdfCTAUDSS1]) got nan during case 1 
[#0] ERROR:Tracing -- RooGaussModel::getVal(ctauRes3_conv_exp(-@0/@1)_ctau3D_lambdaDSS_Bkg1_[pdfCTAUDSS1]) got nan during case 1 
[#0] ERROR:Tracing -- RooGaussModel::getVal(ctauRes2_conv_exp(-@0/@1)_ctau3D_lambdaDSS_Bkg1_[pdfCTAUDSS1]) got nan during case 1 
[#0] ERROR:Tracing -- RooGaussModel::getVal(ctauRes1_conv_exp(-@0/@1)_ctau3D_lambdaDSS_Bkg1_[pdfCTAUDSS1]) got nan during case 1 
[#0] ERROR:Tracing -- RooGaussModel::getVal(ctauRes3_conv_exp(-@0/@1)_ctau3D_lambdaDSS_Bkg1_[pdfCTAUDSS1]) got nan during case 1 
[#0] ERROR:Tracing -- RooGaussModel::getVal(ctauRes2_conv_exp(-@0/@1)_ctau3D_lambdaDSS_Bkg1_[pdfCTAUDSS1]) got nan during case 1 
[#0] ERROR:Tracing -- RooGaussModel::getVal(ctauRes1_conv_exp(-@0/@1)_ctau3D_lambdaDSS_Bkg2_[pdfCTAUDSS2]) got nan during case 1 
[#0] ERROR:Tracing -- RooGaussModel::getVal(ctauRes3_conv_exp(-@0/@1)_ctau3D_lambdaDSS_Bkg2_[pdfCTAUDSS2]) got nan during case 1 
[#0] ERROR:Tracing -- RooGaussModel::getVal(ctauRes2_conv_exp(-@0/@1)_ctau3D_lambdaDSS_Bkg2_[pdfCTAUDSS2]) got nan during case 1 
[#0] ERROR:Tracing -- RooGaussModel::getVal(ctauRes1_conv_exp(-@0/@1)_ctau3D_lambdaDSS_Bkg2_[pdfCTAUDSS2]) got nan during case 1 
[#0] ERROR:Tracing -- RooGaussModel::getVal(ctauRes3_conv_exp(-@0/@1)_ctau3D_lambdaDSS_Bkg2_[pdfCTAUDSS2]) got nan during case 1 
[#0] ERROR:Tracing -- RooGaussModel::getVal(ctauRes2_conv_exp(-@0/@1)_ctau3D_lambdaDSS_Bkg2_[pdfCTAUDSS2]) got nan during case 1 
[#0] ERROR:Tracing -- RooGaussModel::getVal(ctauRes1_conv_exp(@0/@1)_ctau3D_lambdaDF_Bkg1_[pdfCTAUDF1]) got nan during case 1 
[#0] ERROR:Tracing -- RooGaussModel::getVal(ctauRes3_conv_exp(@0/@1)_ctau3D_lambdaDF_Bkg1_[pdfCTAUDF1]) got nan during case 1 
[#0] ERROR:Tracing -- RooGaussModel::getVal(ctauRes2_conv_exp(@0/@1)_ctau3D_lambdaDF_Bkg1_[pdfCTAUDF1]) got nan during case 1 
[#0] ERROR:Tracing -- RooGaussModel::getVal(ctauRes1_conv_exp(@0/@1)_ctau3D_lambdaDF_Bkg1_[pdfCTAUDF1]) got nan during case 1 
[#0] ERROR:Tracing -- RooGaussModel::getVal(ctauRes3_conv_exp(@0/@1)_ctau3D_lambdaDF_Bkg1_[pdfCTAUDF1]) got nan during case 1 
[#0] ERROR:Tracing -- RooGaussModel::getVal(ctauRes2_conv_exp(@0/@1)_ctau3D_lambdaDF_Bkg1_[pdfCTAUDF1]) got nan during case 1 
[#0] ERROR:Tracing -- RooGaussModel::getVal(ctauRes1_conv_exp(@0/@1)_ctau3D_lambdaDF_Bkg2_[pdfCTAUDF2]) got nan during case 1 
[#0] ERROR:Tracing -- RooGaussModel::getVal(ctauRes3_conv_exp(@0/@1)_ctau3D_lambdaDF_Bkg2_[pdfCTAUDF2]) got nan during case 1 
[#0] ERROR:Tracing -- RooGaussModel::getVal(ctauRes2_conv_exp(@0/@1)_ctau3D_lambdaDF_Bkg2_[pdfCTAUDF2]) got nan during case 1 
[#0] ERROR:Tracing -- RooGaussModel::getVal(ctauRes1_conv_exp(@0/@1)_ctau3D_lambdaDF_Bkg2_[pdfCTAUDF2]) got nan during case 1 
[#0] ERROR:Tracing -- RooGaussModel::getVal(ctauRes3_conv_exp(@0/@1)_ctau3D_lambdaDF_Bkg2_[pdfCTAUDF2]) got nan during case 1 
[#0] ERROR:Tracing -- RooGaussModel::getVal(ctauRes2_conv_exp(@0/@1)_ctau3D_lambdaDF_Bkg2_[pdfCTAUDF2]) got nan during case 1 
[#0] ERROR:Tracing -- RooGaussModel::getVal(ctauRes1_conv_exp(-abs(@0)/@1)_ctau3D_lambdaDDS_Bkg_[pdfCTAUDDS]) got nan during case 1 
[#0] ERROR:Tracing -- RooGaussModel::getVal(ctauRes3_conv_exp(-abs(@0)/@1)_ctau3D_lambdaDDS_Bkg_[pdfCTAUDDS]) got nan during case 1 
[#0] ERROR:Tracing -- RooGaussModel::getVal(ctauRes2_conv_exp(-abs(@0)/@1)_ctau3D_lambdaDDS_Bkg_[pdfCTAUDDS]) got nan during case 1 
[#0] ERROR:Tracing -- RooGaussModel::getVal(ctauRes1_conv_exp(-abs(@0)/@1)_ctau3D_lambdaDDS_Bkg_[pdfCTAUDDS]) got nan during case 1 
[#0] ERROR:Tracing -- RooGaussModel::getVal(ctauRes3_conv_exp(-abs(@0)/@1)_ctau3D_lambdaDDS_Bkg_[pdfCTAUDDS]) got nan during case 1 
[#0] ERROR:Tracing -- RooGaussModel::getVal(ctauRes2_conv_exp(-abs(@0)/@1)_ctau3D_lambdaDDS_Bkg_[pdfCTAUDDS]) got nan during case 1 
[#0] WARNING:Minization -- RooMinimizerFcn: Minimized function has error status.
Returning maximum FCN so far (-1e+30) to force MIGRAD to back out of this region. Error log follows
Parameter values: b_Jpsi=0.624484
RooNLLVar::nll_pdfCTAUMASS_Tot_dsToFit[ paramSet=(N_Bkg,N_Jpsi,alpha_1_A,b_Bkg,b_Jpsi,ctau1_CtauRes,ctau2_CtauRes,ctau3_CtauRes,f,f2_CtauRes,fDF12,fDFSS,fDLIV,fDSS12,fDSS1_test,fDSS2_test,f_CtauRes,lambdaDDS_Bkg,lambdaDF_Bkg1,lambdaDF_Bkg2,lambdaDSS_Bkg1,lambdaDSS_Bkg2,lambdaDSS_test1,lambdaDSS_test2,lambdaDSS_test3,m_{J/#Psi},n_1_A,rS21_CtauRes,rS32_CtauRes,s1_CtauRes,sigma_1_A,sl1,sl2,x_A,zeroMean) ]
     function value is NAN @ paramSet=(N_Bkg = 10422.1 +/- 154.79,N_Jpsi = 17396.8 +/- 175.879,alpha_1_A = 2.16069,b_Bkg = 0.759368 +/- 2.05668,b_Jpsi = 0.624484,ctau1_CtauRes = 0,ctau2_CtauRes = 0,ctau3_CtauRes = 0,f = 0.720778,f2_CtauRes = 1.02206e-06 +/- 1.40334e-05,fDF12 = 0.416499 +/- 164846,fDFSS = 0.949422 +/- 5.22043,fDLIV = 0.393305 +/- 2.31686,fDSS12 = 0.875485 +/- 0.206613,fDSS1_test = 0.78,fDSS2_test = 0.37,f_CtauRes = 0.912575 +/- 0.0175917,lambdaDDS_Bkg = 0.034334 +/- 0.465804,lambdaDF_Bkg1 = 0.417596 +/- 410.327,lambdaDF_Bkg2 = 0.41414 +/- 988.141,lambdaDSS_Bkg1 = 0.279744 +/- 0.642153,lambdaDSS_Bkg2 = 0.99992 +/- 0.0546058,lambdaDSS_test1 = 0.5,lambdaDSS_test2 = 0.58,lambdaDSS_test3 = 0.34,m_{J/#Psi} = 3.09165 +/- 0.000446256,n_1_A = 1.28385,rS21_CtauRes = 2.92474 +/- 0.196868,rS32_CtauRes = 4.97158 +/- 0.375916,s1_CtauRes = 0.994607 +/- 0.0259245,sigma_1_A = 0.0418059 +/- 0.000431558,sl1 = -0.102918 +/- 0.0176394,sl2 = -0.0100587 +/- 0.0237262,x_A = 1.60948,zeroMean = 0)
PID3856008/RooRealMPFE::nll_pdfCTAUMASS_Tot_dsToFit_597526bcd3d0_MPFE4[ arg=nll_pdfCTAUMASS_Tot_dsToFit_GOF4 vars=(N_Bkg,N_Jpsi,alpha_1_A,b_Bkg,b_Jpsi,ctau1_CtauRes,ctau2_CtauRes,ctau3_CtauRes,f,f2_CtauRes,fDF12,fDFSS,fDLIV,fDSS12,fDSS1_test,fDSS2_test,f_CtauRes,lambdaDDS_Bkg,lambdaDF_Bkg1,lambdaDF_Bkg2,lambdaDSS_Bkg1,lambdaDSS_Bkg2,lambdaDSS_test1,lambdaDSS_test2,lambdaDSS_test3,m_{J/#Psi},n_1_A,rS21_CtauRes,rS32_CtauRes,s1_CtauRes,sigma_1_A,sl1,sl2,x_A,zeroMean) ]
     function value is NAN @ paramSet=(N_Bkg = 10422.1 +/- 154.79,N_Jpsi = 17396.8 +/- 175.879,alpha_1_A = 2.16069,b_Bkg = 0.759368 +/- 2.05668,b_Jpsi = 0.624484,ctau1_CtauRes = 0,ctau2_CtauRes = 0,ctau3_CtauRes = 0,f = 0.720778,f2_CtauRes = 1.02206e-06 +/- 1.40334e-05,fDF12 = 0.416499 +/- 164846,fDFSS = 0.949422 +/- 5.22043,fDLIV = 0.393305 +/- 2.31686,fDSS12 = 0.875485 +/- 0.206613,fDSS1_test = 0.78,fDSS2_test = 0.37,f_CtauRes = 0.912575 +/- 0.0175917,lambdaDDS_Bkg = 0.034334 +/- 0.465804,lambdaDF_Bkg1 = 0.417596 +/- 410.327,lambdaDF_Bkg2 = 0.41414 +/- 988.141,lambdaDSS_Bkg1 = 0.279744 +/- 0.642153,lambdaDSS_Bkg2 = 0.99992 +/- 0.0546058,lambdaDSS_test1 = 0.5,lambdaDSS_test2 = 0.58,lambdaDSS_test3 = 0.34,m_{J/#Psi} = 3.09165 +/- 0.000446256,n_1_A = 1.28385,rS21_CtauRes = 2.92474 +/- 0.196868,rS32_CtauRes = 4.97158 +/- 0.375916,s1_CtauRes = 0.994607 +/- 0.0259245,sigma_1_A = 0.0418059 +/- 0.000431558,sl1 = -0.102918 +/- 0.0176394,sl2 = -0.0100587 +/- 0.0237262,x_A = 1.60948,zeroMean = 0)
     function value is NAN @ paramSet=(N_Bkg = 10422.1 +/- 154.79,N_Jpsi = 17396.8 +/- 175.879,alpha_1_A = 2.16069,b_Bkg = 0.759368 +/- 2.05668,b_Jpsi = 0.624484,ctau1_CtauRes = 0,ctau2_CtauRes = 0,ctau3_CtauRes = 0,f = 0.720778,f2_CtauRes = 1.02206e-06 +/- 1.40334e-05,fDF12 = 0.416499 +/- 164846,fDFSS = 0.949422 +/- 5.22043,fDLIV = 0.393305 +/- 2.31686,fDSS12 = 0.875485 +/- 0.206613,fDSS1_test = 0.78,fDSS2_test = 0.37,f_CtauRes = 0.912575 +/- 0.0175917,lambdaDDS_Bkg = 0.034334 +/- 0.465804,lambdaDF_Bkg1 = 0.417596 +/- 410.327,lambdaDF_Bkg2 = 0.41414 +/- 988.141,lambdaDSS_Bkg1 = 0.279744 +/- 0.642153,lambdaDSS_Bkg2 = 0.99992 +/- 0.0546058,lambdaDSS_test1 = 0.5,lambdaDSS_test2 = 0.58,lambdaDSS_test3 = 0.34,m_{J/#Psi} = 3.09165 +/- 0.000446256,n_1_A = 1.28385,rS21_CtauRes = 2.92474 +/- 0.196868,rS32_CtauRes = 4.97158 +/- 0.375916,s1_CtauRes = 0.994607 +/- 0.0259245,sigma_1_A = 0.0418059 +/- 0.000431558,sl1 = -0.102918 +/- 0.0176394,sl2 = -0.0100587 +/- 0.0237262,x_A = 1.60948,zeroMean = 0)

[#0] ERROR:Tracing -- RooGaussModel::getVal(ctauRes1_conv_exp(-@0/@1)_ctau3D_lambdaDSS_Bkg1_[pdfCTAUDSS1]) got nan during case 1 
[#0] ERROR:Tracing -- RooGaussModel::getVal(ctauRes3_conv_exp(-@0/@1)_ctau3D_lambdaDSS_Bkg1_[pdfCTAUDSS1]) got nan during case 1 
[#0] ERROR:Tracing -- RooGaussModel::getVal(ctauRes2_conv_exp(-@0/@1)_ctau3D_lambdaDSS_Bkg1_[pdfCTAUDSS1]) got nan during case 1 
[#0] ERROR:Tracing -- RooGaussModel::getVal(ctauRes1_conv_exp(-@0/@1)_ctau3D_lambdaDSS_Bkg1_[pdfCTAUDSS1]) got nan during case 1 
[#0] ERROR:Tracing -- RooGaussModel::getVal(ctauRes3_conv_exp(-@0/@1)_ctau3D_lambdaDSS_Bkg1_[pdfCTAUDSS1]) got nan during case 1 
[#0] ERROR:Tracing -- RooGaussModel::getVal(ctauRes2_conv_exp(-@0/@1)_ctau3D_lambdaDSS_Bkg1_[pdfCTAUDSS1]) got nan during case 1 
[#0] ERROR:Tracing -- RooGaussModel::getVal(ctauRes1_conv_exp(-@0/@1)_ctau3D_lambdaDSS_Bkg2_[pdfCTAUDSS2]) got nan during case 1 
[#0] ERROR:Tracing -- RooGaussModel::getVal(ctauRes3_conv_exp(-@0/@1)_ctau3D_lambdaDSS_Bkg2_[pdfCTAUDSS2]) got nan during case 1 
[#0] ERROR:Tracing -- RooGaussModel::getVal(ctauRes2_conv_exp(-@0/@1)_ctau3D_lambdaDSS_Bkg2_[pdfCTAUDSS2]) got nan during case 1 
[#0] ERROR:Tracing -- RooGaussModel::getVal(ctauRes1_conv_exp(-@0/@1)_ctau3D_lambdaDSS_Bkg2_[pdfCTAUDSS2]) got nan during case 1 
[#0] ERROR:Tracing -- RooGaussModel::getVal(ctauRes3_conv_exp(-@0/@1)_ctau3D_lambdaDSS_Bkg2_[pdfCTAUDSS2]) got nan during case 1 
[#0] ERROR:Tracing -- RooGaussModel::getVal(ctauRes2_conv_exp(-@0/@1)_ctau3D_lambdaDSS_Bkg2_[pdfCTAUDSS2]) got nan during case 1 
[#0] ERROR:Tracing -- RooGaussModel::getVal(ctauRes1_conv_exp(@0/@1)_ctau3D_lambdaDF_Bkg1_[pdfCTAUDF1]) got nan during case 1 
[#0] ERROR:Tracing -- RooGaussModel::getVal(ctauRes3_conv_exp(@0/@1)_ctau3D_lambdaDF_Bkg1_[pdfCTAUDF1]) got nan during case 1 
[#0] ERROR:Tracing -- RooGaussModel::getVal(ctauRes2_conv_exp(@0/@1)_ctau3D_lambdaDF_Bkg1_[pdfCTAUDF1]) got nan during case 1 
[#0] ERROR:Tracing -- RooGaussModel::getVal(ctauRes1_conv_exp(@0/@1)_ctau3D_lambdaDF_Bkg1_[pdfCTAUDF1]) got nan during case 1 
[#0] ERROR:Tracing -- RooGaussModel::getVal(ctauRes3_conv_exp(@0/@1)_ctau3D_lambdaDF_Bkg1_[pdfCTAUDF1]) got nan during case 1 
[#0] ERROR:Tracing -- RooGaussModel::getVal(ctauRes2_conv_exp(@0/@1)_ctau3D_lambdaDF_Bkg1_[pdfCTAUDF1]) got nan during case 1 
[#0] ERROR:Tracing -- RooGaussModel::getVal(ctauRes1_conv_exp(@0/@1)_ctau3D_lambdaDF_Bkg2_[pdfCTAUDF2]) got nan during case 1 
[#0] ERROR:Tracing -- RooGaussModel::getVal(ctauRes3_conv_exp(@0/@1)_ctau3D_lambdaDF_Bkg2_[pdfCTAUDF2]) got nan during case 1 
[#0] ERROR:Tracing -- RooGaussModel::getVal(ctauRes2_conv_exp(@0/@1)_ctau3D_lambdaDF_Bkg2_[pdfCTAUDF2]) got nan during case 1 
[#0] ERROR:Tracing -- RooGaussModel::getVal(ctauRes1_conv_exp(@0/@1)_ctau3D_lambdaDF_Bkg2_[pdfCTAUDF2]) got nan during case 1 
[#0] ERROR:Tracing -- RooGaussModel::getVal(ctauRes3_conv_exp(@0/@1)_ctau3D_lambdaDF_Bkg2_[pdfCTAUDF2]) got nan during case 1 
[#0] ERROR:Tracing -- RooGaussModel::getVal(ctauRes2_conv_exp(@0/@1)_ctau3D_lambdaDF_Bkg2_[pdfCTAUDF2]) got nan during case 1 
[#0] ERROR:Tracing -- RooGaussModel::getVal(ctauRes1_conv_exp(-abs(@0)/@1)_ctau3D_lambdaDDS_Bkg_[pdfCTAUDDS]) got nan during case 1 
[#0] ERROR:Tracing -- RooGaussModel::getVal(ctauRes3_conv_exp(-abs(@0)/@1)_ctau3D_lambdaDDS_Bkg_[pdfCTAUDDS]) got nan during case 1 
[#0] ERROR:Tracing -- RooGaussModel::getVal(ctauRes2_conv_exp(-abs(@0)/@1)_ctau3D_lambdaDDS_Bkg_[pdfCTAUDDS]) got nan during case 1 
[#0] ERROR:Tracing -- RooGaussModel::getVal(ctauRes1_conv_exp(-abs(@0)/@1)_ctau3D_lambdaDDS_Bkg_[pdfCTAUDDS]) got nan during case 1 
[#0] ERROR:Tracing -- RooGaussModel::getVal(ctauRes3_conv_exp(-abs(@0)/@1)_ctau3D_lambdaDDS_Bkg_[pdfCTAUDDS]) got nan during case 1 
[#0] ERROR:Tracing -- RooGaussModel::getVal(ctauRes2_conv_exp(-abs(@0)/@1)_ctau3D_lambdaDDS_Bkg_[pdfCTAUDDS]) got nan during case 1 
[#0] WARNING:Minization -- RooMinimizerFcn: Minimized function has error status.
Returning maximum FCN so far (-1e+30) to force MIGRAD to back out of this region. Error log follows
Parameter values: b_Jpsi=0.624728
RooNLLVar::nll_pdfCTAUMASS_Tot_dsToFit[ paramSet=(N_Bkg,N_Jpsi,alpha_1_A,b_Bkg,b_Jpsi,ctau1_CtauRes,ctau2_CtauRes,ctau3_CtauRes,f,f2_CtauRes,fDF12,fDFSS,fDLIV,fDSS12,fDSS1_test,fDSS2_test,f_CtauRes,lambdaDDS_Bkg,lambdaDF_Bkg1,lambdaDF_Bkg2,lambdaDSS_Bkg1,lambdaDSS_Bkg2,lambdaDSS_test1,lambdaDSS_test2,lambdaDSS_test3,m_{J/#Psi},n_1_A,rS21_CtauRes,rS32_CtauRes,s1_CtauRes,sigma_1_A,sl1,sl2,x_A,zeroMean) ]
     function value is NAN @ paramSet=(N_Bkg = 10422.1 +/- 154.79,N_Jpsi = 17396.8 +/- 175.879,alpha_1_A = 2.16069,b_Bkg = 0.759368 +/- 2.05668,b_Jpsi = 0.624728,ctau1_CtauRes = 0,ctau2_CtauRes = 0,ctau3_CtauRes = 0,f = 0.720778,f2_CtauRes = 1.02206e-06 +/- 1.40334e-05,fDF12 = 0.416499 +/- 164846,fDFSS = 0.949422 +/- 5.22043,fDLIV = 0.393305 +/- 2.31686,fDSS12 = 0.875485 +/- 0.206613,fDSS1_test = 0.78,fDSS2_test = 0.37,f_CtauRes = 0.912575 +/- 0.0175917,lambdaDDS_Bkg = 0.034334 +/- 0.465804,lambdaDF_Bkg1 = 0.417596 +/- 410.327,lambdaDF_Bkg2 = 0.41414 +/- 988.141,lambdaDSS_Bkg1 = 0.279744 +/- 0.642153,lambdaDSS_Bkg2 = 0.99992 +/- 0.0546058,lambdaDSS_test1 = 0.5,lambdaDSS_test2 = 0.58,lambdaDSS_test3 = 0.34,m_{J/#Psi} = 3.09165 +/- 0.000446256,n_1_A = 1.28385,rS21_CtauRes = 2.92474 +/- 0.196868,rS32_CtauRes = 4.97158 +/- 0.375916,s1_CtauRes = 0.994607 +/- 0.0259245,sigma_1_A = 0.0418059 +/- 0.000431558,sl1 = -0.102918 +/- 0.0176394,sl2 = -0.0100587 +/- 0.0237262,x_A = 1.60948,zeroMean = 0)
PID3856008/RooRealMPFE::nll_pdfCTAUMASS_Tot_dsToFit_597526bcd3d0_MPFE4[ arg=nll_pdfCTAUMASS_Tot_dsToFit_GOF4 vars=(N_Bkg,N_Jpsi,alpha_1_A,b_Bkg,b_Jpsi,ctau1_CtauRes,ctau2_CtauRes,ctau3_CtauRes,f,f2_CtauRes,fDF12,fDFSS,fDLIV,fDSS12,fDSS1_test,fDSS2_test,f_CtauRes,lambdaDDS_Bkg,lambdaDF_Bkg1,lambdaDF_Bkg2,lambdaDSS_Bkg1,lambdaDSS_Bkg2,lambdaDSS_test1,lambdaDSS_test2,lambdaDSS_test3,m_{J/#Psi},n_1_A,rS21_CtauRes,rS32_CtauRes,s1_CtauRes,sigma_1_A,sl1,sl2,x_A,zeroMean) ]
     function value is NAN @ paramSet=(N_Bkg = 10422.1 +/- 154.79,N_Jpsi = 17396.8 +/- 175.879,alpha_1_A = 2.16069,b_Bkg = 0.759368 +/- 2.05668,b_Jpsi = 0.624728,ctau1_CtauRes = 0,ctau2_CtauRes = 0,ctau3_CtauRes = 0,f = 0.720778,f2_CtauRes = 1.02206e-06 +/- 1.40334e-05,fDF12 = 0.416499 +/- 164846,fDFSS = 0.949422 +/- 5.22043,fDLIV = 0.393305 +/- 2.31686,fDSS12 = 0.875485 +/- 0.206613,fDSS1_test = 0.78,fDSS2_test = 0.37,f_CtauRes = 0.912575 +/- 0.0175917,lambdaDDS_Bkg = 0.034334 +/- 0.465804,lambdaDF_Bkg1 = 0.417596 +/- 410.327,lambdaDF_Bkg2 = 0.41414 +/- 988.141,lambdaDSS_Bkg1 = 0.279744 +/- 0.642153,lambdaDSS_Bkg2 = 0.99992 +/- 0.0546058,lambdaDSS_test1 = 0.5,lambdaDSS_test2 = 0.58,lambdaDSS_test3 = 0.34,m_{J/#Psi} = 3.09165 +/- 0.000446256,n_1_A = 1.28385,rS21_CtauRes = 2.92474 +/- 0.196868,rS32_CtauRes = 4.97158 +/- 0.375916,s1_CtauRes = 0.994607 +/- 0.0259245,sigma_1_A = 0.0418059 +/- 0.000431558,sl1 = -0.102918 +/- 0.0176394,sl2 = -0.0100587 +/- 0.0237262,x_A = 1.60948,zeroMean = 0)
     function value is NAN @ paramSet=(N_Bkg = 10422.1 +/- 154.79,N_Jpsi = 17396.8 +/- 175.879,alpha_1_A = 2.16069,b_Bkg = 0.759368 +/- 2.05668,b_Jpsi = 0.624728,ctau1_CtauRes = 0,ctau2_CtauRes = 0,ctau3_CtauRes = 0,f = 0.720778,f2_CtauRes = 1.02206e-06 +/- 1.40334e-05,fDF12 = 0.416499 +/- 164846,fDFSS = 0.949422 +/- 5.22043,fDLIV = 0.393305 +/- 2.31686,fDSS12 = 0.875485 +/- 0.206613,fDSS1_test = 0.78,fDSS2_test = 0.37,f_CtauRes = 0.912575 +/- 0.0175917,lambdaDDS_Bkg = 0.034334 +/- 0.465804,lambdaDF_Bkg1 = 0.417596 +/- 410.327,lambdaDF_Bkg2 = 0.41414 +/- 988.141,lambdaDSS_Bkg1 = 0.279744 +/- 0.642153,lambdaDSS_Bkg2 = 0.99992 +/- 0.0546058,lambdaDSS_test1 = 0.5,lambdaDSS_test2 = 0.58,lambdaDSS_test3 = 0.34,m_{J/#Psi} = 3.09165 +/- 0.000446256,n_1_A = 1.28385,rS21_CtauRes = 2.92474 +/- 0.196868,rS32_CtauRes = 4.97158 +/- 0.375916,s1_CtauRes = 0.994607 +/- 0.0259245,sigma_1_A = 0.0418059 +/- 0.000431558,sl1 = -0.102918 +/- 0.0176394,sl2 = -0.0100587 +/- 0.0237262,x_A = 1.60948,zeroMean = 0)

[#0] ERROR:Tracing -- RooGaussModel::getVal(ctauRes1_conv_exp(-@0/@1)_ctau3D_lambdaDSS_Bkg1_[pdfCTAUDSS1]) got nan during case 1 
[#0] ERROR:Tracing -- RooGaussModel::getVal(ctauRes3_conv_exp(-@0/@1)_ctau3D_lambdaDSS_Bkg1_[pdfCTAUDSS1]) got nan during case 1 
[#0] ERROR:Tracing -- RooGaussModel::getVal(ctauRes2_conv_exp(-@0/@1)_ctau3D_lambdaDSS_Bkg1_[pdfCTAUDSS1]) got nan during case 1 
[#0] ERROR:Tracing -- RooGaussModel::getVal(ctauRes1_conv_exp(-@0/@1)_ctau3D_lambdaDSS_Bkg1_[pdfCTAUDSS1]) got nan during case 1 
[#0] ERROR:Tracing -- RooGaussModel::getVal(ctauRes3_conv_exp(-@0/@1)_ctau3D_lambdaDSS_Bkg1_[pdfCTAUDSS1]) got nan during case 1 
[#0] ERROR:Tracing -- RooGaussModel::getVal(ctauRes2_conv_exp(-@0/@1)_ctau3D_lambdaDSS_Bkg1_[pdfCTAUDSS1]) got nan during case 1 
[#0] ERROR:Tracing -- RooGaussModel::getVal(ctauRes1_conv_exp(-@0/@1)_ctau3D_lambdaDSS_Bkg2_[pdfCTAUDSS2]) got nan during case 1 
[#0] ERROR:Tracing -- RooGaussModel::getVal(ctauRes3_conv_exp(-@0/@1)_ctau3D_lambdaDSS_Bkg2_[pdfCTAUDSS2]) got nan during case 1 
[#0] ERROR:Tracing -- RooGaussModel::getVal(ctauRes2_conv_exp(-@0/@1)_ctau3D_lambdaDSS_Bkg2_[pdfCTAUDSS2]) got nan during case 1 
[#0] ERROR:Tracing -- RooGaussModel::getVal(ctauRes1_conv_exp(-@0/@1)_ctau3D_lambdaDSS_Bkg2_[pdfCTAUDSS2]) got nan during case 1 
[#0] ERROR:Tracing -- RooGaussModel::getVal(ctauRes3_conv_exp(-@0/@1)_ctau3D_lambdaDSS_Bkg2_[pdfCTAUDSS2]) got nan during case 1 
[#0] ERROR:Tracing -- RooGaussModel::getVal(ctauRes2_conv_exp(-@0/@1)_ctau3D_lambdaDSS_Bkg2_[pdfCTAUDSS2]) got nan during case 1 
[#0] ERROR:Tracing -- RooGaussModel::getVal(ctauRes1_conv_exp(@0/@1)_ctau3D_lambdaDF_Bkg1_[pdfCTAUDF1]) got nan during case 1 
[#0] ERROR:Tracing -- RooGaussModel::getVal(ctauRes3_conv_exp(@0/@1)_ctau3D_lambdaDF_Bkg1_[pdfCTAUDF1]) got nan during case 1 
[#0] ERROR:Tracing -- RooGaussModel::getVal(ctauRes2_conv_exp(@0/@1)_ctau3D_lambdaDF_Bkg1_[pdfCTAUDF1]) got nan during case 1 
[#0] ERROR:Tracing -- RooGaussModel::getVal(ctauRes1_conv_exp(@0/@1)_ctau3D_lambdaDF_Bkg1_[pdfCTAUDF1]) got nan during case 1 
[#0] ERROR:Tracing -- RooGaussModel::getVal(ctauRes3_conv_exp(@0/@1)_ctau3D_lambdaDF_Bkg1_[pdfCTAUDF1]) got nan during case 1 
[#0] ERROR:Tracing -- RooGaussModel::getVal(ctauRes2_conv_exp(@0/@1)_ctau3D_lambdaDF_Bkg1_[pdfCTAUDF1]) got nan during case 1 
[#0] ERROR:Tracing -- RooGaussModel::getVal(ctauRes1_conv_exp(@0/@1)_ctau3D_lambdaDF_Bkg2_[pdfCTAUDF2]) got nan during case 1 
[#0] ERROR:Tracing -- RooGaussModel::getVal(ctauRes3_conv_exp(@0/@1)_ctau3D_lambdaDF_Bkg2_[pdfCTAUDF2]) got nan during case 1 
[#0] ERROR:Tracing -- RooGaussModel::getVal(ctauRes2_conv_exp(@0/@1)_ctau3D_lambdaDF_Bkg2_[pdfCTAUDF2]) got nan during case 1 
[#0] ERROR:Tracing -- RooGaussModel::getVal(ctauRes1_conv_exp(@0/@1)_ctau3D_lambdaDF_Bkg2_[pdfCTAUDF2]) got nan during case 1 
[#0] ERROR:Tracing -- RooGaussModel::getVal(ctauRes3_conv_exp(@0/@1)_ctau3D_lambdaDF_Bkg2_[pdfCTAUDF2]) got nan during case 1 
[#0] ERROR:Tracing -- RooGaussModel::getVal(ctauRes2_conv_exp(@0/@1)_ctau3D_lambdaDF_Bkg2_[pdfCTAUDF2]) got nan during case 1 
[#0] ERROR:Tracing -- RooGaussModel::getVal(ctauRes1_conv_exp(-abs(@0)/@1)_ctau3D_lambdaDDS_Bkg_[pdfCTAUDDS]) got nan during case 1 
[#0] ERROR:Tracing -- RooGaussModel::getVal(ctauRes3_conv_exp(-abs(@0)/@1)_ctau3D_lambdaDDS_Bkg_[pdfCTAUDDS]) got nan during case 1 
[#0] ERROR:Tracing -- RooGaussModel::getVal(ctauRes2_conv_exp(-abs(@0)/@1)_ctau3D_lambdaDDS_Bkg_[pdfCTAUDDS]) got nan during case 1 
[#0] ERROR:Tracing -- RooGaussModel::getVal(ctauRes1_conv_exp(-abs(@0)/@1)_ctau3D_lambdaDDS_Bkg_[pdfCTAUDDS]) got nan during case 1 
[#0] ERROR:Tracing -- RooGaussModel::getVal(ctauRes3_conv_exp(-abs(@0)/@1)_ctau3D_lambdaDDS_Bkg_[pdfCTAUDDS]) got nan during case 1 
[#0] ERROR:Tracing -- RooGaussModel::getVal(ctauRes2_conv_exp(-abs(@0)/@1)_ctau3D_lambdaDDS_Bkg_[pdfCTAUDDS]) got nan during case 1 
[#0] WARNING:Minization -- RooMinimizerFcn: Minimized function has error status.
Returning maximum FCN so far (-1e+30) to force MIGRAD to back out of this region. Error log follows
Parameter values: b_Jpsi=0.624741
RooNLLVar::nll_pdfCTAUMASS_Tot_dsToFit[ paramSet=(N_Bkg,N_Jpsi,alpha_1_A,b_Bkg,b_Jpsi,ctau1_CtauRes,ctau2_CtauRes,ctau3_CtauRes,f,f2_CtauRes,fDF12,fDFSS,fDLIV,fDSS12,fDSS1_test,fDSS2_test,f_CtauRes,lambdaDDS_Bkg,lambdaDF_Bkg1,lambdaDF_Bkg2,lambdaDSS_Bkg1,lambdaDSS_Bkg2,lambdaDSS_test1,lambdaDSS_test2,lambdaDSS_test3,m_{J/#Psi},n_1_A,rS21_CtauRes,rS32_CtauRes,s1_CtauRes,sigma_1_A,sl1,sl2,x_A,zeroMean) ]
     function value is NAN @ paramSet=(N_Bkg = 10422.1 +/- 154.79,N_Jpsi = 17396.8 +/- 175.879,alpha_1_A = 2.16069,b_Bkg = 0.759368 +/- 2.05668,b_Jpsi = 0.624741,ctau1_CtauRes = 0,ctau2_CtauRes = 0,ctau3_CtauRes = 0,f = 0.720778,f2_CtauRes = 1.02206e-06 +/- 1.40334e-05,fDF12 = 0.416499 +/- 164846,fDFSS = 0.949422 +/- 5.22043,fDLIV = 0.393305 +/- 2.31686,fDSS12 = 0.875485 +/- 0.206613,fDSS1_test = 0.78,fDSS2_test = 0.37,f_CtauRes = 0.912575 +/- 0.0175917,lambdaDDS_Bkg = 0.034334 +/- 0.465804,lambdaDF_Bkg1 = 0.417596 +/- 410.327,lambdaDF_Bkg2 = 0.41414 +/- 988.141,lambdaDSS_Bkg1 = 0.279744 +/- 0.642153,lambdaDSS_Bkg2 = 0.99992 +/- 0.0546058,lambdaDSS_test1 = 0.5,lambdaDSS_test2 = 0.58,lambdaDSS_test3 = 0.34,m_{J/#Psi} = 3.09165 +/- 0.000446256,n_1_A = 1.28385,rS21_CtauRes = 2.92474 +/- 0.196868,rS32_CtauRes = 4.97158 +/- 0.375916,s1_CtauRes = 0.994607 +/- 0.0259245,sigma_1_A = 0.0418059 +/- 0.000431558,sl1 = -0.102918 +/- 0.0176394,sl2 = -0.0100587 +/- 0.0237262,x_A = 1.60948,zeroMean = 0)
PID3856008/RooRealMPFE::nll_pdfCTAUMASS_Tot_dsToFit_597526bcd3d0_MPFE4[ arg=nll_pdfCTAUMASS_Tot_dsToFit_GOF4 vars=(N_Bkg,N_Jpsi,alpha_1_A,b_Bkg,b_Jpsi,ctau1_CtauRes,ctau2_CtauRes,ctau3_CtauRes,f,f2_CtauRes,fDF12,fDFSS,fDLIV,fDSS12,fDSS1_test,fDSS2_test,f_CtauRes,lambdaDDS_Bkg,lambdaDF_Bkg1,lambdaDF_Bkg2,lambdaDSS_Bkg1,lambdaDSS_Bkg2,lambdaDSS_test1,lambdaDSS_test2,lambdaDSS_test3,m_{J/#Psi},n_1_A,rS21_CtauRes,rS32_CtauRes,s1_CtauRes,sigma_1_A,sl1,sl2,x_A,zeroMean) ]
     function value is NAN @ paramSet=(N_Bkg = 10422.1 +/- 154.79,N_Jpsi = 17396.8 +/- 175.879,alpha_1_A = 2.16069,b_Bkg = 0.759368 +/- 2.05668,b_Jpsi = 0.624741,ctau1_CtauRes = 0,ctau2_CtauRes = 0,ctau3_CtauRes = 0,f = 0.720778,f2_CtauRes = 1.02206e-06 +/- 1.40334e-05,fDF12 = 0.416499 +/- 164846,fDFSS = 0.949422 +/- 5.22043,fDLIV = 0.393305 +/- 2.31686,fDSS12 = 0.875485 +/- 0.206613,fDSS1_test = 0.78,fDSS2_test = 0.37,f_CtauRes = 0.912575 +/- 0.0175917,lambdaDDS_Bkg = 0.034334 +/- 0.465804,lambdaDF_Bkg1 = 0.417596 +/- 410.327,lambdaDF_Bkg2 = 0.41414 +/- 988.141,lambdaDSS_Bkg1 = 0.279744 +/- 0.642153,lambdaDSS_Bkg2 = 0.99992 +/- 0.0546058,lambdaDSS_test1 = 0.5,lambdaDSS_test2 = 0.58,lambdaDSS_test3 = 0.34,m_{J/#Psi} = 3.09165 +/- 0.000446256,n_1_A = 1.28385,rS21_CtauRes = 2.92474 +/- 0.196868,rS32_CtauRes = 4.97158 +/- 0.375916,s1_CtauRes = 0.994607 +/- 0.0259245,sigma_1_A = 0.0418059 +/- 0.000431558,sl1 = -0.102918 +/- 0.0176394,sl2 = -0.0100587 +/- 0.0237262,x_A = 1.60948,zeroMean = 0)
     function value is NAN @ paramSet=(N_Bkg = 10422.1 +/- 154.79,N_Jpsi = 17396.8 +/- 175.879,alpha_1_A = 2.16069,b_Bkg = 0.759368 +/- 2.05668,b_Jpsi = 0.624741,ctau1_CtauRes = 0,ctau2_CtauRes = 0,ctau3_CtauRes = 0,f = 0.720778,f2_CtauRes = 1.02206e-06 +/- 1.40334e-05,fDF12 = 0.416499 +/- 164846,fDFSS = 0.949422 +/- 5.22043,fDLIV = 0.393305 +/- 2.31686,fDSS12 = 0.875485 +/- 0.206613,fDSS1_test = 0.78,fDSS2_test = 0.37,f_CtauRes = 0.912575 +/- 0.0175917,lambdaDDS_Bkg = 0.034334 +/- 0.465804,lambdaDF_Bkg1 = 0.417596 +/- 410.327,lambdaDF_Bkg2 = 0.41414 +/- 988.141,lambdaDSS_Bkg1 = 0.279744 +/- 0.642153,lambdaDSS_Bkg2 = 0.99992 +/- 0.0546058,lambdaDSS_test1 = 0.5,lambdaDSS_test2 = 0.58,lambdaDSS_test3 = 0.34,m_{J/#Psi} = 3.09165 +/- 0.000446256,n_1_A = 1.28385,rS21_CtauRes = 2.92474 +/- 0.196868,rS32_CtauRes = 4.97158 +/- 0.375916,s1_CtauRes = 0.994607 +/- 0.0259245,sigma_1_A = 0.0418059 +/- 0.000431558,sl1 = -0.102918 +/- 0.0176394,sl2 = -0.0100587 +/- 0.0237262,x_A = 1.60948,zeroMean = 0)

[#0] ERROR:Tracing -- RooGaussModel::getVal(ctauRes1_conv_exp(-@0/@1)_ctau3D_lambdaDSS_Bkg1_[pdfCTAUDSS1]) got nan during case 1 
[#0] ERROR:Tracing -- RooGaussModel::getVal(ctauRes3_conv_exp(-@0/@1)_ctau3D_lambdaDSS_Bkg1_[pdfCTAUDSS1]) got nan during case 1 
[#0] ERROR:Tracing -- RooGaussModel::getVal(ctauRes2_conv_exp(-@0/@1)_ctau3D_lambdaDSS_Bkg1_[pdfCTAUDSS1]) got nan during case 1 
[#0] ERROR:Tracing -- RooGaussModel::getVal(ctauRes1_conv_exp(-@0/@1)_ctau3D_lambdaDSS_Bkg1_[pdfCTAUDSS1]) got nan during case 1 
[#0] ERROR:Tracing -- RooGaussModel::getVal(ctauRes3_conv_exp(-@0/@1)_ctau3D_lambdaDSS_Bkg1_[pdfCTAUDSS1]) got nan during case 1 
[#0] ERROR:Tracing -- RooGaussModel::getVal(ctauRes2_conv_exp(-@0/@1)_ctau3D_lambdaDSS_Bkg1_[pdfCTAUDSS1]) got nan during case 1 
[#0] ERROR:Tracing -- RooGaussModel::getVal(ctauRes1_conv_exp(-@0/@1)_ctau3D_lambdaDSS_Bkg2_[pdfCTAUDSS2]) got nan during case 1 
[#0] ERROR:Tracing -- RooGaussModel::getVal(ctauRes3_conv_exp(-@0/@1)_ctau3D_lambdaDSS_Bkg2_[pdfCTAUDSS2]) got nan during case 1 
[#0] ERROR:Tracing -- RooGaussModel::getVal(ctauRes2_conv_exp(-@0/@1)_ctau3D_lambdaDSS_Bkg2_[pdfCTAUDSS2]) got nan during case 1 
[#0] ERROR:Tracing -- RooGaussModel::getVal(ctauRes1_conv_exp(-@0/@1)_ctau3D_lambdaDSS_Bkg2_[pdfCTAUDSS2]) got nan during case 1 
[#0] ERROR:Tracing -- RooGaussModel::getVal(ctauRes3_conv_exp(-@0/@1)_ctau3D_lambdaDSS_Bkg2_[pdfCTAUDSS2]) got nan during case 1 
[#0] ERROR:Tracing -- RooGaussModel::getVal(ctauRes2_conv_exp(-@0/@1)_ctau3D_lambdaDSS_Bkg2_[pdfCTAUDSS2]) got nan during case 1 
[#0] ERROR:Tracing -- RooGaussModel::getVal(ctauRes1_conv_exp(@0/@1)_ctau3D_lambdaDF_Bkg1_[pdfCTAUDF1]) got nan during case 1 
[#0] ERROR:Tracing -- RooGaussModel::getVal(ctauRes3_conv_exp(@0/@1)_ctau3D_lambdaDF_Bkg1_[pdfCTAUDF1]) got nan during case 1 
[#0] ERROR:Tracing -- RooGaussModel::getVal(ctauRes2_conv_exp(@0/@1)_ctau3D_lambdaDF_Bkg1_[pdfCTAUDF1]) got nan during case 1 
[#0] ERROR:Tracing -- RooGaussModel::getVal(ctauRes1_conv_exp(@0/@1)_ctau3D_lambdaDF_Bkg1_[pdfCTAUDF1]) got nan during case 1 
[#0] ERROR:Tracing -- RooGaussModel::getVal(ctauRes3_conv_exp(@0/@1)_ctau3D_lambdaDF_Bkg1_[pdfCTAUDF1]) got nan during case 1 
[#0] ERROR:Tracing -- RooGaussModel::getVal(ctauRes2_conv_exp(@0/@1)_ctau3D_lambdaDF_Bkg1_[pdfCTAUDF1]) got nan during case 1 
[#0] ERROR:Tracing -- RooGaussModel::getVal(ctauRes1_conv_exp(@0/@1)_ctau3D_lambdaDF_Bkg2_[pdfCTAUDF2]) got nan during case 1 
[#0] ERROR:Tracing -- RooGaussModel::getVal(ctauRes3_conv_exp(@0/@1)_ctau3D_lambdaDF_Bkg2_[pdfCTAUDF2]) got nan during case 1 
[#0] ERROR:Tracing -- RooGaussModel::getVal(ctauRes2_conv_exp(@0/@1)_ctau3D_lambdaDF_Bkg2_[pdfCTAUDF2]) got nan during case 1 
[#0] ERROR:Tracing -- RooGaussModel::getVal(ctauRes1_conv_exp(@0/@1)_ctau3D_lambdaDF_Bkg2_[pdfCTAUDF2]) got nan during case 1 
[#0] ERROR:Tracing -- RooGaussModel::getVal(ctauRes3_conv_exp(@0/@1)_ctau3D_lambdaDF_Bkg2_[pdfCTAUDF2]) got nan during case 1 
[#0] ERROR:Tracing -- RooGaussModel::getVal(ctauRes2_conv_exp(@0/@1)_ctau3D_lambdaDF_Bkg2_[pdfCTAUDF2]) got nan during case 1 
[#0] ERROR:Tracing -- RooGaussModel::getVal(ctauRes1_conv_exp(-abs(@0)/@1)_ctau3D_lambdaDDS_Bkg_[pdfCTAUDDS]) got nan during case 1 
[#0] ERROR:Tracing -- RooGaussModel::getVal(ctauRes3_conv_exp(-abs(@0)/@1)_ctau3D_lambdaDDS_Bkg_[pdfCTAUDDS]) got nan during case 1 
[#0] ERROR:Tracing -- RooGaussModel::getVal(ctauRes2_conv_exp(-abs(@0)/@1)_ctau3D_lambdaDDS_Bkg_[pdfCTAUDDS]) got nan during case 1 
[#0] ERROR:Tracing -- RooGaussModel::getVal(ctauRes1_conv_exp(-abs(@0)/@1)_ctau3D_lambdaDDS_Bkg_[pdfCTAUDDS]) got nan during case 1 
[#0] ERROR:Tracing -- RooGaussModel::getVal(ctauRes3_conv_exp(-abs(@0)/@1)_ctau3D_lambdaDDS_Bkg_[pdfCTAUDDS]) got nan during case 1 
[#0] ERROR:Tracing -- RooGaussModel::getVal(ctauRes2_conv_exp(-abs(@0)/@1)_ctau3D_lambdaDDS_Bkg_[pdfCTAUDDS]) got nan during case 1 
[#0] WARNING:Minization -- RooMinimizerFcn: Minimized function has error status.
Returning maximum FCN so far (-1e+30) to force MIGRAD to back out of this region. Error log follows
Parameter values: b_Jpsi=0.624741
RooNLLVar::nll_pdfCTAUMASS_Tot_dsToFit[ paramSet=(N_Bkg,N_Jpsi,alpha_1_A,b_Bkg,b_Jpsi,ctau1_CtauRes,ctau2_CtauRes,ctau3_CtauRes,f,f2_CtauRes,fDF12,fDFSS,fDLIV,fDSS12,fDSS1_test,fDSS2_test,f_CtauRes,lambdaDDS_Bkg,lambdaDF_Bkg1,lambdaDF_Bkg2,lambdaDSS_Bkg1,lambdaDSS_Bkg2,lambdaDSS_test1,lambdaDSS_test2,lambdaDSS_test3,m_{J/#Psi},n_1_A,rS21_CtauRes,rS32_CtauRes,s1_CtauRes,sigma_1_A,sl1,sl2,x_A,zeroMean) ]
     function value is NAN @ paramSet=(N_Bkg = 10422.1 +/- 154.79,N_Jpsi = 17396.8 +/- 175.879,alpha_1_A = 2.16069,b_Bkg = 0.759368 +/- 2.05668,b_Jpsi = 0.624741,ctau1_CtauRes = 0,ctau2_CtauRes = 0,ctau3_CtauRes = 0,f = 0.720778,f2_CtauRes = 1.02206e-06 +/- 1.40334e-05,fDF12 = 0.416499 +/- 164846,fDFSS = 0.949422 +/- 5.22043,fDLIV = 0.393305 +/- 2.31686,fDSS12 = 0.875485 +/- 0.206613,fDSS1_test = 0.78,fDSS2_test = 0.37,f_CtauRes = 0.912575 +/- 0.0175917,lambdaDDS_Bkg = 0.034334 +/- 0.465804,lambdaDF_Bkg1 = 0.417596 +/- 410.327,lambdaDF_Bkg2 = 0.41414 +/- 988.141,lambdaDSS_Bkg1 = 0.279744 +/- 0.642153,lambdaDSS_Bkg2 = 0.99992 +/- 0.0546058,lambdaDSS_test1 = 0.5,lambdaDSS_test2 = 0.58,lambdaDSS_test3 = 0.34,m_{J/#Psi} = 3.09165 +/- 0.000446256,n_1_A = 1.28385,rS21_CtauRes = 2.92474 +/- 0.196868,rS32_CtauRes = 4.97158 +/- 0.375916,s1_CtauRes = 0.994607 +/- 0.0259245,sigma_1_A = 0.0418059 +/- 0.000431558,sl1 = -0.102918 +/- 0.0176394,sl2 = -0.0100587 +/- 0.0237262,x_A = 1.60948,zeroMean = 0)
PID3856008/RooRealMPFE::nll_pdfCTAUMASS_Tot_dsToFit_597526bcd3d0_MPFE4[ arg=nll_pdfCTAUMASS_Tot_dsToFit_GOF4 vars=(N_Bkg,N_Jpsi,alpha_1_A,b_Bkg,b_Jpsi,ctau1_CtauRes,ctau2_CtauRes,ctau3_CtauRes,f,f2_CtauRes,fDF12,fDFSS,fDLIV,fDSS12,fDSS1_test,fDSS2_test,f_CtauRes,lambdaDDS_Bkg,lambdaDF_Bkg1,lambdaDF_Bkg2,lambdaDSS_Bkg1,lambdaDSS_Bkg2,lambdaDSS_test1,lambdaDSS_test2,lambdaDSS_test3,m_{J/#Psi},n_1_A,rS21_CtauRes,rS32_CtauRes,s1_CtauRes,sigma_1_A,sl1,sl2,x_A,zeroMean) ]
     function value is NAN @ paramSet=(N_Bkg = 10422.1 +/- 154.79,N_Jpsi = 17396.8 +/- 175.879,alpha_1_A = 2.16069,b_Bkg = 0.759368 +/- 2.05668,b_Jpsi = 0.624741,ctau1_CtauRes = 0,ctau2_CtauRes = 0,ctau3_CtauRes = 0,f = 0.720778,f2_CtauRes = 1.02206e-06 +/- 1.40334e-05,fDF12 = 0.416499 +/- 164846,fDFSS = 0.949422 +/- 5.22043,fDLIV = 0.393305 +/- 2.31686,fDSS12 = 0.875485 +/- 0.206613,fDSS1_test = 0.78,fDSS2_test = 0.37,f_CtauRes = 0.912575 +/- 0.0175917,lambdaDDS_Bkg = 0.034334 +/- 0.465804,lambdaDF_Bkg1 = 0.417596 +/- 410.327,lambdaDF_Bkg2 = 0.41414 +/- 988.141,lambdaDSS_Bkg1 = 0.279744 +/- 0.642153,lambdaDSS_Bkg2 = 0.99992 +/- 0.0546058,lambdaDSS_test1 = 0.5,lambdaDSS_test2 = 0.58,lambdaDSS_test3 = 0.34,m_{J/#Psi} = 3.09165 +/- 0.000446256,n_1_A = 1.28385,rS21_CtauRes = 2.92474 +/- 0.196868,rS32_CtauRes = 4.97158 +/- 0.375916,s1_CtauRes = 0.994607 +/- 0.0259245,sigma_1_A = 0.0418059 +/- 0.000431558,sl1 = -0.102918 +/- 0.0176394,sl2 = -0.0100587 +/- 0.0237262,x_A = 1.60948,zeroMean = 0)
     function value is NAN @ paramSet=(N_Bkg = 10422.1 +/- 154.79,N_Jpsi = 17396.8 +/- 175.879,alpha_1_A = 2.16069,b_Bkg = 0.759368 +/- 2.05668,b_Jpsi = 0.624741,ctau1_CtauRes = 0,ctau2_CtauRes = 0,ctau3_CtauRes = 0,f = 0.720778,f2_CtauRes = 1.02206e-06 +/- 1.40334e-05,fDF12 = 0.416499 +/- 164846,fDFSS = 0.949422 +/- 5.22043,fDLIV = 0.393305 +/- 2.31686,fDSS12 = 0.875485 +/- 0.206613,fDSS1_test = 0.78,fDSS2_test = 0.37,f_CtauRes = 0.912575 +/- 0.0175917,lambdaDDS_Bkg = 0.034334 +/- 0.465804,lambdaDF_Bkg1 = 0.417596 +/- 410.327,lambdaDF_Bkg2 = 0.41414 +/- 988.141,lambdaDSS_Bkg1 = 0.279744 +/- 0.642153,lambdaDSS_Bkg2 = 0.99992 +/- 0.0546058,lambdaDSS_test1 = 0.5,lambdaDSS_test2 = 0.58,lambdaDSS_test3 = 0.34,m_{J/#Psi} = 3.09165 +/- 0.000446256,n_1_A = 1.28385,rS21_CtauRes = 2.92474 +/- 0.196868,rS32_CtauRes = 4.97158 +/- 0.375916,s1_CtauRes = 0.994607 +/- 0.0259245,sigma_1_A = 0.0418059 +/- 0.000431558,sl1 = -0.102918 +/- 0.0176394,sl2 = -0.0100587 +/- 0.0237262,x_A = 1.60948,zeroMean = 0)

[#0] ERROR:Tracing -- RooGaussModel::getVal(ctauRes1_conv_exp(-@0/@1)_ctau3D_lambdaDSS_Bkg1_[pdfCTAUDSS1]) got nan during case 1 
[#0] ERROR:Tracing -- RooGaussModel::getVal(ctauRes3_conv_exp(-@0/@1)_ctau3D_lambdaDSS_Bkg1_[pdfCTAUDSS1]) got nan during case 1 
[#0] ERROR:Tracing -- RooGaussModel::getVal(ctauRes2_conv_exp(-@0/@1)_ctau3D_lambdaDSS_Bkg1_[pdfCTAUDSS1]) got nan during case 1 
[#0] ERROR:Tracing -- RooGaussModel::getVal(ctauRes1_conv_exp(-@0/@1)_ctau3D_lambdaDSS_Bkg1_[pdfCTAUDSS1]) got nan during case 1 
[#0] ERROR:Tracing -- RooGaussModel::getVal(ctauRes3_conv_exp(-@0/@1)_ctau3D_lambdaDSS_Bkg1_[pdfCTAUDSS1]) got nan during case 1 
[#0] ERROR:Tracing -- RooGaussModel::getVal(ctauRes2_conv_exp(-@0/@1)_ctau3D_lambdaDSS_Bkg1_[pdfCTAUDSS1]) got nan during case 1 
[#0] ERROR:Tracing -- RooGaussModel::getVal(ctauRes1_conv_exp(-@0/@1)_ctau3D_lambdaDSS_Bkg2_[pdfCTAUDSS2]) got nan during case 1 
[#0] ERROR:Tracing -- RooGaussModel::getVal(ctauRes3_conv_exp(-@0/@1)_ctau3D_lambdaDSS_Bkg2_[pdfCTAUDSS2]) got nan during case 1 
[#0] ERROR:Tracing -- RooGaussModel::getVal(ctauRes2_conv_exp(-@0/@1)_ctau3D_lambdaDSS_Bkg2_[pdfCTAUDSS2]) got nan during case 1 
[#0] ERROR:Tracing -- RooGaussModel::getVal(ctauRes1_conv_exp(-@0/@1)_ctau3D_lambdaDSS_Bkg2_[pdfCTAUDSS2]) got nan during case 1 
[#0] ERROR:Tracing -- RooGaussModel::getVal(ctauRes3_conv_exp(-@0/@1)_ctau3D_lambdaDSS_Bkg2_[pdfCTAUDSS2]) got nan during case 1 
[#0] ERROR:Tracing -- RooGaussModel::getVal(ctauRes2_conv_exp(-@0/@1)_ctau3D_lambdaDSS_Bkg2_[pdfCTAUDSS2]) got nan during case 1 
[#0] ERROR:Tracing -- RooGaussModel::getVal(ctauRes1_conv_exp(@0/@1)_ctau3D_lambdaDF_Bkg1_[pdfCTAUDF1]) got nan during case 1 
[#0] ERROR:Tracing -- RooGaussModel::getVal(ctauRes3_conv_exp(@0/@1)_ctau3D_lambdaDF_Bkg1_[pdfCTAUDF1]) got nan during case 1 
[#0] ERROR:Tracing -- RooGaussModel::getVal(ctauRes2_conv_exp(@0/@1)_ctau3D_lambdaDF_Bkg1_[pdfCTAUDF1]) got nan during case 1 
[#0] ERROR:Tracing -- RooGaussModel::getVal(ctauRes1_conv_exp(@0/@1)_ctau3D_lambdaDF_Bkg1_[pdfCTAUDF1]) got nan during case 1 
[#0] ERROR:Tracing -- RooGaussModel::getVal(ctauRes3_conv_exp(@0/@1)_ctau3D_lambdaDF_Bkg1_[pdfCTAUDF1]) got nan during case 1 
[#0] ERROR:Tracing -- RooGaussModel::getVal(ctauRes2_conv_exp(@0/@1)_ctau3D_lambdaDF_Bkg1_[pdfCTAUDF1]) got nan during case 1 
[#0] ERROR:Tracing -- RooGaussModel::getVal(ctauRes1_conv_exp(@0/@1)_ctau3D_lambdaDF_Bkg2_[pdfCTAUDF2]) got nan during case 1 
[#0] ERROR:Tracing -- RooGaussModel::getVal(ctauRes3_conv_exp(@0/@1)_ctau3D_lambdaDF_Bkg2_[pdfCTAUDF2]) got nan during case 1 
[#0] ERROR:Tracing -- RooGaussModel::getVal(ctauRes2_conv_exp(@0/@1)_ctau3D_lambdaDF_Bkg2_[pdfCTAUDF2]) got nan during case 1 
[#0] ERROR:Tracing -- RooGaussModel::getVal(ctauRes1_conv_exp(@0/@1)_ctau3D_lambdaDF_Bkg2_[pdfCTAUDF2]) got nan during case 1 
[#0] ERROR:Tracing -- RooGaussModel::getVal(ctauRes3_conv_exp(@0/@1)_ctau3D_lambdaDF_Bkg2_[pdfCTAUDF2]) got nan during case 1 
[#0] ERROR:Tracing -- RooGaussModel::getVal(ctauRes2_conv_exp(@0/@1)_ctau3D_lambdaDF_Bkg2_[pdfCTAUDF2]) got nan during case 1 
[#0] ERROR:Tracing -- RooGaussModel::getVal(ctauRes1_conv_exp(-abs(@0)/@1)_ctau3D_lambdaDDS_Bkg_[pdfCTAUDDS]) got nan during case 1 
[#0] ERROR:Tracing -- RooGaussModel::getVal(ctauRes3_conv_exp(-abs(@0)/@1)_ctau3D_lambdaDDS_Bkg_[pdfCTAUDDS]) got nan during case 1 
[#0] ERROR:Tracing -- RooGaussModel::getVal(ctauRes2_conv_exp(-abs(@0)/@1)_ctau3D_lambdaDDS_Bkg_[pdfCTAUDDS]) got nan during case 1 
[#0] ERROR:Tracing -- RooGaussModel::getVal(ctauRes1_conv_exp(-abs(@0)/@1)_ctau3D_lambdaDDS_Bkg_[pdfCTAUDDS]) got nan during case 1 
[#0] ERROR:Tracing -- RooGaussModel::getVal(ctauRes3_conv_exp(-abs(@0)/@1)_ctau3D_lambdaDDS_Bkg_[pdfCTAUDDS]) got nan during case 1 
[#0] ERROR:Tracing -- RooGaussModel::getVal(ctauRes2_conv_exp(-abs(@0)/@1)_ctau3D_lambdaDDS_Bkg_[pdfCTAUDDS]) got nan during case 1 
[#0] WARNING:Minization -- RooMinimizerFcn: Minimized function has error status.
Returning maximum FCN so far (-1e+30) to force MIGRAD to back out of this region. Error log follows
Parameter values: b_Jpsi=0.624741
RooNLLVar::nll_pdfCTAUMASS_Tot_dsToFit[ paramSet=(N_Bkg,N_Jpsi,alpha_1_A,b_Bkg,b_Jpsi,ctau1_CtauRes,ctau2_CtauRes,ctau3_CtauRes,f,f2_CtauRes,fDF12,fDFSS,fDLIV,fDSS12,fDSS1_test,fDSS2_test,f_CtauRes,lambdaDDS_Bkg,lambdaDF_Bkg1,lambdaDF_Bkg2,lambdaDSS_Bkg1,lambdaDSS_Bkg2,lambdaDSS_test1,lambdaDSS_test2,lambdaDSS_test3,m_{J/#Psi},n_1_A,rS21_CtauRes,rS32_CtauRes,s1_CtauRes,sigma_1_A,sl1,sl2,x_A,zeroMean) ]
     function value is NAN @ paramSet=(N_Bkg = 10422.1 +/- 154.79,N_Jpsi = 17396.8 +/- 175.879,alpha_1_A = 2.16069,b_Bkg = 0.759368 +/- 2.05668,b_Jpsi = 0.624741,ctau1_CtauRes = 0,ctau2_CtauRes = 0,ctau3_CtauRes = 0,f = 0.720778,f2_CtauRes = 1.02206e-06 +/- 1.40334e-05,fDF12 = 0.416499 +/- 164846,fDFSS = 0.949422 +/- 5.22043,fDLIV = 0.393305 +/- 2.31686,fDSS12 = 0.875485 +/- 0.206613,fDSS1_test = 0.78,fDSS2_test = 0.37,f_CtauRes = 0.912575 +/- 0.0175917,lambdaDDS_Bkg = 0.034334 +/- 0.465804,lambdaDF_Bkg1 = 0.417596 +/- 410.327,lambdaDF_Bkg2 = 0.41414 +/- 988.141,lambdaDSS_Bkg1 = 0.279744 +/- 0.642153,lambdaDSS_Bkg2 = 0.99992 +/- 0.0546058,lambdaDSS_test1 = 0.5,lambdaDSS_test2 = 0.58,lambdaDSS_test3 = 0.34,m_{J/#Psi} = 3.09165 +/- 0.000446256,n_1_A = 1.28385,rS21_CtauRes = 2.92474 +/- 0.196868,rS32_CtauRes = 4.97158 +/- 0.375916,s1_CtauRes = 0.994607 +/- 0.0259245,sigma_1_A = 0.0418059 +/- 0.000431558,sl1 = -0.102918 +/- 0.0176394,sl2 = -0.0100587 +/- 0.0237262,x_A = 1.60948,zeroMean = 0)
PID3856008/RooRealMPFE::nll_pdfCTAUMASS_Tot_dsToFit_597526bcd3d0_MPFE4[ arg=nll_pdfCTAUMASS_Tot_dsToFit_GOF4 vars=(N_Bkg,N_Jpsi,alpha_1_A,b_Bkg,b_Jpsi,ctau1_CtauRes,ctau2_CtauRes,ctau3_CtauRes,f,f2_CtauRes,fDF12,fDFSS,fDLIV,fDSS12,fDSS1_test,fDSS2_test,f_CtauRes,lambdaDDS_Bkg,lambdaDF_Bkg1,lambdaDF_Bkg2,lambdaDSS_Bkg1,lambdaDSS_Bkg2,lambdaDSS_test1,lambdaDSS_test2,lambdaDSS_test3,m_{J/#Psi},n_1_A,rS21_CtauRes,rS32_CtauRes,s1_CtauRes,sigma_1_A,sl1,sl2,x_A,zeroMean) ]
     function value is NAN @ paramSet=(N_Bkg = 10422.1 +/- 154.79,N_Jpsi = 17396.8 +/- 175.879,alpha_1_A = 2.16069,b_Bkg = 0.759368 +/- 2.05668,b_Jpsi = 0.624741,ctau1_CtauRes = 0,ctau2_CtauRes = 0,ctau3_CtauRes = 0,f = 0.720778,f2_CtauRes = 1.02206e-06 +/- 1.40334e-05,fDF12 = 0.416499 +/- 164846,fDFSS = 0.949422 +/- 5.22043,fDLIV = 0.393305 +/- 2.31686,fDSS12 = 0.875485 +/- 0.206613,fDSS1_test = 0.78,fDSS2_test = 0.37,f_CtauRes = 0.912575 +/- 0.0175917,lambdaDDS_Bkg = 0.034334 +/- 0.465804,lambdaDF_Bkg1 = 0.417596 +/- 410.327,lambdaDF_Bkg2 = 0.41414 +/- 988.141,lambdaDSS_Bkg1 = 0.279744 +/- 0.642153,lambdaDSS_Bkg2 = 0.99992 +/- 0.0546058,lambdaDSS_test1 = 0.5,lambdaDSS_test2 = 0.58,lambdaDSS_test3 = 0.34,m_{J/#Psi} = 3.09165 +/- 0.000446256,n_1_A = 1.28385,rS21_CtauRes = 2.92474 +/- 0.196868,rS32_CtauRes = 4.97158 +/- 0.375916,s1_CtauRes = 0.994607 +/- 0.0259245,sigma_1_A = 0.0418059 +/- 0.000431558,sl1 = -0.102918 +/- 0.0176394,sl2 = -0.0100587 +/- 0.0237262,x_A = 1.60948,zeroMean = 0)
     function value is NAN @ paramSet=(N_Bkg = 10422.1 +/- 154.79,N_Jpsi = 17396.8 +/- 175.879,alpha_1_A = 2.16069,b_Bkg = 0.759368 +/- 2.05668,b_Jpsi = 0.624741,ctau1_CtauRes = 0,ctau2_CtauRes = 0,ctau3_CtauRes = 0,f = 0.720778,f2_CtauRes = 1.02206e-06 +/- 1.40334e-05,fDF12 = 0.416499 +/- 164846,fDFSS = 0.949422 +/- 5.22043,fDLIV = 0.393305 +/- 2.31686,fDSS12 = 0.875485 +/- 0.206613,fDSS1_test = 0.78,fDSS2_test = 0.37,f_CtauRes = 0.912575 +/- 0.0175917,lambdaDDS_Bkg = 0.034334 +/- 0.465804,lambdaDF_Bkg1 = 0.417596 +/- 410.327,lambdaDF_Bkg2 = 0.41414 +/- 988.141,lambdaDSS_Bkg1 = 0.279744 +/- 0.642153,lambdaDSS_Bkg2 = 0.99992 +/- 0.0546058,lambdaDSS_test1 = 0.5,lambdaDSS_test2 = 0.58,lambdaDSS_test3 = 0.34,m_{J/#Psi} = 3.09165 +/- 0.000446256,n_1_A = 1.28385,rS21_CtauRes = 2.92474 +/- 0.196868,rS32_CtauRes = 4.97158 +/- 0.375916,s1_CtauRes = 0.994607 +/- 0.0259245,sigma_1_A = 0.0418059 +/- 0.000431558,sl1 = -0.102918 +/- 0.0176394,sl2 = -0.0100587 +/- 0.0237262,x_A = 1.60948,zeroMean = 0)

[#0] ERROR:Tracing -- RooGaussModel::getVal(ctauRes1_conv_exp(-@0/@1)_ctau3D_lambdaDSS_Bkg1_[pdfCTAUDSS1]) got nan during case 1 
[#0] ERROR:Tracing -- RooGaussModel::getVal(ctauRes3_conv_exp(-@0/@1)_ctau3D_lambdaDSS_Bkg1_[pdfCTAUDSS1]) got nan during case 1 
[#0] ERROR:Tracing -- RooGaussModel::getVal(ctauRes2_conv_exp(-@0/@1)_ctau3D_lambdaDSS_Bkg1_[pdfCTAUDSS1]) got nan during case 1 
[#0] ERROR:Tracing -- RooGaussModel::getVal(ctauRes1_conv_exp(-@0/@1)_ctau3D_lambdaDSS_Bkg1_[pdfCTAUDSS1]) got nan during case 1 
[#0] ERROR:Tracing -- RooGaussModel::getVal(ctauRes3_conv_exp(-@0/@1)_ctau3D_lambdaDSS_Bkg1_[pdfCTAUDSS1]) got nan during case 1 
[#0] ERROR:Tracing -- RooGaussModel::getVal(ctauRes2_conv_exp(-@0/@1)_ctau3D_lambdaDSS_Bkg1_[pdfCTAUDSS1]) got nan during case 1 
[#0] ERROR:Tracing -- RooGaussModel::getVal(ctauRes1_conv_exp(-@0/@1)_ctau3D_lambdaDSS_Bkg2_[pdfCTAUDSS2]) got nan during case 1 
[#0] ERROR:Tracing -- RooGaussModel::getVal(ctauRes3_conv_exp(-@0/@1)_ctau3D_lambdaDSS_Bkg2_[pdfCTAUDSS2]) got nan during case 1 
[#0] ERROR:Tracing -- RooGaussModel::getVal(ctauRes2_conv_exp(-@0/@1)_ctau3D_lambdaDSS_Bkg2_[pdfCTAUDSS2]) got nan during case 1 
[#0] ERROR:Tracing -- RooGaussModel::getVal(ctauRes1_conv_exp(-@0/@1)_ctau3D_lambdaDSS_Bkg2_[pdfCTAUDSS2]) got nan during case 1 
[#0] ERROR:Tracing -- RooGaussModel::getVal(ctauRes3_conv_exp(-@0/@1)_ctau3D_lambdaDSS_Bkg2_[pdfCTAUDSS2]) got nan during case 1 
[#0] ERROR:Tracing -- RooGaussModel::getVal(ctauRes2_conv_exp(-@0/@1)_ctau3D_lambdaDSS_Bkg2_[pdfCTAUDSS2]) got nan during case 1 
[#0] ERROR:Tracing -- RooGaussModel::getVal(ctauRes1_conv_exp(@0/@1)_ctau3D_lambdaDF_Bkg1_[pdfCTAUDF1]) got nan during case 1 
[#0] ERROR:Tracing -- RooGaussModel::getVal(ctauRes3_conv_exp(@0/@1)_ctau3D_lambdaDF_Bkg1_[pdfCTAUDF1]) got nan during case 1 
[#0] ERROR:Tracing -- RooGaussModel::getVal(ctauRes2_conv_exp(@0/@1)_ctau3D_lambdaDF_Bkg1_[pdfCTAUDF1]) got nan during case 1 
[#0] ERROR:Tracing -- RooGaussModel::getVal(ctauRes1_conv_exp(@0/@1)_ctau3D_lambdaDF_Bkg1_[pdfCTAUDF1]) got nan during case 1 
[#0] ERROR:Tracing -- RooGaussModel::getVal(ctauRes3_conv_exp(@0/@1)_ctau3D_lambdaDF_Bkg1_[pdfCTAUDF1]) got nan during case 1 
[#0] ERROR:Tracing -- RooGaussModel::getVal(ctauRes2_conv_exp(@0/@1)_ctau3D_lambdaDF_Bkg1_[pdfCTAUDF1]) got nan during case 1 
[#0] ERROR:Tracing -- RooGaussModel::getVal(ctauRes1_conv_exp(@0/@1)_ctau3D_lambdaDF_Bkg2_[pdfCTAUDF2]) got nan during case 1 
[#0] ERROR:Tracing -- RooGaussModel::getVal(ctauRes3_conv_exp(@0/@1)_ctau3D_lambdaDF_Bkg2_[pdfCTAUDF2]) got nan during case 1 
[#0] ERROR:Tracing -- RooGaussModel::getVal(ctauRes2_conv_exp(@0/@1)_ctau3D_lambdaDF_Bkg2_[pdfCTAUDF2]) got nan during case 1 
[#0] ERROR:Tracing -- RooGaussModel::getVal(ctauRes1_conv_exp(@0/@1)_ctau3D_lambdaDF_Bkg2_[pdfCTAUDF2]) got nan during case 1 
[#0] ERROR:Tracing -- RooGaussModel::getVal(ctauRes3_conv_exp(@0/@1)_ctau3D_lambdaDF_Bkg2_[pdfCTAUDF2]) got nan during case 1 
[#0] ERROR:Tracing -- RooGaussModel::getVal(ctauRes2_conv_exp(@0/@1)_ctau3D_lambdaDF_Bkg2_[pdfCTAUDF2]) got nan during case 1 
[#0] ERROR:Tracing -- RooGaussModel::getVal(ctauRes1_conv_exp(-abs(@0)/@1)_ctau3D_lambdaDDS_Bkg_[pdfCTAUDDS]) got nan during case 1 
[#0] ERROR:Tracing -- RooGaussModel::getVal(ctauRes3_conv_exp(-abs(@0)/@1)_ctau3D_lambdaDDS_Bkg_[pdfCTAUDDS]) got nan during case 1 
[#0] ERROR:Tracing -- RooGaussModel::getVal(ctauRes2_conv_exp(-abs(@0)/@1)_ctau3D_lambdaDDS_Bkg_[pdfCTAUDDS]) got nan during case 1 
[#0] ERROR:Tracing -- RooGaussModel::getVal(ctauRes1_conv_exp(-abs(@0)/@1)_ctau3D_lambdaDDS_Bkg_[pdfCTAUDDS]) got nan during case 1 
[#0] ERROR:Tracing -- RooGaussModel::getVal(ctauRes3_conv_exp(-abs(@0)/@1)_ctau3D_lambdaDDS_Bkg_[pdfCTAUDDS]) got nan during case 1 
[#0] ERROR:Tracing -- RooGaussModel::getVal(ctauRes2_conv_exp(-abs(@0)/@1)_ctau3D_lambdaDDS_Bkg_[pdfCTAUDDS]) got nan during case 1 
[#0] WARNING:Minization -- RooMinimizerFcn: Minimized function has error status.
Returning maximum FCN so far (-1e+30) to force MIGRAD to back out of this region. Error log follows
Parameter values: b_Jpsi=0.624741
RooNLLVar::nll_pdfCTAUMASS_Tot_dsToFit[ paramSet=(N_Bkg,N_Jpsi,alpha_1_A,b_Bkg,b_Jpsi,ctau1_CtauRes,ctau2_CtauRes,ctau3_CtauRes,f,f2_CtauRes,fDF12,fDFSS,fDLIV,fDSS12,fDSS1_test,fDSS2_test,f_CtauRes,lambdaDDS_Bkg,lambdaDF_Bkg1,lambdaDF_Bkg2,lambdaDSS_Bkg1,lambdaDSS_Bkg2,lambdaDSS_test1,lambdaDSS_test2,lambdaDSS_test3,m_{J/#Psi},n_1_A,rS21_CtauRes,rS32_CtauRes,s1_CtauRes,sigma_1_A,sl1,sl2,x_A,zeroMean) ]
     function value is NAN @ paramSet=(N_Bkg = 10422.1 +/- 154.79,N_Jpsi = 17396.8 +/- 175.879,alpha_1_A = 2.16069,b_Bkg = 0.759368 +/- 2.05668,b_Jpsi = 0.624741,ctau1_CtauRes = 0,ctau2_CtauRes = 0,ctau3_CtauRes = 0,f = 0.720778,f2_CtauRes = 1.02206e-06 +/- 1.40334e-05,fDF12 = 0.416499 +/- 164846,fDFSS = 0.949422 +/- 5.22043,fDLIV = 0.393305 +/- 2.31686,fDSS12 = 0.875485 +/- 0.206613,fDSS1_test = 0.78,fDSS2_test = 0.37,f_CtauRes = 0.912575 +/- 0.0175917,lambdaDDS_Bkg = 0.034334 +/- 0.465804,lambdaDF_Bkg1 = 0.417596 +/- 410.327,lambdaDF_Bkg2 = 0.41414 +/- 988.141,lambdaDSS_Bkg1 = 0.279744 +/- 0.642153,lambdaDSS_Bkg2 = 0.99992 +/- 0.0546058,lambdaDSS_test1 = 0.5,lambdaDSS_test2 = 0.58,lambdaDSS_test3 = 0.34,m_{J/#Psi} = 3.09165 +/- 0.000446256,n_1_A = 1.28385,rS21_CtauRes = 2.92474 +/- 0.196868,rS32_CtauRes = 4.97158 +/- 0.375916,s1_CtauRes = 0.994607 +/- 0.0259245,sigma_1_A = 0.0418059 +/- 0.000431558,sl1 = -0.102918 +/- 0.0176394,sl2 = -0.0100587 +/- 0.0237262,x_A = 1.60948,zeroMean = 0)
PID3856008/RooRealMPFE::nll_pdfCTAUMASS_Tot_dsToFit_597526bcd3d0_MPFE4[ arg=nll_pdfCTAUMASS_Tot_dsToFit_GOF4 vars=(N_Bkg,N_Jpsi,alpha_1_A,b_Bkg,b_Jpsi,ctau1_CtauRes,ctau2_CtauRes,ctau3_CtauRes,f,f2_CtauRes,fDF12,fDFSS,fDLIV,fDSS12,fDSS1_test,fDSS2_test,f_CtauRes,lambdaDDS_Bkg,lambdaDF_Bkg1,lambdaDF_Bkg2,lambdaDSS_Bkg1,lambdaDSS_Bkg2,lambdaDSS_test1,lambdaDSS_test2,lambdaDSS_test3,m_{J/#Psi},n_1_A,rS21_CtauRes,rS32_CtauRes,s1_CtauRes,sigma_1_A,sl1,sl2,x_A,zeroMean) ]
     function value is NAN @ paramSet=(N_Bkg = 10422.1 +/- 154.79,N_Jpsi = 17396.8 +/- 175.879,alpha_1_A = 2.16069,b_Bkg = 0.759368 +/- 2.05668,b_Jpsi = 0.624741,ctau1_CtauRes = 0,ctau2_CtauRes = 0,ctau3_CtauRes = 0,f = 0.720778,f2_CtauRes = 1.02206e-06 +/- 1.40334e-05,fDF12 = 0.416499 +/- 164846,fDFSS = 0.949422 +/- 5.22043,fDLIV = 0.393305 +/- 2.31686,fDSS12 = 0.875485 +/- 0.206613,fDSS1_test = 0.78,fDSS2_test = 0.37,f_CtauRes = 0.912575 +/- 0.0175917,lambdaDDS_Bkg = 0.034334 +/- 0.465804,lambdaDF_Bkg1 = 0.417596 +/- 410.327,lambdaDF_Bkg2 = 0.41414 +/- 988.141,lambdaDSS_Bkg1 = 0.279744 +/- 0.642153,lambdaDSS_Bkg2 = 0.99992 +/- 0.0546058,lambdaDSS_test1 = 0.5,lambdaDSS_test2 = 0.58,lambdaDSS_test3 = 0.34,m_{J/#Psi} = 3.09165 +/- 0.000446256,n_1_A = 1.28385,rS21_CtauRes = 2.92474 +/- 0.196868,rS32_CtauRes = 4.97158 +/- 0.375916,s1_CtauRes = 0.994607 +/- 0.0259245,sigma_1_A = 0.0418059 +/- 0.000431558,sl1 = -0.102918 +/- 0.0176394,sl2 = -0.0100587 +/- 0.0237262,x_A = 1.60948,zeroMean = 0)
     function value is NAN @ paramSet=(N_Bkg = 10422.1 +/- 154.79,N_Jpsi = 17396.8 +/- 175.879,alpha_1_A = 2.16069,b_Bkg = 0.759368 +/- 2.05668,b_Jpsi = 0.624741,ctau1_CtauRes = 0,ctau2_CtauRes = 0,ctau3_CtauRes = 0,f = 0.720778,f2_CtauRes = 1.02206e-06 +/- 1.40334e-05,fDF12 = 0.416499 +/- 164846,fDFSS = 0.949422 +/- 5.22043,fDLIV = 0.393305 +/- 2.31686,fDSS12 = 0.875485 +/- 0.206613,fDSS1_test = 0.78,fDSS2_test = 0.37,f_CtauRes = 0.912575 +/- 0.0175917,lambdaDDS_Bkg = 0.034334 +/- 0.465804,lambdaDF_Bkg1 = 0.417596 +/- 410.327,lambdaDF_Bkg2 = 0.41414 +/- 988.141,lambdaDSS_Bkg1 = 0.279744 +/- 0.642153,lambdaDSS_Bkg2 = 0.99992 +/- 0.0546058,lambdaDSS_test1 = 0.5,lambdaDSS_test2 = 0.58,lambdaDSS_test3 = 0.34,m_{J/#Psi} = 3.09165 +/- 0.000446256,n_1_A = 1.28385,rS21_CtauRes = 2.92474 +/- 0.196868,rS32_CtauRes = 4.97158 +/- 0.375916,s1_CtauRes = 0.994607 +/- 0.0259245,sigma_1_A = 0.0418059 +/- 0.000431558,sl1 = -0.102918 +/- 0.0176394,sl2 = -0.0100587 +/- 0.0237262,x_A = 1.60948,zeroMean = 0)

[#0] ERROR:Tracing -- RooGaussModel::getVal(ctauRes1_conv_exp(-@0/@1)_ctau3D_lambdaDSS_Bkg1_[pdfCTAUDSS1]) got nan during case 1 
[#0] ERROR:Tracing -- RooGaussModel::getVal(ctauRes3_conv_exp(-@0/@1)_ctau3D_lambdaDSS_Bkg1_[pdfCTAUDSS1]) got nan during case 1 
[#0] ERROR:Tracing -- RooGaussModel::getVal(ctauRes2_conv_exp(-@0/@1)_ctau3D_lambdaDSS_Bkg1_[pdfCTAUDSS1]) got nan during case 1 
[#0] ERROR:Tracing -- RooGaussModel::getVal(ctauRes1_conv_exp(-@0/@1)_ctau3D_lambdaDSS_Bkg1_[pdfCTAUDSS1]) got nan during case 1 
[#0] ERROR:Tracing -- RooGaussModel::getVal(ctauRes3_conv_exp(-@0/@1)_ctau3D_lambdaDSS_Bkg1_[pdfCTAUDSS1]) got nan during case 1 
[#0] ERROR:Tracing -- RooGaussModel::getVal(ctauRes2_conv_exp(-@0/@1)_ctau3D_lambdaDSS_Bkg1_[pdfCTAUDSS1]) got nan during case 1 
[#0] ERROR:Tracing -- RooGaussModel::getVal(ctauRes1_conv_exp(-@0/@1)_ctau3D_lambdaDSS_Bkg2_[pdfCTAUDSS2]) got nan during case 1 
[#0] ERROR:Tracing -- RooGaussModel::getVal(ctauRes3_conv_exp(-@0/@1)_ctau3D_lambdaDSS_Bkg2_[pdfCTAUDSS2]) got nan during case 1 
[#0] ERROR:Tracing -- RooGaussModel::getVal(ctauRes2_conv_exp(-@0/@1)_ctau3D_lambdaDSS_Bkg2_[pdfCTAUDSS2]) got nan during case 1 
[#0] ERROR:Tracing -- RooGaussModel::getVal(ctauRes1_conv_exp(-@0/@1)_ctau3D_lambdaDSS_Bkg2_[pdfCTAUDSS2]) got nan during case 1 
[#0] ERROR:Tracing -- RooGaussModel::getVal(ctauRes3_conv_exp(-@0/@1)_ctau3D_lambdaDSS_Bkg2_[pdfCTAUDSS2]) got nan during case 1 
[#0] ERROR:Tracing -- RooGaussModel::getVal(ctauRes2_conv_exp(-@0/@1)_ctau3D_lambdaDSS_Bkg2_[pdfCTAUDSS2]) got nan during case 1 
[#0] ERROR:Tracing -- RooGaussModel::getVal(ctauRes1_conv_exp(@0/@1)_ctau3D_lambdaDF_Bkg1_[pdfCTAUDF1]) got nan during case 1 
[#0] ERROR:Tracing -- RooGaussModel::getVal(ctauRes3_conv_exp(@0/@1)_ctau3D_lambdaDF_Bkg1_[pdfCTAUDF1]) got nan during case 1 
[#0] ERROR:Tracing -- RooGaussModel::getVal(ctauRes2_conv_exp(@0/@1)_ctau3D_lambdaDF_Bkg1_[pdfCTAUDF1]) got nan during case 1 
[#0] ERROR:Tracing -- RooGaussModel::getVal(ctauRes1_conv_exp(@0/@1)_ctau3D_lambdaDF_Bkg1_[pdfCTAUDF1]) got nan during case 1 
[#0] ERROR:Tracing -- RooGaussModel::getVal(ctauRes3_conv_exp(@0/@1)_ctau3D_lambdaDF_Bkg1_[pdfCTAUDF1]) got nan during case 1 
[#0] ERROR:Tracing -- RooGaussModel::getVal(ctauRes2_conv_exp(@0/@1)_ctau3D_lambdaDF_Bkg1_[pdfCTAUDF1]) got nan during case 1 
[#0] ERROR:Tracing -- RooGaussModel::getVal(ctauRes1_conv_exp(@0/@1)_ctau3D_lambdaDF_Bkg2_[pdfCTAUDF2]) got nan during case 1 
[#0] ERROR:Tracing -- RooGaussModel::getVal(ctauRes3_conv_exp(@0/@1)_ctau3D_lambdaDF_Bkg2_[pdfCTAUDF2]) got nan during case 1 
[#0] ERROR:Tracing -- RooGaussModel::getVal(ctauRes2_conv_exp(@0/@1)_ctau3D_lambdaDF_Bkg2_[pdfCTAUDF2]) got nan during case 1 
[#0] ERROR:Tracing -- RooGaussModel::getVal(ctauRes1_conv_exp(@0/@1)_ctau3D_lambdaDF_Bkg2_[pdfCTAUDF2]) got nan during case 1 
[#0] ERROR:Tracing -- RooGaussModel::getVal(ctauRes3_conv_exp(@0/@1)_ctau3D_lambdaDF_Bkg2_[pdfCTAUDF2]) got nan during case 1 
[#0] ERROR:Tracing -- RooGaussModel::getVal(ctauRes2_conv_exp(@0/@1)_ctau3D_lambdaDF_Bkg2_[pdfCTAUDF2]) got nan during case 1 
[#0] ERROR:Tracing -- RooGaussModel::getVal(ctauRes1_conv_exp(-abs(@0)/@1)_ctau3D_lambdaDDS_Bkg_[pdfCTAUDDS]) got nan during case 1 
[#0] ERROR:Tracing -- RooGaussModel::getVal(ctauRes3_conv_exp(-abs(@0)/@1)_ctau3D_lambdaDDS_Bkg_[pdfCTAUDDS]) got nan during case 1 
[#0] ERROR:Tracing -- RooGaussModel::getVal(ctauRes2_conv_exp(-abs(@0)/@1)_ctau3D_lambdaDDS_Bkg_[pdfCTAUDDS]) got nan during case 1 
[#0] ERROR:Tracing -- RooGaussModel::getVal(ctauRes1_conv_exp(-abs(@0)/@1)_ctau3D_lambdaDDS_Bkg_[pdfCTAUDDS]) got nan during case 1 
[#0] ERROR:Tracing -- RooGaussModel::getVal(ctauRes3_conv_exp(-abs(@0)/@1)_ctau3D_lambdaDDS_Bkg_[pdfCTAUDDS]) got nan during case 1 
[#0] ERROR:Tracing -- RooGaussModel::getVal(ctauRes2_conv_exp(-abs(@0)/@1)_ctau3D_lambdaDDS_Bkg_[pdfCTAUDDS]) got nan during case 1 
[#0] WARNING:Minization -- RooMinimizerFcn: Minimized function has error status.
Returning maximum FCN so far (-1e+30) to force MIGRAD to back out of this region. Error log follows
Parameter values: b_Jpsi=0.624741
RooNLLVar::nll_pdfCTAUMASS_Tot_dsToFit[ paramSet=(N_Bkg,N_Jpsi,alpha_1_A,b_Bkg,b_Jpsi,ctau1_CtauRes,ctau2_CtauRes,ctau3_CtauRes,f,f2_CtauRes,fDF12,fDFSS,fDLIV,fDSS12,fDSS1_test,fDSS2_test,f_CtauRes,lambdaDDS_Bkg,lambdaDF_Bkg1,lambdaDF_Bkg2,lambdaDSS_Bkg1,lambdaDSS_Bkg2,lambdaDSS_test1,lambdaDSS_test2,lambdaDSS_test3,m_{J/#Psi},n_1_A,rS21_CtauRes,rS32_CtauRes,s1_CtauRes,sigma_1_A,sl1,sl2,x_A,zeroMean) ]
     function value is NAN @ paramSet=(N_Bkg = 10422.1 +/- 154.79,N_Jpsi = 17396.8 +/- 175.879,alpha_1_A = 2.16069,b_Bkg = 0.759368 +/- 2.05668,b_Jpsi = 0.624741,ctau1_CtauRes = 0,ctau2_CtauRes = 0,ctau3_CtauRes = 0,f = 0.720778,f2_CtauRes = 1.02206e-06 +/- 1.40334e-05,fDF12 = 0.416499 +/- 164846,fDFSS = 0.949422 +/- 5.22043,fDLIV = 0.393305 +/- 2.31686,fDSS12 = 0.875485 +/- 0.206613,fDSS1_test = 0.78,fDSS2_test = 0.37,f_CtauRes = 0.912575 +/- 0.0175917,lambdaDDS_Bkg = 0.034334 +/- 0.465804,lambdaDF_Bkg1 = 0.417596 +/- 410.327,lambdaDF_Bkg2 = 0.41414 +/- 988.141,lambdaDSS_Bkg1 = 0.279744 +/- 0.642153,lambdaDSS_Bkg2 = 0.99992 +/- 0.0546058,lambdaDSS_test1 = 0.5,lambdaDSS_test2 = 0.58,lambdaDSS_test3 = 0.34,m_{J/#Psi} = 3.09165 +/- 0.000446256,n_1_A = 1.28385,rS21_CtauRes = 2.92474 +/- 0.196868,rS32_CtauRes = 4.97158 +/- 0.375916,s1_CtauRes = 0.994607 +/- 0.0259245,sigma_1_A = 0.0418059 +/- 0.000431558,sl1 = -0.102918 +/- 0.0176394,sl2 = -0.0100587 +/- 0.0237262,x_A = 1.60948,zeroMean = 0)
PID3856008/RooRealMPFE::nll_pdfCTAUMASS_Tot_dsToFit_597526bcd3d0_MPFE4[ arg=nll_pdfCTAUMASS_Tot_dsToFit_GOF4 vars=(N_Bkg,N_Jpsi,alpha_1_A,b_Bkg,b_Jpsi,ctau1_CtauRes,ctau2_CtauRes,ctau3_CtauRes,f,f2_CtauRes,fDF12,fDFSS,fDLIV,fDSS12,fDSS1_test,fDSS2_test,f_CtauRes,lambdaDDS_Bkg,lambdaDF_Bkg1,lambdaDF_Bkg2,lambdaDSS_Bkg1,lambdaDSS_Bkg2,lambdaDSS_test1,lambdaDSS_test2,lambdaDSS_test3,m_{J/#Psi},n_1_A,rS21_CtauRes,rS32_CtauRes,s1_CtauRes,sigma_1_A,sl1,sl2,x_A,zeroMean) ]
     function value is NAN @ paramSet=(N_Bkg = 10422.1 +/- 154.79,N_Jpsi = 17396.8 +/- 175.879,alpha_1_A = 2.16069,b_Bkg = 0.759368 +/- 2.05668,b_Jpsi = 0.624741,ctau1_CtauRes = 0,ctau2_CtauRes = 0,ctau3_CtauRes = 0,f = 0.720778,f2_CtauRes = 1.02206e-06 +/- 1.40334e-05,fDF12 = 0.416499 +/- 164846,fDFSS = 0.949422 +/- 5.22043,fDLIV = 0.393305 +/- 2.31686,fDSS12 = 0.875485 +/- 0.206613,fDSS1_test = 0.78,fDSS2_test = 0.37,f_CtauRes = 0.912575 +/- 0.0175917,lambdaDDS_Bkg = 0.034334 +/- 0.465804,lambdaDF_Bkg1 = 0.417596 +/- 410.327,lambdaDF_Bkg2 = 0.41414 +/- 988.141,lambdaDSS_Bkg1 = 0.279744 +/- 0.642153,lambdaDSS_Bkg2 = 0.99992 +/- 0.0546058,lambdaDSS_test1 = 0.5,lambdaDSS_test2 = 0.58,lambdaDSS_test3 = 0.34,m_{J/#Psi} = 3.09165 +/- 0.000446256,n_1_A = 1.28385,rS21_CtauRes = 2.92474 +/- 0.196868,rS32_CtauRes = 4.97158 +/- 0.375916,s1_CtauRes = 0.994607 +/- 0.0259245,sigma_1_A = 0.0418059 +/- 0.000431558,sl1 = -0.102918 +/- 0.0176394,sl2 = -0.0100587 +/- 0.0237262,x_A = 1.60948,zeroMean = 0)
     function value is NAN @ paramSet=(N_Bkg = 10422.1 +/- 154.79,N_Jpsi = 17396.8 +/- 175.879,alpha_1_A = 2.16069,b_Bkg = 0.759368 +/- 2.05668,b_Jpsi = 0.624741,ctau1_CtauRes = 0,ctau2_CtauRes = 0,ctau3_CtauRes = 0,f = 0.720778,f2_CtauRes = 1.02206e-06 +/- 1.40334e-05,fDF12 = 0.416499 +/- 164846,fDFSS = 0.949422 +/- 5.22043,fDLIV = 0.393305 +/- 2.31686,fDSS12 = 0.875485 +/- 0.206613,fDSS1_test = 0.78,fDSS2_test = 0.37,f_CtauRes = 0.912575 +/- 0.0175917,lambdaDDS_Bkg = 0.034334 +/- 0.465804,lambdaDF_Bkg1 = 0.417596 +/- 410.327,lambdaDF_Bkg2 = 0.41414 +/- 988.141,lambdaDSS_Bkg1 = 0.279744 +/- 0.642153,lambdaDSS_Bkg2 = 0.99992 +/- 0.0546058,lambdaDSS_test1 = 0.5,lambdaDSS_test2 = 0.58,lambdaDSS_test3 = 0.34,m_{J/#Psi} = 3.09165 +/- 0.000446256,n_1_A = 1.28385,rS21_CtauRes = 2.92474 +/- 0.196868,rS32_CtauRes = 4.97158 +/- 0.375916,s1_CtauRes = 0.994607 +/- 0.0259245,sigma_1_A = 0.0418059 +/- 0.000431558,sl1 = -0.102918 +/- 0.0176394,sl2 = -0.0100587 +/- 0.0237262,x_A = 1.60948,zeroMean = 0)

[#0] ERROR:Tracing -- RooGaussModel::getVal(ctauRes1_conv_exp(-@0/@1)_ctau3D_lambdaDSS_Bkg1_[pdfCTAUDSS1]) got nan during case 1 
[#0] ERROR:Tracing -- RooGaussModel::getVal(ctauRes3_conv_exp(-@0/@1)_ctau3D_lambdaDSS_Bkg1_[pdfCTAUDSS1]) got nan during case 1 
[#0] ERROR:Tracing -- RooGaussModel::getVal(ctauRes2_conv_exp(-@0/@1)_ctau3D_lambdaDSS_Bkg1_[pdfCTAUDSS1]) got nan during case 1 
[#0] ERROR:Tracing -- RooGaussModel::getVal(ctauRes1_conv_exp(-@0/@1)_ctau3D_lambdaDSS_Bkg1_[pdfCTAUDSS1]) got nan during case 1 
[#0] ERROR:Tracing -- RooGaussModel::getVal(ctauRes3_conv_exp(-@0/@1)_ctau3D_lambdaDSS_Bkg1_[pdfCTAUDSS1]) got nan during case 1 
[#0] ERROR:Tracing -- RooGaussModel::getVal(ctauRes2_conv_exp(-@0/@1)_ctau3D_lambdaDSS_Bkg1_[pdfCTAUDSS1]) got nan during case 1 
[#0] ERROR:Tracing -- RooGaussModel::getVal(ctauRes1_conv_exp(-@0/@1)_ctau3D_lambdaDSS_Bkg2_[pdfCTAUDSS2]) got nan during case 1 
[#0] ERROR:Tracing -- RooGaussModel::getVal(ctauRes3_conv_exp(-@0/@1)_ctau3D_lambdaDSS_Bkg2_[pdfCTAUDSS2]) got nan during case 1 
[#0] ERROR:Tracing -- RooGaussModel::getVal(ctauRes2_conv_exp(-@0/@1)_ctau3D_lambdaDSS_Bkg2_[pdfCTAUDSS2]) got nan during case 1 
[#0] ERROR:Tracing -- RooGaussModel::getVal(ctauRes1_conv_exp(-@0/@1)_ctau3D_lambdaDSS_Bkg2_[pdfCTAUDSS2]) got nan during case 1 
[#0] ERROR:Tracing -- RooGaussModel::getVal(ctauRes3_conv_exp(-@0/@1)_ctau3D_lambdaDSS_Bkg2_[pdfCTAUDSS2]) got nan during case 1 
[#0] ERROR:Tracing -- RooGaussModel::getVal(ctauRes2_conv_exp(-@0/@1)_ctau3D_lambdaDSS_Bkg2_[pdfCTAUDSS2]) got nan during case 1 
[#0] ERROR:Tracing -- RooGaussModel::getVal(ctauRes1_conv_exp(@0/@1)_ctau3D_lambdaDF_Bkg1_[pdfCTAUDF1]) got nan during case 1 
[#0] ERROR:Tracing -- RooGaussModel::getVal(ctauRes3_conv_exp(@0/@1)_ctau3D_lambdaDF_Bkg1_[pdfCTAUDF1]) got nan during case 1 
[#0] ERROR:Tracing -- RooGaussModel::getVal(ctauRes2_conv_exp(@0/@1)_ctau3D_lambdaDF_Bkg1_[pdfCTAUDF1]) got nan during case 1 
[#0] ERROR:Tracing -- RooGaussModel::getVal(ctauRes1_conv_exp(@0/@1)_ctau3D_lambdaDF_Bkg1_[pdfCTAUDF1]) got nan during case 1 
[#0] ERROR:Tracing -- RooGaussModel::getVal(ctauRes3_conv_exp(@0/@1)_ctau3D_lambdaDF_Bkg1_[pdfCTAUDF1]) got nan during case 1 
[#0] ERROR:Tracing -- RooGaussModel::getVal(ctauRes2_conv_exp(@0/@1)_ctau3D_lambdaDF_Bkg1_[pdfCTAUDF1]) got nan during case 1 
[#0] ERROR:Tracing -- RooGaussModel::getVal(ctauRes1_conv_exp(@0/@1)_ctau3D_lambdaDF_Bkg2_[pdfCTAUDF2]) got nan during case 1 
[#0] ERROR:Tracing -- RooGaussModel::getVal(ctauRes3_conv_exp(@0/@1)_ctau3D_lambdaDF_Bkg2_[pdfCTAUDF2]) got nan during case 1 
[#0] ERROR:Tracing -- RooGaussModel::getVal(ctauRes2_conv_exp(@0/@1)_ctau3D_lambdaDF_Bkg2_[pdfCTAUDF2]) got nan during case 1 
[#0] ERROR:Tracing -- RooGaussModel::getVal(ctauRes1_conv_exp(@0/@1)_ctau3D_lambdaDF_Bkg2_[pdfCTAUDF2]) got nan during case 1 
[#0] ERROR:Tracing -- RooGaussModel::getVal(ctauRes3_conv_exp(@0/@1)_ctau3D_lambdaDF_Bkg2_[pdfCTAUDF2]) got nan during case 1 
[#0] ERROR:Tracing -- RooGaussModel::getVal(ctauRes2_conv_exp(@0/@1)_ctau3D_lambdaDF_Bkg2_[pdfCTAUDF2]) got nan during case 1 
[#0] ERROR:Tracing -- RooGaussModel::getVal(ctauRes1_conv_exp(-abs(@0)/@1)_ctau3D_lambdaDDS_Bkg_[pdfCTAUDDS]) got nan during case 1 
[#0] ERROR:Tracing -- RooGaussModel::getVal(ctauRes3_conv_exp(-abs(@0)/@1)_ctau3D_lambdaDDS_Bkg_[pdfCTAUDDS]) got nan during case 1 
[#0] ERROR:Tracing -- RooGaussModel::getVal(ctauRes2_conv_exp(-abs(@0)/@1)_ctau3D_lambdaDDS_Bkg_[pdfCTAUDDS]) got nan during case 1 
[#0] ERROR:Tracing -- RooGaussModel::getVal(ctauRes1_conv_exp(-abs(@0)/@1)_ctau3D_lambdaDDS_Bkg_[pdfCTAUDDS]) got nan during case 1 
[#0] ERROR:Tracing -- RooGaussModel::getVal(ctauRes3_conv_exp(-abs(@0)/@1)_ctau3D_lambdaDDS_Bkg_[pdfCTAUDDS]) got nan during case 1 
[#0] ERROR:Tracing -- RooGaussModel::getVal(ctauRes2_conv_exp(-abs(@0)/@1)_ctau3D_lambdaDDS_Bkg_[pdfCTAUDDS]) got nan during case 1 
[#0] WARNING:Minization -- RooMinimizerFcn: Minimized function has error status.
Returning maximum FCN so far (-1e+30) to force MIGRAD to back out of this region. Error log follows
Parameter values: b_Jpsi=0.624741
RooNLLVar::nll_pdfCTAUMASS_Tot_dsToFit[ paramSet=(N_Bkg,N_Jpsi,alpha_1_A,b_Bkg,b_Jpsi,ctau1_CtauRes,ctau2_CtauRes,ctau3_CtauRes,f,f2_CtauRes,fDF12,fDFSS,fDLIV,fDSS12,fDSS1_test,fDSS2_test,f_CtauRes,lambdaDDS_Bkg,lambdaDF_Bkg1,lambdaDF_Bkg2,lambdaDSS_Bkg1,lambdaDSS_Bkg2,lambdaDSS_test1,lambdaDSS_test2,lambdaDSS_test3,m_{J/#Psi},n_1_A,rS21_CtauRes,rS32_CtauRes,s1_CtauRes,sigma_1_A,sl1,sl2,x_A,zeroMean) ]
     function value is NAN @ paramSet=(N_Bkg = 10422.1 +/- 154.79,N_Jpsi = 17396.8 +/- 175.879,alpha_1_A = 2.16069,b_Bkg = 0.759368 +/- 2.05668,b_Jpsi = 0.624741,ctau1_CtauRes = 0,ctau2_CtauRes = 0,ctau3_CtauRes = 0,f = 0.720778,f2_CtauRes = 1.02206e-06 +/- 1.40334e-05,fDF12 = 0.416499 +/- 164846,fDFSS = 0.949422 +/- 5.22043,fDLIV = 0.393305 +/- 2.31686,fDSS12 = 0.875485 +/- 0.206613,fDSS1_test = 0.78,fDSS2_test = 0.37,f_CtauRes = 0.912575 +/- 0.0175917,lambdaDDS_Bkg = 0.034334 +/- 0.465804,lambdaDF_Bkg1 = 0.417596 +/- 410.327,lambdaDF_Bkg2 = 0.41414 +/- 988.141,lambdaDSS_Bkg1 = 0.279744 +/- 0.642153,lambdaDSS_Bkg2 = 0.99992 +/- 0.0546058,lambdaDSS_test1 = 0.5,lambdaDSS_test2 = 0.58,lambdaDSS_test3 = 0.34,m_{J/#Psi} = 3.09165 +/- 0.000446256,n_1_A = 1.28385,rS21_CtauRes = 2.92474 +/- 0.196868,rS32_CtauRes = 4.97158 +/- 0.375916,s1_CtauRes = 0.994607 +/- 0.0259245,sigma_1_A = 0.0418059 +/- 0.000431558,sl1 = -0.102918 +/- 0.0176394,sl2 = -0.0100587 +/- 0.0237262,x_A = 1.60948,zeroMean = 0)
PID3856008/RooRealMPFE::nll_pdfCTAUMASS_Tot_dsToFit_597526bcd3d0_MPFE4[ arg=nll_pdfCTAUMASS_Tot_dsToFit_GOF4 vars=(N_Bkg,N_Jpsi,alpha_1_A,b_Bkg,b_Jpsi,ctau1_CtauRes,ctau2_CtauRes,ctau3_CtauRes,f,f2_CtauRes,fDF12,fDFSS,fDLIV,fDSS12,fDSS1_test,fDSS2_test,f_CtauRes,lambdaDDS_Bkg,lambdaDF_Bkg1,lambdaDF_Bkg2,lambdaDSS_Bkg1,lambdaDSS_Bkg2,lambdaDSS_test1,lambdaDSS_test2,lambdaDSS_test3,m_{J/#Psi},n_1_A,rS21_CtauRes,rS32_CtauRes,s1_CtauRes,sigma_1_A,sl1,sl2,x_A,zeroMean) ]
     function value is NAN @ paramSet=(N_Bkg = 10422.1 +/- 154.79,N_Jpsi = 17396.8 +/- 175.879,alpha_1_A = 2.16069,b_Bkg = 0.759368 +/- 2.05668,b_Jpsi = 0.624741,ctau1_CtauRes = 0,ctau2_CtauRes = 0,ctau3_CtauRes = 0,f = 0.720778,f2_CtauRes = 1.02206e-06 +/- 1.40334e-05,fDF12 = 0.416499 +/- 164846,fDFSS = 0.949422 +/- 5.22043,fDLIV = 0.393305 +/- 2.31686,fDSS12 = 0.875485 +/- 0.206613,fDSS1_test = 0.78,fDSS2_test = 0.37,f_CtauRes = 0.912575 +/- 0.0175917,lambdaDDS_Bkg = 0.034334 +/- 0.465804,lambdaDF_Bkg1 = 0.417596 +/- 410.327,lambdaDF_Bkg2 = 0.41414 +/- 988.141,lambdaDSS_Bkg1 = 0.279744 +/- 0.642153,lambdaDSS_Bkg2 = 0.99992 +/- 0.0546058,lambdaDSS_test1 = 0.5,lambdaDSS_test2 = 0.58,lambdaDSS_test3 = 0.34,m_{J/#Psi} = 3.09165 +/- 0.000446256,n_1_A = 1.28385,rS21_CtauRes = 2.92474 +/- 0.196868,rS32_CtauRes = 4.97158 +/- 0.375916,s1_CtauRes = 0.994607 +/- 0.0259245,sigma_1_A = 0.0418059 +/- 0.000431558,sl1 = -0.102918 +/- 0.0176394,sl2 = -0.0100587 +/- 0.0237262,x_A = 1.60948,zeroMean = 0)
     function value is NAN @ paramSet=(N_Bkg = 10422.1 +/- 154.79,N_Jpsi = 17396.8 +/- 175.879,alpha_1_A = 2.16069,b_Bkg = 0.759368 +/- 2.05668,b_Jpsi = 0.624741,ctau1_CtauRes = 0,ctau2_CtauRes = 0,ctau3_CtauRes = 0,f = 0.720778,f2_CtauRes = 1.02206e-06 +/- 1.40334e-05,fDF12 = 0.416499 +/- 164846,fDFSS = 0.949422 +/- 5.22043,fDLIV = 0.393305 +/- 2.31686,fDSS12 = 0.875485 +/- 0.206613,fDSS1_test = 0.78,fDSS2_test = 0.37,f_CtauRes = 0.912575 +/- 0.0175917,lambdaDDS_Bkg = 0.034334 +/- 0.465804,lambdaDF_Bkg1 = 0.417596 +/- 410.327,lambdaDF_Bkg2 = 0.41414 +/- 988.141,lambdaDSS_Bkg1 = 0.279744 +/- 0.642153,lambdaDSS_Bkg2 = 0.99992 +/- 0.0546058,lambdaDSS_test1 = 0.5,lambdaDSS_test2 = 0.58,lambdaDSS_test3 = 0.34,m_{J/#Psi} = 3.09165 +/- 0.000446256,n_1_A = 1.28385,rS21_CtauRes = 2.92474 +/- 0.196868,rS32_CtauRes = 4.97158 +/- 0.375916,s1_CtauRes = 0.994607 +/- 0.0259245,sigma_1_A = 0.0418059 +/- 0.000431558,sl1 = -0.102918 +/- 0.0176394,sl2 = -0.0100587 +/- 0.0237262,x_A = 1.60948,zeroMean = 0)

[#0] ERROR:Tracing -- RooGaussModel::getVal(ctauRes1_conv_exp(-@0/@1)_ctau3D_lambdaDSS_Bkg1_[pdfCTAUDSS1]) got nan during case 1 
[#0] ERROR:Tracing -- RooGaussModel::getVal(ctauRes3_conv_exp(-@0/@1)_ctau3D_lambdaDSS_Bkg1_[pdfCTAUDSS1]) got nan during case 1 
[#0] ERROR:Tracing -- RooGaussModel::getVal(ctauRes2_conv_exp(-@0/@1)_ctau3D_lambdaDSS_Bkg1_[pdfCTAUDSS1]) got nan during case 1 
[#0] ERROR:Tracing -- RooGaussModel::getVal(ctauRes1_conv_exp(-@0/@1)_ctau3D_lambdaDSS_Bkg1_[pdfCTAUDSS1]) got nan during case 1 
[#0] ERROR:Tracing -- RooGaussModel::getVal(ctauRes3_conv_exp(-@0/@1)_ctau3D_lambdaDSS_Bkg1_[pdfCTAUDSS1]) got nan during case 1 
[#0] ERROR:Tracing -- RooGaussModel::getVal(ctauRes2_conv_exp(-@0/@1)_ctau3D_lambdaDSS_Bkg1_[pdfCTAUDSS1]) got nan during case 1 
[#0] ERROR:Tracing -- RooGaussModel::getVal(ctauRes1_conv_exp(-@0/@1)_ctau3D_lambdaDSS_Bkg2_[pdfCTAUDSS2]) got nan during case 1 
[#0] ERROR:Tracing -- RooGaussModel::getVal(ctauRes3_conv_exp(-@0/@1)_ctau3D_lambdaDSS_Bkg2_[pdfCTAUDSS2]) got nan during case 1 
[#0] ERROR:Tracing -- RooGaussModel::getVal(ctauRes2_conv_exp(-@0/@1)_ctau3D_lambdaDSS_Bkg2_[pdfCTAUDSS2]) got nan during case 1 
[#0] ERROR:Tracing -- RooGaussModel::getVal(ctauRes1_conv_exp(-@0/@1)_ctau3D_lambdaDSS_Bkg2_[pdfCTAUDSS2]) got nan during case 1 
[#0] ERROR:Tracing -- RooGaussModel::getVal(ctauRes3_conv_exp(-@0/@1)_ctau3D_lambdaDSS_Bkg2_[pdfCTAUDSS2]) got nan during case 1 
[#0] ERROR:Tracing -- RooGaussModel::getVal(ctauRes2_conv_exp(-@0/@1)_ctau3D_lambdaDSS_Bkg2_[pdfCTAUDSS2]) got nan during case 1 
[#0] ERROR:Tracing -- RooGaussModel::getVal(ctauRes1_conv_exp(@0/@1)_ctau3D_lambdaDF_Bkg1_[pdfCTAUDF1]) got nan during case 1 
[#0] ERROR:Tracing -- RooGaussModel::getVal(ctauRes3_conv_exp(@0/@1)_ctau3D_lambdaDF_Bkg1_[pdfCTAUDF1]) got nan during case 1 
[#0] ERROR:Tracing -- RooGaussModel::getVal(ctauRes2_conv_exp(@0/@1)_ctau3D_lambdaDF_Bkg1_[pdfCTAUDF1]) got nan during case 1 
[#0] ERROR:Tracing -- RooGaussModel::getVal(ctauRes1_conv_exp(@0/@1)_ctau3D_lambdaDF_Bkg1_[pdfCTAUDF1]) got nan during case 1 
[#0] ERROR:Tracing -- RooGaussModel::getVal(ctauRes3_conv_exp(@0/@1)_ctau3D_lambdaDF_Bkg1_[pdfCTAUDF1]) got nan during case 1 
[#0] ERROR:Tracing -- RooGaussModel::getVal(ctauRes2_conv_exp(@0/@1)_ctau3D_lambdaDF_Bkg1_[pdfCTAUDF1]) got nan during case 1 
[#0] ERROR:Tracing -- RooGaussModel::getVal(ctauRes1_conv_exp(@0/@1)_ctau3D_lambdaDF_Bkg2_[pdfCTAUDF2]) got nan during case 1 
[#0] ERROR:Tracing -- RooGaussModel::getVal(ctauRes3_conv_exp(@0/@1)_ctau3D_lambdaDF_Bkg2_[pdfCTAUDF2]) got nan during case 1 
[#0] ERROR:Tracing -- RooGaussModel::getVal(ctauRes2_conv_exp(@0/@1)_ctau3D_lambdaDF_Bkg2_[pdfCTAUDF2]) got nan during case 1 
[#0] ERROR:Tracing -- RooGaussModel::getVal(ctauRes1_conv_exp(@0/@1)_ctau3D_lambdaDF_Bkg2_[pdfCTAUDF2]) got nan during case 1 
[#0] ERROR:Tracing -- RooGaussModel::getVal(ctauRes3_conv_exp(@0/@1)_ctau3D_lambdaDF_Bkg2_[pdfCTAUDF2]) got nan during case 1 
[#0] ERROR:Tracing -- RooGaussModel::getVal(ctauRes2_conv_exp(@0/@1)_ctau3D_lambdaDF_Bkg2_[pdfCTAUDF2]) got nan during case 1 
[#0] ERROR:Tracing -- RooGaussModel::getVal(ctauRes1_conv_exp(-abs(@0)/@1)_ctau3D_lambdaDDS_Bkg_[pdfCTAUDDS]) got nan during case 1 
[#0] ERROR:Tracing -- RooGaussModel::getVal(ctauRes3_conv_exp(-abs(@0)/@1)_ctau3D_lambdaDDS_Bkg_[pdfCTAUDDS]) got nan during case 1 
[#0] ERROR:Tracing -- RooGaussModel::getVal(ctauRes2_conv_exp(-abs(@0)/@1)_ctau3D_lambdaDDS_Bkg_[pdfCTAUDDS]) got nan during case 1 
[#0] ERROR:Tracing -- RooGaussModel::getVal(ctauRes1_conv_exp(-abs(@0)/@1)_ctau3D_lambdaDDS_Bkg_[pdfCTAUDDS]) got nan during case 1 
[#0] ERROR:Tracing -- RooGaussModel::getVal(ctauRes3_conv_exp(-abs(@0)/@1)_ctau3D_lambdaDDS_Bkg_[pdfCTAUDDS]) got nan during case 1 
[#0] ERROR:Tracing -- RooGaussModel::getVal(ctauRes2_conv_exp(-abs(@0)/@1)_ctau3D_lambdaDDS_Bkg_[pdfCTAUDDS]) got nan during case 1 
[#0] WARNING:Minization -- RooMinimizerFcn: Minimized function has error status.
Returning maximum FCN so far (-1e+30) to force MIGRAD to back out of this region. Error log follows
Parameter values: b_Jpsi=0.624741
RooNLLVar::nll_pdfCTAUMASS_Tot_dsToFit[ paramSet=(N_Bkg,N_Jpsi,alpha_1_A,b_Bkg,b_Jpsi,ctau1_CtauRes,ctau2_CtauRes,ctau3_CtauRes,f,f2_CtauRes,fDF12,fDFSS,fDLIV,fDSS12,fDSS1_test,fDSS2_test,f_CtauRes,lambdaDDS_Bkg,lambdaDF_Bkg1,lambdaDF_Bkg2,lambdaDSS_Bkg1,lambdaDSS_Bkg2,lambdaDSS_test1,lambdaDSS_test2,lambdaDSS_test3,m_{J/#Psi},n_1_A,rS21_CtauRes,rS32_CtauRes,s1_CtauRes,sigma_1_A,sl1,sl2,x_A,zeroMean) ]
     function value is NAN @ paramSet=(N_Bkg = 10422.1 +/- 154.79,N_Jpsi = 17396.8 +/- 175.879,alpha_1_A = 2.16069,b_Bkg = 0.759368 +/- 2.05668,b_Jpsi = 0.624741,ctau1_CtauRes = 0,ctau2_CtauRes = 0,ctau3_CtauRes = 0,f = 0.720778,f2_CtauRes = 1.02206e-06 +/- 1.40334e-05,fDF12 = 0.416499 +/- 164846,fDFSS = 0.949422 +/- 5.22043,fDLIV = 0.393305 +/- 2.31686,fDSS12 = 0.875485 +/- 0.206613,fDSS1_test = 0.78,fDSS2_test = 0.37,f_CtauRes = 0.912575 +/- 0.0175917,lambdaDDS_Bkg = 0.034334 +/- 0.465804,lambdaDF_Bkg1 = 0.417596 +/- 410.327,lambdaDF_Bkg2 = 0.41414 +/- 988.141,lambdaDSS_Bkg1 = 0.279744 +/- 0.642153,lambdaDSS_Bkg2 = 0.99992 +/- 0.0546058,lambdaDSS_test1 = 0.5,lambdaDSS_test2 = 0.58,lambdaDSS_test3 = 0.34,m_{J/#Psi} = 3.09165 +/- 0.000446256,n_1_A = 1.28385,rS21_CtauRes = 2.92474 +/- 0.196868,rS32_CtauRes = 4.97158 +/- 0.375916,s1_CtauRes = 0.994607 +/- 0.0259245,sigma_1_A = 0.0418059 +/- 0.000431558,sl1 = -0.102918 +/- 0.0176394,sl2 = -0.0100587 +/- 0.0237262,x_A = 1.60948,zeroMean = 0)
PID3856008/RooRealMPFE::nll_pdfCTAUMASS_Tot_dsToFit_597526bcd3d0_MPFE4[ arg=nll_pdfCTAUMASS_Tot_dsToFit_GOF4 vars=(N_Bkg,N_Jpsi,alpha_1_A,b_Bkg,b_Jpsi,ctau1_CtauRes,ctau2_CtauRes,ctau3_CtauRes,f,f2_CtauRes,fDF12,fDFSS,fDLIV,fDSS12,fDSS1_test,fDSS2_test,f_CtauRes,lambdaDDS_Bkg,lambdaDF_Bkg1,lambdaDF_Bkg2,lambdaDSS_Bkg1,lambdaDSS_Bkg2,lambdaDSS_test1,lambdaDSS_test2,lambdaDSS_test3,m_{J/#Psi},n_1_A,rS21_CtauRes,rS32_CtauRes,s1_CtauRes,sigma_1_A,sl1,sl2,x_A,zeroMean) ]
     function value is NAN @ paramSet=(N_Bkg = 10422.1 +/- 154.79,N_Jpsi = 17396.8 +/- 175.879,alpha_1_A = 2.16069,b_Bkg = 0.759368 +/- 2.05668,b_Jpsi = 0.624741,ctau1_CtauRes = 0,ctau2_CtauRes = 0,ctau3_CtauRes = 0,f = 0.720778,f2_CtauRes = 1.02206e-06 +/- 1.40334e-05,fDF12 = 0.416499 +/- 164846,fDFSS = 0.949422 +/- 5.22043,fDLIV = 0.393305 +/- 2.31686,fDSS12 = 0.875485 +/- 0.206613,fDSS1_test = 0.78,fDSS2_test = 0.37,f_CtauRes = 0.912575 +/- 0.0175917,lambdaDDS_Bkg = 0.034334 +/- 0.465804,lambdaDF_Bkg1 = 0.417596 +/- 410.327,lambdaDF_Bkg2 = 0.41414 +/- 988.141,lambdaDSS_Bkg1 = 0.279744 +/- 0.642153,lambdaDSS_Bkg2 = 0.99992 +/- 0.0546058,lambdaDSS_test1 = 0.5,lambdaDSS_test2 = 0.58,lambdaDSS_test3 = 0.34,m_{J/#Psi} = 3.09165 +/- 0.000446256,n_1_A = 1.28385,rS21_CtauRes = 2.92474 +/- 0.196868,rS32_CtauRes = 4.97158 +/- 0.375916,s1_CtauRes = 0.994607 +/- 0.0259245,sigma_1_A = 0.0418059 +/- 0.000431558,sl1 = -0.102918 +/- 0.0176394,sl2 = -0.0100587 +/- 0.0237262,x_A = 1.60948,zeroMean = 0)
     function value is NAN @ paramSet=(N_Bkg = 10422.1 +/- 154.79,N_Jpsi = 17396.8 +/- 175.879,alpha_1_A = 2.16069,b_Bkg = 0.759368 +/- 2.05668,b_Jpsi = 0.624741,ctau1_CtauRes = 0,ctau2_CtauRes = 0,ctau3_CtauRes = 0,f = 0.720778,f2_CtauRes = 1.02206e-06 +/- 1.40334e-05,fDF12 = 0.416499 +/- 164846,fDFSS = 0.949422 +/- 5.22043,fDLIV = 0.393305 +/- 2.31686,fDSS12 = 0.875485 +/- 0.206613,fDSS1_test = 0.78,fDSS2_test = 0.37,f_CtauRes = 0.912575 +/- 0.0175917,lambdaDDS_Bkg = 0.034334 +/- 0.465804,lambdaDF_Bkg1 = 0.417596 +/- 410.327,lambdaDF_Bkg2 = 0.41414 +/- 988.141,lambdaDSS_Bkg1 = 0.279744 +/- 0.642153,lambdaDSS_Bkg2 = 0.99992 +/- 0.0546058,lambdaDSS_test1 = 0.5,lambdaDSS_test2 = 0.58,lambdaDSS_test3 = 0.34,m_{J/#Psi} = 3.09165 +/- 0.000446256,n_1_A = 1.28385,rS21_CtauRes = 2.92474 +/- 0.196868,rS32_CtauRes = 4.97158 +/- 0.375916,s1_CtauRes = 0.994607 +/- 0.0259245,sigma_1_A = 0.0418059 +/- 0.000431558,sl1 = -0.102918 +/- 0.0176394,sl2 = -0.0100587 +/- 0.0237262,x_A = 1.60948,zeroMean = 0)

[#0] ERROR:Tracing -- RooGaussModel::getVal(ctauRes1_conv_exp(-@0/@1)_ctau3D_lambdaDSS_Bkg1_[pdfCTAUDSS1]) got nan during case 1 
[#0] ERROR:Tracing -- RooGaussModel::getVal(ctauRes3_conv_exp(-@0/@1)_ctau3D_lambdaDSS_Bkg1_[pdfCTAUDSS1]) got nan during case 1 
[#0] ERROR:Tracing -- RooGaussModel::getVal(ctauRes2_conv_exp(-@0/@1)_ctau3D_lambdaDSS_Bkg1_[pdfCTAUDSS1]) got nan during case 1 
[#0] ERROR:Tracing -- RooGaussModel::getVal(ctauRes1_conv_exp(-@0/@1)_ctau3D_lambdaDSS_Bkg1_[pdfCTAUDSS1]) got nan during case 1 
[#0] ERROR:Tracing -- RooGaussModel::getVal(ctauRes3_conv_exp(-@0/@1)_ctau3D_lambdaDSS_Bkg1_[pdfCTAUDSS1]) got nan during case 1 
[#0] ERROR:Tracing -- RooGaussModel::getVal(ctauRes2_conv_exp(-@0/@1)_ctau3D_lambdaDSS_Bkg1_[pdfCTAUDSS1]) got nan during case 1 
[#0] ERROR:Tracing -- RooGaussModel::getVal(ctauRes1_conv_exp(-@0/@1)_ctau3D_lambdaDSS_Bkg2_[pdfCTAUDSS2]) got nan during case 1 
[#0] ERROR:Tracing -- RooGaussModel::getVal(ctauRes3_conv_exp(-@0/@1)_ctau3D_lambdaDSS_Bkg2_[pdfCTAUDSS2]) got nan during case 1 
[#0] ERROR:Tracing -- RooGaussModel::getVal(ctauRes2_conv_exp(-@0/@1)_ctau3D_lambdaDSS_Bkg2_[pdfCTAUDSS2]) got nan during case 1 
[#0] ERROR:Tracing -- RooGaussModel::getVal(ctauRes1_conv_exp(-@0/@1)_ctau3D_lambdaDSS_Bkg2_[pdfCTAUDSS2]) got nan during case 1 
[#0] ERROR:Tracing -- RooGaussModel::getVal(ctauRes3_conv_exp(-@0/@1)_ctau3D_lambdaDSS_Bkg2_[pdfCTAUDSS2]) got nan during case 1 
[#0] ERROR:Tracing -- RooGaussModel::getVal(ctauRes2_conv_exp(-@0/@1)_ctau3D_lambdaDSS_Bkg2_[pdfCTAUDSS2]) got nan during case 1 
[#0] ERROR:Tracing -- RooGaussModel::getVal(ctauRes1_conv_exp(@0/@1)_ctau3D_lambdaDF_Bkg1_[pdfCTAUDF1]) got nan during case 1 
[#0] ERROR:Tracing -- RooGaussModel::getVal(ctauRes3_conv_exp(@0/@1)_ctau3D_lambdaDF_Bkg1_[pdfCTAUDF1]) got nan during case 1 
[#0] ERROR:Tracing -- RooGaussModel::getVal(ctauRes2_conv_exp(@0/@1)_ctau3D_lambdaDF_Bkg1_[pdfCTAUDF1]) got nan during case 1 
[#0] ERROR:Tracing -- RooGaussModel::getVal(ctauRes1_conv_exp(@0/@1)_ctau3D_lambdaDF_Bkg1_[pdfCTAUDF1]) got nan during case 1 
[#0] ERROR:Tracing -- RooGaussModel::getVal(ctauRes3_conv_exp(@0/@1)_ctau3D_lambdaDF_Bkg1_[pdfCTAUDF1]) got nan during case 1 
[#0] ERROR:Tracing -- RooGaussModel::getVal(ctauRes2_conv_exp(@0/@1)_ctau3D_lambdaDF_Bkg1_[pdfCTAUDF1]) got nan during case 1 
[#0] ERROR:Tracing -- RooGaussModel::getVal(ctauRes1_conv_exp(@0/@1)_ctau3D_lambdaDF_Bkg2_[pdfCTAUDF2]) got nan during case 1 
[#0] ERROR:Tracing -- RooGaussModel::getVal(ctauRes3_conv_exp(@0/@1)_ctau3D_lambdaDF_Bkg2_[pdfCTAUDF2]) got nan during case 1 
[#0] ERROR:Tracing -- RooGaussModel::getVal(ctauRes2_conv_exp(@0/@1)_ctau3D_lambdaDF_Bkg2_[pdfCTAUDF2]) got nan during case 1 
[#0] ERROR:Tracing -- RooGaussModel::getVal(ctauRes1_conv_exp(@0/@1)_ctau3D_lambdaDF_Bkg2_[pdfCTAUDF2]) got nan during case 1 
[#0] ERROR:Tracing -- RooGaussModel::getVal(ctauRes3_conv_exp(@0/@1)_ctau3D_lambdaDF_Bkg2_[pdfCTAUDF2]) got nan during case 1 
[#0] ERROR:Tracing -- RooGaussModel::getVal(ctauRes2_conv_exp(@0/@1)_ctau3D_lambdaDF_Bkg2_[pdfCTAUDF2]) got nan during case 1 
[#0] ERROR:Tracing -- RooGaussModel::getVal(ctauRes1_conv_exp(-abs(@0)/@1)_ctau3D_lambdaDDS_Bkg_[pdfCTAUDDS]) got nan during case 1 
[#0] ERROR:Tracing -- RooGaussModel::getVal(ctauRes3_conv_exp(-abs(@0)/@1)_ctau3D_lambdaDDS_Bkg_[pdfCTAUDDS]) got nan during case 1 
[#0] ERROR:Tracing -- RooGaussModel::getVal(ctauRes2_conv_exp(-abs(@0)/@1)_ctau3D_lambdaDDS_Bkg_[pdfCTAUDDS]) got nan during case 1 
[#0] ERROR:Tracing -- RooGaussModel::getVal(ctauRes1_conv_exp(-abs(@0)/@1)_ctau3D_lambdaDDS_Bkg_[pdfCTAUDDS]) got nan during case 1 
[#0] ERROR:Tracing -- RooGaussModel::getVal(ctauRes3_conv_exp(-abs(@0)/@1)_ctau3D_lambdaDDS_Bkg_[pdfCTAUDDS]) got nan during case 1 
[#0] ERROR:Tracing -- RooGaussModel::getVal(ctauRes2_conv_exp(-abs(@0)/@1)_ctau3D_lambdaDDS_Bkg_[pdfCTAUDDS]) got nan during case 1 
[#0] WARNING:Minization -- RooMinimizerFcn: Minimized function has error status.
Returning maximum FCN so far (-1e+30) to force MIGRAD to back out of this region. Error log follows
Parameter values: b_Jpsi=0.624741
RooNLLVar::nll_pdfCTAUMASS_Tot_dsToFit[ paramSet=(N_Bkg,N_Jpsi,alpha_1_A,b_Bkg,b_Jpsi,ctau1_CtauRes,ctau2_CtauRes,ctau3_CtauRes,f,f2_CtauRes,fDF12,fDFSS,fDLIV,fDSS12,fDSS1_test,fDSS2_test,f_CtauRes,lambdaDDS_Bkg,lambdaDF_Bkg1,lambdaDF_Bkg2,lambdaDSS_Bkg1,lambdaDSS_Bkg2,lambdaDSS_test1,lambdaDSS_test2,lambdaDSS_test3,m_{J/#Psi},n_1_A,rS21_CtauRes,rS32_CtauRes,s1_CtauRes,sigma_1_A,sl1,sl2,x_A,zeroMean) ]
     function value is NAN @ paramSet=(N_Bkg = 10422.1 +/- 154.79,N_Jpsi = 17396.8 +/- 175.879,alpha_1_A = 2.16069,b_Bkg = 0.759368 +/- 2.05668,b_Jpsi = 0.624741,ctau1_CtauRes = 0,ctau2_CtauRes = 0,ctau3_CtauRes = 0,f = 0.720778,f2_CtauRes = 1.02206e-06 +/- 1.40334e-05,fDF12 = 0.416499 +/- 164846,fDFSS = 0.949422 +/- 5.22043,fDLIV = 0.393305 +/- 2.31686,fDSS12 = 0.875485 +/- 0.206613,fDSS1_test = 0.78,fDSS2_test = 0.37,f_CtauRes = 0.912575 +/- 0.0175917,lambdaDDS_Bkg = 0.034334 +/- 0.465804,lambdaDF_Bkg1 = 0.417596 +/- 410.327,lambdaDF_Bkg2 = 0.41414 +/- 988.141,lambdaDSS_Bkg1 = 0.279744 +/- 0.642153,lambdaDSS_Bkg2 = 0.99992 +/- 0.0546058,lambdaDSS_test1 = 0.5,lambdaDSS_test2 = 0.58,lambdaDSS_test3 = 0.34,m_{J/#Psi} = 3.09165 +/- 0.000446256,n_1_A = 1.28385,rS21_CtauRes = 2.92474 +/- 0.196868,rS32_CtauRes = 4.97158 +/- 0.375916,s1_CtauRes = 0.994607 +/- 0.0259245,sigma_1_A = 0.0418059 +/- 0.000431558,sl1 = -0.102918 +/- 0.0176394,sl2 = -0.0100587 +/- 0.0237262,x_A = 1.60948,zeroMean = 0)
PID3856008/RooRealMPFE::nll_pdfCTAUMASS_Tot_dsToFit_597526bcd3d0_MPFE4[ arg=nll_pdfCTAUMASS_Tot_dsToFit_GOF4 vars=(N_Bkg,N_Jpsi,alpha_1_A,b_Bkg,b_Jpsi,ctau1_CtauRes,ctau2_CtauRes,ctau3_CtauRes,f,f2_CtauRes,fDF12,fDFSS,fDLIV,fDSS12,fDSS1_test,fDSS2_test,f_CtauRes,lambdaDDS_Bkg,lambdaDF_Bkg1,lambdaDF_Bkg2,lambdaDSS_Bkg1,lambdaDSS_Bkg2,lambdaDSS_test1,lambdaDSS_test2,lambdaDSS_test3,m_{J/#Psi},n_1_A,rS21_CtauRes,rS32_CtauRes,s1_CtauRes,sigma_1_A,sl1,sl2,x_A,zeroMean) ]
     function value is NAN @ paramSet=(N_Bkg = 10422.1 +/- 154.79,N_Jpsi = 17396.8 +/- 175.879,alpha_1_A = 2.16069,b_Bkg = 0.759368 +/- 2.05668,b_Jpsi = 0.624741,ctau1_CtauRes = 0,ctau2_CtauRes = 0,ctau3_CtauRes = 0,f = 0.720778,f2_CtauRes = 1.02206e-06 +/- 1.40334e-05,fDF12 = 0.416499 +/- 164846,fDFSS = 0.949422 +/- 5.22043,fDLIV = 0.393305 +/- 2.31686,fDSS12 = 0.875485 +/- 0.206613,fDSS1_test = 0.78,fDSS2_test = 0.37,f_CtauRes = 0.912575 +/- 0.0175917,lambdaDDS_Bkg = 0.034334 +/- 0.465804,lambdaDF_Bkg1 = 0.417596 +/- 410.327,lambdaDF_Bkg2 = 0.41414 +/- 988.141,lambdaDSS_Bkg1 = 0.279744 +/- 0.642153,lambdaDSS_Bkg2 = 0.99992 +/- 0.0546058,lambdaDSS_test1 = 0.5,lambdaDSS_test2 = 0.58,lambdaDSS_test3 = 0.34,m_{J/#Psi} = 3.09165 +/- 0.000446256,n_1_A = 1.28385,rS21_CtauRes = 2.92474 +/- 0.196868,rS32_CtauRes = 4.97158 +/- 0.375916,s1_CtauRes = 0.994607 +/- 0.0259245,sigma_1_A = 0.0418059 +/- 0.000431558,sl1 = -0.102918 +/- 0.0176394,sl2 = -0.0100587 +/- 0.0237262,x_A = 1.60948,zeroMean = 0)
     function value is NAN @ paramSet=(N_Bkg = 10422.1 +/- 154.79,N_Jpsi = 17396.8 +/- 175.879,alpha_1_A = 2.16069,b_Bkg = 0.759368 +/- 2.05668,b_Jpsi = 0.624741,ctau1_CtauRes = 0,ctau2_CtauRes = 0,ctau3_CtauRes = 0,f = 0.720778,f2_CtauRes = 1.02206e-06 +/- 1.40334e-05,fDF12 = 0.416499 +/- 164846,fDFSS = 0.949422 +/- 5.22043,fDLIV = 0.393305 +/- 2.31686,fDSS12 = 0.875485 +/- 0.206613,fDSS1_test = 0.78,fDSS2_test = 0.37,f_CtauRes = 0.912575 +/- 0.0175917,lambdaDDS_Bkg = 0.034334 +/- 0.465804,lambdaDF_Bkg1 = 0.417596 +/- 410.327,lambdaDF_Bkg2 = 0.41414 +/- 988.141,lambdaDSS_Bkg1 = 0.279744 +/- 0.642153,lambdaDSS_Bkg2 = 0.99992 +/- 0.0546058,lambdaDSS_test1 = 0.5,lambdaDSS_test2 = 0.58,lambdaDSS_test3 = 0.34,m_{J/#Psi} = 3.09165 +/- 0.000446256,n_1_A = 1.28385,rS21_CtauRes = 2.92474 +/- 0.196868,rS32_CtauRes = 4.97158 +/- 0.375916,s1_CtauRes = 0.994607 +/- 0.0259245,sigma_1_A = 0.0418059 +/- 0.000431558,sl1 = -0.102918 +/- 0.0176394,sl2 = -0.0100587 +/- 0.0237262,x_A = 1.60948,zeroMean = 0)

[#0] ERROR:Tracing -- RooGaussModel::getVal(ctauRes1_conv_exp(-@0/@1)_ctau3D_lambdaDSS_Bkg1_[pdfCTAUDSS1]) got nan during case 1 
[#0] ERROR:Tracing -- RooGaussModel::getVal(ctauRes3_conv_exp(-@0/@1)_ctau3D_lambdaDSS_Bkg1_[pdfCTAUDSS1]) got nan during case 1 
[#0] ERROR:Tracing -- RooGaussModel::getVal(ctauRes2_conv_exp(-@0/@1)_ctau3D_lambdaDSS_Bkg1_[pdfCTAUDSS1]) got nan during case 1 
[#0] ERROR:Tracing -- RooGaussModel::getVal(ctauRes1_conv_exp(-@0/@1)_ctau3D_lambdaDSS_Bkg1_[pdfCTAUDSS1]) got nan during case 1 
[#0] ERROR:Tracing -- RooGaussModel::getVal(ctauRes3_conv_exp(-@0/@1)_ctau3D_lambdaDSS_Bkg1_[pdfCTAUDSS1]) got nan during case 1 
[#0] ERROR:Tracing -- RooGaussModel::getVal(ctauRes2_conv_exp(-@0/@1)_ctau3D_lambdaDSS_Bkg1_[pdfCTAUDSS1]) got nan during case 1 
[#0] ERROR:Tracing -- RooGaussModel::getVal(ctauRes1_conv_exp(-@0/@1)_ctau3D_lambdaDSS_Bkg2_[pdfCTAUDSS2]) got nan during case 1 
[#0] ERROR:Tracing -- RooGaussModel::getVal(ctauRes3_conv_exp(-@0/@1)_ctau3D_lambdaDSS_Bkg2_[pdfCTAUDSS2]) got nan during case 1 
[#0] ERROR:Tracing -- RooGaussModel::getVal(ctauRes2_conv_exp(-@0/@1)_ctau3D_lambdaDSS_Bkg2_[pdfCTAUDSS2]) got nan during case 1 
[#0] ERROR:Tracing -- RooGaussModel::getVal(ctauRes1_conv_exp(-@0/@1)_ctau3D_lambdaDSS_Bkg2_[pdfCTAUDSS2]) got nan during case 1 
[#0] ERROR:Tracing -- RooGaussModel::getVal(ctauRes3_conv_exp(-@0/@1)_ctau3D_lambdaDSS_Bkg2_[pdfCTAUDSS2]) got nan during case 1 
[#0] ERROR:Tracing -- RooGaussModel::getVal(ctauRes2_conv_exp(-@0/@1)_ctau3D_lambdaDSS_Bkg2_[pdfCTAUDSS2]) got nan during case 1 
[#0] ERROR:Tracing -- RooGaussModel::getVal(ctauRes1_conv_exp(@0/@1)_ctau3D_lambdaDF_Bkg1_[pdfCTAUDF1]) got nan during case 1 
[#0] ERROR:Tracing -- RooGaussModel::getVal(ctauRes3_conv_exp(@0/@1)_ctau3D_lambdaDF_Bkg1_[pdfCTAUDF1]) got nan during case 1 
[#0] ERROR:Tracing -- RooGaussModel::getVal(ctauRes2_conv_exp(@0/@1)_ctau3D_lambdaDF_Bkg1_[pdfCTAUDF1]) got nan during case 1 
[#0] ERROR:Tracing -- RooGaussModel::getVal(ctauRes1_conv_exp(@0/@1)_ctau3D_lambdaDF_Bkg1_[pdfCTAUDF1]) got nan during case 1 
[#0] ERROR:Tracing -- RooGaussModel::getVal(ctauRes3_conv_exp(@0/@1)_ctau3D_lambdaDF_Bkg1_[pdfCTAUDF1]) got nan during case 1 
[#0] ERROR:Tracing -- RooGaussModel::getVal(ctauRes2_conv_exp(@0/@1)_ctau3D_lambdaDF_Bkg1_[pdfCTAUDF1]) got nan during case 1 
[#0] ERROR:Tracing -- RooGaussModel::getVal(ctauRes1_conv_exp(@0/@1)_ctau3D_lambdaDF_Bkg2_[pdfCTAUDF2]) got nan during case 1 
[#0] ERROR:Tracing -- RooGaussModel::getVal(ctauRes3_conv_exp(@0/@1)_ctau3D_lambdaDF_Bkg2_[pdfCTAUDF2]) got nan during case 1 
[#0] ERROR:Tracing -- RooGaussModel::getVal(ctauRes2_conv_exp(@0/@1)_ctau3D_lambdaDF_Bkg2_[pdfCTAUDF2]) got nan during case 1 
[#0] ERROR:Tracing -- RooGaussModel::getVal(ctauRes1_conv_exp(@0/@1)_ctau3D_lambdaDF_Bkg2_[pdfCTAUDF2]) got nan during case 1 
[#0] ERROR:Tracing -- RooGaussModel::getVal(ctauRes3_conv_exp(@0/@1)_ctau3D_lambdaDF_Bkg2_[pdfCTAUDF2]) got nan during case 1 
[#0] ERROR:Tracing -- RooGaussModel::getVal(ctauRes2_conv_exp(@0/@1)_ctau3D_lambdaDF_Bkg2_[pdfCTAUDF2]) got nan during case 1 
[#0] ERROR:Tracing -- RooGaussModel::getVal(ctauRes1_conv_exp(-abs(@0)/@1)_ctau3D_lambdaDDS_Bkg_[pdfCTAUDDS]) got nan during case 1 
[#0] ERROR:Tracing -- RooGaussModel::getVal(ctauRes3_conv_exp(-abs(@0)/@1)_ctau3D_lambdaDDS_Bkg_[pdfCTAUDDS]) got nan during case 1 
[#0] ERROR:Tracing -- RooGaussModel::getVal(ctauRes2_conv_exp(-abs(@0)/@1)_ctau3D_lambdaDDS_Bkg_[pdfCTAUDDS]) got nan during case 1 
[#0] ERROR:Tracing -- RooGaussModel::getVal(ctauRes1_conv_exp(-abs(@0)/@1)_ctau3D_lambdaDDS_Bkg_[pdfCTAUDDS]) got nan during case 1 
[#0] ERROR:Tracing -- RooGaussModel::getVal(ctauRes3_conv_exp(-abs(@0)/@1)_ctau3D_lambdaDDS_Bkg_[pdfCTAUDDS]) got nan during case 1 
[#0] ERROR:Tracing -- RooGaussModel::getVal(ctauRes2_conv_exp(-abs(@0)/@1)_ctau3D_lambdaDDS_Bkg_[pdfCTAUDDS]) got nan during case 1 
[#0] WARNING:Minization -- RooMinimizerFcn: Minimized function has error status.
Returning maximum FCN so far (-1e+30) to force MIGRAD to back out of this region. Error log follows
Parameter values: b_Jpsi=0.757073
RooNLLVar::nll_pdfCTAUMASS_Tot_dsToFit[ paramSet=(N_Bkg,N_Jpsi,alpha_1_A,b_Bkg,b_Jpsi,ctau1_CtauRes,ctau2_CtauRes,ctau3_CtauRes,f,f2_CtauRes,fDF12,fDFSS,fDLIV,fDSS12,fDSS1_test,fDSS2_test,f_CtauRes,lambdaDDS_Bkg,lambdaDF_Bkg1,lambdaDF_Bkg2,lambdaDSS_Bkg1,lambdaDSS_Bkg2,lambdaDSS_test1,lambdaDSS_test2,lambdaDSS_test3,m_{J/#Psi},n_1_A,rS21_CtauRes,rS32_CtauRes,s1_CtauRes,sigma_1_A,sl1,sl2,x_A,zeroMean) ]
     function value is NAN @ paramSet=(N_Bkg = 10422.1 +/- 154.79,N_Jpsi = 17396.8 +/- 175.879,alpha_1_A = 2.16069,b_Bkg = 0.759368 +/- 2.05668,b_Jpsi = 0.757073,ctau1_CtauRes = 0,ctau2_CtauRes = 0,ctau3_CtauRes = 0,f = 0.720778,f2_CtauRes = 1.02206e-06 +/- 1.40334e-05,fDF12 = 0.416499 +/- 164846,fDFSS = 0.949422 +/- 5.22043,fDLIV = 0.393305 +/- 2.31686,fDSS12 = 0.875485 +/- 0.206613,fDSS1_test = 0.78,fDSS2_test = 0.37,f_CtauRes = 0.912575 +/- 0.0175917,lambdaDDS_Bkg = 0.034334 +/- 0.465804,lambdaDF_Bkg1 = 0.417596 +/- 410.327,lambdaDF_Bkg2 = 0.41414 +/- 988.141,lambdaDSS_Bkg1 = 0.279744 +/- 0.642153,lambdaDSS_Bkg2 = 0.99992 +/- 0.0546058,lambdaDSS_test1 = 0.5,lambdaDSS_test2 = 0.58,lambdaDSS_test3 = 0.34,m_{J/#Psi} = 3.09165 +/- 0.000446256,n_1_A = 1.28385,rS21_CtauRes = 2.92474 +/- 0.196868,rS32_CtauRes = 4.97158 +/- 0.375916,s1_CtauRes = 0.994607 +/- 0.0259245,sigma_1_A = 0.0418059 +/- 0.000431558,sl1 = -0.102918 +/- 0.0176394,sl2 = -0.0100587 +/- 0.0237262,x_A = 1.60948,zeroMean = 0)
PID3856008/RooRealMPFE::nll_pdfCTAUMASS_Tot_dsToFit_597526bcd3d0_MPFE4[ arg=nll_pdfCTAUMASS_Tot_dsToFit_GOF4 vars=(N_Bkg,N_Jpsi,alpha_1_A,b_Bkg,b_Jpsi,ctau1_CtauRes,ctau2_CtauRes,ctau3_CtauRes,f,f2_CtauRes,fDF12,fDFSS,fDLIV,fDSS12,fDSS1_test,fDSS2_test,f_CtauRes,lambdaDDS_Bkg,lambdaDF_Bkg1,lambdaDF_Bkg2,lambdaDSS_Bkg1,lambdaDSS_Bkg2,lambdaDSS_test1,lambdaDSS_test2,lambdaDSS_test3,m_{J/#Psi},n_1_A,rS21_CtauRes,rS32_CtauRes,s1_CtauRes,sigma_1_A,sl1,sl2,x_A,zeroMean) ]
     function value is NAN @ paramSet=(N_Bkg = 10422.1 +/- 154.79,N_Jpsi = 17396.8 +/- 175.879,alpha_1_A = 2.16069,b_Bkg = 0.759368 +/- 2.05668,b_Jpsi = 0.757073,ctau1_CtauRes = 0,ctau2_CtauRes = 0,ctau3_CtauRes = 0,f = 0.720778,f2_CtauRes = 1.02206e-06 +/- 1.40334e-05,fDF12 = 0.416499 +/- 164846,fDFSS = 0.949422 +/- 5.22043,fDLIV = 0.393305 +/- 2.31686,fDSS12 = 0.875485 +/- 0.206613,fDSS1_test = 0.78,fDSS2_test = 0.37,f_CtauRes = 0.912575 +/- 0.0175917,lambdaDDS_Bkg = 0.034334 +/- 0.465804,lambdaDF_Bkg1 = 0.417596 +/- 410.327,lambdaDF_Bkg2 = 0.41414 +/- 988.141,lambdaDSS_Bkg1 = 0.279744 +/- 0.642153,lambdaDSS_Bkg2 = 0.99992 +/- 0.0546058,lambdaDSS_test1 = 0.5,lambdaDSS_test2 = 0.58,lambdaDSS_test3 = 0.34,m_{J/#Psi} = 3.09165 +/- 0.000446256,n_1_A = 1.28385,rS21_CtauRes = 2.92474 +/- 0.196868,rS32_CtauRes = 4.97158 +/- 0.375916,s1_CtauRes = 0.994607 +/- 0.0259245,sigma_1_A = 0.0418059 +/- 0.000431558,sl1 = -0.102918 +/- 0.0176394,sl2 = -0.0100587 +/- 0.0237262,x_A = 1.60948,zeroMean = 0)
     function value is NAN @ paramSet=(N_Bkg = 10422.1 +/- 154.79,N_Jpsi = 17396.8 +/- 175.879,alpha_1_A = 2.16069,b_Bkg = 0.759368 +/- 2.05668,b_Jpsi = 0.757073,ctau1_CtauRes = 0,ctau2_CtauRes = 0,ctau3_CtauRes = 0,f = 0.720778,f2_CtauRes = 1.02206e-06 +/- 1.40334e-05,fDF12 = 0.416499 +/- 164846,fDFSS = 0.949422 +/- 5.22043,fDLIV = 0.393305 +/- 2.31686,fDSS12 = 0.875485 +/- 0.206613,fDSS1_test = 0.78,fDSS2_test = 0.37,f_CtauRes = 0.912575 +/- 0.0175917,lambdaDDS_Bkg = 0.034334 +/- 0.465804,lambdaDF_Bkg1 = 0.417596 +/- 410.327,lambdaDF_Bkg2 = 0.41414 +/- 988.141,lambdaDSS_Bkg1 = 0.279744 +/- 0.642153,lambdaDSS_Bkg2 = 0.99992 +/- 0.0546058,lambdaDSS_test1 = 0.5,lambdaDSS_test2 = 0.58,lambdaDSS_test3 = 0.34,m_{J/#Psi} = 3.09165 +/- 0.000446256,n_1_A = 1.28385,rS21_CtauRes = 2.92474 +/- 0.196868,rS32_CtauRes = 4.97158 +/- 0.375916,s1_CtauRes = 0.994607 +/- 0.0259245,sigma_1_A = 0.0418059 +/- 0.000431558,sl1 = -0.102918 +/- 0.0176394,sl2 = -0.0100587 +/- 0.0237262,x_A = 1.60948,zeroMean = 0)

[#0] ERROR:Tracing -- RooGaussModel::getVal(ctauRes1_conv_exp(-@0/@1)_ctau3D_lambdaDSS_Bkg1_[pdfCTAUDSS1]) got nan during case 1 
[#0] ERROR:Tracing -- RooGaussModel::getVal(ctauRes3_conv_exp(-@0/@1)_ctau3D_lambdaDSS_Bkg1_[pdfCTAUDSS1]) got nan during case 1 
[#0] ERROR:Tracing -- RooGaussModel::getVal(ctauRes2_conv_exp(-@0/@1)_ctau3D_lambdaDSS_Bkg1_[pdfCTAUDSS1]) got nan during case 1 
[#0] ERROR:Tracing -- RooGaussModel::getVal(ctauRes1_conv_exp(-@0/@1)_ctau3D_lambdaDSS_Bkg1_[pdfCTAUDSS1]) got nan during case 1 
[#0] ERROR:Tracing -- RooGaussModel::getVal(ctauRes3_conv_exp(-@0/@1)_ctau3D_lambdaDSS_Bkg1_[pdfCTAUDSS1]) got nan during case 1 
[#0] ERROR:Tracing -- RooGaussModel::getVal(ctauRes2_conv_exp(-@0/@1)_ctau3D_lambdaDSS_Bkg1_[pdfCTAUDSS1]) got nan during case 1 
[#0] ERROR:Tracing -- RooGaussModel::getVal(ctauRes1_conv_exp(-@0/@1)_ctau3D_lambdaDSS_Bkg2_[pdfCTAUDSS2]) got nan during case 1 
[#0] ERROR:Tracing -- RooGaussModel::getVal(ctauRes3_conv_exp(-@0/@1)_ctau3D_lambdaDSS_Bkg2_[pdfCTAUDSS2]) got nan during case 1 
[#0] ERROR:Tracing -- RooGaussModel::getVal(ctauRes2_conv_exp(-@0/@1)_ctau3D_lambdaDSS_Bkg2_[pdfCTAUDSS2]) got nan during case 1 
[#0] ERROR:Tracing -- RooGaussModel::getVal(ctauRes1_conv_exp(-@0/@1)_ctau3D_lambdaDSS_Bkg2_[pdfCTAUDSS2]) got nan during case 1 
[#0] ERROR:Tracing -- RooGaussModel::getVal(ctauRes3_conv_exp(-@0/@1)_ctau3D_lambdaDSS_Bkg2_[pdfCTAUDSS2]) got nan during case 1 
[#0] ERROR:Tracing -- RooGaussModel::getVal(ctauRes2_conv_exp(-@0/@1)_ctau3D_lambdaDSS_Bkg2_[pdfCTAUDSS2]) got nan during case 1 
[#0] ERROR:Tracing -- RooGaussModel::getVal(ctauRes1_conv_exp(@0/@1)_ctau3D_lambdaDF_Bkg1_[pdfCTAUDF1]) got nan during case 1 
[#0] ERROR:Tracing -- RooGaussModel::getVal(ctauRes3_conv_exp(@0/@1)_ctau3D_lambdaDF_Bkg1_[pdfCTAUDF1]) got nan during case 1 
[#0] ERROR:Tracing -- RooGaussModel::getVal(ctauRes2_conv_exp(@0/@1)_ctau3D_lambdaDF_Bkg1_[pdfCTAUDF1]) got nan during case 1 
[#0] ERROR:Tracing -- RooGaussModel::getVal(ctauRes1_conv_exp(@0/@1)_ctau3D_lambdaDF_Bkg1_[pdfCTAUDF1]) got nan during case 1 
[#0] ERROR:Tracing -- RooGaussModel::getVal(ctauRes3_conv_exp(@0/@1)_ctau3D_lambdaDF_Bkg1_[pdfCTAUDF1]) got nan during case 1 
[#0] ERROR:Tracing -- RooGaussModel::getVal(ctauRes2_conv_exp(@0/@1)_ctau3D_lambdaDF_Bkg1_[pdfCTAUDF1]) got nan during case 1 
[#0] ERROR:Tracing -- RooGaussModel::getVal(ctauRes1_conv_exp(@0/@1)_ctau3D_lambdaDF_Bkg2_[pdfCTAUDF2]) got nan during case 1 
[#0] ERROR:Tracing -- RooGaussModel::getVal(ctauRes3_conv_exp(@0/@1)_ctau3D_lambdaDF_Bkg2_[pdfCTAUDF2]) got nan during case 1 
[#0] ERROR:Tracing -- RooGaussModel::getVal(ctauRes2_conv_exp(@0/@1)_ctau3D_lambdaDF_Bkg2_[pdfCTAUDF2]) got nan during case 1 
[#0] ERROR:Tracing -- RooGaussModel::getVal(ctauRes1_conv_exp(@0/@1)_ctau3D_lambdaDF_Bkg2_[pdfCTAUDF2]) got nan during case 1 
[#0] ERROR:Tracing -- RooGaussModel::getVal(ctauRes3_conv_exp(@0/@1)_ctau3D_lambdaDF_Bkg2_[pdfCTAUDF2]) got nan during case 1 
[#0] ERROR:Tracing -- RooGaussModel::getVal(ctauRes2_conv_exp(@0/@1)_ctau3D_lambdaDF_Bkg2_[pdfCTAUDF2]) got nan during case 1 
[#0] ERROR:Tracing -- RooGaussModel::getVal(ctauRes1_conv_exp(-abs(@0)/@1)_ctau3D_lambdaDDS_Bkg_[pdfCTAUDDS]) got nan during case 1 
[#0] ERROR:Tracing -- RooGaussModel::getVal(ctauRes3_conv_exp(-abs(@0)/@1)_ctau3D_lambdaDDS_Bkg_[pdfCTAUDDS]) got nan during case 1 
[#0] ERROR:Tracing -- RooGaussModel::getVal(ctauRes2_conv_exp(-abs(@0)/@1)_ctau3D_lambdaDDS_Bkg_[pdfCTAUDDS]) got nan during case 1 
[#0] ERROR:Tracing -- RooGaussModel::getVal(ctauRes1_conv_exp(-abs(@0)/@1)_ctau3D_lambdaDDS_Bkg_[pdfCTAUDDS]) got nan during case 1 
[#0] ERROR:Tracing -- RooGaussModel::getVal(ctauRes3_conv_exp(-abs(@0)/@1)_ctau3D_lambdaDDS_Bkg_[pdfCTAUDDS]) got nan during case 1 
[#0] ERROR:Tracing -- RooGaussModel::getVal(ctauRes2_conv_exp(-abs(@0)/@1)_ctau3D_lambdaDDS_Bkg_[pdfCTAUDDS]) got nan during case 1 
[#0] WARNING:Minization -- RooMinimizerFcn: Minimized function has error status.
Returning maximum FCN so far (-1e+30) to force MIGRAD to back out of this region. Error log follows
Parameter values: b_Jpsi=0.278031
RooNLLVar::nll_pdfCTAUMASS_Tot_dsToFit[ paramSet=(N_Bkg,N_Jpsi,alpha_1_A,b_Bkg,b_Jpsi,ctau1_CtauRes,ctau2_CtauRes,ctau3_CtauRes,f,f2_CtauRes,fDF12,fDFSS,fDLIV,fDSS12,fDSS1_test,fDSS2_test,f_CtauRes,lambdaDDS_Bkg,lambdaDF_Bkg1,lambdaDF_Bkg2,lambdaDSS_Bkg1,lambdaDSS_Bkg2,lambdaDSS_test1,lambdaDSS_test2,lambdaDSS_test3,m_{J/#Psi},n_1_A,rS21_CtauRes,rS32_CtauRes,s1_CtauRes,sigma_1_A,sl1,sl2,x_A,zeroMean) ]
     function value is NAN @ paramSet=(N_Bkg = 10422.1 +/- 154.79,N_Jpsi = 17396.8 +/- 175.879,alpha_1_A = 2.16069,b_Bkg = 0.759368 +/- 2.05668,b_Jpsi = 0.278031,ctau1_CtauRes = 0,ctau2_CtauRes = 0,ctau3_CtauRes = 0,f = 0.720778,f2_CtauRes = 1.02206e-06 +/- 1.40334e-05,fDF12 = 0.416499 +/- 164846,fDFSS = 0.949422 +/- 5.22043,fDLIV = 0.393305 +/- 2.31686,fDSS12 = 0.875485 +/- 0.206613,fDSS1_test = 0.78,fDSS2_test = 0.37,f_CtauRes = 0.912575 +/- 0.0175917,lambdaDDS_Bkg = 0.034334 +/- 0.465804,lambdaDF_Bkg1 = 0.417596 +/- 410.327,lambdaDF_Bkg2 = 0.41414 +/- 988.141,lambdaDSS_Bkg1 = 0.279744 +/- 0.642153,lambdaDSS_Bkg2 = 0.99992 +/- 0.0546058,lambdaDSS_test1 = 0.5,lambdaDSS_test2 = 0.58,lambdaDSS_test3 = 0.34,m_{J/#Psi} = 3.09165 +/- 0.000446256,n_1_A = 1.28385,rS21_CtauRes = 2.92474 +/- 0.196868,rS32_CtauRes = 4.97158 +/- 0.375916,s1_CtauRes = 0.994607 +/- 0.0259245,sigma_1_A = 0.0418059 +/- 0.000431558,sl1 = -0.102918 +/- 0.0176394,sl2 = -0.0100587 +/- 0.0237262,x_A = 1.60948,zeroMean = 0)
PID3856008/RooRealMPFE::nll_pdfCTAUMASS_Tot_dsToFit_597526bcd3d0_MPFE4[ arg=nll_pdfCTAUMASS_Tot_dsToFit_GOF4 vars=(N_Bkg,N_Jpsi,alpha_1_A,b_Bkg,b_Jpsi,ctau1_CtauRes,ctau2_CtauRes,ctau3_CtauRes,f,f2_CtauRes,fDF12,fDFSS,fDLIV,fDSS12,fDSS1_test,fDSS2_test,f_CtauRes,lambdaDDS_Bkg,lambdaDF_Bkg1,lambdaDF_Bkg2,lambdaDSS_Bkg1,lambdaDSS_Bkg2,lambdaDSS_test1,lambdaDSS_test2,lambdaDSS_test3,m_{J/#Psi},n_1_A,rS21_CtauRes,rS32_CtauRes,s1_CtauRes,sigma_1_A,sl1,sl2,x_A,zeroMean) ]
     function value is NAN @ paramSet=(N_Bkg = 10422.1 +/- 154.79,N_Jpsi = 17396.8 +/- 175.879,alpha_1_A = 2.16069,b_Bkg = 0.759368 +/- 2.05668,b_Jpsi = 0.278031,ctau1_CtauRes = 0,ctau2_CtauRes = 0,ctau3_CtauRes = 0,f = 0.720778,f2_CtauRes = 1.02206e-06 +/- 1.40334e-05,fDF12 = 0.416499 +/- 164846,fDFSS = 0.949422 +/- 5.22043,fDLIV = 0.393305 +/- 2.31686,fDSS12 = 0.875485 +/- 0.206613,fDSS1_test = 0.78,fDSS2_test = 0.37,f_CtauRes = 0.912575 +/- 0.0175917,lambdaDDS_Bkg = 0.034334 +/- 0.465804,lambdaDF_Bkg1 = 0.417596 +/- 410.327,lambdaDF_Bkg2 = 0.41414 +/- 988.141,lambdaDSS_Bkg1 = 0.279744 +/- 0.642153,lambdaDSS_Bkg2 = 0.99992 +/- 0.0546058,lambdaDSS_test1 = 0.5,lambdaDSS_test2 = 0.58,lambdaDSS_test3 = 0.34,m_{J/#Psi} = 3.09165 +/- 0.000446256,n_1_A = 1.28385,rS21_CtauRes = 2.92474 +/- 0.196868,rS32_CtauRes = 4.97158 +/- 0.375916,s1_CtauRes = 0.994607 +/- 0.0259245,sigma_1_A = 0.0418059 +/- 0.000431558,sl1 = -0.102918 +/- 0.0176394,sl2 = -0.0100587 +/- 0.0237262,x_A = 1.60948,zeroMean = 0)
     function value is NAN @ paramSet=(N_Bkg = 10422.1 +/- 154.79,N_Jpsi = 17396.8 +/- 175.879,alpha_1_A = 2.16069,b_Bkg = 0.759368 +/- 2.05668,b_Jpsi = 0.278031,ctau1_CtauRes = 0,ctau2_CtauRes = 0,ctau3_CtauRes = 0,f = 0.720778,f2_CtauRes = 1.02206e-06 +/- 1.40334e-05,fDF12 = 0.416499 +/- 164846,fDFSS = 0.949422 +/- 5.22043,fDLIV = 0.393305 +/- 2.31686,fDSS12 = 0.875485 +/- 0.206613,fDSS1_test = 0.78,fDSS2_test = 0.37,f_CtauRes = 0.912575 +/- 0.0175917,lambdaDDS_Bkg = 0.034334 +/- 0.465804,lambdaDF_Bkg1 = 0.417596 +/- 410.327,lambdaDF_Bkg2 = 0.41414 +/- 988.141,lambdaDSS_Bkg1 = 0.279744 +/- 0.642153,lambdaDSS_Bkg2 = 0.99992 +/- 0.0546058,lambdaDSS_test1 = 0.5,lambdaDSS_test2 = 0.58,lambdaDSS_test3 = 0.34,m_{J/#Psi} = 3.09165 +/- 0.000446256,n_1_A = 1.28385,rS21_CtauRes = 2.92474 +/- 0.196868,rS32_CtauRes = 4.97158 +/- 0.375916,s1_CtauRes = 0.994607 +/- 0.0259245,sigma_1_A = 0.0418059 +/- 0.000431558,sl1 = -0.102918 +/- 0.0176394,sl2 = -0.0100587 +/- 0.0237262,x_A = 1.60948,zeroMean = 0)

 FCN=-1e+30 FROM MIGRAD    STATUS=INITIATE       15 CALLS          16 TOTAL
                     EDM= unknown      STRATEGY= 1      NO ERROR MATRIX       
  EXT PARAMETER               CURRENT GUESS       STEP         FIRST   
  NO.   NAME      VALUE            ERROR          SIZE      DERIVATIVE 
   1  b_Jpsi       5.20000e-01   1.00000e-01   0.00000e+00   0.00000e+00
                               ERR DEF= 0.5
NO ERROR MATRIX       
 MIGRAD MINIMIZATION HAS CONVERGED.
 MIGRAD WILL VERIFY CONVERGENCE AND ERROR MATRIX.
   START COVARIANCE MATRIX CALCULATION.
[#0] ERROR:Tracing -- RooGaussModel::getVal(ctauRes1_conv_exp(-@0/@1)_ctau3D_lambdaDSS_Bkg1_[pdfCTAUDSS1]) got nan during case 1 
[#0] ERROR:Tracing -- RooGaussModel::getVal(ctauRes3_conv_exp(-@0/@1)_ctau3D_lambdaDSS_Bkg1_[pdfCTAUDSS1]) got nan during case 1 
[#0] ERROR:Tracing -- RooGaussModel::getVal(ctauRes2_conv_exp(-@0/@1)_ctau3D_lambdaDSS_Bkg1_[pdfCTAUDSS1]) got nan during case 1 
[#0] ERROR:Tracing -- RooGaussModel::getVal(ctauRes1_conv_exp(-@0/@1)_ctau3D_lambdaDSS_Bkg1_[pdfCTAUDSS1]) got nan during case 1 
[#0] ERROR:Tracing -- RooGaussModel::getVal(ctauRes3_conv_exp(-@0/@1)_ctau3D_lambdaDSS_Bkg1_[pdfCTAUDSS1]) got nan during case 1 
[#0] ERROR:Tracing -- RooGaussModel::getVal(ctauRes2_conv_exp(-@0/@1)_ctau3D_lambdaDSS_Bkg1_[pdfCTAUDSS1]) got nan during case 1 
[#0] ERROR:Tracing -- RooGaussModel::getVal(ctauRes1_conv_exp(-@0/@1)_ctau3D_lambdaDSS_Bkg2_[pdfCTAUDSS2]) got nan during case 1 
[#0] ERROR:Tracing -- RooGaussModel::getVal(ctauRes3_conv_exp(-@0/@1)_ctau3D_lambdaDSS_Bkg2_[pdfCTAUDSS2]) got nan during case 1 
[#0] ERROR:Tracing -- RooGaussModel::getVal(ctauRes2_conv_exp(-@0/@1)_ctau3D_lambdaDSS_Bkg2_[pdfCTAUDSS2]) got nan during case 1 
[#0] ERROR:Tracing -- RooGaussModel::getVal(ctauRes1_conv_exp(-@0/@1)_ctau3D_lambdaDSS_Bkg2_[pdfCTAUDSS2]) got nan during case 1 
[#0] ERROR:Tracing -- RooGaussModel::getVal(ctauRes3_conv_exp(-@0/@1)_ctau3D_lambdaDSS_Bkg2_[pdfCTAUDSS2]) got nan during case 1 
[#0] ERROR:Tracing -- RooGaussModel::getVal(ctauRes2_conv_exp(-@0/@1)_ctau3D_lambdaDSS_Bkg2_[pdfCTAUDSS2]) got nan during case 1 
[#0] ERROR:Tracing -- RooGaussModel::getVal(ctauRes1_conv_exp(@0/@1)_ctau3D_lambdaDF_Bkg1_[pdfCTAUDF1]) got nan during case 1 
[#0] ERROR:Tracing -- RooGaussModel::getVal(ctauRes3_conv_exp(@0/@1)_ctau3D_lambdaDF_Bkg1_[pdfCTAUDF1]) got nan during case 1 
[#0] ERROR:Tracing -- RooGaussModel::getVal(ctauRes2_conv_exp(@0/@1)_ctau3D_lambdaDF_Bkg1_[pdfCTAUDF1]) got nan during case 1 
[#0] ERROR:Tracing -- RooGaussModel::getVal(ctauRes1_conv_exp(@0/@1)_ctau3D_lambdaDF_Bkg1_[pdfCTAUDF1]) got nan during case 1 
[#0] ERROR:Tracing -- RooGaussModel::getVal(ctauRes3_conv_exp(@0/@1)_ctau3D_lambdaDF_Bkg1_[pdfCTAUDF1]) got nan during case 1 
[#0] ERROR:Tracing -- RooGaussModel::getVal(ctauRes2_conv_exp(@0/@1)_ctau3D_lambdaDF_Bkg1_[pdfCTAUDF1]) got nan during case 1 
[#0] ERROR:Tracing -- RooGaussModel::getVal(ctauRes1_conv_exp(@0/@1)_ctau3D_lambdaDF_Bkg2_[pdfCTAUDF2]) got nan during case 1 
[#0] ERROR:Tracing -- RooGaussModel::getVal(ctauRes3_conv_exp(@0/@1)_ctau3D_lambdaDF_Bkg2_[pdfCTAUDF2]) got nan during case 1 
[#0] ERROR:Tracing -- RooGaussModel::getVal(ctauRes2_conv_exp(@0/@1)_ctau3D_lambdaDF_Bkg2_[pdfCTAUDF2]) got nan during case 1 
[#0] ERROR:Tracing -- RooGaussModel::getVal(ctauRes1_conv_exp(@0/@1)_ctau3D_lambdaDF_Bkg2_[pdfCTAUDF2]) got nan during case 1 
[#0] ERROR:Tracing -- RooGaussModel::getVal(ctauRes3_conv_exp(@0/@1)_ctau3D_lambdaDF_Bkg2_[pdfCTAUDF2]) got nan during case 1 
[#0] ERROR:Tracing -- RooGaussModel::getVal(ctauRes2_conv_exp(@0/@1)_ctau3D_lambdaDF_Bkg2_[pdfCTAUDF2]) got nan during case 1 
[#0] ERROR:Tracing -- RooGaussModel::getVal(ctauRes1_conv_exp(-abs(@0)/@1)_ctau3D_lambdaDDS_Bkg_[pdfCTAUDDS]) got nan during case 1 
[#0] ERROR:Tracing -- RooGaussModel::getVal(ctauRes3_conv_exp(-abs(@0)/@1)_ctau3D_lambdaDDS_Bkg_[pdfCTAUDDS]) got nan during case 1 
[#0] ERROR:Tracing -- RooGaussModel::getVal(ctauRes2_conv_exp(-abs(@0)/@1)_ctau3D_lambdaDDS_Bkg_[pdfCTAUDDS]) got nan during case 1 
[#0] ERROR:Tracing -- RooGaussModel::getVal(ctauRes1_conv_exp(-abs(@0)/@1)_ctau3D_lambdaDDS_Bkg_[pdfCTAUDDS]) got nan during case 1 
[#0] ERROR:Tracing -- RooGaussModel::getVal(ctauRes3_conv_exp(-abs(@0)/@1)_ctau3D_lambdaDDS_Bkg_[pdfCTAUDDS]) got nan during case 1 
[#0] ERROR:Tracing -- RooGaussModel::getVal(ctauRes2_conv_exp(-abs(@0)/@1)_ctau3D_lambdaDDS_Bkg_[pdfCTAUDDS]) got nan during case 1 
[#0] WARNING:Minization -- RooMinimizerFcn: Minimized function has error status.
Returning maximum FCN so far (-1e+30) to force MIGRAD to back out of this region. Error log follows
Parameter values: b_Jpsi=0.52
RooNLLVar::nll_pdfCTAUMASS_Tot_dsToFit[ paramSet=(N_Bkg,N_Jpsi,alpha_1_A,b_Bkg,b_Jpsi,ctau1_CtauRes,ctau2_CtauRes,ctau3_CtauRes,f,f2_CtauRes,fDF12,fDFSS,fDLIV,fDSS12,fDSS1_test,fDSS2_test,f_CtauRes,lambdaDDS_Bkg,lambdaDF_Bkg1,lambdaDF_Bkg2,lambdaDSS_Bkg1,lambdaDSS_Bkg2,lambdaDSS_test1,lambdaDSS_test2,lambdaDSS_test3,m_{J/#Psi},n_1_A,rS21_CtauRes,rS32_CtauRes,s1_CtauRes,sigma_1_A,sl1,sl2,x_A,zeroMean) ]
     function value is NAN @ paramSet=(N_Bkg = 10422.1 +/- 154.79,N_Jpsi = 17396.8 +/- 175.879,alpha_1_A = 2.16069,b_Bkg = 0.759368 +/- 2.05668,b_Jpsi = 0.52,ctau1_CtauRes = 0,ctau2_CtauRes = 0,ctau3_CtauRes = 0,f = 0.720778,f2_CtauRes = 1.02206e-06 +/- 1.40334e-05,fDF12 = 0.416499 +/- 164846,fDFSS = 0.949422 +/- 5.22043,fDLIV = 0.393305 +/- 2.31686,fDSS12 = 0.875485 +/- 0.206613,fDSS1_test = 0.78,fDSS2_test = 0.37,f_CtauRes = 0.912575 +/- 0.0175917,lambdaDDS_Bkg = 0.034334 +/- 0.465804,lambdaDF_Bkg1 = 0.417596 +/- 410.327,lambdaDF_Bkg2 = 0.41414 +/- 988.141,lambdaDSS_Bkg1 = 0.279744 +/- 0.642153,lambdaDSS_Bkg2 = 0.99992 +/- 0.0546058,lambdaDSS_test1 = 0.5,lambdaDSS_test2 = 0.58,lambdaDSS_test3 = 0.34,m_{J/#Psi} = 3.09165 +/- 0.000446256,n_1_A = 1.28385,rS21_CtauRes = 2.92474 +/- 0.196868,rS32_CtauRes = 4.97158 +/- 0.375916,s1_CtauRes = 0.994607 +/- 0.0259245,sigma_1_A = 0.0418059 +/- 0.000431558,sl1 = -0.102918 +/- 0.0176394,sl2 = -0.0100587 +/- 0.0237262,x_A = 1.60948,zeroMean = 0)
PID3856008/RooRealMPFE::nll_pdfCTAUMASS_Tot_dsToFit_597526bcd3d0_MPFE4[ arg=nll_pdfCTAUMASS_Tot_dsToFit_GOF4 vars=(N_Bkg,N_Jpsi,alpha_1_A,b_Bkg,b_Jpsi,ctau1_CtauRes,ctau2_CtauRes,ctau3_CtauRes,f,f2_CtauRes,fDF12,fDFSS,fDLIV,fDSS12,fDSS1_test,fDSS2_test,f_CtauRes,lambdaDDS_Bkg,lambdaDF_Bkg1,lambdaDF_Bkg2,lambdaDSS_Bkg1,lambdaDSS_Bkg2,lambdaDSS_test1,lambdaDSS_test2,lambdaDSS_test3,m_{J/#Psi},n_1_A,rS21_CtauRes,rS32_CtauRes,s1_CtauRes,sigma_1_A,sl1,sl2,x_A,zeroMean) ]
     function value is NAN @ paramSet=(N_Bkg = 10422.1 +/- 154.79,N_Jpsi = 17396.8 +/- 175.879,alpha_1_A = 2.16069,b_Bkg = 0.759368 +/- 2.05668,b_Jpsi = 0.52,ctau1_CtauRes = 0,ctau2_CtauRes = 0,ctau3_CtauRes = 0,f = 0.720778,f2_CtauRes = 1.02206e-06 +/- 1.40334e-05,fDF12 = 0.416499 +/- 164846,fDFSS = 0.949422 +/- 5.22043,fDLIV = 0.393305 +/- 2.31686,fDSS12 = 0.875485 +/- 0.206613,fDSS1_test = 0.78,fDSS2_test = 0.37,f_CtauRes = 0.912575 +/- 0.0175917,lambdaDDS_Bkg = 0.034334 +/- 0.465804,lambdaDF_Bkg1 = 0.417596 +/- 410.327,lambdaDF_Bkg2 = 0.41414 +/- 988.141,lambdaDSS_Bkg1 = 0.279744 +/- 0.642153,lambdaDSS_Bkg2 = 0.99992 +/- 0.0546058,lambdaDSS_test1 = 0.5,lambdaDSS_test2 = 0.58,lambdaDSS_test3 = 0.34,m_{J/#Psi} = 3.09165 +/- 0.000446256,n_1_A = 1.28385,rS21_CtauRes = 2.92474 +/- 0.196868,rS32_CtauRes = 4.97158 +/- 0.375916,s1_CtauRes = 0.994607 +/- 0.0259245,sigma_1_A = 0.0418059 +/- 0.000431558,sl1 = -0.102918 +/- 0.0176394,sl2 = -0.0100587 +/- 0.0237262,x_A = 1.60948,zeroMean = 0)
     function value is NAN @ paramSet=(N_Bkg = 10422.1 +/- 154.79,N_Jpsi = 17396.8 +/- 175.879,alpha_1_A = 2.16069,b_Bkg = 0.759368 +/- 2.05668,b_Jpsi = 0.52,ctau1_CtauRes = 0,ctau2_CtauRes = 0,ctau3_CtauRes = 0,f = 0.720778,f2_CtauRes = 1.02206e-06 +/- 1.40334e-05,fDF12 = 0.416499 +/- 164846,fDFSS = 0.949422 +/- 5.22043,fDLIV = 0.393305 +/- 2.31686,fDSS12 = 0.875485 +/- 0.206613,fDSS1_test = 0.78,fDSS2_test = 0.37,f_CtauRes = 0.912575 +/- 0.0175917,lambdaDDS_Bkg = 0.034334 +/- 0.465804,lambdaDF_Bkg1 = 0.417596 +/- 410.327,lambdaDF_Bkg2 = 0.41414 +/- 988.141,lambdaDSS_Bkg1 = 0.279744 +/- 0.642153,lambdaDSS_Bkg2 = 0.99992 +/- 0.0546058,lambdaDSS_test1 = 0.5,lambdaDSS_test2 = 0.58,lambdaDSS_test3 = 0.34,m_{J/#Psi} = 3.09165 +/- 0.000446256,n_1_A = 1.28385,rS21_CtauRes = 2.92474 +/- 0.196868,rS32_CtauRes = 4.97158 +/- 0.375916,s1_CtauRes = 0.994607 +/- 0.0259245,sigma_1_A = 0.0418059 +/- 0.000431558,sl1 = -0.102918 +/- 0.0176394,sl2 = -0.0100587 +/- 0.0237262,x_A = 1.60948,zeroMean = 0)

[#0] ERROR:Tracing -- RooGaussModel::getVal(ctauRes1_conv_exp(-@0/@1)_ctau3D_lambdaDSS_Bkg1_[pdfCTAUDSS1]) got nan during case 1 
[#0] ERROR:Tracing -- RooGaussModel::getVal(ctauRes3_conv_exp(-@0/@1)_ctau3D_lambdaDSS_Bkg1_[pdfCTAUDSS1]) got nan during case 1 
[#0] ERROR:Tracing -- RooGaussModel::getVal(ctauRes2_conv_exp(-@0/@1)_ctau3D_lambdaDSS_Bkg1_[pdfCTAUDSS1]) got nan during case 1 
[#0] ERROR:Tracing -- RooGaussModel::getVal(ctauRes1_conv_exp(-@0/@1)_ctau3D_lambdaDSS_Bkg1_[pdfCTAUDSS1]) got nan during case 1 
[#0] ERROR:Tracing -- RooGaussModel::getVal(ctauRes3_conv_exp(-@0/@1)_ctau3D_lambdaDSS_Bkg1_[pdfCTAUDSS1]) got nan during case 1 
[#0] ERROR:Tracing -- RooGaussModel::getVal(ctauRes2_conv_exp(-@0/@1)_ctau3D_lambdaDSS_Bkg1_[pdfCTAUDSS1]) got nan during case 1 
[#0] ERROR:Tracing -- RooGaussModel::getVal(ctauRes1_conv_exp(-@0/@1)_ctau3D_lambdaDSS_Bkg2_[pdfCTAUDSS2]) got nan during case 1 
[#0] ERROR:Tracing -- RooGaussModel::getVal(ctauRes3_conv_exp(-@0/@1)_ctau3D_lambdaDSS_Bkg2_[pdfCTAUDSS2]) got nan during case 1 
[#0] ERROR:Tracing -- RooGaussModel::getVal(ctauRes2_conv_exp(-@0/@1)_ctau3D_lambdaDSS_Bkg2_[pdfCTAUDSS2]) got nan during case 1 
[#0] ERROR:Tracing -- RooGaussModel::getVal(ctauRes1_conv_exp(-@0/@1)_ctau3D_lambdaDSS_Bkg2_[pdfCTAUDSS2]) got nan during case 1 
[#0] ERROR:Tracing -- RooGaussModel::getVal(ctauRes3_conv_exp(-@0/@1)_ctau3D_lambdaDSS_Bkg2_[pdfCTAUDSS2]) got nan during case 1 
[#0] ERROR:Tracing -- RooGaussModel::getVal(ctauRes2_conv_exp(-@0/@1)_ctau3D_lambdaDSS_Bkg2_[pdfCTAUDSS2]) got nan during case 1 
[#0] ERROR:Tracing -- RooGaussModel::getVal(ctauRes1_conv_exp(@0/@1)_ctau3D_lambdaDF_Bkg1_[pdfCTAUDF1]) got nan during case 1 
[#0] ERROR:Tracing -- RooGaussModel::getVal(ctauRes3_conv_exp(@0/@1)_ctau3D_lambdaDF_Bkg1_[pdfCTAUDF1]) got nan during case 1 
[#0] ERROR:Tracing -- RooGaussModel::getVal(ctauRes2_conv_exp(@0/@1)_ctau3D_lambdaDF_Bkg1_[pdfCTAUDF1]) got nan during case 1 
[#0] ERROR:Tracing -- RooGaussModel::getVal(ctauRes1_conv_exp(@0/@1)_ctau3D_lambdaDF_Bkg1_[pdfCTAUDF1]) got nan during case 1 
[#0] ERROR:Tracing -- RooGaussModel::getVal(ctauRes3_conv_exp(@0/@1)_ctau3D_lambdaDF_Bkg1_[pdfCTAUDF1]) got nan during case 1 
[#0] ERROR:Tracing -- RooGaussModel::getVal(ctauRes2_conv_exp(@0/@1)_ctau3D_lambdaDF_Bkg1_[pdfCTAUDF1]) got nan during case 1 
[#0] ERROR:Tracing -- RooGaussModel::getVal(ctauRes1_conv_exp(@0/@1)_ctau3D_lambdaDF_Bkg2_[pdfCTAUDF2]) got nan during case 1 
[#0] ERROR:Tracing -- RooGaussModel::getVal(ctauRes3_conv_exp(@0/@1)_ctau3D_lambdaDF_Bkg2_[pdfCTAUDF2]) got nan during case 1 
[#0] ERROR:Tracing -- RooGaussModel::getVal(ctauRes2_conv_exp(@0/@1)_ctau3D_lambdaDF_Bkg2_[pdfCTAUDF2]) got nan during case 1 
[#0] ERROR:Tracing -- RooGaussModel::getVal(ctauRes1_conv_exp(@0/@1)_ctau3D_lambdaDF_Bkg2_[pdfCTAUDF2]) got nan during case 1 
[#0] ERROR:Tracing -- RooGaussModel::getVal(ctauRes3_conv_exp(@0/@1)_ctau3D_lambdaDF_Bkg2_[pdfCTAUDF2]) got nan during case 1 
[#0] ERROR:Tracing -- RooGaussModel::getVal(ctauRes2_conv_exp(@0/@1)_ctau3D_lambdaDF_Bkg2_[pdfCTAUDF2]) got nan during case 1 
[#0] ERROR:Tracing -- RooGaussModel::getVal(ctauRes1_conv_exp(-abs(@0)/@1)_ctau3D_lambdaDDS_Bkg_[pdfCTAUDDS]) got nan during case 1 
[#0] ERROR:Tracing -- RooGaussModel::getVal(ctauRes3_conv_exp(-abs(@0)/@1)_ctau3D_lambdaDDS_Bkg_[pdfCTAUDDS]) got nan during case 1 
[#0] ERROR:Tracing -- RooGaussModel::getVal(ctauRes2_conv_exp(-abs(@0)/@1)_ctau3D_lambdaDDS_Bkg_[pdfCTAUDDS]) got nan during case 1 
[#0] ERROR:Tracing -- RooGaussModel::getVal(ctauRes1_conv_exp(-abs(@0)/@1)_ctau3D_lambdaDDS_Bkg_[pdfCTAUDDS]) got nan during case 1 
[#0] ERROR:Tracing -- RooGaussModel::getVal(ctauRes3_conv_exp(-abs(@0)/@1)_ctau3D_lambdaDDS_Bkg_[pdfCTAUDDS]) got nan during case 1 
[#0] ERROR:Tracing -- RooGaussModel::getVal(ctauRes2_conv_exp(-abs(@0)/@1)_ctau3D_lambdaDDS_Bkg_[pdfCTAUDDS]) got nan during case 1 
[#0] WARNING:Minization -- RooMinimizerFcn: Minimized function has error status.
Returning maximum FCN so far (-1e+30) to force MIGRAD to back out of this region. Error log follows
Parameter values: b_Jpsi=0.757073
RooNLLVar::nll_pdfCTAUMASS_Tot_dsToFit[ paramSet=(N_Bkg,N_Jpsi,alpha_1_A,b_Bkg,b_Jpsi,ctau1_CtauRes,ctau2_CtauRes,ctau3_CtauRes,f,f2_CtauRes,fDF12,fDFSS,fDLIV,fDSS12,fDSS1_test,fDSS2_test,f_CtauRes,lambdaDDS_Bkg,lambdaDF_Bkg1,lambdaDF_Bkg2,lambdaDSS_Bkg1,lambdaDSS_Bkg2,lambdaDSS_test1,lambdaDSS_test2,lambdaDSS_test3,m_{J/#Psi},n_1_A,rS21_CtauRes,rS32_CtauRes,s1_CtauRes,sigma_1_A,sl1,sl2,x_A,zeroMean) ]
     function value is NAN @ paramSet=(N_Bkg = 10422.1 +/- 154.79,N_Jpsi = 17396.8 +/- 175.879,alpha_1_A = 2.16069,b_Bkg = 0.759368 +/- 2.05668,b_Jpsi = 0.757073,ctau1_CtauRes = 0,ctau2_CtauRes = 0,ctau3_CtauRes = 0,f = 0.720778,f2_CtauRes = 1.02206e-06 +/- 1.40334e-05,fDF12 = 0.416499 +/- 164846,fDFSS = 0.949422 +/- 5.22043,fDLIV = 0.393305 +/- 2.31686,fDSS12 = 0.875485 +/- 0.206613,fDSS1_test = 0.78,fDSS2_test = 0.37,f_CtauRes = 0.912575 +/- 0.0175917,lambdaDDS_Bkg = 0.034334 +/- 0.465804,lambdaDF_Bkg1 = 0.417596 +/- 410.327,lambdaDF_Bkg2 = 0.41414 +/- 988.141,lambdaDSS_Bkg1 = 0.279744 +/- 0.642153,lambdaDSS_Bkg2 = 0.99992 +/- 0.0546058,lambdaDSS_test1 = 0.5,lambdaDSS_test2 = 0.58,lambdaDSS_test3 = 0.34,m_{J/#Psi} = 3.09165 +/- 0.000446256,n_1_A = 1.28385,rS21_CtauRes = 2.92474 +/- 0.196868,rS32_CtauRes = 4.97158 +/- 0.375916,s1_CtauRes = 0.994607 +/- 0.0259245,sigma_1_A = 0.0418059 +/- 0.000431558,sl1 = -0.102918 +/- 0.0176394,sl2 = -0.0100587 +/- 0.0237262,x_A = 1.60948,zeroMean = 0)
PID3856008/RooRealMPFE::nll_pdfCTAUMASS_Tot_dsToFit_597526bcd3d0_MPFE4[ arg=nll_pdfCTAUMASS_Tot_dsToFit_GOF4 vars=(N_Bkg,N_Jpsi,alpha_1_A,b_Bkg,b_Jpsi,ctau1_CtauRes,ctau2_CtauRes,ctau3_CtauRes,f,f2_CtauRes,fDF12,fDFSS,fDLIV,fDSS12,fDSS1_test,fDSS2_test,f_CtauRes,lambdaDDS_Bkg,lambdaDF_Bkg1,lambdaDF_Bkg2,lambdaDSS_Bkg1,lambdaDSS_Bkg2,lambdaDSS_test1,lambdaDSS_test2,lambdaDSS_test3,m_{J/#Psi},n_1_A,rS21_CtauRes,rS32_CtauRes,s1_CtauRes,sigma_1_A,sl1,sl2,x_A,zeroMean) ]
     function value is NAN @ paramSet=(N_Bkg = 10422.1 +/- 154.79,N_Jpsi = 17396.8 +/- 175.879,alpha_1_A = 2.16069,b_Bkg = 0.759368 +/- 2.05668,b_Jpsi = 0.757073,ctau1_CtauRes = 0,ctau2_CtauRes = 0,ctau3_CtauRes = 0,f = 0.720778,f2_CtauRes = 1.02206e-06 +/- 1.40334e-05,fDF12 = 0.416499 +/- 164846,fDFSS = 0.949422 +/- 5.22043,fDLIV = 0.393305 +/- 2.31686,fDSS12 = 0.875485 +/- 0.206613,fDSS1_test = 0.78,fDSS2_test = 0.37,f_CtauRes = 0.912575 +/- 0.0175917,lambdaDDS_Bkg = 0.034334 +/- 0.465804,lambdaDF_Bkg1 = 0.417596 +/- 410.327,lambdaDF_Bkg2 = 0.41414 +/- 988.141,lambdaDSS_Bkg1 = 0.279744 +/- 0.642153,lambdaDSS_Bkg2 = 0.99992 +/- 0.0546058,lambdaDSS_test1 = 0.5,lambdaDSS_test2 = 0.58,lambdaDSS_test3 = 0.34,m_{J/#Psi} = 3.09165 +/- 0.000446256,n_1_A = 1.28385,rS21_CtauRes = 2.92474 +/- 0.196868,rS32_CtauRes = 4.97158 +/- 0.375916,s1_CtauRes = 0.994607 +/- 0.0259245,sigma_1_A = 0.0418059 +/- 0.000431558,sl1 = -0.102918 +/- 0.0176394,sl2 = -0.0100587 +/- 0.0237262,x_A = 1.60948,zeroMean = 0)
     function value is NAN @ paramSet=(N_Bkg = 10422.1 +/- 154.79,N_Jpsi = 17396.8 +/- 175.879,alpha_1_A = 2.16069,b_Bkg = 0.759368 +/- 2.05668,b_Jpsi = 0.757073,ctau1_CtauRes = 0,ctau2_CtauRes = 0,ctau3_CtauRes = 0,f = 0.720778,f2_CtauRes = 1.02206e-06 +/- 1.40334e-05,fDF12 = 0.416499 +/- 164846,fDFSS = 0.949422 +/- 5.22043,fDLIV = 0.393305 +/- 2.31686,fDSS12 = 0.875485 +/- 0.206613,fDSS1_test = 0.78,fDSS2_test = 0.37,f_CtauRes = 0.912575 +/- 0.0175917,lambdaDDS_Bkg = 0.034334 +/- 0.465804,lambdaDF_Bkg1 = 0.417596 +/- 410.327,lambdaDF_Bkg2 = 0.41414 +/- 988.141,lambdaDSS_Bkg1 = 0.279744 +/- 0.642153,lambdaDSS_Bkg2 = 0.99992 +/- 0.0546058,lambdaDSS_test1 = 0.5,lambdaDSS_test2 = 0.58,lambdaDSS_test3 = 0.34,m_{J/#Psi} = 3.09165 +/- 0.000446256,n_1_A = 1.28385,rS21_CtauRes = 2.92474 +/- 0.196868,rS32_CtauRes = 4.97158 +/- 0.375916,s1_CtauRes = 0.994607 +/- 0.0259245,sigma_1_A = 0.0418059 +/- 0.000431558,sl1 = -0.102918 +/- 0.0176394,sl2 = -0.0100587 +/- 0.0237262,x_A = 1.60948,zeroMean = 0)

[#0] ERROR:Tracing -- RooGaussModel::getVal(ctauRes1_conv_exp(-@0/@1)_ctau3D_lambdaDSS_Bkg1_[pdfCTAUDSS1]) got nan during case 1 
[#0] ERROR:Tracing -- RooGaussModel::getVal(ctauRes3_conv_exp(-@0/@1)_ctau3D_lambdaDSS_Bkg1_[pdfCTAUDSS1]) got nan during case 1 
[#0] ERROR:Tracing -- RooGaussModel::getVal(ctauRes2_conv_exp(-@0/@1)_ctau3D_lambdaDSS_Bkg1_[pdfCTAUDSS1]) got nan during case 1 
[#0] ERROR:Tracing -- RooGaussModel::getVal(ctauRes1_conv_exp(-@0/@1)_ctau3D_lambdaDSS_Bkg1_[pdfCTAUDSS1]) got nan during case 1 
[#0] ERROR:Tracing -- RooGaussModel::getVal(ctauRes3_conv_exp(-@0/@1)_ctau3D_lambdaDSS_Bkg1_[pdfCTAUDSS1]) got nan during case 1 
[#0] ERROR:Tracing -- RooGaussModel::getVal(ctauRes2_conv_exp(-@0/@1)_ctau3D_lambdaDSS_Bkg1_[pdfCTAUDSS1]) got nan during case 1 
[#0] ERROR:Tracing -- RooGaussModel::getVal(ctauRes1_conv_exp(-@0/@1)_ctau3D_lambdaDSS_Bkg2_[pdfCTAUDSS2]) got nan during case 1 
[#0] ERROR:Tracing -- RooGaussModel::getVal(ctauRes3_conv_exp(-@0/@1)_ctau3D_lambdaDSS_Bkg2_[pdfCTAUDSS2]) got nan during case 1 
[#0] ERROR:Tracing -- RooGaussModel::getVal(ctauRes2_conv_exp(-@0/@1)_ctau3D_lambdaDSS_Bkg2_[pdfCTAUDSS2]) got nan during case 1 
[#0] ERROR:Tracing -- RooGaussModel::getVal(ctauRes1_conv_exp(-@0/@1)_ctau3D_lambdaDSS_Bkg2_[pdfCTAUDSS2]) got nan during case 1 
[#0] ERROR:Tracing -- RooGaussModel::getVal(ctauRes3_conv_exp(-@0/@1)_ctau3D_lambdaDSS_Bkg2_[pdfCTAUDSS2]) got nan during case 1 
[#0] ERROR:Tracing -- RooGaussModel::getVal(ctauRes2_conv_exp(-@0/@1)_ctau3D_lambdaDSS_Bkg2_[pdfCTAUDSS2]) got nan during case 1 
[#0] ERROR:Tracing -- RooGaussModel::getVal(ctauRes1_conv_exp(@0/@1)_ctau3D_lambdaDF_Bkg1_[pdfCTAUDF1]) got nan during case 1 
[#0] ERROR:Tracing -- RooGaussModel::getVal(ctauRes3_conv_exp(@0/@1)_ctau3D_lambdaDF_Bkg1_[pdfCTAUDF1]) got nan during case 1 
[#0] ERROR:Tracing -- RooGaussModel::getVal(ctauRes2_conv_exp(@0/@1)_ctau3D_lambdaDF_Bkg1_[pdfCTAUDF1]) got nan during case 1 
[#0] ERROR:Tracing -- RooGaussModel::getVal(ctauRes1_conv_exp(@0/@1)_ctau3D_lambdaDF_Bkg1_[pdfCTAUDF1]) got nan during case 1 
[#0] ERROR:Tracing -- RooGaussModel::getVal(ctauRes3_conv_exp(@0/@1)_ctau3D_lambdaDF_Bkg1_[pdfCTAUDF1]) got nan during case 1 
[#0] ERROR:Tracing -- RooGaussModel::getVal(ctauRes2_conv_exp(@0/@1)_ctau3D_lambdaDF_Bkg1_[pdfCTAUDF1]) got nan during case 1 
[#0] ERROR:Tracing -- RooGaussModel::getVal(ctauRes1_conv_exp(@0/@1)_ctau3D_lambdaDF_Bkg2_[pdfCTAUDF2]) got nan during case 1 
[#0] ERROR:Tracing -- RooGaussModel::getVal(ctauRes3_conv_exp(@0/@1)_ctau3D_lambdaDF_Bkg2_[pdfCTAUDF2]) got nan during case 1 
[#0] ERROR:Tracing -- RooGaussModel::getVal(ctauRes2_conv_exp(@0/@1)_ctau3D_lambdaDF_Bkg2_[pdfCTAUDF2]) got nan during case 1 
[#0] ERROR:Tracing -- RooGaussModel::getVal(ctauRes1_conv_exp(@0/@1)_ctau3D_lambdaDF_Bkg2_[pdfCTAUDF2]) got nan during case 1 
[#0] ERROR:Tracing -- RooGaussModel::getVal(ctauRes3_conv_exp(@0/@1)_ctau3D_lambdaDF_Bkg2_[pdfCTAUDF2]) got nan during case 1 
[#0] ERROR:Tracing -- RooGaussModel::getVal(ctauRes2_conv_exp(@0/@1)_ctau3D_lambdaDF_Bkg2_[pdfCTAUDF2]) got nan during case 1 
[#0] ERROR:Tracing -- RooGaussModel::getVal(ctauRes1_conv_exp(-abs(@0)/@1)_ctau3D_lambdaDDS_Bkg_[pdfCTAUDDS]) got nan during case 1 
[#0] ERROR:Tracing -- RooGaussModel::getVal(ctauRes3_conv_exp(-abs(@0)/@1)_ctau3D_lambdaDDS_Bkg_[pdfCTAUDDS]) got nan during case 1 
[#0] ERROR:Tracing -- RooGaussModel::getVal(ctauRes2_conv_exp(-abs(@0)/@1)_ctau3D_lambdaDDS_Bkg_[pdfCTAUDDS]) got nan during case 1 
[#0] ERROR:Tracing -- RooGaussModel::getVal(ctauRes1_conv_exp(-abs(@0)/@1)_ctau3D_lambdaDDS_Bkg_[pdfCTAUDDS]) got nan during case 1 
[#0] ERROR:Tracing -- RooGaussModel::getVal(ctauRes3_conv_exp(-abs(@0)/@1)_ctau3D_lambdaDDS_Bkg_[pdfCTAUDDS]) got nan during case 1 
[#0] ERROR:Tracing -- RooGaussModel::getVal(ctauRes2_conv_exp(-abs(@0)/@1)_ctau3D_lambdaDDS_Bkg_[pdfCTAUDDS]) got nan during case 1 
[#0] WARNING:Minization -- RooMinimizerFcn: Minimized function has error status.
Returning maximum FCN so far (-1e+30) to force MIGRAD to back out of this region. Error log follows
Parameter values: b_Jpsi=0.278031
RooNLLVar::nll_pdfCTAUMASS_Tot_dsToFit[ paramSet=(N_Bkg,N_Jpsi,alpha_1_A,b_Bkg,b_Jpsi,ctau1_CtauRes,ctau2_CtauRes,ctau3_CtauRes,f,f2_CtauRes,fDF12,fDFSS,fDLIV,fDSS12,fDSS1_test,fDSS2_test,f_CtauRes,lambdaDDS_Bkg,lambdaDF_Bkg1,lambdaDF_Bkg2,lambdaDSS_Bkg1,lambdaDSS_Bkg2,lambdaDSS_test1,lambdaDSS_test2,lambdaDSS_test3,m_{J/#Psi},n_1_A,rS21_CtauRes,rS32_CtauRes,s1_CtauRes,sigma_1_A,sl1,sl2,x_A,zeroMean) ]
     function value is NAN @ paramSet=(N_Bkg = 10422.1 +/- 154.79,N_Jpsi = 17396.8 +/- 175.879,alpha_1_A = 2.16069,b_Bkg = 0.759368 +/- 2.05668,b_Jpsi = 0.278031,ctau1_CtauRes = 0,ctau2_CtauRes = 0,ctau3_CtauRes = 0,f = 0.720778,f2_CtauRes = 1.02206e-06 +/- 1.40334e-05,fDF12 = 0.416499 +/- 164846,fDFSS = 0.949422 +/- 5.22043,fDLIV = 0.393305 +/- 2.31686,fDSS12 = 0.875485 +/- 0.206613,fDSS1_test = 0.78,fDSS2_test = 0.37,f_CtauRes = 0.912575 +/- 0.0175917,lambdaDDS_Bkg = 0.034334 +/- 0.465804,lambdaDF_Bkg1 = 0.417596 +/- 410.327,lambdaDF_Bkg2 = 0.41414 +/- 988.141,lambdaDSS_Bkg1 = 0.279744 +/- 0.642153,lambdaDSS_Bkg2 = 0.99992 +/- 0.0546058,lambdaDSS_test1 = 0.5,lambdaDSS_test2 = 0.58,lambdaDSS_test3 = 0.34,m_{J/#Psi} = 3.09165 +/- 0.000446256,n_1_A = 1.28385,rS21_CtauRes = 2.92474 +/- 0.196868,rS32_CtauRes = 4.97158 +/- 0.375916,s1_CtauRes = 0.994607 +/- 0.0259245,sigma_1_A = 0.0418059 +/- 0.000431558,sl1 = -0.102918 +/- 0.0176394,sl2 = -0.0100587 +/- 0.0237262,x_A = 1.60948,zeroMean = 0)
PID3856008/RooRealMPFE::nll_pdfCTAUMASS_Tot_dsToFit_597526bcd3d0_MPFE4[ arg=nll_pdfCTAUMASS_Tot_dsToFit_GOF4 vars=(N_Bkg,N_Jpsi,alpha_1_A,b_Bkg,b_Jpsi,ctau1_CtauRes,ctau2_CtauRes,ctau3_CtauRes,f,f2_CtauRes,fDF12,fDFSS,fDLIV,fDSS12,fDSS1_test,fDSS2_test,f_CtauRes,lambdaDDS_Bkg,lambdaDF_Bkg1,lambdaDF_Bkg2,lambdaDSS_Bkg1,lambdaDSS_Bkg2,lambdaDSS_test1,lambdaDSS_test2,lambdaDSS_test3,m_{J/#Psi},n_1_A,rS21_CtauRes,rS32_CtauRes,s1_CtauRes,sigma_1_A,sl1,sl2,x_A,zeroMean) ]
     function value is NAN @ paramSet=(N_Bkg = 10422.1 +/- 154.79,N_Jpsi = 17396.8 +/- 175.879,alpha_1_A = 2.16069,b_Bkg = 0.759368 +/- 2.05668,b_Jpsi = 0.278031,ctau1_CtauRes = 0,ctau2_CtauRes = 0,ctau3_CtauRes = 0,f = 0.720778,f2_CtauRes = 1.02206e-06 +/- 1.40334e-05,fDF12 = 0.416499 +/- 164846,fDFSS = 0.949422 +/- 5.22043,fDLIV = 0.393305 +/- 2.31686,fDSS12 = 0.875485 +/- 0.206613,fDSS1_test = 0.78,fDSS2_test = 0.37,f_CtauRes = 0.912575 +/- 0.0175917,lambdaDDS_Bkg = 0.034334 +/- 0.465804,lambdaDF_Bkg1 = 0.417596 +/- 410.327,lambdaDF_Bkg2 = 0.41414 +/- 988.141,lambdaDSS_Bkg1 = 0.279744 +/- 0.642153,lambdaDSS_Bkg2 = 0.99992 +/- 0.0546058,lambdaDSS_test1 = 0.5,lambdaDSS_test2 = 0.58,lambdaDSS_test3 = 0.34,m_{J/#Psi} = 3.09165 +/- 0.000446256,n_1_A = 1.28385,rS21_CtauRes = 2.92474 +/- 0.196868,rS32_CtauRes = 4.97158 +/- 0.375916,s1_CtauRes = 0.994607 +/- 0.0259245,sigma_1_A = 0.0418059 +/- 0.000431558,sl1 = -0.102918 +/- 0.0176394,sl2 = -0.0100587 +/- 0.0237262,x_A = 1.60948,zeroMean = 0)
     function value is NAN @ paramSet=(N_Bkg = 10422.1 +/- 154.79,N_Jpsi = 17396.8 +/- 175.879,alpha_1_A = 2.16069,b_Bkg = 0.759368 +/- 2.05668,b_Jpsi = 0.278031,ctau1_CtauRes = 0,ctau2_CtauRes = 0,ctau3_CtauRes = 0,f = 0.720778,f2_CtauRes = 1.02206e-06 +/- 1.40334e-05,fDF12 = 0.416499 +/- 164846,fDFSS = 0.949422 +/- 5.22043,fDLIV = 0.393305 +/- 2.31686,fDSS12 = 0.875485 +/- 0.206613,fDSS1_test = 0.78,fDSS2_test = 0.37,f_CtauRes = 0.912575 +/- 0.0175917,lambdaDDS_Bkg = 0.034334 +/- 0.465804,lambdaDF_Bkg1 = 0.417596 +/- 410.327,lambdaDF_Bkg2 = 0.41414 +/- 988.141,lambdaDSS_Bkg1 = 0.279744 +/- 0.642153,lambdaDSS_Bkg2 = 0.99992 +/- 0.0546058,lambdaDSS_test1 = 0.5,lambdaDSS_test2 = 0.58,lambdaDSS_test3 = 0.34,m_{J/#Psi} = 3.09165 +/- 0.000446256,n_1_A = 1.28385,rS21_CtauRes = 2.92474 +/- 0.196868,rS32_CtauRes = 4.97158 +/- 0.375916,s1_CtauRes = 0.994607 +/- 0.0259245,sigma_1_A = 0.0418059 +/- 0.000431558,sl1 = -0.102918 +/- 0.0176394,sl2 = -0.0100587 +/- 0.0237262,x_A = 1.60948,zeroMean = 0)

 MINUIT WARNING IN HESSE
 ============== Second derivative zero for parameter1
  MNHESS FAILS AND WILL RETURN DIAGONAL MATRIX. 
 FCN=-1e+30 FROM HESSE     STATUS=FAILED          3 CALLS          19 TOTAL
                     EDM=0    STRATEGY= 1  ERROR MATRIX UNCERTAINTY 100.0 per cent
  EXT PARAMETER                APPROXIMATE        STEP         FIRST   
  NO.   NAME      VALUE            ERROR          SIZE      DERIVATIVE 
   1  b_Jpsi       5.20000e-01   4.20399e-01   0.00000e+00   0.00000e+00
                               ERR DEF= 0.5
 MIGRAD MINIMIZATION HAS CONVERGED.
 MIGRAD WILL VERIFY CONVERGENCE AND ERROR MATRIX.
   START COVARIANCE MATRIX CALCULATION.
[#0] ERROR:Tracing -- RooGaussModel::getVal(ctauRes1_conv_exp(-@0/@1)_ctau3D_lambdaDSS_Bkg1_[pdfCTAUDSS1]) got nan during case 1 
[#0] ERROR:Tracing -- RooGaussModel::getVal(ctauRes3_conv_exp(-@0/@1)_ctau3D_lambdaDSS_Bkg1_[pdfCTAUDSS1]) got nan during case 1 
[#0] ERROR:Tracing -- RooGaussModel::getVal(ctauRes2_conv_exp(-@0/@1)_ctau3D_lambdaDSS_Bkg1_[pdfCTAUDSS1]) got nan during case 1 
[#0] ERROR:Tracing -- RooGaussModel::getVal(ctauRes1_conv_exp(-@0/@1)_ctau3D_lambdaDSS_Bkg1_[pdfCTAUDSS1]) got nan during case 1 
[#0] ERROR:Tracing -- RooGaussModel::getVal(ctauRes3_conv_exp(-@0/@1)_ctau3D_lambdaDSS_Bkg1_[pdfCTAUDSS1]) got nan during case 1 
[#0] ERROR:Tracing -- RooGaussModel::getVal(ctauRes2_conv_exp(-@0/@1)_ctau3D_lambdaDSS_Bkg1_[pdfCTAUDSS1]) got nan during case 1 
[#0] ERROR:Tracing -- RooGaussModel::getVal(ctauRes1_conv_exp(-@0/@1)_ctau3D_lambdaDSS_Bkg2_[pdfCTAUDSS2]) got nan during case 1 
[#0] ERROR:Tracing -- RooGaussModel::getVal(ctauRes3_conv_exp(-@0/@1)_ctau3D_lambdaDSS_Bkg2_[pdfCTAUDSS2]) got nan during case 1 
[#0] ERROR:Tracing -- RooGaussModel::getVal(ctauRes2_conv_exp(-@0/@1)_ctau3D_lambdaDSS_Bkg2_[pdfCTAUDSS2]) got nan during case 1 
[#0] ERROR:Tracing -- RooGaussModel::getVal(ctauRes1_conv_exp(-@0/@1)_ctau3D_lambdaDSS_Bkg2_[pdfCTAUDSS2]) got nan during case 1 
[#0] ERROR:Tracing -- RooGaussModel::getVal(ctauRes3_conv_exp(-@0/@1)_ctau3D_lambdaDSS_Bkg2_[pdfCTAUDSS2]) got nan during case 1 
[#0] ERROR:Tracing -- RooGaussModel::getVal(ctauRes2_conv_exp(-@0/@1)_ctau3D_lambdaDSS_Bkg2_[pdfCTAUDSS2]) got nan during case 1 
[#0] ERROR:Tracing -- RooGaussModel::getVal(ctauRes1_conv_exp(@0/@1)_ctau3D_lambdaDF_Bkg1_[pdfCTAUDF1]) got nan during case 1 
[#0] ERROR:Tracing -- RooGaussModel::getVal(ctauRes3_conv_exp(@0/@1)_ctau3D_lambdaDF_Bkg1_[pdfCTAUDF1]) got nan during case 1 
[#0] ERROR:Tracing -- RooGaussModel::getVal(ctauRes2_conv_exp(@0/@1)_ctau3D_lambdaDF_Bkg1_[pdfCTAUDF1]) got nan during case 1 
[#0] ERROR:Tracing -- RooGaussModel::getVal(ctauRes1_conv_exp(@0/@1)_ctau3D_lambdaDF_Bkg1_[pdfCTAUDF1]) got nan during case 1 
[#0] ERROR:Tracing -- RooGaussModel::getVal(ctauRes3_conv_exp(@0/@1)_ctau3D_lambdaDF_Bkg1_[pdfCTAUDF1]) got nan during case 1 
[#0] ERROR:Tracing -- RooGaussModel::getVal(ctauRes2_conv_exp(@0/@1)_ctau3D_lambdaDF_Bkg1_[pdfCTAUDF1]) got nan during case 1 
[#0] ERROR:Tracing -- RooGaussModel::getVal(ctauRes1_conv_exp(@0/@1)_ctau3D_lambdaDF_Bkg2_[pdfCTAUDF2]) got nan during case 1 
[#0] ERROR:Tracing -- RooGaussModel::getVal(ctauRes3_conv_exp(@0/@1)_ctau3D_lambdaDF_Bkg2_[pdfCTAUDF2]) got nan during case 1 
[#0] ERROR:Tracing -- RooGaussModel::getVal(ctauRes2_conv_exp(@0/@1)_ctau3D_lambdaDF_Bkg2_[pdfCTAUDF2]) got nan during case 1 
[#0] ERROR:Tracing -- RooGaussModel::getVal(ctauRes1_conv_exp(@0/@1)_ctau3D_lambdaDF_Bkg2_[pdfCTAUDF2]) got nan during case 1 
[#0] ERROR:Tracing -- RooGaussModel::getVal(ctauRes3_conv_exp(@0/@1)_ctau3D_lambdaDF_Bkg2_[pdfCTAUDF2]) got nan during case 1 
[#0] ERROR:Tracing -- RooGaussModel::getVal(ctauRes2_conv_exp(@0/@1)_ctau3D_lambdaDF_Bkg2_[pdfCTAUDF2]) got nan during case 1 
[#0] ERROR:Tracing -- RooGaussModel::getVal(ctauRes1_conv_exp(-abs(@0)/@1)_ctau3D_lambdaDDS_Bkg_[pdfCTAUDDS]) got nan during case 1 
[#0] ERROR:Tracing -- RooGaussModel::getVal(ctauRes3_conv_exp(-abs(@0)/@1)_ctau3D_lambdaDDS_Bkg_[pdfCTAUDDS]) got nan during case 1 
[#0] ERROR:Tracing -- RooGaussModel::getVal(ctauRes2_conv_exp(-abs(@0)/@1)_ctau3D_lambdaDDS_Bkg_[pdfCTAUDDS]) got nan during case 1 
[#0] ERROR:Tracing -- RooGaussModel::getVal(ctauRes1_conv_exp(-abs(@0)/@1)_ctau3D_lambdaDDS_Bkg_[pdfCTAUDDS]) got nan during case 1 
[#0] ERROR:Tracing -- RooGaussModel::getVal(ctauRes3_conv_exp(-abs(@0)/@1)_ctau3D_lambdaDDS_Bkg_[pdfCTAUDDS]) got nan during case 1 
[#0] ERROR:Tracing -- RooGaussModel::getVal(ctauRes2_conv_exp(-abs(@0)/@1)_ctau3D_lambdaDDS_Bkg_[pdfCTAUDDS]) got nan during case 1 
[#0] WARNING:Minization -- RooMinimizerFcn: Minimized function has error status.
Returning maximum FCN so far (-1e+30) to force MIGRAD to back out of this region. Error log follows
Parameter values: b_Jpsi=0.52
RooNLLVar::nll_pdfCTAUMASS_Tot_dsToFit[ paramSet=(N_Bkg,N_Jpsi,alpha_1_A,b_Bkg,b_Jpsi,ctau1_CtauRes,ctau2_CtauRes,ctau3_CtauRes,f,f2_CtauRes,fDF12,fDFSS,fDLIV,fDSS12,fDSS1_test,fDSS2_test,f_CtauRes,lambdaDDS_Bkg,lambdaDF_Bkg1,lambdaDF_Bkg2,lambdaDSS_Bkg1,lambdaDSS_Bkg2,lambdaDSS_test1,lambdaDSS_test2,lambdaDSS_test3,m_{J/#Psi},n_1_A,rS21_CtauRes,rS32_CtauRes,s1_CtauRes,sigma_1_A,sl1,sl2,x_A,zeroMean) ]
     function value is NAN @ paramSet=(N_Bkg = 10422.1 +/- 154.79,N_Jpsi = 17396.8 +/- 175.879,alpha_1_A = 2.16069,b_Bkg = 0.759368 +/- 2.05668,b_Jpsi = 0.52,ctau1_CtauRes = 0,ctau2_CtauRes = 0,ctau3_CtauRes = 0,f = 0.720778,f2_CtauRes = 1.02206e-06 +/- 1.40334e-05,fDF12 = 0.416499 +/- 164846,fDFSS = 0.949422 +/- 5.22043,fDLIV = 0.393305 +/- 2.31686,fDSS12 = 0.875485 +/- 0.206613,fDSS1_test = 0.78,fDSS2_test = 0.37,f_CtauRes = 0.912575 +/- 0.0175917,lambdaDDS_Bkg = 0.034334 +/- 0.465804,lambdaDF_Bkg1 = 0.417596 +/- 410.327,lambdaDF_Bkg2 = 0.41414 +/- 988.141,lambdaDSS_Bkg1 = 0.279744 +/- 0.642153,lambdaDSS_Bkg2 = 0.99992 +/- 0.0546058,lambdaDSS_test1 = 0.5,lambdaDSS_test2 = 0.58,lambdaDSS_test3 = 0.34,m_{J/#Psi} = 3.09165 +/- 0.000446256,n_1_A = 1.28385,rS21_CtauRes = 2.92474 +/- 0.196868,rS32_CtauRes = 4.97158 +/- 0.375916,s1_CtauRes = 0.994607 +/- 0.0259245,sigma_1_A = 0.0418059 +/- 0.000431558,sl1 = -0.102918 +/- 0.0176394,sl2 = -0.0100587 +/- 0.0237262,x_A = 1.60948,zeroMean = 0)
PID3856008/RooRealMPFE::nll_pdfCTAUMASS_Tot_dsToFit_597526bcd3d0_MPFE4[ arg=nll_pdfCTAUMASS_Tot_dsToFit_GOF4 vars=(N_Bkg,N_Jpsi,alpha_1_A,b_Bkg,b_Jpsi,ctau1_CtauRes,ctau2_CtauRes,ctau3_CtauRes,f,f2_CtauRes,fDF12,fDFSS,fDLIV,fDSS12,fDSS1_test,fDSS2_test,f_CtauRes,lambdaDDS_Bkg,lambdaDF_Bkg1,lambdaDF_Bkg2,lambdaDSS_Bkg1,lambdaDSS_Bkg2,lambdaDSS_test1,lambdaDSS_test2,lambdaDSS_test3,m_{J/#Psi},n_1_A,rS21_CtauRes,rS32_CtauRes,s1_CtauRes,sigma_1_A,sl1,sl2,x_A,zeroMean) ]
     function value is NAN @ paramSet=(N_Bkg = 10422.1 +/- 154.79,N_Jpsi = 17396.8 +/- 175.879,alpha_1_A = 2.16069,b_Bkg = 0.759368 +/- 2.05668,b_Jpsi = 0.52,ctau1_CtauRes = 0,ctau2_CtauRes = 0,ctau3_CtauRes = 0,f = 0.720778,f2_CtauRes = 1.02206e-06 +/- 1.40334e-05,fDF12 = 0.416499 +/- 164846,fDFSS = 0.949422 +/- 5.22043,fDLIV = 0.393305 +/- 2.31686,fDSS12 = 0.875485 +/- 0.206613,fDSS1_test = 0.78,fDSS2_test = 0.37,f_CtauRes = 0.912575 +/- 0.0175917,lambdaDDS_Bkg = 0.034334 +/- 0.465804,lambdaDF_Bkg1 = 0.417596 +/- 410.327,lambdaDF_Bkg2 = 0.41414 +/- 988.141,lambdaDSS_Bkg1 = 0.279744 +/- 0.642153,lambdaDSS_Bkg2 = 0.99992 +/- 0.0546058,lambdaDSS_test1 = 0.5,lambdaDSS_test2 = 0.58,lambdaDSS_test3 = 0.34,m_{J/#Psi} = 3.09165 +/- 0.000446256,n_1_A = 1.28385,rS21_CtauRes = 2.92474 +/- 0.196868,rS32_CtauRes = 4.97158 +/- 0.375916,s1_CtauRes = 0.994607 +/- 0.0259245,sigma_1_A = 0.0418059 +/- 0.000431558,sl1 = -0.102918 +/- 0.0176394,sl2 = -0.0100587 +/- 0.0237262,x_A = 1.60948,zeroMean = 0)
     function value is NAN @ paramSet=(N_Bkg = 10422.1 +/- 154.79,N_Jpsi = 17396.8 +/- 175.879,alpha_1_A = 2.16069,b_Bkg = 0.759368 +/- 2.05668,b_Jpsi = 0.52,ctau1_CtauRes = 0,ctau2_CtauRes = 0,ctau3_CtauRes = 0,f = 0.720778,f2_CtauRes = 1.02206e-06 +/- 1.40334e-05,fDF12 = 0.416499 +/- 164846,fDFSS = 0.949422 +/- 5.22043,fDLIV = 0.393305 +/- 2.31686,fDSS12 = 0.875485 +/- 0.206613,fDSS1_test = 0.78,fDSS2_test = 0.37,f_CtauRes = 0.912575 +/- 0.0175917,lambdaDDS_Bkg = 0.034334 +/- 0.465804,lambdaDF_Bkg1 = 0.417596 +/- 410.327,lambdaDF_Bkg2 = 0.41414 +/- 988.141,lambdaDSS_Bkg1 = 0.279744 +/- 0.642153,lambdaDSS_Bkg2 = 0.99992 +/- 0.0546058,lambdaDSS_test1 = 0.5,lambdaDSS_test2 = 0.58,lambdaDSS_test3 = 0.34,m_{J/#Psi} = 3.09165 +/- 0.000446256,n_1_A = 1.28385,rS21_CtauRes = 2.92474 +/- 0.196868,rS32_CtauRes = 4.97158 +/- 0.375916,s1_CtauRes = 0.994607 +/- 0.0259245,sigma_1_A = 0.0418059 +/- 0.000431558,sl1 = -0.102918 +/- 0.0176394,sl2 = -0.0100587 +/- 0.0237262,x_A = 1.60948,zeroMean = 0)

[#0] ERROR:Tracing -- RooGaussModel::getVal(ctauRes1_conv_exp(-@0/@1)_ctau3D_lambdaDSS_Bkg1_[pdfCTAUDSS1]) got nan during case 1 
[#0] ERROR:Tracing -- RooGaussModel::getVal(ctauRes3_conv_exp(-@0/@1)_ctau3D_lambdaDSS_Bkg1_[pdfCTAUDSS1]) got nan during case 1 
[#0] ERROR:Tracing -- RooGaussModel::getVal(ctauRes2_conv_exp(-@0/@1)_ctau3D_lambdaDSS_Bkg1_[pdfCTAUDSS1]) got nan during case 1 
[#0] ERROR:Tracing -- RooGaussModel::getVal(ctauRes1_conv_exp(-@0/@1)_ctau3D_lambdaDSS_Bkg1_[pdfCTAUDSS1]) got nan during case 1 
[#0] ERROR:Tracing -- RooGaussModel::getVal(ctauRes3_conv_exp(-@0/@1)_ctau3D_lambdaDSS_Bkg1_[pdfCTAUDSS1]) got nan during case 1 
[#0] ERROR:Tracing -- RooGaussModel::getVal(ctauRes2_conv_exp(-@0/@1)_ctau3D_lambdaDSS_Bkg1_[pdfCTAUDSS1]) got nan during case 1 
[#0] ERROR:Tracing -- RooGaussModel::getVal(ctauRes1_conv_exp(-@0/@1)_ctau3D_lambdaDSS_Bkg2_[pdfCTAUDSS2]) got nan during case 1 
[#0] ERROR:Tracing -- RooGaussModel::getVal(ctauRes3_conv_exp(-@0/@1)_ctau3D_lambdaDSS_Bkg2_[pdfCTAUDSS2]) got nan during case 1 
[#0] ERROR:Tracing -- RooGaussModel::getVal(ctauRes2_conv_exp(-@0/@1)_ctau3D_lambdaDSS_Bkg2_[pdfCTAUDSS2]) got nan during case 1 
[#0] ERROR:Tracing -- RooGaussModel::getVal(ctauRes1_conv_exp(-@0/@1)_ctau3D_lambdaDSS_Bkg2_[pdfCTAUDSS2]) got nan during case 1 
[#0] ERROR:Tracing -- RooGaussModel::getVal(ctauRes3_conv_exp(-@0/@1)_ctau3D_lambdaDSS_Bkg2_[pdfCTAUDSS2]) got nan during case 1 
[#0] ERROR:Tracing -- RooGaussModel::getVal(ctauRes2_conv_exp(-@0/@1)_ctau3D_lambdaDSS_Bkg2_[pdfCTAUDSS2]) got nan during case 1 
[#0] ERROR:Tracing -- RooGaussModel::getVal(ctauRes1_conv_exp(@0/@1)_ctau3D_lambdaDF_Bkg1_[pdfCTAUDF1]) got nan during case 1 
[#0] ERROR:Tracing -- RooGaussModel::getVal(ctauRes3_conv_exp(@0/@1)_ctau3D_lambdaDF_Bkg1_[pdfCTAUDF1]) got nan during case 1 
[#0] ERROR:Tracing -- RooGaussModel::getVal(ctauRes2_conv_exp(@0/@1)_ctau3D_lambdaDF_Bkg1_[pdfCTAUDF1]) got nan during case 1 
[#0] ERROR:Tracing -- RooGaussModel::getVal(ctauRes1_conv_exp(@0/@1)_ctau3D_lambdaDF_Bkg1_[pdfCTAUDF1]) got nan during case 1 
[#0] ERROR:Tracing -- RooGaussModel::getVal(ctauRes3_conv_exp(@0/@1)_ctau3D_lambdaDF_Bkg1_[pdfCTAUDF1]) got nan during case 1 
[#0] ERROR:Tracing -- RooGaussModel::getVal(ctauRes2_conv_exp(@0/@1)_ctau3D_lambdaDF_Bkg1_[pdfCTAUDF1]) got nan during case 1 
[#0] ERROR:Tracing -- RooGaussModel::getVal(ctauRes1_conv_exp(@0/@1)_ctau3D_lambdaDF_Bkg2_[pdfCTAUDF2]) got nan during case 1 
[#0] ERROR:Tracing -- RooGaussModel::getVal(ctauRes3_conv_exp(@0/@1)_ctau3D_lambdaDF_Bkg2_[pdfCTAUDF2]) got nan during case 1 
[#0] ERROR:Tracing -- RooGaussModel::getVal(ctauRes2_conv_exp(@0/@1)_ctau3D_lambdaDF_Bkg2_[pdfCTAUDF2]) got nan during case 1 
[#0] ERROR:Tracing -- RooGaussModel::getVal(ctauRes1_conv_exp(@0/@1)_ctau3D_lambdaDF_Bkg2_[pdfCTAUDF2]) got nan during case 1 
[#0] ERROR:Tracing -- RooGaussModel::getVal(ctauRes3_conv_exp(@0/@1)_ctau3D_lambdaDF_Bkg2_[pdfCTAUDF2]) got nan during case 1 
[#0] ERROR:Tracing -- RooGaussModel::getVal(ctauRes2_conv_exp(@0/@1)_ctau3D_lambdaDF_Bkg2_[pdfCTAUDF2]) got nan during case 1 
[#0] ERROR:Tracing -- RooGaussModel::getVal(ctauRes1_conv_exp(-abs(@0)/@1)_ctau3D_lambdaDDS_Bkg_[pdfCTAUDDS]) got nan during case 1 
[#0] ERROR:Tracing -- RooGaussModel::getVal(ctauRes3_conv_exp(-abs(@0)/@1)_ctau3D_lambdaDDS_Bkg_[pdfCTAUDDS]) got nan during case 1 
[#0] ERROR:Tracing -- RooGaussModel::getVal(ctauRes2_conv_exp(-abs(@0)/@1)_ctau3D_lambdaDDS_Bkg_[pdfCTAUDDS]) got nan during case 1 
[#0] ERROR:Tracing -- RooGaussModel::getVal(ctauRes1_conv_exp(-abs(@0)/@1)_ctau3D_lambdaDDS_Bkg_[pdfCTAUDDS]) got nan during case 1 
[#0] ERROR:Tracing -- RooGaussModel::getVal(ctauRes3_conv_exp(-abs(@0)/@1)_ctau3D_lambdaDDS_Bkg_[pdfCTAUDDS]) got nan during case 1 
[#0] ERROR:Tracing -- RooGaussModel::getVal(ctauRes2_conv_exp(-abs(@0)/@1)_ctau3D_lambdaDDS_Bkg_[pdfCTAUDDS]) got nan during case 1 
[#0] WARNING:Minization -- RooMinimizerFcn: Minimized function has error status.
Returning maximum FCN so far (-1e+30) to force MIGRAD to back out of this region. Error log follows
Parameter values: b_Jpsi=0.757073
RooNLLVar::nll_pdfCTAUMASS_Tot_dsToFit[ paramSet=(N_Bkg,N_Jpsi,alpha_1_A,b_Bkg,b_Jpsi,ctau1_CtauRes,ctau2_CtauRes,ctau3_CtauRes,f,f2_CtauRes,fDF12,fDFSS,fDLIV,fDSS12,fDSS1_test,fDSS2_test,f_CtauRes,lambdaDDS_Bkg,lambdaDF_Bkg1,lambdaDF_Bkg2,lambdaDSS_Bkg1,lambdaDSS_Bkg2,lambdaDSS_test1,lambdaDSS_test2,lambdaDSS_test3,m_{J/#Psi},n_1_A,rS21_CtauRes,rS32_CtauRes,s1_CtauRes,sigma_1_A,sl1,sl2,x_A,zeroMean) ]
     function value is NAN @ paramSet=(N_Bkg = 10422.1 +/- 154.79,N_Jpsi = 17396.8 +/- 175.879,alpha_1_A = 2.16069,b_Bkg = 0.759368 +/- 2.05668,b_Jpsi = 0.757073,ctau1_CtauRes = 0,ctau2_CtauRes = 0,ctau3_CtauRes = 0,f = 0.720778,f2_CtauRes = 1.02206e-06 +/- 1.40334e-05,fDF12 = 0.416499 +/- 164846,fDFSS = 0.949422 +/- 5.22043,fDLIV = 0.393305 +/- 2.31686,fDSS12 = 0.875485 +/- 0.206613,fDSS1_test = 0.78,fDSS2_test = 0.37,f_CtauRes = 0.912575 +/- 0.0175917,lambdaDDS_Bkg = 0.034334 +/- 0.465804,lambdaDF_Bkg1 = 0.417596 +/- 410.327,lambdaDF_Bkg2 = 0.41414 +/- 988.141,lambdaDSS_Bkg1 = 0.279744 +/- 0.642153,lambdaDSS_Bkg2 = 0.99992 +/- 0.0546058,lambdaDSS_test1 = 0.5,lambdaDSS_test2 = 0.58,lambdaDSS_test3 = 0.34,m_{J/#Psi} = 3.09165 +/- 0.000446256,n_1_A = 1.28385,rS21_CtauRes = 2.92474 +/- 0.196868,rS32_CtauRes = 4.97158 +/- 0.375916,s1_CtauRes = 0.994607 +/- 0.0259245,sigma_1_A = 0.0418059 +/- 0.000431558,sl1 = -0.102918 +/- 0.0176394,sl2 = -0.0100587 +/- 0.0237262,x_A = 1.60948,zeroMean = 0)
PID3856008/RooRealMPFE::nll_pdfCTAUMASS_Tot_dsToFit_597526bcd3d0_MPFE4[ arg=nll_pdfCTAUMASS_Tot_dsToFit_GOF4 vars=(N_Bkg,N_Jpsi,alpha_1_A,b_Bkg,b_Jpsi,ctau1_CtauRes,ctau2_CtauRes,ctau3_CtauRes,f,f2_CtauRes,fDF12,fDFSS,fDLIV,fDSS12,fDSS1_test,fDSS2_test,f_CtauRes,lambdaDDS_Bkg,lambdaDF_Bkg1,lambdaDF_Bkg2,lambdaDSS_Bkg1,lambdaDSS_Bkg2,lambdaDSS_test1,lambdaDSS_test2,lambdaDSS_test3,m_{J/#Psi},n_1_A,rS21_CtauRes,rS32_CtauRes,s1_CtauRes,sigma_1_A,sl1,sl2,x_A,zeroMean) ]
     function value is NAN @ paramSet=(N_Bkg = 10422.1 +/- 154.79,N_Jpsi = 17396.8 +/- 175.879,alpha_1_A = 2.16069,b_Bkg = 0.759368 +/- 2.05668,b_Jpsi = 0.757073,ctau1_CtauRes = 0,ctau2_CtauRes = 0,ctau3_CtauRes = 0,f = 0.720778,f2_CtauRes = 1.02206e-06 +/- 1.40334e-05,fDF12 = 0.416499 +/- 164846,fDFSS = 0.949422 +/- 5.22043,fDLIV = 0.393305 +/- 2.31686,fDSS12 = 0.875485 +/- 0.206613,fDSS1_test = 0.78,fDSS2_test = 0.37,f_CtauRes = 0.912575 +/- 0.0175917,lambdaDDS_Bkg = 0.034334 +/- 0.465804,lambdaDF_Bkg1 = 0.417596 +/- 410.327,lambdaDF_Bkg2 = 0.41414 +/- 988.141,lambdaDSS_Bkg1 = 0.279744 +/- 0.642153,lambdaDSS_Bkg2 = 0.99992 +/- 0.0546058,lambdaDSS_test1 = 0.5,lambdaDSS_test2 = 0.58,lambdaDSS_test3 = 0.34,m_{J/#Psi} = 3.09165 +/- 0.000446256,n_1_A = 1.28385,rS21_CtauRes = 2.92474 +/- 0.196868,rS32_CtauRes = 4.97158 +/- 0.375916,s1_CtauRes = 0.994607 +/- 0.0259245,sigma_1_A = 0.0418059 +/- 0.000431558,sl1 = -0.102918 +/- 0.0176394,sl2 = -0.0100587 +/- 0.0237262,x_A = 1.60948,zeroMean = 0)
     function value is NAN @ paramSet=(N_Bkg = 10422.1 +/- 154.79,N_Jpsi = 17396.8 +/- 175.879,alpha_1_A = 2.16069,b_Bkg = 0.759368 +/- 2.05668,b_Jpsi = 0.757073,ctau1_CtauRes = 0,ctau2_CtauRes = 0,ctau3_CtauRes = 0,f = 0.720778,f2_CtauRes = 1.02206e-06 +/- 1.40334e-05,fDF12 = 0.416499 +/- 164846,fDFSS = 0.949422 +/- 5.22043,fDLIV = 0.393305 +/- 2.31686,fDSS12 = 0.875485 +/- 0.206613,fDSS1_test = 0.78,fDSS2_test = 0.37,f_CtauRes = 0.912575 +/- 0.0175917,lambdaDDS_Bkg = 0.034334 +/- 0.465804,lambdaDF_Bkg1 = 0.417596 +/- 410.327,lambdaDF_Bkg2 = 0.41414 +/- 988.141,lambdaDSS_Bkg1 = 0.279744 +/- 0.642153,lambdaDSS_Bkg2 = 0.99992 +/- 0.0546058,lambdaDSS_test1 = 0.5,lambdaDSS_test2 = 0.58,lambdaDSS_test3 = 0.34,m_{J/#Psi} = 3.09165 +/- 0.000446256,n_1_A = 1.28385,rS21_CtauRes = 2.92474 +/- 0.196868,rS32_CtauRes = 4.97158 +/- 0.375916,s1_CtauRes = 0.994607 +/- 0.0259245,sigma_1_A = 0.0418059 +/- 0.000431558,sl1 = -0.102918 +/- 0.0176394,sl2 = -0.0100587 +/- 0.0237262,x_A = 1.60948,zeroMean = 0)

[#0] ERROR:Tracing -- RooGaussModel::getVal(ctauRes1_conv_exp(-@0/@1)_ctau3D_lambdaDSS_Bkg1_[pdfCTAUDSS1]) got nan during case 1 
[#0] ERROR:Tracing -- RooGaussModel::getVal(ctauRes3_conv_exp(-@0/@1)_ctau3D_lambdaDSS_Bkg1_[pdfCTAUDSS1]) got nan during case 1 
[#0] ERROR:Tracing -- RooGaussModel::getVal(ctauRes2_conv_exp(-@0/@1)_ctau3D_lambdaDSS_Bkg1_[pdfCTAUDSS1]) got nan during case 1 
[#0] ERROR:Tracing -- RooGaussModel::getVal(ctauRes1_conv_exp(-@0/@1)_ctau3D_lambdaDSS_Bkg1_[pdfCTAUDSS1]) got nan during case 1 
[#0] ERROR:Tracing -- RooGaussModel::getVal(ctauRes3_conv_exp(-@0/@1)_ctau3D_lambdaDSS_Bkg1_[pdfCTAUDSS1]) got nan during case 1 
[#0] ERROR:Tracing -- RooGaussModel::getVal(ctauRes2_conv_exp(-@0/@1)_ctau3D_lambdaDSS_Bkg1_[pdfCTAUDSS1]) got nan during case 1 
[#0] ERROR:Tracing -- RooGaussModel::getVal(ctauRes1_conv_exp(-@0/@1)_ctau3D_lambdaDSS_Bkg2_[pdfCTAUDSS2]) got nan during case 1 
[#0] ERROR:Tracing -- RooGaussModel::getVal(ctauRes3_conv_exp(-@0/@1)_ctau3D_lambdaDSS_Bkg2_[pdfCTAUDSS2]) got nan during case 1 
[#0] ERROR:Tracing -- RooGaussModel::getVal(ctauRes2_conv_exp(-@0/@1)_ctau3D_lambdaDSS_Bkg2_[pdfCTAUDSS2]) got nan during case 1 
[#0] ERROR:Tracing -- RooGaussModel::getVal(ctauRes1_conv_exp(-@0/@1)_ctau3D_lambdaDSS_Bkg2_[pdfCTAUDSS2]) got nan during case 1 
[#0] ERROR:Tracing -- RooGaussModel::getVal(ctauRes3_conv_exp(-@0/@1)_ctau3D_lambdaDSS_Bkg2_[pdfCTAUDSS2]) got nan during case 1 
[#0] ERROR:Tracing -- RooGaussModel::getVal(ctauRes2_conv_exp(-@0/@1)_ctau3D_lambdaDSS_Bkg2_[pdfCTAUDSS2]) got nan during case 1 
[#0] ERROR:Tracing -- RooGaussModel::getVal(ctauRes1_conv_exp(@0/@1)_ctau3D_lambdaDF_Bkg1_[pdfCTAUDF1]) got nan during case 1 
[#0] ERROR:Tracing -- RooGaussModel::getVal(ctauRes3_conv_exp(@0/@1)_ctau3D_lambdaDF_Bkg1_[pdfCTAUDF1]) got nan during case 1 
[#0] ERROR:Tracing -- RooGaussModel::getVal(ctauRes2_conv_exp(@0/@1)_ctau3D_lambdaDF_Bkg1_[pdfCTAUDF1]) got nan during case 1 
[#0] ERROR:Tracing -- RooGaussModel::getVal(ctauRes1_conv_exp(@0/@1)_ctau3D_lambdaDF_Bkg1_[pdfCTAUDF1]) got nan during case 1 
[#0] ERROR:Tracing -- RooGaussModel::getVal(ctauRes3_conv_exp(@0/@1)_ctau3D_lambdaDF_Bkg1_[pdfCTAUDF1]) got nan during case 1 
[#0] ERROR:Tracing -- RooGaussModel::getVal(ctauRes2_conv_exp(@0/@1)_ctau3D_lambdaDF_Bkg1_[pdfCTAUDF1]) got nan during case 1 
[#0] ERROR:Tracing -- RooGaussModel::getVal(ctauRes1_conv_exp(@0/@1)_ctau3D_lambdaDF_Bkg2_[pdfCTAUDF2]) got nan during case 1 
[#0] ERROR:Tracing -- RooGaussModel::getVal(ctauRes3_conv_exp(@0/@1)_ctau3D_lambdaDF_Bkg2_[pdfCTAUDF2]) got nan during case 1 
[#0] ERROR:Tracing -- RooGaussModel::getVal(ctauRes2_conv_exp(@0/@1)_ctau3D_lambdaDF_Bkg2_[pdfCTAUDF2]) got nan during case 1 
[#0] ERROR:Tracing -- RooGaussModel::getVal(ctauRes1_conv_exp(@0/@1)_ctau3D_lambdaDF_Bkg2_[pdfCTAUDF2]) got nan during case 1 
[#0] ERROR:Tracing -- RooGaussModel::getVal(ctauRes3_conv_exp(@0/@1)_ctau3D_lambdaDF_Bkg2_[pdfCTAUDF2]) got nan during case 1 
[#0] ERROR:Tracing -- RooGaussModel::getVal(ctauRes2_conv_exp(@0/@1)_ctau3D_lambdaDF_Bkg2_[pdfCTAUDF2]) got nan during case 1 
[#0] ERROR:Tracing -- RooGaussModel::getVal(ctauRes1_conv_exp(-abs(@0)/@1)_ctau3D_lambdaDDS_Bkg_[pdfCTAUDDS]) got nan during case 1 
[#0] ERROR:Tracing -- RooGaussModel::getVal(ctauRes3_conv_exp(-abs(@0)/@1)_ctau3D_lambdaDDS_Bkg_[pdfCTAUDDS]) got nan during case 1 
[#0] ERROR:Tracing -- RooGaussModel::getVal(ctauRes2_conv_exp(-abs(@0)/@1)_ctau3D_lambdaDDS_Bkg_[pdfCTAUDDS]) got nan during case 1 
[#0] ERROR:Tracing -- RooGaussModel::getVal(ctauRes1_conv_exp(-abs(@0)/@1)_ctau3D_lambdaDDS_Bkg_[pdfCTAUDDS]) got nan during case 1 
[#0] ERROR:Tracing -- RooGaussModel::getVal(ctauRes3_conv_exp(-abs(@0)/@1)_ctau3D_lambdaDDS_Bkg_[pdfCTAUDDS]) got nan during case 1 
[#0] ERROR:Tracing -- RooGaussModel::getVal(ctauRes2_conv_exp(-abs(@0)/@1)_ctau3D_lambdaDDS_Bkg_[pdfCTAUDDS]) got nan during case 1 
[#0] WARNING:Minization -- RooMinimizerFcn: Minimized function has error status.
Returning maximum FCN so far (-1e+30) to force MIGRAD to back out of this region. Error log follows
Parameter values: b_Jpsi=0.278031
RooNLLVar::nll_pdfCTAUMASS_Tot_dsToFit[ paramSet=(N_Bkg,N_Jpsi,alpha_1_A,b_Bkg,b_Jpsi,ctau1_CtauRes,ctau2_CtauRes,ctau3_CtauRes,f,f2_CtauRes,fDF12,fDFSS,fDLIV,fDSS12,fDSS1_test,fDSS2_test,f_CtauRes,lambdaDDS_Bkg,lambdaDF_Bkg1,lambdaDF_Bkg2,lambdaDSS_Bkg1,lambdaDSS_Bkg2,lambdaDSS_test1,lambdaDSS_test2,lambdaDSS_test3,m_{J/#Psi},n_1_A,rS21_CtauRes,rS32_CtauRes,s1_CtauRes,sigma_1_A,sl1,sl2,x_A,zeroMean) ]
     function value is NAN @ paramSet=(N_Bkg = 10422.1 +/- 154.79,N_Jpsi = 17396.8 +/- 175.879,alpha_1_A = 2.16069,b_Bkg = 0.759368 +/- 2.05668,b_Jpsi = 0.278031,ctau1_CtauRes = 0,ctau2_CtauRes = 0,ctau3_CtauRes = 0,f = 0.720778,f2_CtauRes = 1.02206e-06 +/- 1.40334e-05,fDF12 = 0.416499 +/- 164846,fDFSS = 0.949422 +/- 5.22043,fDLIV = 0.393305 +/- 2.31686,fDSS12 = 0.875485 +/- 0.206613,fDSS1_test = 0.78,fDSS2_test = 0.37,f_CtauRes = 0.912575 +/- 0.0175917,lambdaDDS_Bkg = 0.034334 +/- 0.465804,lambdaDF_Bkg1 = 0.417596 +/- 410.327,lambdaDF_Bkg2 = 0.41414 +/- 988.141,lambdaDSS_Bkg1 = 0.279744 +/- 0.642153,lambdaDSS_Bkg2 = 0.99992 +/- 0.0546058,lambdaDSS_test1 = 0.5,lambdaDSS_test2 = 0.58,lambdaDSS_test3 = 0.34,m_{J/#Psi} = 3.09165 +/- 0.000446256,n_1_A = 1.28385,rS21_CtauRes = 2.92474 +/- 0.196868,rS32_CtauRes = 4.97158 +/- 0.375916,s1_CtauRes = 0.994607 +/- 0.0259245,sigma_1_A = 0.0418059 +/- 0.000431558,sl1 = -0.102918 +/- 0.0176394,sl2 = -0.0100587 +/- 0.0237262,x_A = 1.60948,zeroMean = 0)
PID3856008/RooRealMPFE::nll_pdfCTAUMASS_Tot_dsToFit_597526bcd3d0_MPFE4[ arg=nll_pdfCTAUMASS_Tot_dsToFit_GOF4 vars=(N_Bkg,N_Jpsi,alpha_1_A,b_Bkg,b_Jpsi,ctau1_CtauRes,ctau2_CtauRes,ctau3_CtauRes,f,f2_CtauRes,fDF12,fDFSS,fDLIV,fDSS12,fDSS1_test,fDSS2_test,f_CtauRes,lambdaDDS_Bkg,lambdaDF_Bkg1,lambdaDF_Bkg2,lambdaDSS_Bkg1,lambdaDSS_Bkg2,lambdaDSS_test1,lambdaDSS_test2,lambdaDSS_test3,m_{J/#Psi},n_1_A,rS21_CtauRes,rS32_CtauRes,s1_CtauRes,sigma_1_A,sl1,sl2,x_A,zeroMean) ]
     function value is NAN @ paramSet=(N_Bkg = 10422.1 +/- 154.79,N_Jpsi = 17396.8 +/- 175.879,alpha_1_A = 2.16069,b_Bkg = 0.759368 +/- 2.05668,b_Jpsi = 0.278031,ctau1_CtauRes = 0,ctau2_CtauRes = 0,ctau3_CtauRes = 0,f = 0.720778,f2_CtauRes = 1.02206e-06 +/- 1.40334e-05,fDF12 = 0.416499 +/- 164846,fDFSS = 0.949422 +/- 5.22043,fDLIV = 0.393305 +/- 2.31686,fDSS12 = 0.875485 +/- 0.206613,fDSS1_test = 0.78,fDSS2_test = 0.37,f_CtauRes = 0.912575 +/- 0.0175917,lambdaDDS_Bkg = 0.034334 +/- 0.465804,lambdaDF_Bkg1 = 0.417596 +/- 410.327,lambdaDF_Bkg2 = 0.41414 +/- 988.141,lambdaDSS_Bkg1 = 0.279744 +/- 0.642153,lambdaDSS_Bkg2 = 0.99992 +/- 0.0546058,lambdaDSS_test1 = 0.5,lambdaDSS_test2 = 0.58,lambdaDSS_test3 = 0.34,m_{J/#Psi} = 3.09165 +/- 0.000446256,n_1_A = 1.28385,rS21_CtauRes = 2.92474 +/- 0.196868,rS32_CtauRes = 4.97158 +/- 0.375916,s1_CtauRes = 0.994607 +/- 0.0259245,sigma_1_A = 0.0418059 +/- 0.000431558,sl1 = -0.102918 +/- 0.0176394,sl2 = -0.0100587 +/- 0.0237262,x_A = 1.60948,zeroMean = 0)
     function value is NAN @ paramSet=(N_Bkg = 10422.1 +/- 154.79,N_Jpsi = 17396.8 +/- 175.879,alpha_1_A = 2.16069,b_Bkg = 0.759368 +/- 2.05668,b_Jpsi = 0.278031,ctau1_CtauRes = 0,ctau2_CtauRes = 0,ctau3_CtauRes = 0,f = 0.720778,f2_CtauRes = 1.02206e-06 +/- 1.40334e-05,fDF12 = 0.416499 +/- 164846,fDFSS = 0.949422 +/- 5.22043,fDLIV = 0.393305 +/- 2.31686,fDSS12 = 0.875485 +/- 0.206613,fDSS1_test = 0.78,fDSS2_test = 0.37,f_CtauRes = 0.912575 +/- 0.0175917,lambdaDDS_Bkg = 0.034334 +/- 0.465804,lambdaDF_Bkg1 = 0.417596 +/- 410.327,lambdaDF_Bkg2 = 0.41414 +/- 988.141,lambdaDSS_Bkg1 = 0.279744 +/- 0.642153,lambdaDSS_Bkg2 = 0.99992 +/- 0.0546058,lambdaDSS_test1 = 0.5,lambdaDSS_test2 = 0.58,lambdaDSS_test3 = 0.34,m_{J/#Psi} = 3.09165 +/- 0.000446256,n_1_A = 1.28385,rS21_CtauRes = 2.92474 +/- 0.196868,rS32_CtauRes = 4.97158 +/- 0.375916,s1_CtauRes = 0.994607 +/- 0.0259245,sigma_1_A = 0.0418059 +/- 0.000431558,sl1 = -0.102918 +/- 0.0176394,sl2 = -0.0100587 +/- 0.0237262,x_A = 1.60948,zeroMean = 0)

 MINUIT WARNING IN HESSE
 ============== Second derivative zero for parameter1
  MNHESS FAILS AND WILL RETURN DIAGONAL MATRIX. 
 FCN=-1e+30 FROM MIGRAD    STATUS=CONVERGED      21 CALLS          22 TOTAL
                     EDM=0    STRATEGY= 1  ERROR MATRIX UNCERTAINTY 100.0 per cent
  EXT PARAMETER                APPROXIMATE        STEP         FIRST   
  NO.   NAME      VALUE            ERROR          SIZE      DERIVATIVE 
   1  b_Jpsi       5.20000e-01   4.20399e-01   0.00000e+00   0.00000e+00
                               ERR DEF= 0.5
 EXTERNAL ERROR MATRIX.    NDIM=  25    NPAR=  1    ERR DEF=0.5
  2.496e-01 
ERR MATRIX APPROXIMATE
Info in <TMinuitMinimizer::Minimize>: Finished to run MIGRAD - status 0
 **********
 **    7 **HESSE         500
 **********
   START COVARIANCE MATRIX CALCULATION.
[#0] ERROR:Tracing -- RooGaussModel::getVal(ctauRes1_conv_exp(-@0/@1)_ctau3D_lambdaDSS_Bkg1_[pdfCTAUDSS1]) got nan during case 1 
[#0] ERROR:Tracing -- RooGaussModel::getVal(ctauRes3_conv_exp(-@0/@1)_ctau3D_lambdaDSS_Bkg1_[pdfCTAUDSS1]) got nan during case 1 
[#0] ERROR:Tracing -- RooGaussModel::getVal(ctauRes2_conv_exp(-@0/@1)_ctau3D_lambdaDSS_Bkg1_[pdfCTAUDSS1]) got nan during case 1 
[#0] ERROR:Tracing -- RooGaussModel::getVal(ctauRes1_conv_exp(-@0/@1)_ctau3D_lambdaDSS_Bkg1_[pdfCTAUDSS1]) got nan during case 1 
[#0] ERROR:Tracing -- RooGaussModel::getVal(ctauRes3_conv_exp(-@0/@1)_ctau3D_lambdaDSS_Bkg1_[pdfCTAUDSS1]) got nan during case 1 
[#0] ERROR:Tracing -- RooGaussModel::getVal(ctauRes2_conv_exp(-@0/@1)_ctau3D_lambdaDSS_Bkg1_[pdfCTAUDSS1]) got nan during case 1 
[#0] ERROR:Tracing -- RooGaussModel::getVal(ctauRes1_conv_exp(-@0/@1)_ctau3D_lambdaDSS_Bkg2_[pdfCTAUDSS2]) got nan during case 1 
[#0] ERROR:Tracing -- RooGaussModel::getVal(ctauRes3_conv_exp(-@0/@1)_ctau3D_lambdaDSS_Bkg2_[pdfCTAUDSS2]) got nan during case 1 
[#0] ERROR:Tracing -- RooGaussModel::getVal(ctauRes2_conv_exp(-@0/@1)_ctau3D_lambdaDSS_Bkg2_[pdfCTAUDSS2]) got nan during case 1 
[#0] ERROR:Tracing -- RooGaussModel::getVal(ctauRes1_conv_exp(-@0/@1)_ctau3D_lambdaDSS_Bkg2_[pdfCTAUDSS2]) got nan during case 1 
[#0] ERROR:Tracing -- RooGaussModel::getVal(ctauRes3_conv_exp(-@0/@1)_ctau3D_lambdaDSS_Bkg2_[pdfCTAUDSS2]) got nan during case 1 
[#0] ERROR:Tracing -- RooGaussModel::getVal(ctauRes2_conv_exp(-@0/@1)_ctau3D_lambdaDSS_Bkg2_[pdfCTAUDSS2]) got nan during case 1 
[#0] ERROR:Tracing -- RooGaussModel::getVal(ctauRes1_conv_exp(@0/@1)_ctau3D_lambdaDF_Bkg1_[pdfCTAUDF1]) got nan during case 1 
[#0] ERROR:Tracing -- RooGaussModel::getVal(ctauRes3_conv_exp(@0/@1)_ctau3D_lambdaDF_Bkg1_[pdfCTAUDF1]) got nan during case 1 
[#0] ERROR:Tracing -- RooGaussModel::getVal(ctauRes2_conv_exp(@0/@1)_ctau3D_lambdaDF_Bkg1_[pdfCTAUDF1]) got nan during case 1 
[#0] ERROR:Tracing -- RooGaussModel::getVal(ctauRes1_conv_exp(@0/@1)_ctau3D_lambdaDF_Bkg1_[pdfCTAUDF1]) got nan during case 1 
[#0] ERROR:Tracing -- RooGaussModel::getVal(ctauRes3_conv_exp(@0/@1)_ctau3D_lambdaDF_Bkg1_[pdfCTAUDF1]) got nan during case 1 
[#0] ERROR:Tracing -- RooGaussModel::getVal(ctauRes2_conv_exp(@0/@1)_ctau3D_lambdaDF_Bkg1_[pdfCTAUDF1]) got nan during case 1 
[#0] ERROR:Tracing -- RooGaussModel::getVal(ctauRes1_conv_exp(@0/@1)_ctau3D_lambdaDF_Bkg2_[pdfCTAUDF2]) got nan during case 1 
[#0] ERROR:Tracing -- RooGaussModel::getVal(ctauRes3_conv_exp(@0/@1)_ctau3D_lambdaDF_Bkg2_[pdfCTAUDF2]) got nan during case 1 
[#0] ERROR:Tracing -- RooGaussModel::getVal(ctauRes2_conv_exp(@0/@1)_ctau3D_lambdaDF_Bkg2_[pdfCTAUDF2]) got nan during case 1 
[#0] ERROR:Tracing -- RooGaussModel::getVal(ctauRes1_conv_exp(@0/@1)_ctau3D_lambdaDF_Bkg2_[pdfCTAUDF2]) got nan during case 1 
[#0] ERROR:Tracing -- RooGaussModel::getVal(ctauRes3_conv_exp(@0/@1)_ctau3D_lambdaDF_Bkg2_[pdfCTAUDF2]) got nan during case 1 
[#0] ERROR:Tracing -- RooGaussModel::getVal(ctauRes2_conv_exp(@0/@1)_ctau3D_lambdaDF_Bkg2_[pdfCTAUDF2]) got nan during case 1 
[#0] ERROR:Tracing -- RooGaussModel::getVal(ctauRes1_conv_exp(-abs(@0)/@1)_ctau3D_lambdaDDS_Bkg_[pdfCTAUDDS]) got nan during case 1 
[#0] ERROR:Tracing -- RooGaussModel::getVal(ctauRes3_conv_exp(-abs(@0)/@1)_ctau3D_lambdaDDS_Bkg_[pdfCTAUDDS]) got nan during case 1 
[#0] ERROR:Tracing -- RooGaussModel::getVal(ctauRes2_conv_exp(-abs(@0)/@1)_ctau3D_lambdaDDS_Bkg_[pdfCTAUDDS]) got nan during case 1 
[#0] ERROR:Tracing -- RooGaussModel::getVal(ctauRes1_conv_exp(-abs(@0)/@1)_ctau3D_lambdaDDS_Bkg_[pdfCTAUDDS]) got nan during case 1 
[#0] ERROR:Tracing -- RooGaussModel::getVal(ctauRes3_conv_exp(-abs(@0)/@1)_ctau3D_lambdaDDS_Bkg_[pdfCTAUDDS]) got nan during case 1 
[#0] ERROR:Tracing -- RooGaussModel::getVal(ctauRes2_conv_exp(-abs(@0)/@1)_ctau3D_lambdaDDS_Bkg_[pdfCTAUDDS]) got nan during case 1 
[#0] WARNING:Minization -- RooMinimizerFcn: Minimized function has error status.
Returning maximum FCN so far (-1e+30) to force MIGRAD to back out of this region. Error log follows
Parameter values: b_Jpsi=0.52
RooNLLVar::nll_pdfCTAUMASS_Tot_dsToFit[ paramSet=(N_Bkg,N_Jpsi,alpha_1_A,b_Bkg,b_Jpsi,ctau1_CtauRes,ctau2_CtauRes,ctau3_CtauRes,f,f2_CtauRes,fDF12,fDFSS,fDLIV,fDSS12,fDSS1_test,fDSS2_test,f_CtauRes,lambdaDDS_Bkg,lambdaDF_Bkg1,lambdaDF_Bkg2,lambdaDSS_Bkg1,lambdaDSS_Bkg2,lambdaDSS_test1,lambdaDSS_test2,lambdaDSS_test3,m_{J/#Psi},n_1_A,rS21_CtauRes,rS32_CtauRes,s1_CtauRes,sigma_1_A,sl1,sl2,x_A,zeroMean) ]
     function value is NAN @ paramSet=(N_Bkg = 10422.1 +/- 154.79,N_Jpsi = 17396.8 +/- 175.879,alpha_1_A = 2.16069,b_Bkg = 0.759368 +/- 2.05668,b_Jpsi = 0.52,ctau1_CtauRes = 0,ctau2_CtauRes = 0,ctau3_CtauRes = 0,f = 0.720778,f2_CtauRes = 1.02206e-06 +/- 1.40334e-05,fDF12 = 0.416499 +/- 164846,fDFSS = 0.949422 +/- 5.22043,fDLIV = 0.393305 +/- 2.31686,fDSS12 = 0.875485 +/- 0.206613,fDSS1_test = 0.78,fDSS2_test = 0.37,f_CtauRes = 0.912575 +/- 0.0175917,lambdaDDS_Bkg = 0.034334 +/- 0.465804,lambdaDF_Bkg1 = 0.417596 +/- 410.327,lambdaDF_Bkg2 = 0.41414 +/- 988.141,lambdaDSS_Bkg1 = 0.279744 +/- 0.642153,lambdaDSS_Bkg2 = 0.99992 +/- 0.0546058,lambdaDSS_test1 = 0.5,lambdaDSS_test2 = 0.58,lambdaDSS_test3 = 0.34,m_{J/#Psi} = 3.09165 +/- 0.000446256,n_1_A = 1.28385,rS21_CtauRes = 2.92474 +/- 0.196868,rS32_CtauRes = 4.97158 +/- 0.375916,s1_CtauRes = 0.994607 +/- 0.0259245,sigma_1_A = 0.0418059 +/- 0.000431558,sl1 = -0.102918 +/- 0.0176394,sl2 = -0.0100587 +/- 0.0237262,x_A = 1.60948,zeroMean = 0)
PID3856008/RooRealMPFE::nll_pdfCTAUMASS_Tot_dsToFit_597526bcd3d0_MPFE4[ arg=nll_pdfCTAUMASS_Tot_dsToFit_GOF4 vars=(N_Bkg,N_Jpsi,alpha_1_A,b_Bkg,b_Jpsi,ctau1_CtauRes,ctau2_CtauRes,ctau3_CtauRes,f,f2_CtauRes,fDF12,fDFSS,fDLIV,fDSS12,fDSS1_test,fDSS2_test,f_CtauRes,lambdaDDS_Bkg,lambdaDF_Bkg1,lambdaDF_Bkg2,lambdaDSS_Bkg1,lambdaDSS_Bkg2,lambdaDSS_test1,lambdaDSS_test2,lambdaDSS_test3,m_{J/#Psi},n_1_A,rS21_CtauRes,rS32_CtauRes,s1_CtauRes,sigma_1_A,sl1,sl2,x_A,zeroMean) ]
     function value is NAN @ paramSet=(N_Bkg = 10422.1 +/- 154.79,N_Jpsi = 17396.8 +/- 175.879,alpha_1_A = 2.16069,b_Bkg = 0.759368 +/- 2.05668,b_Jpsi = 0.52,ctau1_CtauRes = 0,ctau2_CtauRes = 0,ctau3_CtauRes = 0,f = 0.720778,f2_CtauRes = 1.02206e-06 +/- 1.40334e-05,fDF12 = 0.416499 +/- 164846,fDFSS = 0.949422 +/- 5.22043,fDLIV = 0.393305 +/- 2.31686,fDSS12 = 0.875485 +/- 0.206613,fDSS1_test = 0.78,fDSS2_test = 0.37,f_CtauRes = 0.912575 +/- 0.0175917,lambdaDDS_Bkg = 0.034334 +/- 0.465804,lambdaDF_Bkg1 = 0.417596 +/- 410.327,lambdaDF_Bkg2 = 0.41414 +/- 988.141,lambdaDSS_Bkg1 = 0.279744 +/- 0.642153,lambdaDSS_Bkg2 = 0.99992 +/- 0.0546058,lambdaDSS_test1 = 0.5,lambdaDSS_test2 = 0.58,lambdaDSS_test3 = 0.34,m_{J/#Psi} = 3.09165 +/- 0.000446256,n_1_A = 1.28385,rS21_CtauRes = 2.92474 +/- 0.196868,rS32_CtauRes = 4.97158 +/- 0.375916,s1_CtauRes = 0.994607 +/- 0.0259245,sigma_1_A = 0.0418059 +/- 0.000431558,sl1 = -0.102918 +/- 0.0176394,sl2 = -0.0100587 +/- 0.0237262,x_A = 1.60948,zeroMean = 0)
     function value is NAN @ paramSet=(N_Bkg = 10422.1 +/- 154.79,N_Jpsi = 17396.8 +/- 175.879,alpha_1_A = 2.16069,b_Bkg = 0.759368 +/- 2.05668,b_Jpsi = 0.52,ctau1_CtauRes = 0,ctau2_CtauRes = 0,ctau3_CtauRes = 0,f = 0.720778,f2_CtauRes = 1.02206e-06 +/- 1.40334e-05,fDF12 = 0.416499 +/- 164846,fDFSS = 0.949422 +/- 5.22043,fDLIV = 0.393305 +/- 2.31686,fDSS12 = 0.875485 +/- 0.206613,fDSS1_test = 0.78,fDSS2_test = 0.37,f_CtauRes = 0.912575 +/- 0.0175917,lambdaDDS_Bkg = 0.034334 +/- 0.465804,lambdaDF_Bkg1 = 0.417596 +/- 410.327,lambdaDF_Bkg2 = 0.41414 +/- 988.141,lambdaDSS_Bkg1 = 0.279744 +/- 0.642153,lambdaDSS_Bkg2 = 0.99992 +/- 0.0546058,lambdaDSS_test1 = 0.5,lambdaDSS_test2 = 0.58,lambdaDSS_test3 = 0.34,m_{J/#Psi} = 3.09165 +/- 0.000446256,n_1_A = 1.28385,rS21_CtauRes = 2.92474 +/- 0.196868,rS32_CtauRes = 4.97158 +/- 0.375916,s1_CtauRes = 0.994607 +/- 0.0259245,sigma_1_A = 0.0418059 +/- 0.000431558,sl1 = -0.102918 +/- 0.0176394,sl2 = -0.0100587 +/- 0.0237262,x_A = 1.60948,zeroMean = 0)

[#0] ERROR:Tracing -- RooGaussModel::getVal(ctauRes1_conv_exp(-@0/@1)_ctau3D_lambdaDSS_Bkg1_[pdfCTAUDSS1]) got nan during case 1 
[#0] ERROR:Tracing -- RooGaussModel::getVal(ctauRes3_conv_exp(-@0/@1)_ctau3D_lambdaDSS_Bkg1_[pdfCTAUDSS1]) got nan during case 1 
[#0] ERROR:Tracing -- RooGaussModel::getVal(ctauRes2_conv_exp(-@0/@1)_ctau3D_lambdaDSS_Bkg1_[pdfCTAUDSS1]) got nan during case 1 
[#0] ERROR:Tracing -- RooGaussModel::getVal(ctauRes1_conv_exp(-@0/@1)_ctau3D_lambdaDSS_Bkg1_[pdfCTAUDSS1]) got nan during case 1 
[#0] ERROR:Tracing -- RooGaussModel::getVal(ctauRes3_conv_exp(-@0/@1)_ctau3D_lambdaDSS_Bkg1_[pdfCTAUDSS1]) got nan during case 1 
[#0] ERROR:Tracing -- RooGaussModel::getVal(ctauRes2_conv_exp(-@0/@1)_ctau3D_lambdaDSS_Bkg1_[pdfCTAUDSS1]) got nan during case 1 
[#0] ERROR:Tracing -- RooGaussModel::getVal(ctauRes1_conv_exp(-@0/@1)_ctau3D_lambdaDSS_Bkg2_[pdfCTAUDSS2]) got nan during case 1 
[#0] ERROR:Tracing -- RooGaussModel::getVal(ctauRes3_conv_exp(-@0/@1)_ctau3D_lambdaDSS_Bkg2_[pdfCTAUDSS2]) got nan during case 1 
[#0] ERROR:Tracing -- RooGaussModel::getVal(ctauRes2_conv_exp(-@0/@1)_ctau3D_lambdaDSS_Bkg2_[pdfCTAUDSS2]) got nan during case 1 
[#0] ERROR:Tracing -- RooGaussModel::getVal(ctauRes1_conv_exp(-@0/@1)_ctau3D_lambdaDSS_Bkg2_[pdfCTAUDSS2]) got nan during case 1 
[#0] ERROR:Tracing -- RooGaussModel::getVal(ctauRes3_conv_exp(-@0/@1)_ctau3D_lambdaDSS_Bkg2_[pdfCTAUDSS2]) got nan during case 1 
[#0] ERROR:Tracing -- RooGaussModel::getVal(ctauRes2_conv_exp(-@0/@1)_ctau3D_lambdaDSS_Bkg2_[pdfCTAUDSS2]) got nan during case 1 
[#0] ERROR:Tracing -- RooGaussModel::getVal(ctauRes1_conv_exp(@0/@1)_ctau3D_lambdaDF_Bkg1_[pdfCTAUDF1]) got nan during case 1 
[#0] ERROR:Tracing -- RooGaussModel::getVal(ctauRes3_conv_exp(@0/@1)_ctau3D_lambdaDF_Bkg1_[pdfCTAUDF1]) got nan during case 1 
[#0] ERROR:Tracing -- RooGaussModel::getVal(ctauRes2_conv_exp(@0/@1)_ctau3D_lambdaDF_Bkg1_[pdfCTAUDF1]) got nan during case 1 
[#0] ERROR:Tracing -- RooGaussModel::getVal(ctauRes1_conv_exp(@0/@1)_ctau3D_lambdaDF_Bkg1_[pdfCTAUDF1]) got nan during case 1 
[#0] ERROR:Tracing -- RooGaussModel::getVal(ctauRes3_conv_exp(@0/@1)_ctau3D_lambdaDF_Bkg1_[pdfCTAUDF1]) got nan during case 1 
[#0] ERROR:Tracing -- RooGaussModel::getVal(ctauRes2_conv_exp(@0/@1)_ctau3D_lambdaDF_Bkg1_[pdfCTAUDF1]) got nan during case 1 
[#0] ERROR:Tracing -- RooGaussModel::getVal(ctauRes1_conv_exp(@0/@1)_ctau3D_lambdaDF_Bkg2_[pdfCTAUDF2]) got nan during case 1 
[#0] ERROR:Tracing -- RooGaussModel::getVal(ctauRes3_conv_exp(@0/@1)_ctau3D_lambdaDF_Bkg2_[pdfCTAUDF2]) got nan during case 1 
[#0] ERROR:Tracing -- RooGaussModel::getVal(ctauRes2_conv_exp(@0/@1)_ctau3D_lambdaDF_Bkg2_[pdfCTAUDF2]) got nan during case 1 
[#0] ERROR:Tracing -- RooGaussModel::getVal(ctauRes1_conv_exp(@0/@1)_ctau3D_lambdaDF_Bkg2_[pdfCTAUDF2]) got nan during case 1 
[#0] ERROR:Tracing -- RooGaussModel::getVal(ctauRes3_conv_exp(@0/@1)_ctau3D_lambdaDF_Bkg2_[pdfCTAUDF2]) got nan during case 1 
[#0] ERROR:Tracing -- RooGaussModel::getVal(ctauRes2_conv_exp(@0/@1)_ctau3D_lambdaDF_Bkg2_[pdfCTAUDF2]) got nan during case 1 
[#0] ERROR:Tracing -- RooGaussModel::getVal(ctauRes1_conv_exp(-abs(@0)/@1)_ctau3D_lambdaDDS_Bkg_[pdfCTAUDDS]) got nan during case 1 
[#0] ERROR:Tracing -- RooGaussModel::getVal(ctauRes3_conv_exp(-abs(@0)/@1)_ctau3D_lambdaDDS_Bkg_[pdfCTAUDDS]) got nan during case 1 
[#0] ERROR:Tracing -- RooGaussModel::getVal(ctauRes2_conv_exp(-abs(@0)/@1)_ctau3D_lambdaDDS_Bkg_[pdfCTAUDDS]) got nan during case 1 
[#0] ERROR:Tracing -- RooGaussModel::getVal(ctauRes1_conv_exp(-abs(@0)/@1)_ctau3D_lambdaDDS_Bkg_[pdfCTAUDDS]) got nan during case 1 
[#0] ERROR:Tracing -- RooGaussModel::getVal(ctauRes3_conv_exp(-abs(@0)/@1)_ctau3D_lambdaDDS_Bkg_[pdfCTAUDDS]) got nan during case 1 
[#0] ERROR:Tracing -- RooGaussModel::getVal(ctauRes2_conv_exp(-abs(@0)/@1)_ctau3D_lambdaDDS_Bkg_[pdfCTAUDDS]) got nan during case 1 
[#0] WARNING:Minization -- RooMinimizerFcn: Minimized function has error status.
Returning maximum FCN so far (-1e+30) to force MIGRAD to back out of this region. Error log follows
Parameter values: b_Jpsi=0.757073
RooNLLVar::nll_pdfCTAUMASS_Tot_dsToFit[ paramSet=(N_Bkg,N_Jpsi,alpha_1_A,b_Bkg,b_Jpsi,ctau1_CtauRes,ctau2_CtauRes,ctau3_CtauRes,f,f2_CtauRes,fDF12,fDFSS,fDLIV,fDSS12,fDSS1_test,fDSS2_test,f_CtauRes,lambdaDDS_Bkg,lambdaDF_Bkg1,lambdaDF_Bkg2,lambdaDSS_Bkg1,lambdaDSS_Bkg2,lambdaDSS_test1,lambdaDSS_test2,lambdaDSS_test3,m_{J/#Psi},n_1_A,rS21_CtauRes,rS32_CtauRes,s1_CtauRes,sigma_1_A,sl1,sl2,x_A,zeroMean) ]
     function value is NAN @ paramSet=(N_Bkg = 10422.1 +/- 154.79,N_Jpsi = 17396.8 +/- 175.879,alpha_1_A = 2.16069,b_Bkg = 0.759368 +/- 2.05668,b_Jpsi = 0.757073,ctau1_CtauRes = 0,ctau2_CtauRes = 0,ctau3_CtauRes = 0,f = 0.720778,f2_CtauRes = 1.02206e-06 +/- 1.40334e-05,fDF12 = 0.416499 +/- 164846,fDFSS = 0.949422 +/- 5.22043,fDLIV = 0.393305 +/- 2.31686,fDSS12 = 0.875485 +/- 0.206613,fDSS1_test = 0.78,fDSS2_test = 0.37,f_CtauRes = 0.912575 +/- 0.0175917,lambdaDDS_Bkg = 0.034334 +/- 0.465804,lambdaDF_Bkg1 = 0.417596 +/- 410.327,lambdaDF_Bkg2 = 0.41414 +/- 988.141,lambdaDSS_Bkg1 = 0.279744 +/- 0.642153,lambdaDSS_Bkg2 = 0.99992 +/- 0.0546058,lambdaDSS_test1 = 0.5,lambdaDSS_test2 = 0.58,lambdaDSS_test3 = 0.34,m_{J/#Psi} = 3.09165 +/- 0.000446256,n_1_A = 1.28385,rS21_CtauRes = 2.92474 +/- 0.196868,rS32_CtauRes = 4.97158 +/- 0.375916,s1_CtauRes = 0.994607 +/- 0.0259245,sigma_1_A = 0.0418059 +/- 0.000431558,sl1 = -0.102918 +/- 0.0176394,sl2 = -0.0100587 +/- 0.0237262,x_A = 1.60948,zeroMean = 0)
PID3856008/RooRealMPFE::nll_pdfCTAUMASS_Tot_dsToFit_597526bcd3d0_MPFE4[ arg=nll_pdfCTAUMASS_Tot_dsToFit_GOF4 vars=(N_Bkg,N_Jpsi,alpha_1_A,b_Bkg,b_Jpsi,ctau1_CtauRes,ctau2_CtauRes,ctau3_CtauRes,f,f2_CtauRes,fDF12,fDFSS,fDLIV,fDSS12,fDSS1_test,fDSS2_test,f_CtauRes,lambdaDDS_Bkg,lambdaDF_Bkg1,lambdaDF_Bkg2,lambdaDSS_Bkg1,lambdaDSS_Bkg2,lambdaDSS_test1,lambdaDSS_test2,lambdaDSS_test3,m_{J/#Psi},n_1_A,rS21_CtauRes,rS32_CtauRes,s1_CtauRes,sigma_1_A,sl1,sl2,x_A,zeroMean) ]
     function value is NAN @ paramSet=(N_Bkg = 10422.1 +/- 154.79,N_Jpsi = 17396.8 +/- 175.879,alpha_1_A = 2.16069,b_Bkg = 0.759368 +/- 2.05668,b_Jpsi = 0.757073,ctau1_CtauRes = 0,ctau2_CtauRes = 0,ctau3_CtauRes = 0,f = 0.720778,f2_CtauRes = 1.02206e-06 +/- 1.40334e-05,fDF12 = 0.416499 +/- 164846,fDFSS = 0.949422 +/- 5.22043,fDLIV = 0.393305 +/- 2.31686,fDSS12 = 0.875485 +/- 0.206613,fDSS1_test = 0.78,fDSS2_test = 0.37,f_CtauRes = 0.912575 +/- 0.0175917,lambdaDDS_Bkg = 0.034334 +/- 0.465804,lambdaDF_Bkg1 = 0.417596 +/- 410.327,lambdaDF_Bkg2 = 0.41414 +/- 988.141,lambdaDSS_Bkg1 = 0.279744 +/- 0.642153,lambdaDSS_Bkg2 = 0.99992 +/- 0.0546058,lambdaDSS_test1 = 0.5,lambdaDSS_test2 = 0.58,lambdaDSS_test3 = 0.34,m_{J/#Psi} = 3.09165 +/- 0.000446256,n_1_A = 1.28385,rS21_CtauRes = 2.92474 +/- 0.196868,rS32_CtauRes = 4.97158 +/- 0.375916,s1_CtauRes = 0.994607 +/- 0.0259245,sigma_1_A = 0.0418059 +/- 0.000431558,sl1 = -0.102918 +/- 0.0176394,sl2 = -0.0100587 +/- 0.0237262,x_A = 1.60948,zeroMean = 0)
     function value is NAN @ paramSet=(N_Bkg = 10422.1 +/- 154.79,N_Jpsi = 17396.8 +/- 175.879,alpha_1_A = 2.16069,b_Bkg = 0.759368 +/- 2.05668,b_Jpsi = 0.757073,ctau1_CtauRes = 0,ctau2_CtauRes = 0,ctau3_CtauRes = 0,f = 0.720778,f2_CtauRes = 1.02206e-06 +/- 1.40334e-05,fDF12 = 0.416499 +/- 164846,fDFSS = 0.949422 +/- 5.22043,fDLIV = 0.393305 +/- 2.31686,fDSS12 = 0.875485 +/- 0.206613,fDSS1_test = 0.78,fDSS2_test = 0.37,f_CtauRes = 0.912575 +/- 0.0175917,lambdaDDS_Bkg = 0.034334 +/- 0.465804,lambdaDF_Bkg1 = 0.417596 +/- 410.327,lambdaDF_Bkg2 = 0.41414 +/- 988.141,lambdaDSS_Bkg1 = 0.279744 +/- 0.642153,lambdaDSS_Bkg2 = 0.99992 +/- 0.0546058,lambdaDSS_test1 = 0.5,lambdaDSS_test2 = 0.58,lambdaDSS_test3 = 0.34,m_{J/#Psi} = 3.09165 +/- 0.000446256,n_1_A = 1.28385,rS21_CtauRes = 2.92474 +/- 0.196868,rS32_CtauRes = 4.97158 +/- 0.375916,s1_CtauRes = 0.994607 +/- 0.0259245,sigma_1_A = 0.0418059 +/- 0.000431558,sl1 = -0.102918 +/- 0.0176394,sl2 = -0.0100587 +/- 0.0237262,x_A = 1.60948,zeroMean = 0)

[#0] ERROR:Tracing -- RooGaussModel::getVal(ctauRes1_conv_exp(-@0/@1)_ctau3D_lambdaDSS_Bkg1_[pdfCTAUDSS1]) got nan during case 1 
[#0] ERROR:Tracing -- RooGaussModel::getVal(ctauRes3_conv_exp(-@0/@1)_ctau3D_lambdaDSS_Bkg1_[pdfCTAUDSS1]) got nan during case 1 
[#0] ERROR:Tracing -- RooGaussModel::getVal(ctauRes2_conv_exp(-@0/@1)_ctau3D_lambdaDSS_Bkg1_[pdfCTAUDSS1]) got nan during case 1 
[#0] ERROR:Tracing -- RooGaussModel::getVal(ctauRes1_conv_exp(-@0/@1)_ctau3D_lambdaDSS_Bkg1_[pdfCTAUDSS1]) got nan during case 1 
[#0] ERROR:Tracing -- RooGaussModel::getVal(ctauRes3_conv_exp(-@0/@1)_ctau3D_lambdaDSS_Bkg1_[pdfCTAUDSS1]) got nan during case 1 
[#0] ERROR:Tracing -- RooGaussModel::getVal(ctauRes2_conv_exp(-@0/@1)_ctau3D_lambdaDSS_Bkg1_[pdfCTAUDSS1]) got nan during case 1 
[#0] ERROR:Tracing -- RooGaussModel::getVal(ctauRes1_conv_exp(-@0/@1)_ctau3D_lambdaDSS_Bkg2_[pdfCTAUDSS2]) got nan during case 1 
[#0] ERROR:Tracing -- RooGaussModel::getVal(ctauRes3_conv_exp(-@0/@1)_ctau3D_lambdaDSS_Bkg2_[pdfCTAUDSS2]) got nan during case 1 
[#0] ERROR:Tracing -- RooGaussModel::getVal(ctauRes2_conv_exp(-@0/@1)_ctau3D_lambdaDSS_Bkg2_[pdfCTAUDSS2]) got nan during case 1 
[#0] ERROR:Tracing -- RooGaussModel::getVal(ctauRes1_conv_exp(-@0/@1)_ctau3D_lambdaDSS_Bkg2_[pdfCTAUDSS2]) got nan during case 1 
[#0] ERROR:Tracing -- RooGaussModel::getVal(ctauRes3_conv_exp(-@0/@1)_ctau3D_lambdaDSS_Bkg2_[pdfCTAUDSS2]) got nan during case 1 
[#0] ERROR:Tracing -- RooGaussModel::getVal(ctauRes2_conv_exp(-@0/@1)_ctau3D_lambdaDSS_Bkg2_[pdfCTAUDSS2]) got nan during case 1 
[#0] ERROR:Tracing -- RooGaussModel::getVal(ctauRes1_conv_exp(@0/@1)_ctau3D_lambdaDF_Bkg1_[pdfCTAUDF1]) got nan during case 1 
[#0] ERROR:Tracing -- RooGaussModel::getVal(ctauRes3_conv_exp(@0/@1)_ctau3D_lambdaDF_Bkg1_[pdfCTAUDF1]) got nan during case 1 
[#0] ERROR:Tracing -- RooGaussModel::getVal(ctauRes2_conv_exp(@0/@1)_ctau3D_lambdaDF_Bkg1_[pdfCTAUDF1]) got nan during case 1 
[#0] ERROR:Tracing -- RooGaussModel::getVal(ctauRes1_conv_exp(@0/@1)_ctau3D_lambdaDF_Bkg1_[pdfCTAUDF1]) got nan during case 1 
[#0] ERROR:Tracing -- RooGaussModel::getVal(ctauRes3_conv_exp(@0/@1)_ctau3D_lambdaDF_Bkg1_[pdfCTAUDF1]) got nan during case 1 
[#0] ERROR:Tracing -- RooGaussModel::getVal(ctauRes2_conv_exp(@0/@1)_ctau3D_lambdaDF_Bkg1_[pdfCTAUDF1]) got nan during case 1 
[#0] ERROR:Tracing -- RooGaussModel::getVal(ctauRes1_conv_exp(@0/@1)_ctau3D_lambdaDF_Bkg2_[pdfCTAUDF2]) got nan during case 1 
[#0] ERROR:Tracing -- RooGaussModel::getVal(ctauRes3_conv_exp(@0/@1)_ctau3D_lambdaDF_Bkg2_[pdfCTAUDF2]) got nan during case 1 
[#0] ERROR:Tracing -- RooGaussModel::getVal(ctauRes2_conv_exp(@0/@1)_ctau3D_lambdaDF_Bkg2_[pdfCTAUDF2]) got nan during case 1 
[#0] ERROR:Tracing -- RooGaussModel::getVal(ctauRes1_conv_exp(@0/@1)_ctau3D_lambdaDF_Bkg2_[pdfCTAUDF2]) got nan during case 1 
[#0] ERROR:Tracing -- RooGaussModel::getVal(ctauRes3_conv_exp(@0/@1)_ctau3D_lambdaDF_Bkg2_[pdfCTAUDF2]) got nan during case 1 
[#0] ERROR:Tracing -- RooGaussModel::getVal(ctauRes2_conv_exp(@0/@1)_ctau3D_lambdaDF_Bkg2_[pdfCTAUDF2]) got nan during case 1 
[#0] ERROR:Tracing -- RooGaussModel::getVal(ctauRes1_conv_exp(-abs(@0)/@1)_ctau3D_lambdaDDS_Bkg_[pdfCTAUDDS]) got nan during case 1 
[#0] ERROR:Tracing -- RooGaussModel::getVal(ctauRes3_conv_exp(-abs(@0)/@1)_ctau3D_lambdaDDS_Bkg_[pdfCTAUDDS]) got nan during case 1 
[#0] ERROR:Tracing -- RooGaussModel::getVal(ctauRes2_conv_exp(-abs(@0)/@1)_ctau3D_lambdaDDS_Bkg_[pdfCTAUDDS]) got nan during case 1 
[#0] ERROR:Tracing -- RooGaussModel::getVal(ctauRes1_conv_exp(-abs(@0)/@1)_ctau3D_lambdaDDS_Bkg_[pdfCTAUDDS]) got nan during case 1 
[#0] ERROR:Tracing -- RooGaussModel::getVal(ctauRes3_conv_exp(-abs(@0)/@1)_ctau3D_lambdaDDS_Bkg_[pdfCTAUDDS]) got nan during case 1 
[#0] ERROR:Tracing -- RooGaussModel::getVal(ctauRes2_conv_exp(-abs(@0)/@1)_ctau3D_lambdaDDS_Bkg_[pdfCTAUDDS]) got nan during case 1 
[#0] WARNING:Minization -- RooMinimizerFcn: Minimized function has error status.
Returning maximum FCN so far (-1e+30) to force MIGRAD to back out of this region. Error log follows
Parameter values: b_Jpsi=0.278031
RooNLLVar::nll_pdfCTAUMASS_Tot_dsToFit[ paramSet=(N_Bkg,N_Jpsi,alpha_1_A,b_Bkg,b_Jpsi,ctau1_CtauRes,ctau2_CtauRes,ctau3_CtauRes,f,f2_CtauRes,fDF12,fDFSS,fDLIV,fDSS12,fDSS1_test,fDSS2_test,f_CtauRes,lambdaDDS_Bkg,lambdaDF_Bkg1,lambdaDF_Bkg2,lambdaDSS_Bkg1,lambdaDSS_Bkg2,lambdaDSS_test1,lambdaDSS_test2,lambdaDSS_test3,m_{J/#Psi},n_1_A,rS21_CtauRes,rS32_CtauRes,s1_CtauRes,sigma_1_A,sl1,sl2,x_A,zeroMean) ]
     function value is NAN @ paramSet=(N_Bkg = 10422.1 +/- 154.79,N_Jpsi = 17396.8 +/- 175.879,alpha_1_A = 2.16069,b_Bkg = 0.759368 +/- 2.05668,b_Jpsi = 0.278031,ctau1_CtauRes = 0,ctau2_CtauRes = 0,ctau3_CtauRes = 0,f = 0.720778,f2_CtauRes = 1.02206e-06 +/- 1.40334e-05,fDF12 = 0.416499 +/- 164846,fDFSS = 0.949422 +/- 5.22043,fDLIV = 0.393305 +/- 2.31686,fDSS12 = 0.875485 +/- 0.206613,fDSS1_test = 0.78,fDSS2_test = 0.37,f_CtauRes = 0.912575 +/- 0.0175917,lambdaDDS_Bkg = 0.034334 +/- 0.465804,lambdaDF_Bkg1 = 0.417596 +/- 410.327,lambdaDF_Bkg2 = 0.41414 +/- 988.141,lambdaDSS_Bkg1 = 0.279744 +/- 0.642153,lambdaDSS_Bkg2 = 0.99992 +/- 0.0546058,lambdaDSS_test1 = 0.5,lambdaDSS_test2 = 0.58,lambdaDSS_test3 = 0.34,m_{J/#Psi} = 3.09165 +/- 0.000446256,n_1_A = 1.28385,rS21_CtauRes = 2.92474 +/- 0.196868,rS32_CtauRes = 4.97158 +/- 0.375916,s1_CtauRes = 0.994607 +/- 0.0259245,sigma_1_A = 0.0418059 +/- 0.000431558,sl1 = -0.102918 +/- 0.0176394,sl2 = -0.0100587 +/- 0.0237262,x_A = 1.60948,zeroMean = 0)
PID3856008/RooRealMPFE::nll_pdfCTAUMASS_Tot_dsToFit_597526bcd3d0_MPFE4[ arg=nll_pdfCTAUMASS_Tot_dsToFit_GOF4 vars=(N_Bkg,N_Jpsi,alpha_1_A,b_Bkg,b_Jpsi,ctau1_CtauRes,ctau2_CtauRes,ctau3_CtauRes,f,f2_CtauRes,fDF12,fDFSS,fDLIV,fDSS12,fDSS1_test,fDSS2_test,f_CtauRes,lambdaDDS_Bkg,lambdaDF_Bkg1,lambdaDF_Bkg2,lambdaDSS_Bkg1,lambdaDSS_Bkg2,lambdaDSS_test1,lambdaDSS_test2,lambdaDSS_test3,m_{J/#Psi},n_1_A,rS21_CtauRes,rS32_CtauRes,s1_CtauRes,sigma_1_A,sl1,sl2,x_A,zeroMean) ]
     function value is NAN @ paramSet=(N_Bkg = 10422.1 +/- 154.79,N_Jpsi = 17396.8 +/- 175.879,alpha_1_A = 2.16069,b_Bkg = 0.759368 +/- 2.05668,b_Jpsi = 0.278031,ctau1_CtauRes = 0,ctau2_CtauRes = 0,ctau3_CtauRes = 0,f = 0.720778,f2_CtauRes = 1.02206e-06 +/- 1.40334e-05,fDF12 = 0.416499 +/- 164846,fDFSS = 0.949422 +/- 5.22043,fDLIV = 0.393305 +/- 2.31686,fDSS12 = 0.875485 +/- 0.206613,fDSS1_test = 0.78,fDSS2_test = 0.37,f_CtauRes = 0.912575 +/- 0.0175917,lambdaDDS_Bkg = 0.034334 +/- 0.465804,lambdaDF_Bkg1 = 0.417596 +/- 410.327,lambdaDF_Bkg2 = 0.41414 +/- 988.141,lambdaDSS_Bkg1 = 0.279744 +/- 0.642153,lambdaDSS_Bkg2 = 0.99992 +/- 0.0546058,lambdaDSS_test1 = 0.5,lambdaDSS_test2 = 0.58,lambdaDSS_test3 = 0.34,m_{J/#Psi} = 3.09165 +/- 0.000446256,n_1_A = 1.28385,rS21_CtauRes = 2.92474 +/- 0.196868,rS32_CtauRes = 4.97158 +/- 0.375916,s1_CtauRes = 0.994607 +/- 0.0259245,sigma_1_A = 0.0418059 +/- 0.000431558,sl1 = -0.102918 +/- 0.0176394,sl2 = -0.0100587 +/- 0.0237262,x_A = 1.60948,zeroMean = 0)
     function value is NAN @ paramSet=(N_Bkg = 10422.1 +/- 154.79,N_Jpsi = 17396.8 +/- 175.879,alpha_1_A = 2.16069,b_Bkg = 0.759368 +/- 2.05668,b_Jpsi = 0.278031,ctau1_CtauRes = 0,ctau2_CtauRes = 0,ctau3_CtauRes = 0,f = 0.720778,f2_CtauRes = 1.02206e-06 +/- 1.40334e-05,fDF12 = 0.416499 +/- 164846,fDFSS = 0.949422 +/- 5.22043,fDLIV = 0.393305 +/- 2.31686,fDSS12 = 0.875485 +/- 0.206613,fDSS1_test = 0.78,fDSS2_test = 0.37,f_CtauRes = 0.912575 +/- 0.0175917,lambdaDDS_Bkg = 0.034334 +/- 0.465804,lambdaDF_Bkg1 = 0.417596 +/- 410.327,lambdaDF_Bkg2 = 0.41414 +/- 988.141,lambdaDSS_Bkg1 = 0.279744 +/- 0.642153,lambdaDSS_Bkg2 = 0.99992 +/- 0.0546058,lambdaDSS_test1 = 0.5,lambdaDSS_test2 = 0.58,lambdaDSS_test3 = 0.34,m_{J/#Psi} = 3.09165 +/- 0.000446256,n_1_A = 1.28385,rS21_CtauRes = 2.92474 +/- 0.196868,rS32_CtauRes = 4.97158 +/- 0.375916,s1_CtauRes = 0.994607 +/- 0.0259245,sigma_1_A = 0.0418059 +/- 0.000431558,sl1 = -0.102918 +/- 0.0176394,sl2 = -0.0100587 +/- 0.0237262,x_A = 1.60948,zeroMean = 0)

 MINUIT WARNING IN HESSE
 ============== Second derivative zero for parameter1
  MNHESS FAILS AND WILL RETURN DIAGONAL MATRIX. 
 FCN=-1e+30 FROM HESSE     STATUS=FAILED          3 CALLS          25 TOTAL
                     EDM=0    STRATEGY= 1  ERROR MATRIX UNCERTAINTY 100.0 per cent
  EXT PARAMETER                APPROXIMATE     INTERNAL      INTERNAL  
  NO.   NAME      VALUE            ERROR       STEP SIZE       VALUE   
   1  b_Jpsi       2.78031e-01   4.20399e-01   0.00000e+00   4.00107e-02
                               ERR DEF= 0.5
 EXTERNAL ERROR MATRIX.    NDIM=  25    NPAR=  1    ERR DEF=0.5
  2.496e-01 
ERR MATRIX APPROXIMATE
Info in <TMinuitMinimizer::Minimize>: Finished to run HESSE - status 0
 EXTERNAL ERROR MATRIX.    NDIM=   1    NPAR=  1    ERR DEF=0.5
  2.496e-01 
 **********
 **    8 **SET ERR         0.5
 **********
 **********
 **    9 **SET PRINT           3
 **********
 **********
 **   10 **HESSE         500
 **********
   START COVARIANCE MATRIX CALCULATION.
[#0] ERROR:Tracing -- RooGaussModel::getVal(ctauRes1_conv_exp(-@0/@1)_ctau3D_lambdaDSS_Bkg1_[pdfCTAUDSS1]) got nan during case 1 
[#0] ERROR:Tracing -- RooGaussModel::getVal(ctauRes3_conv_exp(-@0/@1)_ctau3D_lambdaDSS_Bkg1_[pdfCTAUDSS1]) got nan during case 1 
[#0] ERROR:Tracing -- RooGaussModel::getVal(ctauRes2_conv_exp(-@0/@1)_ctau3D_lambdaDSS_Bkg1_[pdfCTAUDSS1]) got nan during case 1 
[#0] ERROR:Tracing -- RooGaussModel::getVal(ctauRes1_conv_exp(-@0/@1)_ctau3D_lambdaDSS_Bkg1_[pdfCTAUDSS1]) got nan during case 1 
[#0] ERROR:Tracing -- RooGaussModel::getVal(ctauRes3_conv_exp(-@0/@1)_ctau3D_lambdaDSS_Bkg1_[pdfCTAUDSS1]) got nan during case 1 
[#0] ERROR:Tracing -- RooGaussModel::getVal(ctauRes2_conv_exp(-@0/@1)_ctau3D_lambdaDSS_Bkg1_[pdfCTAUDSS1]) got nan during case 1 
[#0] ERROR:Tracing -- RooGaussModel::getVal(ctauRes1_conv_exp(-@0/@1)_ctau3D_lambdaDSS_Bkg2_[pdfCTAUDSS2]) got nan during case 1 
[#0] ERROR:Tracing -- RooGaussModel::getVal(ctauRes3_conv_exp(-@0/@1)_ctau3D_lambdaDSS_Bkg2_[pdfCTAUDSS2]) got nan during case 1 
[#0] ERROR:Tracing -- RooGaussModel::getVal(ctauRes2_conv_exp(-@0/@1)_ctau3D_lambdaDSS_Bkg2_[pdfCTAUDSS2]) got nan during case 1 
[#0] ERROR:Tracing -- RooGaussModel::getVal(ctauRes1_conv_exp(-@0/@1)_ctau3D_lambdaDSS_Bkg2_[pdfCTAUDSS2]) got nan during case 1 
[#0] ERROR:Tracing -- RooGaussModel::getVal(ctauRes3_conv_exp(-@0/@1)_ctau3D_lambdaDSS_Bkg2_[pdfCTAUDSS2]) got nan during case 1 
[#0] ERROR:Tracing -- RooGaussModel::getVal(ctauRes2_conv_exp(-@0/@1)_ctau3D_lambdaDSS_Bkg2_[pdfCTAUDSS2]) got nan during case 1 
[#0] ERROR:Tracing -- RooGaussModel::getVal(ctauRes1_conv_exp(@0/@1)_ctau3D_lambdaDF_Bkg1_[pdfCTAUDF1]) got nan during case 1 
[#0] ERROR:Tracing -- RooGaussModel::getVal(ctauRes3_conv_exp(@0/@1)_ctau3D_lambdaDF_Bkg1_[pdfCTAUDF1]) got nan during case 1 
[#0] ERROR:Tracing -- RooGaussModel::getVal(ctauRes2_conv_exp(@0/@1)_ctau3D_lambdaDF_Bkg1_[pdfCTAUDF1]) got nan during case 1 
[#0] ERROR:Tracing -- RooGaussModel::getVal(ctauRes1_conv_exp(@0/@1)_ctau3D_lambdaDF_Bkg1_[pdfCTAUDF1]) got nan during case 1 
[#0] ERROR:Tracing -- RooGaussModel::getVal(ctauRes3_conv_exp(@0/@1)_ctau3D_lambdaDF_Bkg1_[pdfCTAUDF1]) got nan during case 1 
[#0] ERROR:Tracing -- RooGaussModel::getVal(ctauRes2_conv_exp(@0/@1)_ctau3D_lambdaDF_Bkg1_[pdfCTAUDF1]) got nan during case 1 
[#0] ERROR:Tracing -- RooGaussModel::getVal(ctauRes1_conv_exp(@0/@1)_ctau3D_lambdaDF_Bkg2_[pdfCTAUDF2]) got nan during case 1 
[#0] ERROR:Tracing -- RooGaussModel::getVal(ctauRes3_conv_exp(@0/@1)_ctau3D_lambdaDF_Bkg2_[pdfCTAUDF2]) got nan during case 1 
[#0] ERROR:Tracing -- RooGaussModel::getVal(ctauRes2_conv_exp(@0/@1)_ctau3D_lambdaDF_Bkg2_[pdfCTAUDF2]) got nan during case 1 
[#0] ERROR:Tracing -- RooGaussModel::getVal(ctauRes1_conv_exp(@0/@1)_ctau3D_lambdaDF_Bkg2_[pdfCTAUDF2]) got nan during case 1 
[#0] ERROR:Tracing -- RooGaussModel::getVal(ctauRes3_conv_exp(@0/@1)_ctau3D_lambdaDF_Bkg2_[pdfCTAUDF2]) got nan during case 1 
[#0] ERROR:Tracing -- RooGaussModel::getVal(ctauRes2_conv_exp(@0/@1)_ctau3D_lambdaDF_Bkg2_[pdfCTAUDF2]) got nan during case 1 
[#0] ERROR:Tracing -- RooGaussModel::getVal(ctauRes1_conv_exp(-abs(@0)/@1)_ctau3D_lambdaDDS_Bkg_[pdfCTAUDDS]) got nan during case 1 
[#0] ERROR:Tracing -- RooGaussModel::getVal(ctauRes3_conv_exp(-abs(@0)/@1)_ctau3D_lambdaDDS_Bkg_[pdfCTAUDDS]) got nan during case 1 
[#0] ERROR:Tracing -- RooGaussModel::getVal(ctauRes2_conv_exp(-abs(@0)/@1)_ctau3D_lambdaDDS_Bkg_[pdfCTAUDDS]) got nan during case 1 
[#0] ERROR:Tracing -- RooGaussModel::getVal(ctauRes1_conv_exp(-abs(@0)/@1)_ctau3D_lambdaDDS_Bkg_[pdfCTAUDDS]) got nan during case 1 
[#0] ERROR:Tracing -- RooGaussModel::getVal(ctauRes3_conv_exp(-abs(@0)/@1)_ctau3D_lambdaDDS_Bkg_[pdfCTAUDDS]) got nan during case 1 
[#0] ERROR:Tracing -- RooGaussModel::getVal(ctauRes2_conv_exp(-abs(@0)/@1)_ctau3D_lambdaDDS_Bkg_[pdfCTAUDDS]) got nan during case 1 
[#0] WARNING:Minization -- RooMinimizerFcn: Minimized function has error status.
Returning maximum FCN so far (-1e+30) to force MIGRAD to back out of this region. Error log follows
Parameter values: b_Jpsi=0.52
RooNLLVar::nll_pdfCTAUMASS_Tot_dsToFit[ paramSet=(N_Bkg,N_Jpsi,alpha_1_A,b_Bkg,b_Jpsi,ctau1_CtauRes,ctau2_CtauRes,ctau3_CtauRes,f,f2_CtauRes,fDF12,fDFSS,fDLIV,fDSS12,fDSS1_test,fDSS2_test,f_CtauRes,lambdaDDS_Bkg,lambdaDF_Bkg1,lambdaDF_Bkg2,lambdaDSS_Bkg1,lambdaDSS_Bkg2,lambdaDSS_test1,lambdaDSS_test2,lambdaDSS_test3,m_{J/#Psi},n_1_A,rS21_CtauRes,rS32_CtauRes,s1_CtauRes,sigma_1_A,sl1,sl2,x_A,zeroMean) ]
     function value is NAN @ paramSet=(N_Bkg = 10422.1 +/- 154.79,N_Jpsi = 17396.8 +/- 175.879,alpha_1_A = 2.16069,b_Bkg = 0.759368 +/- 2.05668,b_Jpsi = 0.52 +/- 0.420399,ctau1_CtauRes = 0,ctau2_CtauRes = 0,ctau3_CtauRes = 0,f = 0.720778,f2_CtauRes = 1.02206e-06 +/- 1.40334e-05,fDF12 = 0.416499 +/- 164846,fDFSS = 0.949422 +/- 5.22043,fDLIV = 0.393305 +/- 2.31686,fDSS12 = 0.875485 +/- 0.206613,fDSS1_test = 0.78,fDSS2_test = 0.37,f_CtauRes = 0.912575 +/- 0.0175917,lambdaDDS_Bkg = 0.034334 +/- 0.465804,lambdaDF_Bkg1 = 0.417596 +/- 410.327,lambdaDF_Bkg2 = 0.41414 +/- 988.141,lambdaDSS_Bkg1 = 0.279744 +/- 0.642153,lambdaDSS_Bkg2 = 0.99992 +/- 0.0546058,lambdaDSS_test1 = 0.5,lambdaDSS_test2 = 0.58,lambdaDSS_test3 = 0.34,m_{J/#Psi} = 3.09165 +/- 0.000446256,n_1_A = 1.28385,rS21_CtauRes = 2.92474 +/- 0.196868,rS32_CtauRes = 4.97158 +/- 0.375916,s1_CtauRes = 0.994607 +/- 0.0259245,sigma_1_A = 0.0418059 +/- 0.000431558,sl1 = -0.102918 +/- 0.0176394,sl2 = -0.0100587 +/- 0.0237262,x_A = 1.60948,zeroMean = 0)
PID3856008/RooRealMPFE::nll_pdfCTAUMASS_Tot_dsToFit_597526bcd3d0_MPFE4[ arg=nll_pdfCTAUMASS_Tot_dsToFit_GOF4 vars=(N_Bkg,N_Jpsi,alpha_1_A,b_Bkg,b_Jpsi,ctau1_CtauRes,ctau2_CtauRes,ctau3_CtauRes,f,f2_CtauRes,fDF12,fDFSS,fDLIV,fDSS12,fDSS1_test,fDSS2_test,f_CtauRes,lambdaDDS_Bkg,lambdaDF_Bkg1,lambdaDF_Bkg2,lambdaDSS_Bkg1,lambdaDSS_Bkg2,lambdaDSS_test1,lambdaDSS_test2,lambdaDSS_test3,m_{J/#Psi},n_1_A,rS21_CtauRes,rS32_CtauRes,s1_CtauRes,sigma_1_A,sl1,sl2,x_A,zeroMean) ]
     function value is NAN @ paramSet=(N_Bkg = 10422.1 +/- 154.79,N_Jpsi = 17396.8 +/- 175.879,alpha_1_A = 2.16069,b_Bkg = 0.759368 +/- 2.05668,b_Jpsi = 0.52,ctau1_CtauRes = 0,ctau2_CtauRes = 0,ctau3_CtauRes = 0,f = 0.720778,f2_CtauRes = 1.02206e-06 +/- 1.40334e-05,fDF12 = 0.416499 +/- 164846,fDFSS = 0.949422 +/- 5.22043,fDLIV = 0.393305 +/- 2.31686,fDSS12 = 0.875485 +/- 0.206613,fDSS1_test = 0.78,fDSS2_test = 0.37,f_CtauRes = 0.912575 +/- 0.0175917,lambdaDDS_Bkg = 0.034334 +/- 0.465804,lambdaDF_Bkg1 = 0.417596 +/- 410.327,lambdaDF_Bkg2 = 0.41414 +/- 988.141,lambdaDSS_Bkg1 = 0.279744 +/- 0.642153,lambdaDSS_Bkg2 = 0.99992 +/- 0.0546058,lambdaDSS_test1 = 0.5,lambdaDSS_test2 = 0.58,lambdaDSS_test3 = 0.34,m_{J/#Psi} = 3.09165 +/- 0.000446256,n_1_A = 1.28385,rS21_CtauRes = 2.92474 +/- 0.196868,rS32_CtauRes = 4.97158 +/- 0.375916,s1_CtauRes = 0.994607 +/- 0.0259245,sigma_1_A = 0.0418059 +/- 0.000431558,sl1 = -0.102918 +/- 0.0176394,sl2 = -0.0100587 +/- 0.0237262,x_A = 1.60948,zeroMean = 0)
     function value is NAN @ paramSet=(N_Bkg = 10422.1 +/- 154.79,N_Jpsi = 17396.8 +/- 175.879,alpha_1_A = 2.16069,b_Bkg = 0.759368 +/- 2.05668,b_Jpsi = 0.52,ctau1_CtauRes = 0,ctau2_CtauRes = 0,ctau3_CtauRes = 0,f = 0.720778,f2_CtauRes = 1.02206e-06 +/- 1.40334e-05,fDF12 = 0.416499 +/- 164846,fDFSS = 0.949422 +/- 5.22043,fDLIV = 0.393305 +/- 2.31686,fDSS12 = 0.875485 +/- 0.206613,fDSS1_test = 0.78,fDSS2_test = 0.37,f_CtauRes = 0.912575 +/- 0.0175917,lambdaDDS_Bkg = 0.034334 +/- 0.465804,lambdaDF_Bkg1 = 0.417596 +/- 410.327,lambdaDF_Bkg2 = 0.41414 +/- 988.141,lambdaDSS_Bkg1 = 0.279744 +/- 0.642153,lambdaDSS_Bkg2 = 0.99992 +/- 0.0546058,lambdaDSS_test1 = 0.5,lambdaDSS_test2 = 0.58,lambdaDSS_test3 = 0.34,m_{J/#Psi} = 3.09165 +/- 0.000446256,n_1_A = 1.28385,rS21_CtauRes = 2.92474 +/- 0.196868,rS32_CtauRes = 4.97158 +/- 0.375916,s1_CtauRes = 0.994607 +/- 0.0259245,sigma_1_A = 0.0418059 +/- 0.000431558,sl1 = -0.102918 +/- 0.0176394,sl2 = -0.0100587 +/- 0.0237262,x_A = 1.60948,zeroMean = 0)

[#0] ERROR:Tracing -- RooGaussModel::getVal(ctauRes1_conv_exp(-@0/@1)_ctau3D_lambdaDSS_Bkg1_[pdfCTAUDSS1]) got nan during case 1 
[#0] ERROR:Tracing -- RooGaussModel::getVal(ctauRes3_conv_exp(-@0/@1)_ctau3D_lambdaDSS_Bkg1_[pdfCTAUDSS1]) got nan during case 1 
[#0] ERROR:Tracing -- RooGaussModel::getVal(ctauRes2_conv_exp(-@0/@1)_ctau3D_lambdaDSS_Bkg1_[pdfCTAUDSS1]) got nan during case 1 
[#0] ERROR:Tracing -- RooGaussModel::getVal(ctauRes1_conv_exp(-@0/@1)_ctau3D_lambdaDSS_Bkg1_[pdfCTAUDSS1]) got nan during case 1 
[#0] ERROR:Tracing -- RooGaussModel::getVal(ctauRes3_conv_exp(-@0/@1)_ctau3D_lambdaDSS_Bkg1_[pdfCTAUDSS1]) got nan during case 1 
[#0] ERROR:Tracing -- RooGaussModel::getVal(ctauRes2_conv_exp(-@0/@1)_ctau3D_lambdaDSS_Bkg1_[pdfCTAUDSS1]) got nan during case 1 
[#0] ERROR:Tracing -- RooGaussModel::getVal(ctauRes1_conv_exp(-@0/@1)_ctau3D_lambdaDSS_Bkg2_[pdfCTAUDSS2]) got nan during case 1 
[#0] ERROR:Tracing -- RooGaussModel::getVal(ctauRes3_conv_exp(-@0/@1)_ctau3D_lambdaDSS_Bkg2_[pdfCTAUDSS2]) got nan during case 1 
[#0] ERROR:Tracing -- RooGaussModel::getVal(ctauRes2_conv_exp(-@0/@1)_ctau3D_lambdaDSS_Bkg2_[pdfCTAUDSS2]) got nan during case 1 
[#0] ERROR:Tracing -- RooGaussModel::getVal(ctauRes1_conv_exp(-@0/@1)_ctau3D_lambdaDSS_Bkg2_[pdfCTAUDSS2]) got nan during case 1 
[#0] ERROR:Tracing -- RooGaussModel::getVal(ctauRes3_conv_exp(-@0/@1)_ctau3D_lambdaDSS_Bkg2_[pdfCTAUDSS2]) got nan during case 1 
[#0] ERROR:Tracing -- RooGaussModel::getVal(ctauRes2_conv_exp(-@0/@1)_ctau3D_lambdaDSS_Bkg2_[pdfCTAUDSS2]) got nan during case 1 
[#0] ERROR:Tracing -- RooGaussModel::getVal(ctauRes1_conv_exp(@0/@1)_ctau3D_lambdaDF_Bkg1_[pdfCTAUDF1]) got nan during case 1 
[#0] ERROR:Tracing -- RooGaussModel::getVal(ctauRes3_conv_exp(@0/@1)_ctau3D_lambdaDF_Bkg1_[pdfCTAUDF1]) got nan during case 1 
[#0] ERROR:Tracing -- RooGaussModel::getVal(ctauRes2_conv_exp(@0/@1)_ctau3D_lambdaDF_Bkg1_[pdfCTAUDF1]) got nan during case 1 
[#0] ERROR:Tracing -- RooGaussModel::getVal(ctauRes1_conv_exp(@0/@1)_ctau3D_lambdaDF_Bkg1_[pdfCTAUDF1]) got nan during case 1 
[#0] ERROR:Tracing -- RooGaussModel::getVal(ctauRes3_conv_exp(@0/@1)_ctau3D_lambdaDF_Bkg1_[pdfCTAUDF1]) got nan during case 1 
[#0] ERROR:Tracing -- RooGaussModel::getVal(ctauRes2_conv_exp(@0/@1)_ctau3D_lambdaDF_Bkg1_[pdfCTAUDF1]) got nan during case 1 
[#0] ERROR:Tracing -- RooGaussModel::getVal(ctauRes1_conv_exp(@0/@1)_ctau3D_lambdaDF_Bkg2_[pdfCTAUDF2]) got nan during case 1 
[#0] ERROR:Tracing -- RooGaussModel::getVal(ctauRes3_conv_exp(@0/@1)_ctau3D_lambdaDF_Bkg2_[pdfCTAUDF2]) got nan during case 1 
[#0] ERROR:Tracing -- RooGaussModel::getVal(ctauRes2_conv_exp(@0/@1)_ctau3D_lambdaDF_Bkg2_[pdfCTAUDF2]) got nan during case 1 
[#0] ERROR:Tracing -- RooGaussModel::getVal(ctauRes1_conv_exp(@0/@1)_ctau3D_lambdaDF_Bkg2_[pdfCTAUDF2]) got nan during case 1 
[#0] ERROR:Tracing -- RooGaussModel::getVal(ctauRes3_conv_exp(@0/@1)_ctau3D_lambdaDF_Bkg2_[pdfCTAUDF2]) got nan during case 1 
[#0] ERROR:Tracing -- RooGaussModel::getVal(ctauRes2_conv_exp(@0/@1)_ctau3D_lambdaDF_Bkg2_[pdfCTAUDF2]) got nan during case 1 
[#0] ERROR:Tracing -- RooGaussModel::getVal(ctauRes1_conv_exp(-abs(@0)/@1)_ctau3D_lambdaDDS_Bkg_[pdfCTAUDDS]) got nan during case 1 
[#0] ERROR:Tracing -- RooGaussModel::getVal(ctauRes3_conv_exp(-abs(@0)/@1)_ctau3D_lambdaDDS_Bkg_[pdfCTAUDDS]) got nan during case 1 
[#0] ERROR:Tracing -- RooGaussModel::getVal(ctauRes2_conv_exp(-abs(@0)/@1)_ctau3D_lambdaDDS_Bkg_[pdfCTAUDDS]) got nan during case 1 
[#0] ERROR:Tracing -- RooGaussModel::getVal(ctauRes1_conv_exp(-abs(@0)/@1)_ctau3D_lambdaDDS_Bkg_[pdfCTAUDDS]) got nan during case 1 
[#0] ERROR:Tracing -- RooGaussModel::getVal(ctauRes3_conv_exp(-abs(@0)/@1)_ctau3D_lambdaDDS_Bkg_[pdfCTAUDDS]) got nan during case 1 
[#0] ERROR:Tracing -- RooGaussModel::getVal(ctauRes2_conv_exp(-abs(@0)/@1)_ctau3D_lambdaDDS_Bkg_[pdfCTAUDDS]) got nan during case 1 
[#0] WARNING:Minization -- RooMinimizerFcn: Minimized function has error status.
Returning maximum FCN so far (-1e+30) to force MIGRAD to back out of this region. Error log follows
Parameter values: b_Jpsi=0.757073
RooNLLVar::nll_pdfCTAUMASS_Tot_dsToFit[ paramSet=(N_Bkg,N_Jpsi,alpha_1_A,b_Bkg,b_Jpsi,ctau1_CtauRes,ctau2_CtauRes,ctau3_CtauRes,f,f2_CtauRes,fDF12,fDFSS,fDLIV,fDSS12,fDSS1_test,fDSS2_test,f_CtauRes,lambdaDDS_Bkg,lambdaDF_Bkg1,lambdaDF_Bkg2,lambdaDSS_Bkg1,lambdaDSS_Bkg2,lambdaDSS_test1,lambdaDSS_test2,lambdaDSS_test3,m_{J/#Psi},n_1_A,rS21_CtauRes,rS32_CtauRes,s1_CtauRes,sigma_1_A,sl1,sl2,x_A,zeroMean) ]
     function value is NAN @ paramSet=(N_Bkg = 10422.1 +/- 154.79,N_Jpsi = 17396.8 +/- 175.879,alpha_1_A = 2.16069,b_Bkg = 0.759368 +/- 2.05668,b_Jpsi = 0.757073 +/- 0.420399,ctau1_CtauRes = 0,ctau2_CtauRes = 0,ctau3_CtauRes = 0,f = 0.720778,f2_CtauRes = 1.02206e-06 +/- 1.40334e-05,fDF12 = 0.416499 +/- 164846,fDFSS = 0.949422 +/- 5.22043,fDLIV = 0.393305 +/- 2.31686,fDSS12 = 0.875485 +/- 0.206613,fDSS1_test = 0.78,fDSS2_test = 0.37,f_CtauRes = 0.912575 +/- 0.0175917,lambdaDDS_Bkg = 0.034334 +/- 0.465804,lambdaDF_Bkg1 = 0.417596 +/- 410.327,lambdaDF_Bkg2 = 0.41414 +/- 988.141,lambdaDSS_Bkg1 = 0.279744 +/- 0.642153,lambdaDSS_Bkg2 = 0.99992 +/- 0.0546058,lambdaDSS_test1 = 0.5,lambdaDSS_test2 = 0.58,lambdaDSS_test3 = 0.34,m_{J/#Psi} = 3.09165 +/- 0.000446256,n_1_A = 1.28385,rS21_CtauRes = 2.92474 +/- 0.196868,rS32_CtauRes = 4.97158 +/- 0.375916,s1_CtauRes = 0.994607 +/- 0.0259245,sigma_1_A = 0.0418059 +/- 0.000431558,sl1 = -0.102918 +/- 0.0176394,sl2 = -0.0100587 +/- 0.0237262,x_A = 1.60948,zeroMean = 0)
PID3856008/RooRealMPFE::nll_pdfCTAUMASS_Tot_dsToFit_597526bcd3d0_MPFE4[ arg=nll_pdfCTAUMASS_Tot_dsToFit_GOF4 vars=(N_Bkg,N_Jpsi,alpha_1_A,b_Bkg,b_Jpsi,ctau1_CtauRes,ctau2_CtauRes,ctau3_CtauRes,f,f2_CtauRes,fDF12,fDFSS,fDLIV,fDSS12,fDSS1_test,fDSS2_test,f_CtauRes,lambdaDDS_Bkg,lambdaDF_Bkg1,lambdaDF_Bkg2,lambdaDSS_Bkg1,lambdaDSS_Bkg2,lambdaDSS_test1,lambdaDSS_test2,lambdaDSS_test3,m_{J/#Psi},n_1_A,rS21_CtauRes,rS32_CtauRes,s1_CtauRes,sigma_1_A,sl1,sl2,x_A,zeroMean) ]
     function value is NAN @ paramSet=(N_Bkg = 10422.1 +/- 154.79,N_Jpsi = 17396.8 +/- 175.879,alpha_1_A = 2.16069,b_Bkg = 0.759368 +/- 2.05668,b_Jpsi = 0.757073,ctau1_CtauRes = 0,ctau2_CtauRes = 0,ctau3_CtauRes = 0,f = 0.720778,f2_CtauRes = 1.02206e-06 +/- 1.40334e-05,fDF12 = 0.416499 +/- 164846,fDFSS = 0.949422 +/- 5.22043,fDLIV = 0.393305 +/- 2.31686,fDSS12 = 0.875485 +/- 0.206613,fDSS1_test = 0.78,fDSS2_test = 0.37,f_CtauRes = 0.912575 +/- 0.0175917,lambdaDDS_Bkg = 0.034334 +/- 0.465804,lambdaDF_Bkg1 = 0.417596 +/- 410.327,lambdaDF_Bkg2 = 0.41414 +/- 988.141,lambdaDSS_Bkg1 = 0.279744 +/- 0.642153,lambdaDSS_Bkg2 = 0.99992 +/- 0.0546058,lambdaDSS_test1 = 0.5,lambdaDSS_test2 = 0.58,lambdaDSS_test3 = 0.34,m_{J/#Psi} = 3.09165 +/- 0.000446256,n_1_A = 1.28385,rS21_CtauRes = 2.92474 +/- 0.196868,rS32_CtauRes = 4.97158 +/- 0.375916,s1_CtauRes = 0.994607 +/- 0.0259245,sigma_1_A = 0.0418059 +/- 0.000431558,sl1 = -0.102918 +/- 0.0176394,sl2 = -0.0100587 +/- 0.0237262,x_A = 1.60948,zeroMean = 0)
     function value is NAN @ paramSet=(N_Bkg = 10422.1 +/- 154.79,N_Jpsi = 17396.8 +/- 175.879,alpha_1_A = 2.16069,b_Bkg = 0.759368 +/- 2.05668,b_Jpsi = 0.757073,ctau1_CtauRes = 0,ctau2_CtauRes = 0,ctau3_CtauRes = 0,f = 0.720778,f2_CtauRes = 1.02206e-06 +/- 1.40334e-05,fDF12 = 0.416499 +/- 164846,fDFSS = 0.949422 +/- 5.22043,fDLIV = 0.393305 +/- 2.31686,fDSS12 = 0.875485 +/- 0.206613,fDSS1_test = 0.78,fDSS2_test = 0.37,f_CtauRes = 0.912575 +/- 0.0175917,lambdaDDS_Bkg = 0.034334 +/- 0.465804,lambdaDF_Bkg1 = 0.417596 +/- 410.327,lambdaDF_Bkg2 = 0.41414 +/- 988.141,lambdaDSS_Bkg1 = 0.279744 +/- 0.642153,lambdaDSS_Bkg2 = 0.99992 +/- 0.0546058,lambdaDSS_test1 = 0.5,lambdaDSS_test2 = 0.58,lambdaDSS_test3 = 0.34,m_{J/#Psi} = 3.09165 +/- 0.000446256,n_1_A = 1.28385,rS21_CtauRes = 2.92474 +/- 0.196868,rS32_CtauRes = 4.97158 +/- 0.375916,s1_CtauRes = 0.994607 +/- 0.0259245,sigma_1_A = 0.0418059 +/- 0.000431558,sl1 = -0.102918 +/- 0.0176394,sl2 = -0.0100587 +/- 0.0237262,x_A = 1.60948,zeroMean = 0)

[#0] ERROR:Tracing -- RooGaussModel::getVal(ctauRes1_conv_exp(-@0/@1)_ctau3D_lambdaDSS_Bkg1_[pdfCTAUDSS1]) got nan during case 1 
[#0] ERROR:Tracing -- RooGaussModel::getVal(ctauRes3_conv_exp(-@0/@1)_ctau3D_lambdaDSS_Bkg1_[pdfCTAUDSS1]) got nan during case 1 
[#0] ERROR:Tracing -- RooGaussModel::getVal(ctauRes2_conv_exp(-@0/@1)_ctau3D_lambdaDSS_Bkg1_[pdfCTAUDSS1]) got nan during case 1 
[#0] ERROR:Tracing -- RooGaussModel::getVal(ctauRes1_conv_exp(-@0/@1)_ctau3D_lambdaDSS_Bkg1_[pdfCTAUDSS1]) got nan during case 1 
[#0] ERROR:Tracing -- RooGaussModel::getVal(ctauRes3_conv_exp(-@0/@1)_ctau3D_lambdaDSS_Bkg1_[pdfCTAUDSS1]) got nan during case 1 
[#0] ERROR:Tracing -- RooGaussModel::getVal(ctauRes2_conv_exp(-@0/@1)_ctau3D_lambdaDSS_Bkg1_[pdfCTAUDSS1]) got nan during case 1 
[#0] ERROR:Tracing -- RooGaussModel::getVal(ctauRes1_conv_exp(-@0/@1)_ctau3D_lambdaDSS_Bkg2_[pdfCTAUDSS2]) got nan during case 1 
[#0] ERROR:Tracing -- RooGaussModel::getVal(ctauRes3_conv_exp(-@0/@1)_ctau3D_lambdaDSS_Bkg2_[pdfCTAUDSS2]) got nan during case 1 
[#0] ERROR:Tracing -- RooGaussModel::getVal(ctauRes2_conv_exp(-@0/@1)_ctau3D_lambdaDSS_Bkg2_[pdfCTAUDSS2]) got nan during case 1 
[#0] ERROR:Tracing -- RooGaussModel::getVal(ctauRes1_conv_exp(-@0/@1)_ctau3D_lambdaDSS_Bkg2_[pdfCTAUDSS2]) got nan during case 1 
[#0] ERROR:Tracing -- RooGaussModel::getVal(ctauRes3_conv_exp(-@0/@1)_ctau3D_lambdaDSS_Bkg2_[pdfCTAUDSS2]) got nan during case 1 
[#0] ERROR:Tracing -- RooGaussModel::getVal(ctauRes2_conv_exp(-@0/@1)_ctau3D_lambdaDSS_Bkg2_[pdfCTAUDSS2]) got nan during case 1 
[#0] ERROR:Tracing -- RooGaussModel::getVal(ctauRes1_conv_exp(@0/@1)_ctau3D_lambdaDF_Bkg1_[pdfCTAUDF1]) got nan during case 1 
[#0] ERROR:Tracing -- RooGaussModel::getVal(ctauRes3_conv_exp(@0/@1)_ctau3D_lambdaDF_Bkg1_[pdfCTAUDF1]) got nan during case 1 
[#0] ERROR:Tracing -- RooGaussModel::getVal(ctauRes2_conv_exp(@0/@1)_ctau3D_lambdaDF_Bkg1_[pdfCTAUDF1]) got nan during case 1 
[#0] ERROR:Tracing -- RooGaussModel::getVal(ctauRes1_conv_exp(@0/@1)_ctau3D_lambdaDF_Bkg1_[pdfCTAUDF1]) got nan during case 1 
[#0] ERROR:Tracing -- RooGaussModel::getVal(ctauRes3_conv_exp(@0/@1)_ctau3D_lambdaDF_Bkg1_[pdfCTAUDF1]) got nan during case 1 
[#0] ERROR:Tracing -- RooGaussModel::getVal(ctauRes2_conv_exp(@0/@1)_ctau3D_lambdaDF_Bkg1_[pdfCTAUDF1]) got nan during case 1 
[#0] ERROR:Tracing -- RooGaussModel::getVal(ctauRes1_conv_exp(@0/@1)_ctau3D_lambdaDF_Bkg2_[pdfCTAUDF2]) got nan during case 1 
[#0] ERROR:Tracing -- RooGaussModel::getVal(ctauRes3_conv_exp(@0/@1)_ctau3D_lambdaDF_Bkg2_[pdfCTAUDF2]) got nan during case 1 
[#0] ERROR:Tracing -- RooGaussModel::getVal(ctauRes2_conv_exp(@0/@1)_ctau3D_lambdaDF_Bkg2_[pdfCTAUDF2]) got nan during case 1 
[#0] ERROR:Tracing -- RooGaussModel::getVal(ctauRes1_conv_exp(@0/@1)_ctau3D_lambdaDF_Bkg2_[pdfCTAUDF2]) got nan during case 1 
[#0] ERROR:Tracing -- RooGaussModel::getVal(ctauRes3_conv_exp(@0/@1)_ctau3D_lambdaDF_Bkg2_[pdfCTAUDF2]) got nan during case 1 
[#0] ERROR:Tracing -- RooGaussModel::getVal(ctauRes2_conv_exp(@0/@1)_ctau3D_lambdaDF_Bkg2_[pdfCTAUDF2]) got nan during case 1 
[#0] ERROR:Tracing -- RooGaussModel::getVal(ctauRes1_conv_exp(-abs(@0)/@1)_ctau3D_lambdaDDS_Bkg_[pdfCTAUDDS]) got nan during case 1 
[#0] ERROR:Tracing -- RooGaussModel::getVal(ctauRes3_conv_exp(-abs(@0)/@1)_ctau3D_lambdaDDS_Bkg_[pdfCTAUDDS]) got nan during case 1 
[#0] ERROR:Tracing -- RooGaussModel::getVal(ctauRes2_conv_exp(-abs(@0)/@1)_ctau3D_lambdaDDS_Bkg_[pdfCTAUDDS]) got nan during case 1 
[#0] ERROR:Tracing -- RooGaussModel::getVal(ctauRes1_conv_exp(-abs(@0)/@1)_ctau3D_lambdaDDS_Bkg_[pdfCTAUDDS]) got nan during case 1 
[#0] ERROR:Tracing -- RooGaussModel::getVal(ctauRes3_conv_exp(-abs(@0)/@1)_ctau3D_lambdaDDS_Bkg_[pdfCTAUDDS]) got nan during case 1 
[#0] ERROR:Tracing -- RooGaussModel::getVal(ctauRes2_conv_exp(-abs(@0)/@1)_ctau3D_lambdaDDS_Bkg_[pdfCTAUDDS]) got nan during case 1 
[#0] WARNING:Minization -- RooMinimizerFcn: Minimized function has error status.
Returning maximum FCN so far (-1e+30) to force MIGRAD to back out of this region. Error log follows
Parameter values: b_Jpsi=0.278031
RooNLLVar::nll_pdfCTAUMASS_Tot_dsToFit[ paramSet=(N_Bkg,N_Jpsi,alpha_1_A,b_Bkg,b_Jpsi,ctau1_CtauRes,ctau2_CtauRes,ctau3_CtauRes,f,f2_CtauRes,fDF12,fDFSS,fDLIV,fDSS12,fDSS1_test,fDSS2_test,f_CtauRes,lambdaDDS_Bkg,lambdaDF_Bkg1,lambdaDF_Bkg2,lambdaDSS_Bkg1,lambdaDSS_Bkg2,lambdaDSS_test1,lambdaDSS_test2,lambdaDSS_test3,m_{J/#Psi},n_1_A,rS21_CtauRes,rS32_CtauRes,s1_CtauRes,sigma_1_A,sl1,sl2,x_A,zeroMean) ]
     function value is NAN @ paramSet=(N_Bkg = 10422.1 +/- 154.79,N_Jpsi = 17396.8 +/- 175.879,alpha_1_A = 2.16069,b_Bkg = 0.759368 +/- 2.05668,b_Jpsi = 0.278031 +/- 0.420399,ctau1_CtauRes = 0,ctau2_CtauRes = 0,ctau3_CtauRes = 0,f = 0.720778,f2_CtauRes = 1.02206e-06 +/- 1.40334e-05,fDF12 = 0.416499 +/- 164846,fDFSS = 0.949422 +/- 5.22043,fDLIV = 0.393305 +/- 2.31686,fDSS12 = 0.875485 +/- 0.206613,fDSS1_test = 0.78,fDSS2_test = 0.37,f_CtauRes = 0.912575 +/- 0.0175917,lambdaDDS_Bkg = 0.034334 +/- 0.465804,lambdaDF_Bkg1 = 0.417596 +/- 410.327,lambdaDF_Bkg2 = 0.41414 +/- 988.141,lambdaDSS_Bkg1 = 0.279744 +/- 0.642153,lambdaDSS_Bkg2 = 0.99992 +/- 0.0546058,lambdaDSS_test1 = 0.5,lambdaDSS_test2 = 0.58,lambdaDSS_test3 = 0.34,m_{J/#Psi} = 3.09165 +/- 0.000446256,n_1_A = 1.28385,rS21_CtauRes = 2.92474 +/- 0.196868,rS32_CtauRes = 4.97158 +/- 0.375916,s1_CtauRes = 0.994607 +/- 0.0259245,sigma_1_A = 0.0418059 +/- 0.000431558,sl1 = -0.102918 +/- 0.0176394,sl2 = -0.0100587 +/- 0.0237262,x_A = 1.60948,zeroMean = 0)
PID3856008/RooRealMPFE::nll_pdfCTAUMASS_Tot_dsToFit_597526bcd3d0_MPFE4[ arg=nll_pdfCTAUMASS_Tot_dsToFit_GOF4 vars=(N_Bkg,N_Jpsi,alpha_1_A,b_Bkg,b_Jpsi,ctau1_CtauRes,ctau2_CtauRes,ctau3_CtauRes,f,f2_CtauRes,fDF12,fDFSS,fDLIV,fDSS12,fDSS1_test,fDSS2_test,f_CtauRes,lambdaDDS_Bkg,lambdaDF_Bkg1,lambdaDF_Bkg2,lambdaDSS_Bkg1,lambdaDSS_Bkg2,lambdaDSS_test1,lambdaDSS_test2,lambdaDSS_test3,m_{J/#Psi},n_1_A,rS21_CtauRes,rS32_CtauRes,s1_CtauRes,sigma_1_A,sl1,sl2,x_A,zeroMean) ]
     function value is NAN @ paramSet=(N_Bkg = 10422.1 +/- 154.79,N_Jpsi = 17396.8 +/- 175.879,alpha_1_A = 2.16069,b_Bkg = 0.759368 +/- 2.05668,b_Jpsi = 0.278031,ctau1_CtauRes = 0,ctau2_CtauRes = 0,ctau3_CtauRes = 0,f = 0.720778,f2_CtauRes = 1.02206e-06 +/- 1.40334e-05,fDF12 = 0.416499 +/- 164846,fDFSS = 0.949422 +/- 5.22043,fDLIV = 0.393305 +/- 2.31686,fDSS12 = 0.875485 +/- 0.206613,fDSS1_test = 0.78,fDSS2_test = 0.37,f_CtauRes = 0.912575 +/- 0.0175917,lambdaDDS_Bkg = 0.034334 +/- 0.465804,lambdaDF_Bkg1 = 0.417596 +/- 410.327,lambdaDF_Bkg2 = 0.41414 +/- 988.141,lambdaDSS_Bkg1 = 0.279744 +/- 0.642153,lambdaDSS_Bkg2 = 0.99992 +/- 0.0546058,lambdaDSS_test1 = 0.5,lambdaDSS_test2 = 0.58,lambdaDSS_test3 = 0.34,m_{J/#Psi} = 3.09165 +/- 0.000446256,n_1_A = 1.28385,rS21_CtauRes = 2.92474 +/- 0.196868,rS32_CtauRes = 4.97158 +/- 0.375916,s1_CtauRes = 0.994607 +/- 0.0259245,sigma_1_A = 0.0418059 +/- 0.000431558,sl1 = -0.102918 +/- 0.0176394,sl2 = -0.0100587 +/- 0.0237262,x_A = 1.60948,zeroMean = 0)
     function value is NAN @ paramSet=(N_Bkg = 10422.1 +/- 154.79,N_Jpsi = 17396.8 +/- 175.879,alpha_1_A = 2.16069,b_Bkg = 0.759368 +/- 2.05668,b_Jpsi = 0.278031,ctau1_CtauRes = 0,ctau2_CtauRes = 0,ctau3_CtauRes = 0,f = 0.720778,f2_CtauRes = 1.02206e-06 +/- 1.40334e-05,fDF12 = 0.416499 +/- 164846,fDFSS = 0.949422 +/- 5.22043,fDLIV = 0.393305 +/- 2.31686,fDSS12 = 0.875485 +/- 0.206613,fDSS1_test = 0.78,fDSS2_test = 0.37,f_CtauRes = 0.912575 +/- 0.0175917,lambdaDDS_Bkg = 0.034334 +/- 0.465804,lambdaDF_Bkg1 = 0.417596 +/- 410.327,lambdaDF_Bkg2 = 0.41414 +/- 988.141,lambdaDSS_Bkg1 = 0.279744 +/- 0.642153,lambdaDSS_Bkg2 = 0.99992 +/- 0.0546058,lambdaDSS_test1 = 0.5,lambdaDSS_test2 = 0.58,lambdaDSS_test3 = 0.34,m_{J/#Psi} = 3.09165 +/- 0.000446256,n_1_A = 1.28385,rS21_CtauRes = 2.92474 +/- 0.196868,rS32_CtauRes = 4.97158 +/- 0.375916,s1_CtauRes = 0.994607 +/- 0.0259245,sigma_1_A = 0.0418059 +/- 0.000431558,sl1 = -0.102918 +/- 0.0176394,sl2 = -0.0100587 +/- 0.0237262,x_A = 1.60948,zeroMean = 0)

 MINUIT WARNING IN HESSE
 ============== Second derivative zero for parameter1
  MNHESS FAILS AND WILL RETURN DIAGONAL MATRIX. 
 FCN=-1e+30 FROM HESSE     STATUS=FAILED          3 CALLS          28 TOTAL
                     EDM=0    STRATEGY= 1  ERROR MATRIX UNCERTAINTY 100.0 per cent
  EXT PARAMETER                APPROXIMATE     INTERNAL      INTERNAL  
  NO.   NAME      VALUE            ERROR       STEP SIZE       VALUE   
   1  b_Jpsi       2.78031e-01   4.20399e-01   0.00000e+00   4.00107e-02
                               ERR DEF= 0.5
 EXTERNAL ERROR MATRIX.    NDIM=  25    NPAR=  1    ERR DEF=0.5
  2.496e-01 
ERR MATRIX APPROXIMATE
 EXTERNAL ERROR MATRIX.    NDIM=   1    NPAR=  1    ERR DEF=0.5
  2.496e-01 
 **********
 **   11 **SET ERR         0.5
 **********
 **********
 **   12 **SET PRINT           3
 **********
 **********
 **   13 **HESSE         500
 **********
   START COVARIANCE MATRIX CALCULATION.
[#0] ERROR:Tracing -- RooGaussModel::getVal(ctauRes1_conv_exp(-@0/@1)_ctau3D_lambdaDSS_Bkg1_[pdfCTAUDSS1]) got nan during case 1 
[#0] ERROR:Tracing -- RooGaussModel::getVal(ctauRes3_conv_exp(-@0/@1)_ctau3D_lambdaDSS_Bkg1_[pdfCTAUDSS1]) got nan during case 1 
[#0] ERROR:Tracing -- RooGaussModel::getVal(ctauRes2_conv_exp(-@0/@1)_ctau3D_lambdaDSS_Bkg1_[pdfCTAUDSS1]) got nan during case 1 
[#0] ERROR:Tracing -- RooGaussModel::getVal(ctauRes1_conv_exp(-@0/@1)_ctau3D_lambdaDSS_Bkg1_[pdfCTAUDSS1]) got nan during case 1 
[#0] ERROR:Tracing -- RooGaussModel::getVal(ctauRes3_conv_exp(-@0/@1)_ctau3D_lambdaDSS_Bkg1_[pdfCTAUDSS1]) got nan during case 1 
[#0] ERROR:Tracing -- RooGaussModel::getVal(ctauRes2_conv_exp(-@0/@1)_ctau3D_lambdaDSS_Bkg1_[pdfCTAUDSS1]) got nan during case 1 
[#0] ERROR:Tracing -- RooGaussModel::getVal(ctauRes1_conv_exp(-@0/@1)_ctau3D_lambdaDSS_Bkg2_[pdfCTAUDSS2]) got nan during case 1 
[#0] ERROR:Tracing -- RooGaussModel::getVal(ctauRes3_conv_exp(-@0/@1)_ctau3D_lambdaDSS_Bkg2_[pdfCTAUDSS2]) got nan during case 1 
[#0] ERROR:Tracing -- RooGaussModel::getVal(ctauRes2_conv_exp(-@0/@1)_ctau3D_lambdaDSS_Bkg2_[pdfCTAUDSS2]) got nan during case 1 
[#0] ERROR:Tracing -- RooGaussModel::getVal(ctauRes1_conv_exp(-@0/@1)_ctau3D_lambdaDSS_Bkg2_[pdfCTAUDSS2]) got nan during case 1 
[#0] ERROR:Tracing -- RooGaussModel::getVal(ctauRes3_conv_exp(-@0/@1)_ctau3D_lambdaDSS_Bkg2_[pdfCTAUDSS2]) got nan during case 1 
[#0] ERROR:Tracing -- RooGaussModel::getVal(ctauRes2_conv_exp(-@0/@1)_ctau3D_lambdaDSS_Bkg2_[pdfCTAUDSS2]) got nan during case 1 
[#0] ERROR:Tracing -- RooGaussModel::getVal(ctauRes1_conv_exp(@0/@1)_ctau3D_lambdaDF_Bkg1_[pdfCTAUDF1]) got nan during case 1 
[#0] ERROR:Tracing -- RooGaussModel::getVal(ctauRes3_conv_exp(@0/@1)_ctau3D_lambdaDF_Bkg1_[pdfCTAUDF1]) got nan during case 1 
[#0] ERROR:Tracing -- RooGaussModel::getVal(ctauRes2_conv_exp(@0/@1)_ctau3D_lambdaDF_Bkg1_[pdfCTAUDF1]) got nan during case 1 
[#0] ERROR:Tracing -- RooGaussModel::getVal(ctauRes1_conv_exp(@0/@1)_ctau3D_lambdaDF_Bkg1_[pdfCTAUDF1]) got nan during case 1 
[#0] ERROR:Tracing -- RooGaussModel::getVal(ctauRes3_conv_exp(@0/@1)_ctau3D_lambdaDF_Bkg1_[pdfCTAUDF1]) got nan during case 1 
[#0] ERROR:Tracing -- RooGaussModel::getVal(ctauRes2_conv_exp(@0/@1)_ctau3D_lambdaDF_Bkg1_[pdfCTAUDF1]) got nan during case 1 
[#0] ERROR:Tracing -- RooGaussModel::getVal(ctauRes1_conv_exp(@0/@1)_ctau3D_lambdaDF_Bkg2_[pdfCTAUDF2]) got nan during case 1 
[#0] ERROR:Tracing -- RooGaussModel::getVal(ctauRes3_conv_exp(@0/@1)_ctau3D_lambdaDF_Bkg2_[pdfCTAUDF2]) got nan during case 1 
[#0] ERROR:Tracing -- RooGaussModel::getVal(ctauRes2_conv_exp(@0/@1)_ctau3D_lambdaDF_Bkg2_[pdfCTAUDF2]) got nan during case 1 
[#0] ERROR:Tracing -- RooGaussModel::getVal(ctauRes1_conv_exp(@0/@1)_ctau3D_lambdaDF_Bkg2_[pdfCTAUDF2]) got nan during case 1 
[#0] ERROR:Tracing -- RooGaussModel::getVal(ctauRes3_conv_exp(@0/@1)_ctau3D_lambdaDF_Bkg2_[pdfCTAUDF2]) got nan during case 1 
[#0] ERROR:Tracing -- RooGaussModel::getVal(ctauRes2_conv_exp(@0/@1)_ctau3D_lambdaDF_Bkg2_[pdfCTAUDF2]) got nan during case 1 
[#0] ERROR:Tracing -- RooGaussModel::getVal(ctauRes1_conv_exp(-abs(@0)/@1)_ctau3D_lambdaDDS_Bkg_[pdfCTAUDDS]) got nan during case 1 
[#0] ERROR:Tracing -- RooGaussModel::getVal(ctauRes3_conv_exp(-abs(@0)/@1)_ctau3D_lambdaDDS_Bkg_[pdfCTAUDDS]) got nan during case 1 
[#0] ERROR:Tracing -- RooGaussModel::getVal(ctauRes2_conv_exp(-abs(@0)/@1)_ctau3D_lambdaDDS_Bkg_[pdfCTAUDDS]) got nan during case 1 
[#0] ERROR:Tracing -- RooGaussModel::getVal(ctauRes1_conv_exp(-abs(@0)/@1)_ctau3D_lambdaDDS_Bkg_[pdfCTAUDDS]) got nan during case 1 
[#0] ERROR:Tracing -- RooGaussModel::getVal(ctauRes3_conv_exp(-abs(@0)/@1)_ctau3D_lambdaDDS_Bkg_[pdfCTAUDDS]) got nan during case 1 
[#0] ERROR:Tracing -- RooGaussModel::getVal(ctauRes2_conv_exp(-abs(@0)/@1)_ctau3D_lambdaDDS_Bkg_[pdfCTAUDDS]) got nan during case 1 
[#0] WARNING:Minization -- RooMinimizerFcn: Minimized function has error status.
Returning maximum FCN so far (-1e+30) to force MIGRAD to back out of this region. Error log follows
Parameter values: b_Jpsi=0.52
RooNLLVar::nll_pdfCTAUMASS_Tot_dsToFit[ paramSet=(N_Bkg,N_Jpsi,alpha_1_A,b_Bkg,b_Jpsi,ctau1_CtauRes,ctau2_CtauRes,ctau3_CtauRes,f,f2_CtauRes,fDF12,fDFSS,fDLIV,fDSS12,fDSS1_test,fDSS2_test,f_CtauRes,lambdaDDS_Bkg,lambdaDF_Bkg1,lambdaDF_Bkg2,lambdaDSS_Bkg1,lambdaDSS_Bkg2,lambdaDSS_test1,lambdaDSS_test2,lambdaDSS_test3,m_{J/#Psi},n_1_A,rS21_CtauRes,rS32_CtauRes,s1_CtauRes,sigma_1_A,sl1,sl2,x_A,zeroMean) ]
     function value is NAN @ paramSet=(N_Bkg = 10422.1 +/- 154.79,N_Jpsi = 17396.8 +/- 175.879,alpha_1_A = 2.16069,b_Bkg = 0.759368 +/- 2.05668,b_Jpsi = 0.52 +/- 0.420399,ctau1_CtauRes = 0,ctau2_CtauRes = 0,ctau3_CtauRes = 0,f = 0.720778,f2_CtauRes = 1.02206e-06 +/- 1.40334e-05,fDF12 = 0.416499 +/- 164846,fDFSS = 0.949422 +/- 5.22043,fDLIV = 0.393305 +/- 2.31686,fDSS12 = 0.875485 +/- 0.206613,fDSS1_test = 0.78,fDSS2_test = 0.37,f_CtauRes = 0.912575 +/- 0.0175917,lambdaDDS_Bkg = 0.034334 +/- 0.465804,lambdaDF_Bkg1 = 0.417596 +/- 410.327,lambdaDF_Bkg2 = 0.41414 +/- 988.141,lambdaDSS_Bkg1 = 0.279744 +/- 0.642153,lambdaDSS_Bkg2 = 0.99992 +/- 0.0546058,lambdaDSS_test1 = 0.5,lambdaDSS_test2 = 0.58,lambdaDSS_test3 = 0.34,m_{J/#Psi} = 3.09165 +/- 0.000446256,n_1_A = 1.28385,rS21_CtauRes = 2.92474 +/- 0.196868,rS32_CtauRes = 4.97158 +/- 0.375916,s1_CtauRes = 0.994607 +/- 0.0259245,sigma_1_A = 0.0418059 +/- 0.000431558,sl1 = -0.102918 +/- 0.0176394,sl2 = -0.0100587 +/- 0.0237262,x_A = 1.60948,zeroMean = 0)
PID3856008/RooRealMPFE::nll_pdfCTAUMASS_Tot_dsToFit_597526bcd3d0_MPFE4[ arg=nll_pdfCTAUMASS_Tot_dsToFit_GOF4 vars=(N_Bkg,N_Jpsi,alpha_1_A,b_Bkg,b_Jpsi,ctau1_CtauRes,ctau2_CtauRes,ctau3_CtauRes,f,f2_CtauRes,fDF12,fDFSS,fDLIV,fDSS12,fDSS1_test,fDSS2_test,f_CtauRes,lambdaDDS_Bkg,lambdaDF_Bkg1,lambdaDF_Bkg2,lambdaDSS_Bkg1,lambdaDSS_Bkg2,lambdaDSS_test1,lambdaDSS_test2,lambdaDSS_test3,m_{J/#Psi},n_1_A,rS21_CtauRes,rS32_CtauRes,s1_CtauRes,sigma_1_A,sl1,sl2,x_A,zeroMean) ]
     function value is NAN @ paramSet=(N_Bkg = 10422.1 +/- 154.79,N_Jpsi = 17396.8 +/- 175.879,alpha_1_A = 2.16069,b_Bkg = 0.759368 +/- 2.05668,b_Jpsi = 0.52,ctau1_CtauRes = 0,ctau2_CtauRes = 0,ctau3_CtauRes = 0,f = 0.720778,f2_CtauRes = 1.02206e-06 +/- 1.40334e-05,fDF12 = 0.416499 +/- 164846,fDFSS = 0.949422 +/- 5.22043,fDLIV = 0.393305 +/- 2.31686,fDSS12 = 0.875485 +/- 0.206613,fDSS1_test = 0.78,fDSS2_test = 0.37,f_CtauRes = 0.912575 +/- 0.0175917,lambdaDDS_Bkg = 0.034334 +/- 0.465804,lambdaDF_Bkg1 = 0.417596 +/- 410.327,lambdaDF_Bkg2 = 0.41414 +/- 988.141,lambdaDSS_Bkg1 = 0.279744 +/- 0.642153,lambdaDSS_Bkg2 = 0.99992 +/- 0.0546058,lambdaDSS_test1 = 0.5,lambdaDSS_test2 = 0.58,lambdaDSS_test3 = 0.34,m_{J/#Psi} = 3.09165 +/- 0.000446256,n_1_A = 1.28385,rS21_CtauRes = 2.92474 +/- 0.196868,rS32_CtauRes = 4.97158 +/- 0.375916,s1_CtauRes = 0.994607 +/- 0.0259245,sigma_1_A = 0.0418059 +/- 0.000431558,sl1 = -0.102918 +/- 0.0176394,sl2 = -0.0100587 +/- 0.0237262,x_A = 1.60948,zeroMean = 0)
     function value is NAN @ paramSet=(N_Bkg = 10422.1 +/- 154.79,N_Jpsi = 17396.8 +/- 175.879,alpha_1_A = 2.16069,b_Bkg = 0.759368 +/- 2.05668,b_Jpsi = 0.52,ctau1_CtauRes = 0,ctau2_CtauRes = 0,ctau3_CtauRes = 0,f = 0.720778,f2_CtauRes = 1.02206e-06 +/- 1.40334e-05,fDF12 = 0.416499 +/- 164846,fDFSS = 0.949422 +/- 5.22043,fDLIV = 0.393305 +/- 2.31686,fDSS12 = 0.875485 +/- 0.206613,fDSS1_test = 0.78,fDSS2_test = 0.37,f_CtauRes = 0.912575 +/- 0.0175917,lambdaDDS_Bkg = 0.034334 +/- 0.465804,lambdaDF_Bkg1 = 0.417596 +/- 410.327,lambdaDF_Bkg2 = 0.41414 +/- 988.141,lambdaDSS_Bkg1 = 0.279744 +/- 0.642153,lambdaDSS_Bkg2 = 0.99992 +/- 0.0546058,lambdaDSS_test1 = 0.5,lambdaDSS_test2 = 0.58,lambdaDSS_test3 = 0.34,m_{J/#Psi} = 3.09165 +/- 0.000446256,n_1_A = 1.28385,rS21_CtauRes = 2.92474 +/- 0.196868,rS32_CtauRes = 4.97158 +/- 0.375916,s1_CtauRes = 0.994607 +/- 0.0259245,sigma_1_A = 0.0418059 +/- 0.000431558,sl1 = -0.102918 +/- 0.0176394,sl2 = -0.0100587 +/- 0.0237262,x_A = 1.60948,zeroMean = 0)

[#0] ERROR:Tracing -- RooGaussModel::getVal(ctauRes1_conv_exp(-@0/@1)_ctau3D_lambdaDSS_Bkg1_[pdfCTAUDSS1]) got nan during case 1 
[#0] ERROR:Tracing -- RooGaussModel::getVal(ctauRes3_conv_exp(-@0/@1)_ctau3D_lambdaDSS_Bkg1_[pdfCTAUDSS1]) got nan during case 1 
[#0] ERROR:Tracing -- RooGaussModel::getVal(ctauRes2_conv_exp(-@0/@1)_ctau3D_lambdaDSS_Bkg1_[pdfCTAUDSS1]) got nan during case 1 
[#0] ERROR:Tracing -- RooGaussModel::getVal(ctauRes1_conv_exp(-@0/@1)_ctau3D_lambdaDSS_Bkg1_[pdfCTAUDSS1]) got nan during case 1 
[#0] ERROR:Tracing -- RooGaussModel::getVal(ctauRes3_conv_exp(-@0/@1)_ctau3D_lambdaDSS_Bkg1_[pdfCTAUDSS1]) got nan during case 1 
[#0] ERROR:Tracing -- RooGaussModel::getVal(ctauRes2_conv_exp(-@0/@1)_ctau3D_lambdaDSS_Bkg1_[pdfCTAUDSS1]) got nan during case 1 
[#0] ERROR:Tracing -- RooGaussModel::getVal(ctauRes1_conv_exp(-@0/@1)_ctau3D_lambdaDSS_Bkg2_[pdfCTAUDSS2]) got nan during case 1 
[#0] ERROR:Tracing -- RooGaussModel::getVal(ctauRes3_conv_exp(-@0/@1)_ctau3D_lambdaDSS_Bkg2_[pdfCTAUDSS2]) got nan during case 1 
[#0] ERROR:Tracing -- RooGaussModel::getVal(ctauRes2_conv_exp(-@0/@1)_ctau3D_lambdaDSS_Bkg2_[pdfCTAUDSS2]) got nan during case 1 
[#0] ERROR:Tracing -- RooGaussModel::getVal(ctauRes1_conv_exp(-@0/@1)_ctau3D_lambdaDSS_Bkg2_[pdfCTAUDSS2]) got nan during case 1 
[#0] ERROR:Tracing -- RooGaussModel::getVal(ctauRes3_conv_exp(-@0/@1)_ctau3D_lambdaDSS_Bkg2_[pdfCTAUDSS2]) got nan during case 1 
[#0] ERROR:Tracing -- RooGaussModel::getVal(ctauRes2_conv_exp(-@0/@1)_ctau3D_lambdaDSS_Bkg2_[pdfCTAUDSS2]) got nan during case 1 
[#0] ERROR:Tracing -- RooGaussModel::getVal(ctauRes1_conv_exp(@0/@1)_ctau3D_lambdaDF_Bkg1_[pdfCTAUDF1]) got nan during case 1 
[#0] ERROR:Tracing -- RooGaussModel::getVal(ctauRes3_conv_exp(@0/@1)_ctau3D_lambdaDF_Bkg1_[pdfCTAUDF1]) got nan during case 1 
[#0] ERROR:Tracing -- RooGaussModel::getVal(ctauRes2_conv_exp(@0/@1)_ctau3D_lambdaDF_Bkg1_[pdfCTAUDF1]) got nan during case 1 
[#0] ERROR:Tracing -- RooGaussModel::getVal(ctauRes1_conv_exp(@0/@1)_ctau3D_lambdaDF_Bkg1_[pdfCTAUDF1]) got nan during case 1 
[#0] ERROR:Tracing -- RooGaussModel::getVal(ctauRes3_conv_exp(@0/@1)_ctau3D_lambdaDF_Bkg1_[pdfCTAUDF1]) got nan during case 1 
[#0] ERROR:Tracing -- RooGaussModel::getVal(ctauRes2_conv_exp(@0/@1)_ctau3D_lambdaDF_Bkg1_[pdfCTAUDF1]) got nan during case 1 
[#0] ERROR:Tracing -- RooGaussModel::getVal(ctauRes1_conv_exp(@0/@1)_ctau3D_lambdaDF_Bkg2_[pdfCTAUDF2]) got nan during case 1 
[#0] ERROR:Tracing -- RooGaussModel::getVal(ctauRes3_conv_exp(@0/@1)_ctau3D_lambdaDF_Bkg2_[pdfCTAUDF2]) got nan during case 1 
[#0] ERROR:Tracing -- RooGaussModel::getVal(ctauRes2_conv_exp(@0/@1)_ctau3D_lambdaDF_Bkg2_[pdfCTAUDF2]) got nan during case 1 
[#0] ERROR:Tracing -- RooGaussModel::getVal(ctauRes1_conv_exp(@0/@1)_ctau3D_lambdaDF_Bkg2_[pdfCTAUDF2]) got nan during case 1 
[#0] ERROR:Tracing -- RooGaussModel::getVal(ctauRes3_conv_exp(@0/@1)_ctau3D_lambdaDF_Bkg2_[pdfCTAUDF2]) got nan during case 1 
[#0] ERROR:Tracing -- RooGaussModel::getVal(ctauRes2_conv_exp(@0/@1)_ctau3D_lambdaDF_Bkg2_[pdfCTAUDF2]) got nan during case 1 
[#0] ERROR:Tracing -- RooGaussModel::getVal(ctauRes1_conv_exp(-abs(@0)/@1)_ctau3D_lambdaDDS_Bkg_[pdfCTAUDDS]) got nan during case 1 
[#0] ERROR:Tracing -- RooGaussModel::getVal(ctauRes3_conv_exp(-abs(@0)/@1)_ctau3D_lambdaDDS_Bkg_[pdfCTAUDDS]) got nan during case 1 
[#0] ERROR:Tracing -- RooGaussModel::getVal(ctauRes2_conv_exp(-abs(@0)/@1)_ctau3D_lambdaDDS_Bkg_[pdfCTAUDDS]) got nan during case 1 
[#0] ERROR:Tracing -- RooGaussModel::getVal(ctauRes1_conv_exp(-abs(@0)/@1)_ctau3D_lambdaDDS_Bkg_[pdfCTAUDDS]) got nan during case 1 
[#0] ERROR:Tracing -- RooGaussModel::getVal(ctauRes3_conv_exp(-abs(@0)/@1)_ctau3D_lambdaDDS_Bkg_[pdfCTAUDDS]) got nan during case 1 
[#0] ERROR:Tracing -- RooGaussModel::getVal(ctauRes2_conv_exp(-abs(@0)/@1)_ctau3D_lambdaDDS_Bkg_[pdfCTAUDDS]) got nan during case 1 
[#0] WARNING:Minization -- RooMinimizerFcn: Minimized function has error status.
Returning maximum FCN so far (-1e+30) to force MIGRAD to back out of this region. Error log follows
Parameter values: b_Jpsi=0.757073
RooNLLVar::nll_pdfCTAUMASS_Tot_dsToFit[ paramSet=(N_Bkg,N_Jpsi,alpha_1_A,b_Bkg,b_Jpsi,ctau1_CtauRes,ctau2_CtauRes,ctau3_CtauRes,f,f2_CtauRes,fDF12,fDFSS,fDLIV,fDSS12,fDSS1_test,fDSS2_test,f_CtauRes,lambdaDDS_Bkg,lambdaDF_Bkg1,lambdaDF_Bkg2,lambdaDSS_Bkg1,lambdaDSS_Bkg2,lambdaDSS_test1,lambdaDSS_test2,lambdaDSS_test3,m_{J/#Psi},n_1_A,rS21_CtauRes,rS32_CtauRes,s1_CtauRes,sigma_1_A,sl1,sl2,x_A,zeroMean) ]
     function value is NAN @ paramSet=(N_Bkg = 10422.1 +/- 154.79,N_Jpsi = 17396.8 +/- 175.879,alpha_1_A = 2.16069,b_Bkg = 0.759368 +/- 2.05668,b_Jpsi = 0.757073 +/- 0.420399,ctau1_CtauRes = 0,ctau2_CtauRes = 0,ctau3_CtauRes = 0,f = 0.720778,f2_CtauRes = 1.02206e-06 +/- 1.40334e-05,fDF12 = 0.416499 +/- 164846,fDFSS = 0.949422 +/- 5.22043,fDLIV = 0.393305 +/- 2.31686,fDSS12 = 0.875485 +/- 0.206613,fDSS1_test = 0.78,fDSS2_test = 0.37,f_CtauRes = 0.912575 +/- 0.0175917,lambdaDDS_Bkg = 0.034334 +/- 0.465804,lambdaDF_Bkg1 = 0.417596 +/- 410.327,lambdaDF_Bkg2 = 0.41414 +/- 988.141,lambdaDSS_Bkg1 = 0.279744 +/- 0.642153,lambdaDSS_Bkg2 = 0.99992 +/- 0.0546058,lambdaDSS_test1 = 0.5,lambdaDSS_test2 = 0.58,lambdaDSS_test3 = 0.34,m_{J/#Psi} = 3.09165 +/- 0.000446256,n_1_A = 1.28385,rS21_CtauRes = 2.92474 +/- 0.196868,rS32_CtauRes = 4.97158 +/- 0.375916,s1_CtauRes = 0.994607 +/- 0.0259245,sigma_1_A = 0.0418059 +/- 0.000431558,sl1 = -0.102918 +/- 0.0176394,sl2 = -0.0100587 +/- 0.0237262,x_A = 1.60948,zeroMean = 0)
PID3856008/RooRealMPFE::nll_pdfCTAUMASS_Tot_dsToFit_597526bcd3d0_MPFE4[ arg=nll_pdfCTAUMASS_Tot_dsToFit_GOF4 vars=(N_Bkg,N_Jpsi,alpha_1_A,b_Bkg,b_Jpsi,ctau1_CtauRes,ctau2_CtauRes,ctau3_CtauRes,f,f2_CtauRes,fDF12,fDFSS,fDLIV,fDSS12,fDSS1_test,fDSS2_test,f_CtauRes,lambdaDDS_Bkg,lambdaDF_Bkg1,lambdaDF_Bkg2,lambdaDSS_Bkg1,lambdaDSS_Bkg2,lambdaDSS_test1,lambdaDSS_test2,lambdaDSS_test3,m_{J/#Psi},n_1_A,rS21_CtauRes,rS32_CtauRes,s1_CtauRes,sigma_1_A,sl1,sl2,x_A,zeroMean) ]
     function value is NAN @ paramSet=(N_Bkg = 10422.1 +/- 154.79,N_Jpsi = 17396.8 +/- 175.879,alpha_1_A = 2.16069,b_Bkg = 0.759368 +/- 2.05668,b_Jpsi = 0.757073,ctau1_CtauRes = 0,ctau2_CtauRes = 0,ctau3_CtauRes = 0,f = 0.720778,f2_CtauRes = 1.02206e-06 +/- 1.40334e-05,fDF12 = 0.416499 +/- 164846,fDFSS = 0.949422 +/- 5.22043,fDLIV = 0.393305 +/- 2.31686,fDSS12 = 0.875485 +/- 0.206613,fDSS1_test = 0.78,fDSS2_test = 0.37,f_CtauRes = 0.912575 +/- 0.0175917,lambdaDDS_Bkg = 0.034334 +/- 0.465804,lambdaDF_Bkg1 = 0.417596 +/- 410.327,lambdaDF_Bkg2 = 0.41414 +/- 988.141,lambdaDSS_Bkg1 = 0.279744 +/- 0.642153,lambdaDSS_Bkg2 = 0.99992 +/- 0.0546058,lambdaDSS_test1 = 0.5,lambdaDSS_test2 = 0.58,lambdaDSS_test3 = 0.34,m_{J/#Psi} = 3.09165 +/- 0.000446256,n_1_A = 1.28385,rS21_CtauRes = 2.92474 +/- 0.196868,rS32_CtauRes = 4.97158 +/- 0.375916,s1_CtauRes = 0.994607 +/- 0.0259245,sigma_1_A = 0.0418059 +/- 0.000431558,sl1 = -0.102918 +/- 0.0176394,sl2 = -0.0100587 +/- 0.0237262,x_A = 1.60948,zeroMean = 0)
     function value is NAN @ paramSet=(N_Bkg = 10422.1 +/- 154.79,N_Jpsi = 17396.8 +/- 175.879,alpha_1_A = 2.16069,b_Bkg = 0.759368 +/- 2.05668,b_Jpsi = 0.757073,ctau1_CtauRes = 0,ctau2_CtauRes = 0,ctau3_CtauRes = 0,f = 0.720778,f2_CtauRes = 1.02206e-06 +/- 1.40334e-05,fDF12 = 0.416499 +/- 164846,fDFSS = 0.949422 +/- 5.22043,fDLIV = 0.393305 +/- 2.31686,fDSS12 = 0.875485 +/- 0.206613,fDSS1_test = 0.78,fDSS2_test = 0.37,f_CtauRes = 0.912575 +/- 0.0175917,lambdaDDS_Bkg = 0.034334 +/- 0.465804,lambdaDF_Bkg1 = 0.417596 +/- 410.327,lambdaDF_Bkg2 = 0.41414 +/- 988.141,lambdaDSS_Bkg1 = 0.279744 +/- 0.642153,lambdaDSS_Bkg2 = 0.99992 +/- 0.0546058,lambdaDSS_test1 = 0.5,lambdaDSS_test2 = 0.58,lambdaDSS_test3 = 0.34,m_{J/#Psi} = 3.09165 +/- 0.000446256,n_1_A = 1.28385,rS21_CtauRes = 2.92474 +/- 0.196868,rS32_CtauRes = 4.97158 +/- 0.375916,s1_CtauRes = 0.994607 +/- 0.0259245,sigma_1_A = 0.0418059 +/- 0.000431558,sl1 = -0.102918 +/- 0.0176394,sl2 = -0.0100587 +/- 0.0237262,x_A = 1.60948,zeroMean = 0)

[#0] ERROR:Tracing -- RooGaussModel::getVal(ctauRes1_conv_exp(-@0/@1)_ctau3D_lambdaDSS_Bkg1_[pdfCTAUDSS1]) got nan during case 1 
[#0] ERROR:Tracing -- RooGaussModel::getVal(ctauRes3_conv_exp(-@0/@1)_ctau3D_lambdaDSS_Bkg1_[pdfCTAUDSS1]) got nan during case 1 
[#0] ERROR:Tracing -- RooGaussModel::getVal(ctauRes2_conv_exp(-@0/@1)_ctau3D_lambdaDSS_Bkg1_[pdfCTAUDSS1]) got nan during case 1 
[#0] ERROR:Tracing -- RooGaussModel::getVal(ctauRes1_conv_exp(-@0/@1)_ctau3D_lambdaDSS_Bkg1_[pdfCTAUDSS1]) got nan during case 1 
[#0] ERROR:Tracing -- RooGaussModel::getVal(ctauRes3_conv_exp(-@0/@1)_ctau3D_lambdaDSS_Bkg1_[pdfCTAUDSS1]) got nan during case 1 
[#0] ERROR:Tracing -- RooGaussModel::getVal(ctauRes2_conv_exp(-@0/@1)_ctau3D_lambdaDSS_Bkg1_[pdfCTAUDSS1]) got nan during case 1 
[#0] ERROR:Tracing -- RooGaussModel::getVal(ctauRes1_conv_exp(-@0/@1)_ctau3D_lambdaDSS_Bkg2_[pdfCTAUDSS2]) got nan during case 1 
[#0] ERROR:Tracing -- RooGaussModel::getVal(ctauRes3_conv_exp(-@0/@1)_ctau3D_lambdaDSS_Bkg2_[pdfCTAUDSS2]) got nan during case 1 
[#0] ERROR:Tracing -- RooGaussModel::getVal(ctauRes2_conv_exp(-@0/@1)_ctau3D_lambdaDSS_Bkg2_[pdfCTAUDSS2]) got nan during case 1 
[#0] ERROR:Tracing -- RooGaussModel::getVal(ctauRes1_conv_exp(-@0/@1)_ctau3D_lambdaDSS_Bkg2_[pdfCTAUDSS2]) got nan during case 1 
[#0] ERROR:Tracing -- RooGaussModel::getVal(ctauRes3_conv_exp(-@0/@1)_ctau3D_lambdaDSS_Bkg2_[pdfCTAUDSS2]) got nan during case 1 
[#0] ERROR:Tracing -- RooGaussModel::getVal(ctauRes2_conv_exp(-@0/@1)_ctau3D_lambdaDSS_Bkg2_[pdfCTAUDSS2]) got nan during case 1 
[#0] ERROR:Tracing -- RooGaussModel::getVal(ctauRes1_conv_exp(@0/@1)_ctau3D_lambdaDF_Bkg1_[pdfCTAUDF1]) got nan during case 1 
[#0] ERROR:Tracing -- RooGaussModel::getVal(ctauRes3_conv_exp(@0/@1)_ctau3D_lambdaDF_Bkg1_[pdfCTAUDF1]) got nan during case 1 
[#0] ERROR:Tracing -- RooGaussModel::getVal(ctauRes2_conv_exp(@0/@1)_ctau3D_lambdaDF_Bkg1_[pdfCTAUDF1]) got nan during case 1 
[#0] ERROR:Tracing -- RooGaussModel::getVal(ctauRes1_conv_exp(@0/@1)_ctau3D_lambdaDF_Bkg1_[pdfCTAUDF1]) got nan during case 1 
[#0] ERROR:Tracing -- RooGaussModel::getVal(ctauRes3_conv_exp(@0/@1)_ctau3D_lambdaDF_Bkg1_[pdfCTAUDF1]) got nan during case 1 
[#0] ERROR:Tracing -- RooGaussModel::getVal(ctauRes2_conv_exp(@0/@1)_ctau3D_lambdaDF_Bkg1_[pdfCTAUDF1]) got nan during case 1 
[#0] ERROR:Tracing -- RooGaussModel::getVal(ctauRes1_conv_exp(@0/@1)_ctau3D_lambdaDF_Bkg2_[pdfCTAUDF2]) got nan during case 1 
[#0] ERROR:Tracing -- RooGaussModel::getVal(ctauRes3_conv_exp(@0/@1)_ctau3D_lambdaDF_Bkg2_[pdfCTAUDF2]) got nan during case 1 
[#0] ERROR:Tracing -- RooGaussModel::getVal(ctauRes2_conv_exp(@0/@1)_ctau3D_lambdaDF_Bkg2_[pdfCTAUDF2]) got nan during case 1 
[#0] ERROR:Tracing -- RooGaussModel::getVal(ctauRes1_conv_exp(@0/@1)_ctau3D_lambdaDF_Bkg2_[pdfCTAUDF2]) got nan during case 1 
[#0] ERROR:Tracing -- RooGaussModel::getVal(ctauRes3_conv_exp(@0/@1)_ctau3D_lambdaDF_Bkg2_[pdfCTAUDF2]) got nan during case 1 
[#0] ERROR:Tracing -- RooGaussModel::getVal(ctauRes2_conv_exp(@0/@1)_ctau3D_lambdaDF_Bkg2_[pdfCTAUDF2]) got nan during case 1 
[#0] ERROR:Tracing -- RooGaussModel::getVal(ctauRes1_conv_exp(-abs(@0)/@1)_ctau3D_lambdaDDS_Bkg_[pdfCTAUDDS]) got nan during case 1 
[#0] ERROR:Tracing -- RooGaussModel::getVal(ctauRes3_conv_exp(-abs(@0)/@1)_ctau3D_lambdaDDS_Bkg_[pdfCTAUDDS]) got nan during case 1 
[#0] ERROR:Tracing -- RooGaussModel::getVal(ctauRes2_conv_exp(-abs(@0)/@1)_ctau3D_lambdaDDS_Bkg_[pdfCTAUDDS]) got nan during case 1 
[#0] ERROR:Tracing -- RooGaussModel::getVal(ctauRes1_conv_exp(-abs(@0)/@1)_ctau3D_lambdaDDS_Bkg_[pdfCTAUDDS]) got nan during case 1 
[#0] ERROR:Tracing -- RooGaussModel::getVal(ctauRes3_conv_exp(-abs(@0)/@1)_ctau3D_lambdaDDS_Bkg_[pdfCTAUDDS]) got nan during case 1 
[#0] ERROR:Tracing -- RooGaussModel::getVal(ctauRes2_conv_exp(-abs(@0)/@1)_ctau3D_lambdaDDS_Bkg_[pdfCTAUDDS]) got nan during case 1 
[#0] WARNING:Minization -- RooMinimizerFcn: Minimized function has error status.
Returning maximum FCN so far (-1e+30) to force MIGRAD to back out of this region. Error log follows
Parameter values: b_Jpsi=0.278031
RooNLLVar::nll_pdfCTAUMASS_Tot_dsToFit[ paramSet=(N_Bkg,N_Jpsi,alpha_1_A,b_Bkg,b_Jpsi,ctau1_CtauRes,ctau2_CtauRes,ctau3_CtauRes,f,f2_CtauRes,fDF12,fDFSS,fDLIV,fDSS12,fDSS1_test,fDSS2_test,f_CtauRes,lambdaDDS_Bkg,lambdaDF_Bkg1,lambdaDF_Bkg2,lambdaDSS_Bkg1,lambdaDSS_Bkg2,lambdaDSS_test1,lambdaDSS_test2,lambdaDSS_test3,m_{J/#Psi},n_1_A,rS21_CtauRes,rS32_CtauRes,s1_CtauRes,sigma_1_A,sl1,sl2,x_A,zeroMean) ]
     function value is NAN @ paramSet=(N_Bkg = 10422.1 +/- 154.79,N_Jpsi = 17396.8 +/- 175.879,alpha_1_A = 2.16069,b_Bkg = 0.759368 +/- 2.05668,b_Jpsi = 0.278031 +/- 0.420399,ctau1_CtauRes = 0,ctau2_CtauRes = 0,ctau3_CtauRes = 0,f = 0.720778,f2_CtauRes = 1.02206e-06 +/- 1.40334e-05,fDF12 = 0.416499 +/- 164846,fDFSS = 0.949422 +/- 5.22043,fDLIV = 0.393305 +/- 2.31686,fDSS12 = 0.875485 +/- 0.206613,fDSS1_test = 0.78,fDSS2_test = 0.37,f_CtauRes = 0.912575 +/- 0.0175917,lambdaDDS_Bkg = 0.034334 +/- 0.465804,lambdaDF_Bkg1 = 0.417596 +/- 410.327,lambdaDF_Bkg2 = 0.41414 +/- 988.141,lambdaDSS_Bkg1 = 0.279744 +/- 0.642153,lambdaDSS_Bkg2 = 0.99992 +/- 0.0546058,lambdaDSS_test1 = 0.5,lambdaDSS_test2 = 0.58,lambdaDSS_test3 = 0.34,m_{J/#Psi} = 3.09165 +/- 0.000446256,n_1_A = 1.28385,rS21_CtauRes = 2.92474 +/- 0.196868,rS32_CtauRes = 4.97158 +/- 0.375916,s1_CtauRes = 0.994607 +/- 0.0259245,sigma_1_A = 0.0418059 +/- 0.000431558,sl1 = -0.102918 +/- 0.0176394,sl2 = -0.0100587 +/- 0.0237262,x_A = 1.60948,zeroMean = 0)
PID3856008/RooRealMPFE::nll_pdfCTAUMASS_Tot_dsToFit_597526bcd3d0_MPFE4[ arg=nll_pdfCTAUMASS_Tot_dsToFit_GOF4 vars=(N_Bkg,N_Jpsi,alpha_1_A,b_Bkg,b_Jpsi,ctau1_CtauRes,ctau2_CtauRes,ctau3_CtauRes,f,f2_CtauRes,fDF12,fDFSS,fDLIV,fDSS12,fDSS1_test,fDSS2_test,f_CtauRes,lambdaDDS_Bkg,lambdaDF_Bkg1,lambdaDF_Bkg2,lambdaDSS_Bkg1,lambdaDSS_Bkg2,lambdaDSS_test1,lambdaDSS_test2,lambdaDSS_test3,m_{J/#Psi},n_1_A,rS21_CtauRes,rS32_CtauRes,s1_CtauRes,sigma_1_A,sl1,sl2,x_A,zeroMean) ]
     function value is NAN @ paramSet=(N_Bkg = 10422.1 +/- 154.79,N_Jpsi = 17396.8 +/- 175.879,alpha_1_A = 2.16069,b_Bkg = 0.759368 +/- 2.05668,b_Jpsi = 0.278031,ctau1_CtauRes = 0,ctau2_CtauRes = 0,ctau3_CtauRes = 0,f = 0.720778,f2_CtauRes = 1.02206e-06 +/- 1.40334e-05,fDF12 = 0.416499 +/- 164846,fDFSS = 0.949422 +/- 5.22043,fDLIV = 0.393305 +/- 2.31686,fDSS12 = 0.875485 +/- 0.206613,fDSS1_test = 0.78,fDSS2_test = 0.37,f_CtauRes = 0.912575 +/- 0.0175917,lambdaDDS_Bkg = 0.034334 +/- 0.465804,lambdaDF_Bkg1 = 0.417596 +/- 410.327,lambdaDF_Bkg2 = 0.41414 +/- 988.141,lambdaDSS_Bkg1 = 0.279744 +/- 0.642153,lambdaDSS_Bkg2 = 0.99992 +/- 0.0546058,lambdaDSS_test1 = 0.5,lambdaDSS_test2 = 0.58,lambdaDSS_test3 = 0.34,m_{J/#Psi} = 3.09165 +/- 0.000446256,n_1_A = 1.28385,rS21_CtauRes = 2.92474 +/- 0.196868,rS32_CtauRes = 4.97158 +/- 0.375916,s1_CtauRes = 0.994607 +/- 0.0259245,sigma_1_A = 0.0418059 +/- 0.000431558,sl1 = -0.102918 +/- 0.0176394,sl2 = -0.0100587 +/- 0.0237262,x_A = 1.60948,zeroMean = 0)
     function value is NAN @ paramSet=(N_Bkg = 10422.1 +/- 154.79,N_Jpsi = 17396.8 +/- 175.879,alpha_1_A = 2.16069,b_Bkg = 0.759368 +/- 2.05668,b_Jpsi = 0.278031,ctau1_CtauRes = 0,ctau2_CtauRes = 0,ctau3_CtauRes = 0,f = 0.720778,f2_CtauRes = 1.02206e-06 +/- 1.40334e-05,fDF12 = 0.416499 +/- 164846,fDFSS = 0.949422 +/- 5.22043,fDLIV = 0.393305 +/- 2.31686,fDSS12 = 0.875485 +/- 0.206613,fDSS1_test = 0.78,fDSS2_test = 0.37,f_CtauRes = 0.912575 +/- 0.0175917,lambdaDDS_Bkg = 0.034334 +/- 0.465804,lambdaDF_Bkg1 = 0.417596 +/- 410.327,lambdaDF_Bkg2 = 0.41414 +/- 988.141,lambdaDSS_Bkg1 = 0.279744 +/- 0.642153,lambdaDSS_Bkg2 = 0.99992 +/- 0.0546058,lambdaDSS_test1 = 0.5,lambdaDSS_test2 = 0.58,lambdaDSS_test3 = 0.34,m_{J/#Psi} = 3.09165 +/- 0.000446256,n_1_A = 1.28385,rS21_CtauRes = 2.92474 +/- 0.196868,rS32_CtauRes = 4.97158 +/- 0.375916,s1_CtauRes = 0.994607 +/- 0.0259245,sigma_1_A = 0.0418059 +/- 0.000431558,sl1 = -0.102918 +/- 0.0176394,sl2 = -0.0100587 +/- 0.0237262,x_A = 1.60948,zeroMean = 0)

 MINUIT WARNING IN HESSE
 ============== Second derivative zero for parameter1
  MNHESS FAILS AND WILL RETURN DIAGONAL MATRIX. 
 FCN=-1e+30 FROM HESSE     STATUS=FAILED          3 CALLS          31 TOTAL
                     EDM=0    STRATEGY= 1  ERROR MATRIX UNCERTAINTY 100.0 per cent
  EXT PARAMETER                APPROXIMATE     INTERNAL      INTERNAL  
  NO.   NAME      VALUE            ERROR       STEP SIZE       VALUE   
   1  b_Jpsi       2.78031e-01   4.20399e-01   0.00000e+00   4.00107e-02
                               ERR DEF= 0.5
 EXTERNAL ERROR MATRIX.    NDIM=  25    NPAR=  1    ERR DEF=0.5
  2.496e-01 
ERR MATRIX APPROXIMATE
 EXTERNAL ERROR MATRIX.    NDIM=   1    NPAR=  1    ERR DEF=0.5
  2.496e-01 
RooArgSet::dependents = (ctau3D)
RooSetProxy::!refCoefNorm = (ctau3DErr,ctau3D)
RooArgSet::dependents = (ctau3D)
RooSetProxy::!refCoefNorm = (ctau3DErr,ctau3D)
RooArgSet:: = ()
RooSetProxy::!refCoefNorm = (ctau3DErr,ctau3D)
RooArgSet:: = ()
RooSetProxy::!refCoefNorm = (ctau3DErr,ctau3D)
RooArgSet::dependents = (ctau3D)
RooSetProxy::!refCoefNorm = (ctau3DErr,ctau3D)
RooArgSet::dependents = (ctau3D)
RooSetProxy::!refCoefNorm = (ctau3DErr,ctau3D)
RooArgSet:: = ()
RooSetProxy::!refCoefNorm = (ctau3DErr,ctau3D)
RooArgSet::dependents = (ctau3D)
RooSetProxy::!refCoefNorm = (ctau3DErr,ctau3D)
RooArgSet::dependents = (ctau3D)
RooSetProxy::!refCoefNorm = (ctau3DErr,ctau3D)
RooArgSet:: = ()
RooSetProxy::!refCoefNorm = (ctau3DErr,ctau3D)
RooArgSet:: = ()
RooSetProxy::!refCoefNorm = (ctau3DErr,ctau3D)
RooArgSet::dependents = (ctau3D)
RooSetProxy::!refCoefNorm = (ctau3DErr,ctau3D)
RooArgSet::dependents = (ctau3D)
RooSetProxy::!refCoefNorm = (ctau3DErr,ctau3D)
RooArgSet:: = ()
RooSetProxy::!refCoefNorm = (ctau3DErr,ctau3D)
RooArgSet:: = ()
RooSetProxy::!refCoefNorm = (ctau3DErr,ctau3D)
RooArgSet:: = ()
RooSetProxy::!refCoefNorm = (ctau3DErr,ctau3D)
RooArgSet:: = ()
RooSetProxy::!refCoefNorm = (ctau3DErr,ctau3D)
RooArgSet:: = ()
RooSetProxy::!refCoefNorm = (ctau3DErr,ctau3D)
RooArgSet::dependents = (ctau3D)
RooSetProxy::!refCoefNorm = (ctau3DErr,ctau3D)
RooArgSet:: = ()
RooSetProxy::!refCoefNorm = (ctau3DErr,ctau3D)
RooArgSet:: = ()
RooSetProxy::!refCoefNorm = (ctau3DErr,ctau3D)
RooArgSet::dependents = (ctau3D)
RooSetProxy::!refCoefNorm = (ctau3DErr,ctau3D)
RooArgSet:: = ()
RooSetProxy::!refCoefNorm = (ctau3DErr,ctau3D)
RooArgSet::dependents = (ctau3D)
RooSetProxy::!refCoefNorm = (ctau3DErr,ctau3D)
RooArgSet::dependents = (ctau3D)
RooSetProxy::!refCoefNorm = (ctau3DErr,ctau3D)
RooArgSet::dependents = (ctau3D)
RooSetProxy::!refCoefNorm = (ctau3DErr,ctau3D)
RooArgSet::dependents = (ctau3D)
RooSetProxy::!refCoefNorm = (ctau3DErr,ctau3D)
RooArgSet::dependents = (ctau3D)
RooSetProxy::!refCoefNorm = (ctau3DErr,ctau3D)
RooArgSet::dependents = (ctau3D)
RooSetProxy::!refCoefNorm = (ctau3DErr,ctau3D)
RooArgSet::dependents = (ctau3D)
RooSetProxy::!refCoefNorm = (ctau3DErr,ctau3D)
RooArgSet::dependents = (ctau3D)
RooSetProxy::!refCoefNorm = (ctau3DErr,ctau3D)
RooArgSet::dependents = (ctau3D)
RooSetProxy::!refCoefNorm = (ctau3DErr,ctau3D)
RooArgSet::dependents = (ctau3D)
RooSetProxy::!refCoefNorm = (ctau3DErr,ctau3D)
RooArgSet::dependents = (ctau3D)
RooSetProxy::!refCoefNorm = (ctau3DErr,ctau3D)
RooArgSet::dependents = (ctau3D)
RooSetProxy::!refCoefNorm = (ctau3DErr,ctau3D)
RooArgSet::dependents = (ctau3D)
RooArgSet::dependents = (ctau3D)
RooSetProxy::!refCoefNorm = (ctau3DErr,ctau3D)
RooSetProxy::!refCoefNorm = (ctau3DErr,ctau3D)
RooArgSet:: = ()
RooSetProxy::!refCoefNorm = (ctau3DErr,ctau3D)
RooArgSet:: = ()
RooSetProxy::!refCoefNorm = (ctau3DErr,ctau3D)
RooArgSet:: = ()
RooSetProxy::!refCoefNorm = (ctau3DErr,ctau3D)
RooArgSet:: = ()
RooSetProxy::!refCoefNorm = (ctau3DErr,ctau3D)
RooArgSet:: = ()
RooSetProxy::!refCoefNorm = (ctau3DErr,ctau3D)
RooArgSet:: = ()
RooSetProxy::!refCoefNorm = (ctau3DErr,ctau3D)
RooArgSet:: = ()
RooArgSet:: = ()
RooArgSet:: = ()
RooSetProxy::!refCoefNorm = (ctau3DErr,ctau3D)
RooSetProxy::!refCoefNorm = (ctau3DErr,ctau3D)
RooSetProxy::!refCoefNorm = (ctau3DErr,ctau3D)
RooArgSet:: = ()
RooSetProxy::!refCoefNorm = (ctau3DErr,ctau3D)
RooArgSet::dependents = (ctau3D)
RooSetProxy::!refCoefNorm = (ctau3DErr,ctau3D)
RooArgSet:: = ()
RooSetProxy::!refCoefNorm = (ctau3DErr,ctau3D)
RooArgSet:: = ()
RooSetProxy::!refCoefNorm = (ctau3DErr,ctau3D)
RooArgSet:: = ()
RooSetProxy::!refCoefNorm = (ctau3DErr,ctau3D)
RooArgSet:: = ()
RooArgSet:: = ()
RooArgSet:: = ()
RooSetProxy::!refCoefNorm = (ctau3DErr,ctau3D)
RooSetProxy::!refCoefNorm = (ctau3DErr,ctau3D)
RooSetProxy::!refCoefNorm = (ctau3DErr,ctau3D)
RooArgSet::dependents = (ctau3D)
RooSetProxy::!refCoefNorm = (ctau3DErr,ctau3D)
RooArgSet::dependents = (ctau3D)
RooSetProxy::!refCoefNorm = (ctau3DErr,ctau3D)
RooArgSet::dependents = (ctau3D)
RooSetProxy::!refCoefNorm = (ctau3DErr,ctau3D)
RooArgSet::dependents = (ctau3D)
RooSetProxy::!refCoefNorm = (ctau3DErr,ctau3D)
RooArgSet::dependents = (ctau3D)
RooSetProxy::!refCoefNorm = (ctau3DErr,ctau3D)
RooArgSet::dependents = (ctau3D)
RooArgSet::dependents = (ctau3D)
RooArgSet::dependents = (ctau3D)
RooSetProxy::!refCoefNorm = (ctau3DErr,ctau3D)
RooSetProxy::!refCoefNorm = (ctau3DErr,ctau3D)
RooSetProxy::!refCoefNorm = (ctau3DErr,ctau3D)
RooArgSet::dependents = (ctau3D)
RooSetProxy::!refCoefNorm = (ctau3DErr,ctau3D)
RooArgSet::dependents = (ctau3D)
RooSetProxy::!refCoefNorm = (ctau3DErr,ctau3D)
RooArgSet::dependents = (ctau3D)
RooSetProxy::!refCoefNorm = (ctau3DErr,ctau3D)
RooArgSet::dependents = (ctau3D)
RooSetProxy::!refCoefNorm = (ctau3DErr,ctau3D)
RooArgSet::dependents = (ctau3D)
RooArgSet::dependents = (ctau3D)
RooArgSet::dependents = (ctau3D)
RooSetProxy::!refCoefNorm = (ctau3DErr,ctau3D)
RooSetProxy::!refCoefNorm = (ctau3DErr,ctau3D)
RooSetProxy::!refCoefNorm = (ctau3DErr,ctau3D)
RooArgSet::dependents = (ctau3D)
RooSetProxy::!refCoefNorm = (ctau3DErr,ctau3D)
RooArgSet::dependents = (ctau3D)
RooSetProxy::!refCoefNorm = (ctau3DErr,ctau3D)
RooArgSet:: = ()
RooSetProxy::!refCoefNorm = (ctau3DErr,ctau3D)
RooArgSet:: = ()
RooSetProxy::!refCoefNorm = (ctau3DErr,ctau3D)
RooArgSet::dependents = (ctau3D)
RooSetProxy::!refCoefNorm = (ctau3DErr,ctau3D)
RooArgSet::dependents = (ctau3D)
RooSetProxy::!refCoefNorm = (ctau3DErr,ctau3D)
RooArgSet:: = ()
RooSetProxy::!refCoefNorm = (ctau3DErr,ctau3D)
RooArgSet::dependents = (ctau3D)
RooSetProxy::!refCoefNorm = (ctau3DErr,ctau3D)
RooArgSet::dependents = (ctau3D)
RooSetProxy::!refCoefNorm = (ctau3DErr,ctau3D)
RooArgSet:: = ()
RooSetProxy::!refCoefNorm = (ctau3DErr,ctau3D)
RooArgSet:: = ()
RooSetProxy::!refCoefNorm = (ctau3DErr,ctau3D)
RooArgSet::dependents = (ctau3D)
RooSetProxy::!refCoefNorm = (ctau3DErr,ctau3D)
RooArgSet::dependents = (ctau3D)
RooSetProxy::!refCoefNorm = (ctau3DErr,ctau3D)
RooArgSet:: = ()
RooSetProxy::!refCoefNorm = (ctau3DErr,ctau3D)
RooArgSet:: = ()
RooSetProxy::!refCoefNorm = (ctau3DErr,ctau3D)
RooArgSet::dependents = (ctau3D)
RooSetProxy::!refCoefNorm = (ctau3DErr,ctau3D)
RooArgSet:: = ()
RooSetProxy::!refCoefNorm = (ctau3DErr,ctau3D)
RooArgSet:: = ()
RooArgSet:: = ()
RooArgSet::dependents = (ctau3D)
RooSetProxy::!refCoefNorm = (ctau3DErr,ctau3D)
RooSetProxy::!refCoefNorm = (ctau3DErr,ctau3D)
RooSetProxy::!refCoefNorm = (ctau3DErr,ctau3D)
RooArgSet:: = ()
RooArgSet:: = ()
RooSetProxy::!refCoefNorm = (ctau3DErr,ctau3D)
RooSetProxy::!refCoefNorm = (ctau3DErr,ctau3D)
RooArgSet:: = ()
RooSetProxy::!refCoefNorm = (ctau3DErr,ctau3D)
RooArgSet::dependents = (ctau3D)
RooSetProxy::!refCoefNorm = (ctau3DErr,ctau3D)
RooArgSet::dependents = (ctau3D)
RooArgSet::dependents = (ctau3D)
RooSetProxy::!refCoefNorm = (ctau3DErr,ctau3D)
RooSetProxy::!refCoefNorm = (ctau3DErr,ctau3D)
RooArgSet::dependents = (ctau3D)
RooArgSet::dependents = (ctau3D)
RooArgSet::dependents = (ctau3D)
RooSetProxy::!refCoefNorm = (ctau3DErr,ctau3D)
RooSetProxy::!refCoefNorm = (ctau3DErr,ctau3D)
RooSetProxy::!refCoefNorm = (ctau3DErr,ctau3D)
RooArgSet::dependents = (ctau3D)
RooSetProxy::!refCoefNorm = (ctau3DErr,ctau3D)
RooArgSet::dependents = (ctau3D)
RooSetProxy::!refCoefNorm = (ctau3DErr,ctau3D)
RooArgSet::dependents = (ctau3D)
RooSetProxy::!refCoefNorm = (ctau3DErr,ctau3D)
RooArgSet::dependents = (ctau3D)
RooSetProxy::!refCoefNorm = (ctau3DErr,ctau3D)
RooArgSet::dependents = (ctau3D)
RooSetProxy::!refCoefNorm = (ctau3DErr,ctau3D)
RooArgSet::dependents = (ctau3D)
RooArgSet::dependents = (ctau3D)
RooSetProxy::!refCoefNorm = (ctau3DErr,ctau3D)
RooSetProxy::!refCoefNorm = (ctau3DErr,ctau3D)
RooArgSet::dependents = (ctau3D)
RooSetProxy::!refCoefNorm = (ctau3DErr,ctau3D)
RooArgSet:: = ()
RooSetProxy::!refCoefNorm = (ctau3DErr,ctau3D)
RooArgSet:: = ()
RooSetProxy::!refCoefNorm = (ctau3DErr,ctau3D)
RooArgSet:: = ()
RooSetProxy::!refCoefNorm = (ctau3DErr,ctau3D)
RooArgSet:: = ()
RooSetProxy::!refCoefNorm = (ctau3DErr,ctau3D)
RooArgSet:: = ()
RooSetProxy::!refCoefNorm = (ctau3DErr,ctau3D)
RooArgSet:: = ()
RooSetProxy::!refCoefNorm = (ctau3DErr,ctau3D)
RooArgSet:: = ()
RooArgSet:: = ()
RooSetProxy::!refCoefNorm = (ctau3DErr,ctau3D)
RooSetProxy::!refCoefNorm = (ctau3DErr,ctau3D)
RooArgSet:: = ()
RooSetProxy::!refCoefNorm = (ctau3DErr,ctau3D)
RooArgSet::dependents = (ctau3D)
RooSetProxy::!refCoefNorm = (ctau3DErr,ctau3D)
RooArgSet:: = ()
RooArgSet:: = ()
RooSetProxy::!refCoefNorm = (ctau3DErr,ctau3D)
RooSetProxy::!refCoefNorm = (ctau3DErr,ctau3D)
RooArgSet:: = ()
RooSetProxy::!refCoefNorm = (ctau3DErr,ctau3D)
RooArgSet:: = ()
RooSetProxy::!refCoefNorm = (ctau3DErr,ctau3D)
RooArgSet:: = ()
RooSetProxy::!refCoefNorm = (ctau3DErr,ctau3D)
RooArgSet:: = ()
RooSetProxy::!refCoefNorm = (ctau3DErr,ctau3D)
RooArgSet:: = ()
RooSetProxy::!refCoefNorm = (ctau3DErr,ctau3D)
RooArgSet::dependents = (ctau3D)
RooSetProxy::!refCoefNorm = (ctau3DErr,ctau3D)
RooArgSet::dependents = (ctau3D)
RooSetProxy::!refCoefNorm = (ctau3DErr,ctau3D)
RooArgSet::dependents = (ctau3D)
RooSetProxy::!refCoefNorm = (ctau3DErr,ctau3D)
RooArgSet::dependents = (ctau3D)
RooSetProxy::!refCoefNorm = (ctau3DErr,ctau3D)
RooArgSet::dependents = (ctau3D)
RooSetProxy::!refCoefNorm = (ctau3DErr,ctau3D)
RooArgSet::dependents = (ctau3D)
RooSetProxy::!refCoefNorm = (ctau3DErr,ctau3D)
RooArgSet::dependents = (ctau3D)
RooSetProxy::!refCoefNorm = (ctau3DErr,ctau3D)
RooArgSet::dependents = (ctau3D)
RooSetProxy::!refCoefNorm = (ctau3DErr,ctau3D)
RooArgSet::dependents = (ctau3D)
RooSetProxy::!refCoefNorm = (ctau3DErr,ctau3D)
RooArgSet::dependents = (ctau3D)
RooSetProxy::!refCoefNorm = (ctau3DErr,ctau3D)
RooArgSet::dependents = (ctau3D)
RooSetProxy::!refCoefNorm = (ctau3DErr,ctau3D)
RooArgSet::dependents = (ctau3D)
RooSetProxy::!refCoefNorm = (ctau3DErr,ctau3D)
RooArgSet::dependents = (ctau3D)
RooArgSet::dependents = (ctau3D)
RooSetProxy::!refCoefNorm = (ctau3DErr,ctau3D)
RooSetProxy::!refCoefNorm = (ctau3DErr,ctau3D)
RooArgSet::dependents = (ctau3D)
RooSetProxy::!refCoefNorm = (ctau3DErr,ctau3D)
RooArgSet::dependents = (ctau3D)
RooSetProxy::!refCoefNorm = (ctau3DErr,ctau3D)
RooArgSet::dependents = (ctau3D)
RooSetProxy::!refCoefNorm = (ctau3DErr,ctau3D)
RooArgSet:: = ()
RooSetProxy::!refCoefNorm = (ctau3DErr,ctau3D)
RooArgSet:: = ()
RooSetProxy::!refCoefNorm = (ctau3DErr,ctau3D)
RooArgSet::dependents = (ctau3D)
RooSetProxy::!refCoefNorm = (ctau3DErr,ctau3D)
RooArgSet::dependents = (ctau3D)
RooSetProxy::!refCoefNorm = (ctau3DErr,ctau3D)
RooArgSet:: = ()
RooSetProxy::!refCoefNorm = (ctau3DErr,ctau3D)
RooArgSet::dependents = (ctau3D)
RooSetProxy::!refCoefNorm = (ctau3DErr,ctau3D)
RooArgSet::dependents = (ctau3D)
RooSetProxy::!refCoefNorm = (ctau3DErr,ctau3D)
RooArgSet:: = ()
RooSetProxy::!refCoefNorm = (ctau3DErr,ctau3D)
RooArgSet:: = ()
RooSetProxy::!refCoefNorm = (ctau3DErr,ctau3D)
RooArgSet::dependents = (ctau3D)
RooSetProxy::!refCoefNorm = (ctau3DErr,ctau3D)
RooArgSet::dependents = (ctau3D)
RooSetProxy::!refCoefNorm = (ctau3DErr,ctau3D)
RooArgSet:: = ()
RooSetProxy::!refCoefNorm = (ctau3DErr,ctau3D)
RooArgSet::dependents = (ctau3D)
RooSetProxy::!refCoefNorm = (ctau3DErr,ctau3D)
RooArgSet:: = ()
RooSetProxy::!refCoefNorm = (ctau3DErr,ctau3D)
RooArgSet::dependents = (ctau3D)
RooSetProxy::!refCoefNorm = (ctau3DErr,ctau3D)
RooArgSet:: = ()
RooSetProxy::!refCoefNorm = (ctau3DErr,ctau3D)
RooArgSet:: = ()
RooSetProxy::!refCoefNorm = (ctau3DErr,ctau3D)
RooArgSet:: = ()
RooSetProxy::!refCoefNorm = (ctau3DErr,ctau3D)
RooArgSet:: = ()
RooArgSet:: = ()
RooSetProxy::!refCoefNorm = (ctau3DErr,ctau3D)
RooSetProxy::!refCoefNorm = (ctau3DErr,ctau3D)
RooArgSet:: = ()
RooSetProxy::!refCoefNorm = (ctau3DErr,ctau3D)
RooArgSet::dependents = (ctau3D)
RooSetProxy::!refCoefNorm = (ctau3DErr,ctau3D)
RooArgSet::dependents = (ctau3D)
RooSetProxy::!refCoefNorm = (ctau3DErr,ctau3D)
RooArgSet::dependents = (ctau3D)
RooSetProxy::!refCoefNorm = (ctau3DErr,ctau3D)
RooArgSet::dependents = (ctau3D)
RooArgSet::dependents = (ctau3D)
RooSetProxy::!refCoefNorm = (ctau3DErr,ctau3D)
RooSetProxy::!refCoefNorm = (ctau3DErr,ctau3D)
RooArgSet::dependents = (ctau3D)
RooSetProxy::!refCoefNorm = (ctau3DErr,ctau3D)
RooArgSet::dependents = (ctau3D)
RooSetProxy::!refCoefNorm = (ctau3DErr,ctau3D)
RooArgSet::dependents = (ctau3D)
RooSetProxy::!refCoefNorm = (ctau3DErr,ctau3D)
RooArgSet::dependents = (ctau3D)
RooSetProxy::!refCoefNorm = (ctau3DErr,ctau3D)
RooArgSet::dependents = (ctau3D)
RooSetProxy::!refCoefNorm = (ctau3DErr,ctau3D)
RooArgSet::dependents = (ctau3D)
RooSetProxy::!refCoefNorm = (ctau3DErr,ctau3D)
RooArgSet::dependents = (ctau3D)
RooSetProxy::!refCoefNorm = (ctau3DErr,ctau3D)
RooArgSet::dependents = (ctau3D)
RooSetProxy::!refCoefNorm = (ctau3DErr,ctau3D)
RooArgSet::dependents = (ctau3D)
RooSetProxy::!refCoefNorm = (ctau3DErr,ctau3D)
RooArgSet:: = ()
RooSetProxy::!refCoefNorm = (ctau3DErr,ctau3D)
RooArgSet:: = ()
RooSetProxy::!refCoefNorm = (ctau3DErr,ctau3D)
RooArgSet:: = ()
RooSetProxy::!refCoefNorm = (ctau3DErr,ctau3D)
RooArgSet:: = ()
RooSetProxy::!refCoefNorm = (ctau3DErr,ctau3D)
RooArgSet:: = ()
RooSetProxy::!refCoefNorm = (ctau3DErr,ctau3D)
RooArgSet:: = ()
RooSetProxy::!refCoefNorm = (ctau3DErr,ctau3D)
RooArgSet:: = ()
RooArgSet:: = ()
RooArgSet:: = ()
RooSetProxy::!refCoefNorm = (ctau3DErr,ctau3D)
RooSetProxy::!refCoefNorm = (ctau3DErr,ctau3D)
RooSetProxy::!refCoefNorm = (ctau3DErr,ctau3D)
RooArgSet::dependents = (ctau3D)
RooSetProxy::!refCoefNorm = (ctau3DErr,ctau3D)
RooArgSet:: = ()
RooSetProxy::!refCoefNorm = (ctau3DErr,ctau3D)
RooArgSet:: = ()
RooSetProxy::!refCoefNorm = (ctau3DErr,ctau3D)
RooArgSet:: = ()
RooSetProxy::!refCoefNorm = (ctau3DErr,ctau3D)
RooArgSet:: = ()
RooSetProxy::!refCoefNorm = (ctau3DErr,ctau3D)
RooArgSet:: = ()
RooSetProxy::!refCoefNorm = (ctau3DErr,ctau3D)
RooArgSet:: = ()
RooSetProxy::!refCoefNorm = (ctau3DErr,ctau3D)
RooArgSet:: = ()
RooArgSet::dependents = (ctau3D)
RooSetProxy::!refCoefNorm = (ctau3DErr,ctau3D)
RooSetProxy::!refCoefNorm = (ctau3DErr,ctau3D)
RooArgSet::dependents = (ctau3D)
RooSetProxy::!refCoefNorm = (ctau3DErr,ctau3D)
RooArgSet::dependents = (ctau3D)
RooSetProxy::!refCoefNorm = (ctau3DErr,ctau3D)
RooArgSet::dependents = (ctau3D)
RooSetProxy::!refCoefNorm = (ctau3DErr,ctau3D)
RooArgSet::dependents = (ctau3D)
RooSetProxy::!refCoefNorm = (ctau3DErr,ctau3D)
RooArgSet::dependents = (ctau3D)
RooSetProxy::!refCoefNorm = (ctau3DErr,ctau3D)
RooArgSet::dependents = (ctau3D)
RooArgSet::dependents = (ctau3D)
RooSetProxy::!refCoefNorm = (ctau3DErr,ctau3D)
RooSetProxy::!refCoefNorm = (ctau3DErr,ctau3D)
RooArgSet::dependents = (ctau3D)
RooSetProxy::!refCoefNorm = (ctau3DErr,ctau3D)
RooArgSet::dependents = (ctau3D)
RooSetProxy::!refCoefNorm = (ctau3DErr,ctau3D)
RooArgSet::dependents = (ctau3D)
RooSetProxy::!refCoefNorm = (ctau3DErr,ctau3D)
RooArgSet::dependents = (ctau3D)
RooSetProxy::!refCoefNorm = (ctau3DErr,ctau3D)
RooArgSet::dependents = (ctau3D)
RooSetProxy::!refCoefNorm = (ctau3DErr,ctau3D)
RooArgSet::dependents = (ctau3D)
RooArgSet::dependents = (ctau3D)
RooSetProxy::!refCoefNorm = (ctau3DErr,ctau3D)
RooSetProxy::!refCoefNorm = (ctau3DErr,ctau3D)
RooArgSet::dependents = (ctau3D)
RooSetProxy::!refCoefNorm = (ctau3DErr,ctau3D)
RooArgSet::dependents = (ctau3D)
RooSetProxy::!refCoefNorm = (ctau3DErr,ctau3D)
RooArgSet:: = ()
RooSetProxy::!refCoefNorm = (ctau3DErr,ctau3D)
RooArgSet:: = ()
RooSetProxy::!refCoefNorm = (ctau3DErr,ctau3D)
RooArgSet::dependents = (ctau3D)
RooSetProxy::!refCoefNorm = (ctau3DErr,ctau3D)
RooArgSet::dependents = (ctau3D)
RooSetProxy::!refCoefNorm = (ctau3DErr,ctau3D)
RooArgSet:: = ()
RooSetProxy::!refCoefNorm = (ctau3DErr,ctau3D)
RooArgSet::dependents = (ctau3D)
RooSetProxy::!refCoefNorm = (ctau3DErr,ctau3D)
RooArgSet::dependents = (ctau3D)
RooSetProxy::!refCoefNorm = (ctau3DErr,ctau3D)
RooArgSet:: = ()
RooSetProxy::!refCoefNorm = (ctau3DErr,ctau3D)
RooArgSet:: = ()
RooSetProxy::!refCoefNorm = (ctau3DErr,ctau3D)
RooArgSet::dependents = (ctau3D)
RooSetProxy::!refCoefNorm = (ctau3DErr,ctau3D)
RooArgSet::dependents = (ctau3D)
RooSetProxy::!refCoefNorm = (ctau3DErr,ctau3D)
RooArgSet:: = ()
RooSetProxy::!refCoefNorm = (ctau3DErr,ctau3D)
RooArgSet:: = ()
RooSetProxy::!refCoefNorm = (ctau3DErr,ctau3D)
RooArgSet:: = ()
RooArgSet:: = ()
RooArgSet:: = ()
RooArgSet:: = ()
RooSetProxy::!refCoefNorm = (ctau3DErr,ctau3D)
RooSetProxy::!refCoefNorm = (ctau3DErr,ctau3D)
RooSetProxy::!refCoefNorm = (ctau3DErr,ctau3D)
RooArgSet:: = ()
RooSetProxy::!refCoefNorm = (ctau3DErr,ctau3D)
RooSetProxy::!refCoefNorm = (ctau3DErr,ctau3D)
RooArgSet:: = ()
RooSetProxy::!refCoefNorm = (ctau3DErr,ctau3D)
RooArgSet::dependents = (ctau3D)
RooSetProxy::!refCoefNorm = (ctau3DErr,ctau3D)
RooArgSet::dependents = (ctau3D)
RooArgSet::dependents = (ctau3D)
RooSetProxy::!refCoefNorm = (ctau3DErr,ctau3D)
RooSetProxy::!refCoefNorm = (ctau3DErr,ctau3D)
RooArgSet::dependents = (ctau3D)
RooSetProxy::!refCoefNorm = (ctau3DErr,ctau3D)
RooArgSet::dependents = (ctau3D)
RooSetProxy::!refCoefNorm = (ctau3DErr,ctau3D)
RooArgSet::dependents = (ctau3D)
RooArgSet::dependents = (ctau3D)
RooSetProxy::!refCoefNorm = (ctau3DErr,ctau3D)
RooArgSet::dependents = (ctau3D)
RooSetProxy::!refCoefNorm = (ctau3DErr,ctau3D)
RooArgSet::dependents = (ctau3D)
RooSetProxy::!refCoefNorm = (ctau3DErr,ctau3D)
RooSetProxy::!refCoefNorm = (ctau3DErr,ctau3D)
RooArgSet::dependents = (ctau3D)
RooSetProxy::!refCoefNorm = (ctau3DErr,ctau3D)
RooArgSet::dependents = (ctau3D)
RooSetProxy::!refCoefNorm = (ctau3DErr,ctau3D)
RooArgSet::dependents = (ctau3D)
RooArgSet::dependents = (ctau3D)
RooArgSet::dependents = (ctau3D)
RooSetProxy::!refCoefNorm = (ctau3DErr,ctau3D)
RooArgSet::dependents = (ctau3D)
RooSetProxy::!refCoefNorm = (ctau3DErr,ctau3D)
RooSetProxy::!refCoefNorm = (ctau3DErr,ctau3D)
RooSetProxy::!refCoefNorm = (ctau3DErr,ctau3D)
RooArgSet::dependents = (ctau3D)
RooSetProxy::!refCoefNorm = (ctau3DErr,ctau3D)
RooArgSet:: = ()
RooSetProxy::!refCoefNorm = (ctau3DErr,ctau3D)
RooArgSet:: = ()
RooSetProxy::!refCoefNorm = (ctau3DErr,ctau3D)
RooArgSet:: = ()
RooSetProxy::!refCoefNorm = (ctau3DErr,ctau3D)
RooArgSet:: = ()
RooArgSet:: = ()
RooArgSet:: = ()
RooArgSet:: = ()
RooArgSet:: = ()
RooSetProxy::!refCoefNorm = (ctau3DErr,ctau3D)
RooSetProxy::!refCoefNorm = (ctau3DErr,ctau3D)
RooSetProxy::!refCoefNorm = (ctau3DErr,ctau3D)
RooSetProxy::!refCoefNorm = (ctau3DErr,ctau3D)
RooSetProxy::!refCoefNorm = (ctau3DErr,ctau3D)
RooArgSet:: = ()
RooSetProxy::!refCoefNorm = (ctau3DErr,ctau3D)
RooArgSet:: = ()
RooSetProxy::!refCoefNorm = (ctau3DErr,ctau3D)
RooArgSet:: = ()
RooSetProxy::!refCoefNorm = (ctau3DErr,ctau3D)
RooArgSet:: = ()
RooArgSet:: = ()
RooArgSet:: = ()
RooSetProxy::!refCoefNorm = (ctau3DErr,ctau3D)
RooSetProxy::!refCoefNorm = (ctau3DErr,ctau3D)
RooSetProxy::!refCoefNorm = (ctau3DErr,ctau3D)
RooArgSet:: = ()
RooSetProxy::!refCoefNorm = (ctau3DErr,ctau3D)
RooArgSet:: = ()
RooSetProxy::!refCoefNorm = (ctau3DErr,ctau3D)
RooArgSet::dependents = (ctau3D)
RooSetProxy::!refCoefNorm = (ctau3DErr,ctau3D)
RooArgSet::dependents = (ctau3D)
RooSetProxy::!refCoefNorm = (ctau3DErr,ctau3D)
RooArgSet::dependents = (ctau3D)
RooSetProxy::!refCoefNorm = (ctau3DErr,ctau3D)
RooArgSet::dependents = (ctau3D)
RooArgSet::dependents = (ctau3D)
RooArgSet::dependents = (ctau3D)
RooSetProxy::!refCoefNorm = (ctau3DErr,ctau3D)
RooSetProxy::!refCoefNorm = (ctau3DErr,ctau3D)
RooArgSet::dependents = (ctau3D)
RooSetProxy::!refCoefNorm = (ctau3DErr,ctau3D)
RooArgSet::dependents = (ctau3D)
RooSetProxy::!refCoefNorm = (ctau3DErr,ctau3D)
RooSetProxy::!refCoefNorm = (ctau3DErr,ctau3D)
RooArgSet::dependents = (ctau3D)
RooSetProxy::!refCoefNorm = (ctau3DErr,ctau3D)
RooArgSet::dependents = (ctau3D)
RooSetProxy::!refCoefNorm = (ctau3DErr,ctau3D)
RooArgSet::dependents = (ctau3D)
RooSetProxy::!refCoefNorm = (ctau3DErr,ctau3D)
RooArgSet::dependents = (ctau3D)
RooArgSet::dependents = (ctau3D)
RooArgSet::dependents = (ctau3D)
RooSetProxy::!refCoefNorm = (ctau3DErr,ctau3D)
RooSetProxy::!refCoefNorm = (ctau3DErr,ctau3D)
RooSetProxy::!refCoefNorm = (ctau3DErr,ctau3D)
RooArgSet::dependents = (ctau3D)
RooSetProxy::!refCoefNorm = (ctau3DErr,ctau3D)
RooArgSet::dependents = (ctau3D)
RooSetProxy::!refCoefNorm = (ctau3DErr,ctau3D)
RooArgSet::dependents = (ctau3D)
RooSetProxy::!refCoefNorm = (ctau3D,ctau3DErr)
RooArgSet::dependents = (ctau3D)
RooSetProxy::!refCoefNorm = (ctau3D,ctau3DErr)
RooArgSet:: = ()
RooSetProxy::!refCoefNorm = (ctau3D,ctau3DErr)
RooArgSet:: = ()
RooSetProxy::!refCoefNorm = (ctau3D,ctau3DErr)
RooArgSet::dependents = (ctau3D)
RooSetProxy::!refCoefNorm = (ctau3D,ctau3DErr)
RooArgSet::dependents = (ctau3D)
RooSetProxy::!refCoefNorm = (ctau3D,ctau3DErr)
RooArgSet:: = ()
RooSetProxy::!refCoefNorm = (ctau3D,ctau3DErr)
RooArgSet::dependents = (ctau3D)
RooSetProxy::!refCoefNorm = (ctau3D,ctau3DErr)
RooArgSet::dependents = (ctau3D)
RooSetProxy::!refCoefNorm = (ctau3D,ctau3DErr)
RooArgSet:: = ()
RooSetProxy::!refCoefNorm = (ctau3D,ctau3DErr)
RooArgSet:: = ()
RooSetProxy::!refCoefNorm = (ctau3D,ctau3DErr)
RooArgSet::dependents = (ctau3D)
RooSetProxy::!refCoefNorm = (ctau3D,ctau3DErr)
RooArgSet::dependents = (ctau3D)
RooSetProxy::!refCoefNorm = (ctau3D,ctau3DErr)
RooArgSet:: = ()
RooSetProxy::!refCoefNorm = (ctau3D,ctau3DErr)
RooArgSet:: = ()
RooSetProxy::!refCoefNorm = (ctau3D,ctau3DErr)
RooArgSet::dependents = (ctau3D)
RooSetProxy::!refCoefNorm = (ctau3D,ctau3DErr)
RooArgSet::dependents = (ctau3D)
RooSetProxy::!refCoefNorm = (ctau3D,ctau3DErr)
RooArgSet:: = ()
RooSetProxy::!refCoefNorm = (ctau3D,ctau3DErr)
RooArgSet:: = ()
RooSetProxy::!refCoefNorm = (ctau3D,ctau3DErr)
RooArgSet:: = ()
RooSetProxy::!refCoefNorm = (ctau3D,ctau3DErr)
RooArgSet:: = ()
RooSetProxy::!refCoefNorm = (ctau3D,ctau3DErr)
RooArgSet:: = ()
RooArgSet:: = ()
RooSetProxy::!refCoefNorm = (ctau3D,ctau3DErr)
RooSetProxy::!refCoefNorm = (ctau3D,ctau3DErr)
RooArgSet::dependents = (ctau3D)
RooSetProxy::!refCoefNorm = (ctau3D,ctau3DErr)
RooArgSet::dependents = (ctau3D)
RooSetProxy::!refCoefNorm = (ctau3D,ctau3DErr)
RooArgSet::dependents = (ctau3D)
RooSetProxy::!refCoefNorm = (ctau3D,ctau3DErr)
RooArgSet::dependents = (ctau3D)
RooSetProxy::!refCoefNorm = (ctau3D,ctau3DErr)
RooArgSet::dependents = (ctau3D)
RooSetProxy::!refCoefNorm = (ctau3D,ctau3DErr)
RooArgSet::dependents = (ctau3D)
RooSetProxy::!refCoefNorm = (ctau3D,ctau3DErr)
RooArgSet::dependents = (ctau3D)
RooSetProxy::!refCoefNorm = (ctau3D,ctau3DErr)
RooArgSet::dependents = (ctau3D)
RooSetProxy::!refCoefNorm = (ctau3D,ctau3DErr)
RooArgSet::dependents = (ctau3D)
RooSetProxy::!refCoefNorm = (ctau3D,ctau3DErr)
RooArgSet::dependents = (ctau3D)
RooSetProxy::!refCoefNorm = (ctau3D,ctau3DErr)
RooArgSet::dependents = (ctau3D)
RooSetProxy::!refCoefNorm = (ctau3D,ctau3DErr)
RooArgSet::dependents = (ctau3D)
RooSetProxy::!refCoefNorm = (ctau3D,ctau3DErr)
RooArgSet::dependents = (ctau3D)
RooSetProxy::!refCoefNorm = (ctau3D,ctau3DErr)
RooArgSet::dependents = (ctau3D)
RooSetProxy::!refCoefNorm = (ctau3D,ctau3DErr)
RooArgSet:: = ()
RooSetProxy::!refCoefNorm = (ctau3D,ctau3DErr)
RooArgSet:: = ()
RooSetProxy::!refCoefNorm = (ctau3D,ctau3DErr)
RooArgSet:: = ()
RooSetProxy::!refCoefNorm = (ctau3D,ctau3DErr)
RooArgSet:: = ()
RooSetProxy::!refCoefNorm = (ctau3D,ctau3DErr)
RooArgSet:: = ()
RooSetProxy::!refCoefNorm = (ctau3D,ctau3DErr)
RooArgSet:: = ()
RooSetProxy::!refCoefNorm = (ctau3D,ctau3DErr)
RooArgSet:: = ()
RooArgSet:: = ()
RooSetProxy::!refCoefNorm = (ctau3D,ctau3DErr)
RooArgSet:: = ()
RooSetProxy::!refCoefNorm = (ctau3D,ctau3DErr)
RooSetProxy::!refCoefNorm = (ctau3D,ctau3DErr)
RooArgSet::dependents = (ctau3D)
RooSetProxy::!refCoefNorm = (ctau3D,ctau3DErr)
RooArgSet:: = ()
RooSetProxy::!refCoefNorm = (ctau3D,ctau3DErr)
RooArgSet:: = ()
RooSetProxy::!refCoefNorm = (ctau3D,ctau3DErr)
RooArgSet:: = ()
RooSetProxy::!refCoefNorm = (ctau3D,ctau3DErr)
RooArgSet:: = ()
RooSetProxy::!refCoefNorm = (ctau3D,ctau3DErr)
RooArgSet:: = ()
RooArgSet:: = ()
RooSetProxy::!refCoefNorm = (ctau3D,ctau3DErr)
RooSetProxy::!refCoefNorm = (ctau3D,ctau3DErr)
RooArgSet:: = ()
RooSetProxy::!refCoefNorm = (ctau3D,ctau3DErr)
RooArgSet::dependents = (ctau3D)
RooSetProxy::!refCoefNorm = (ctau3D,ctau3DErr)
RooArgSet::dependents = (ctau3D)
RooSetProxy::!refCoefNorm = (ctau3D,ctau3DErr)
RooArgSet::dependents = (ctau3D)
RooSetProxy::!refCoefNorm = (ctau3D,ctau3DErr)
RooArgSet::dependents = (ctau3D)
RooSetProxy::!refCoefNorm = (ctau3D,ctau3DErr)
RooArgSet::dependents = (ctau3D)
RooSetProxy::!refCoefNorm = (ctau3D,ctau3DErr)
RooArgSet::dependents = (ctau3D)
RooSetProxy::!refCoefNorm = (ctau3D,ctau3DErr)
RooArgSet::dependents = (ctau3D)
RooSetProxy::!refCoefNorm = (ctau3D,ctau3DErr)
RooArgSet::dependents = (ctau3D)
RooSetProxy::!refCoefNorm = (ctau3D,ctau3DErr)
RooArgSet::dependents = (ctau3D)
RooSetProxy::!refCoefNorm = (ctau3D,ctau3DErr)
RooArgSet::dependents = (ctau3D)
RooSetProxy::!refCoefNorm = (ctau3D,ctau3DErr)
RooArgSet::dependents = (ctau3D)
RooSetProxy::!refCoefNorm = (ctau3D,ctau3DErr)
RooArgSet::dependents = (ctau3D)
RooSetProxy::!refCoefNorm = (ctau3D,ctau3DErr)
RooArgSet::dependents = (ctau3D)
RooSetProxy::!refCoefNorm = (ctau3D,ctau3DErr)
RooArgSet::dependents = (ctau3D)
RooSetProxy::!refCoefNorm = (ctau3D,ctau3DErr)
RooArgSet::dependents = (ctau3D)
RooSetProxy::!refCoefNorm = (ctau3D,ctau3DErr)
RooArgSet::dependents = (ctau3D)
RooSetProxy::!refCoefNorm = (ctau3D,ctau3DErr)
RooArgSet::dependents = (ctau3D)
RooSetProxy::!refCoefNorm = (ctau3D,ctau3DErr)
RooArgSet:: = ()
RooSetProxy::!refCoefNorm = (ctau3D,ctau3DErr)
RooArgSet:: = ()
RooSetProxy::!refCoefNorm = (ctau3D,ctau3DErr)
RooArgSet::dependents = (ctau3D)
RooSetProxy::!refCoefNorm = (ctau3D,ctau3DErr)
RooArgSet::dependents = (ctau3D)
RooSetProxy::!refCoefNorm = (ctau3D,ctau3DErr)
RooArgSet:: = ()
RooSetProxy::!refCoefNorm = (ctau3D,ctau3DErr)
RooArgSet::dependents = (ctau3D)
RooSetProxy::!refCoefNorm = (ctau3D,ctau3DErr)
RooArgSet::dependents = (ctau3D)
RooSetProxy::!refCoefNorm = (ctau3D,ctau3DErr)
RooArgSet:: = ()
RooSetProxy::!refCoefNorm = (ctau3D,ctau3DErr)
RooArgSet:: = ()
RooSetProxy::!refCoefNorm = (ctau3D,ctau3DErr)
RooArgSet::dependents = (ctau3D)
RooSetProxy::!refCoefNorm = (ctau3D,ctau3DErr)
RooArgSet::dependents = (ctau3D)
RooSetProxy::!refCoefNorm = (ctau3D,ctau3DErr)
RooArgSet:: = ()
RooArgSet:: = ()
RooArgSet:: = ()
RooSetProxy::!refCoefNorm = (ctau3D,ctau3DErr)
RooSetProxy::!refCoefNorm = (ctau3D,ctau3DErr)
RooSetProxy::!refCoefNorm = (ctau3D,ctau3DErr)
RooArgSet:: = ()
RooSetProxy::!refCoefNorm = (ctau3D,ctau3DErr)
RooArgSet:: = ()
RooSetProxy::!refCoefNorm = (ctau3D,ctau3DErr)
RooArgSet:: = ()
RooSetProxy::!refCoefNorm = (ctau3D,ctau3DErr)
RooArgSet:: = ()
RooArgSet:: = ()
RooSetProxy::!refCoefNorm = (ctau3D,ctau3DErr)
RooSetProxy::!refCoefNorm = (ctau3D,ctau3DErr)
RooArgSet::dependents = (ctau3D)
RooSetProxy::!refCoefNorm = (ctau3D,ctau3DErr)
RooArgSet::dependents = (ctau3D)
RooArgSet::dependents = (ctau3D)
RooSetProxy::!refCoefNorm = (ctau3D,ctau3DErr)
RooArgSet::dependents = (ctau3D)
RooSetProxy::!refCoefNorm = (ctau3D,ctau3DErr)
RooSetProxy::!refCoefNorm = (ctau3D,ctau3DErr)
RooArgSet::dependents = (ctau3D)
RooSetProxy::!refCoefNorm = (ctau3D,ctau3DErr)
RooArgSet::dependents = (ctau3D)
RooSetProxy::!refCoefNorm = (ctau3D,ctau3DErr)
RooArgSet::dependents = (ctau3D)
RooArgSet::dependents = (ctau3D)
RooSetProxy::!refCoefNorm = (ctau3D,ctau3DErr)
RooSetProxy::!refCoefNorm = (ctau3D,ctau3DErr)
RooArgSet::dependents = (ctau3D)
RooArgSet::dependents = (ctau3D)
RooSetProxy::!refCoefNorm = (ctau3D,ctau3DErr)
RooArgSet::dependents = (ctau3D)
RooSetProxy::!refCoefNorm = (ctau3D,ctau3DErr)
RooSetProxy::!refCoefNorm = (ctau3D,ctau3DErr)
RooArgSet::dependents = (ctau3D)
RooSetProxy::!refCoefNorm = (ctau3D,ctau3DErr)
RooArgSet::dependents = (ctau3D)
RooSetProxy::!refCoefNorm = (ctau3D,ctau3DErr)
RooArgSet::dependents = (ctau3D)
RooSetProxy::!refCoefNorm = (ctau3D,ctau3DErr)
RooArgSet::dependents = (ctau3D)
RooSetProxy::!refCoefNorm = (ctau3D,ctau3DErr)
RooArgSet::dependents = (ctau3D)
RooSetProxy::!refCoefNorm = (ctau3D,ctau3DErr)
RooArgSet:: = ()
RooSetProxy::!refCoefNorm = (ctau3D,ctau3DErr)
RooArgSet:: = ()
RooArgSet:: = ()
RooSetProxy::!refCoefNorm = (ctau3D,ctau3DErr)
RooSetProxy::!refCoefNorm = (ctau3D,ctau3DErr)
RooArgSet:: = ()
RooSetProxy::!refCoefNorm = (ctau3D,ctau3DErr)
RooArgSet:: = ()
RooSetProxy::!refCoefNorm = (ctau3D,ctau3DErr)
RooArgSet:: = ()
RooSetProxy::!refCoefNorm = (ctau3D,ctau3DErr)
RooArgSet:: = ()
RooSetProxy::!refCoefNorm = (ctau3D,ctau3DErr)
RooArgSet:: = ()
RooSetProxy::!refCoefNorm = (ctau3D,ctau3DErr)
RooArgSet:: = ()
RooSetProxy::!refCoefNorm = (ctau3D,ctau3DErr)
RooArgSet:: = ()
RooArgSet:: = ()
RooSetProxy::!refCoefNorm = (ctau3D,ctau3DErr)
RooSetProxy::!refCoefNorm = (ctau3D,ctau3DErr)
RooArgSet:: = ()
RooSetProxy::!refCoefNorm = (ctau3D,ctau3DErr)
RooArgSet:: = ()
RooSetProxy::!refCoefNorm = (ctau3D,ctau3DErr)
RooArgSet:: = ()
RooSetProxy::!refCoefNorm = (ctau3D,ctau3DErr)
RooArgSet:: = ()
RooSetProxy::!refCoefNorm = (ctau3D,ctau3DErr)
RooArgSet:: = ()
RooSetProxy::!refCoefNorm = (ctau3D,ctau3DErr)
RooArgSet::dependents = (ctau3D)
RooSetProxy::!refCoefNorm = (ctau3D,ctau3DErr)
RooArgSet::dependents = (ctau3D)
RooSetProxy::!refCoefNorm = (ctau3D,ctau3DErr)
RooArgSet::dependents = (ctau3D)
RooSetProxy::!refCoefNorm = (ctau3D,ctau3DErr)
RooArgSet::dependents = (ctau3D)
RooSetProxy::!refCoefNorm = (ctau3D,ctau3DErr)
RooArgSet::dependents = (ctau3D)
RooSetProxy::!refCoefNorm = (ctau3D,ctau3DErr)
RooArgSet::dependents = (ctau3D)
RooSetProxy::!refCoefNorm = (ctau3D,ctau3DErr)
RooArgSet::dependents = (ctau3D)
RooSetProxy::!refCoefNorm = (ctau3D,ctau3DErr)
RooArgSet::dependents = (ctau3D)
RooSetProxy::!refCoefNorm = (ctau3D,ctau3DErr)
RooArgSet::dependents = (ctau3D)
RooSetProxy::!refCoefNorm = (ctau3D,ctau3DErr)
RooArgSet::dependents = (ctau3D)
RooSetProxy::!refCoefNorm = (ctau3D,ctau3DErr)
RooArgSet::dependents = (ctau3D)
RooArgSet::dependents = (ctau3D)
RooSetProxy::!refCoefNorm = (ctau3D,ctau3DErr)
RooSetProxy::!refCoefNorm = (ctau3D,ctau3DErr)
RooArgSet::dependents = (ctau3D)
RooSetProxy::!refCoefNorm = (ctau3D,ctau3DErr)
RooArgSet::dependents = (ctau3D)
RooSetProxy::!refCoefNorm = (ctau3D,ctau3DErr)
RooArgSet::dependents = (ctau3D)
RooSetProxy::!refCoefNorm = (ctau3D,ctau3DErr)
RooArgSet::dependents = (ctau3D)
RooSetProxy::!refCoefNorm = (ctau3D,ctau3DErr)
RooArgSet::dependents = (ctau3D)
RooSetProxy::!refCoefNorm = (ctau3D,ctau3DErr)
RooArgSet::dependents = (ctau3D)
RooSetProxy::!refCoefNorm = (ctau3D,ctau3DErr)
RooArgSet:: = ()
RooSetProxy::!refCoefNorm = (ctau3D,ctau3DErr)
RooArgSet:: = ()
RooSetProxy::!refCoefNorm = (ctau3D,ctau3DErr)
RooArgSet::dependents = (ctau3D)
RooSetProxy::!refCoefNorm = (ctau3D,ctau3DErr)
RooArgSet::dependents = (ctau3D)
RooSetProxy::!refCoefNorm = (ctau3D,ctau3DErr)
RooArgSet:: = ()
RooSetProxy::!refCoefNorm = (ctau3D,ctau3DErr)
RooArgSet::dependents = (ctau3D)
RooSetProxy::!refCoefNorm = (ctau3D,ctau3DErr)
RooArgSet::dependents = (ctau3D)
RooSetProxy::!refCoefNorm = (ctau3D,ctau3DErr)
RooArgSet:: = ()
RooSetProxy::!refCoefNorm = (ctau3D,ctau3DErr)
RooArgSet:: = ()
RooSetProxy::!refCoefNorm = (ctau3D,ctau3DErr)
RooArgSet::dependents = (ctau3D)
RooSetProxy::!refCoefNorm = (ctau3D,ctau3DErr)
RooArgSet::dependents = (ctau3D)
RooSetProxy::!refCoefNorm = (ctau3D,ctau3DErr)
RooArgSet:: = ()
RooSetProxy::!refCoefNorm = (ctau3D,ctau3DErr)
RooArgSet:: = ()
RooSetProxy::!refCoefNorm = (ctau3D,ctau3DErr)
RooArgSet::dependents = (ctau3D)
RooSetProxy::!refCoefNorm = (ctau3D,ctau3DErr)
RooArgSet::dependents = (ctau3D)
RooSetProxy::!refCoefNorm = (ctau3D,ctau3DErr)
RooArgSet:: = ()
RooArgSet:: = ()
RooSetProxy::!refCoefNorm = (ctau3D,ctau3DErr)
RooSetProxy::!refCoefNorm = (ctau3D,ctau3DErr)
RooArgSet:: = ()
RooSetProxy::!refCoefNorm = (ctau3D,ctau3DErr)
RooArgSet:: = ()
RooSetProxy::!refCoefNorm = (ctau3D,ctau3DErr)
RooArgSet:: = ()
RooArgSet::dependents = (ctau3D)
RooSetProxy::!refCoefNorm = (ctau3D,ctau3DErr)
RooSetProxy::!refCoefNorm = (ctau3D,ctau3DErr)
RooArgSet:: = ()
RooSetProxy::!refCoefNorm = (ctau3D,ctau3DErr)
RooArgSet::dependents = (ctau3D)
RooSetProxy::!refCoefNorm = (ctau3D,ctau3DErr)
RooArgSet::dependents = (ctau3D)
RooArgSet::dependents = (ctau3D)
RooSetProxy::!refCoefNorm = (ctau3D,ctau3DErr)
RooSetProxy::!refCoefNorm = (ctau3D,ctau3DErr)
RooArgSet::dependents = (ctau3D)
RooSetProxy::!refCoefNorm = (ctau3D,ctau3DErr)
RooArgSet::dependents = (ctau3D)
RooSetProxy::!refCoefNorm = (ctau3D,ctau3DErr)
RooArgSet::dependents = (ctau3D)
RooSetProxy::!refCoefNorm = (ctau3D,ctau3DErr)
RooArgSet::dependents = (ctau3D)
RooSetProxy::!refCoefNorm = (ctau3D,ctau3DErr)
RooArgSet::dependents = (ctau3D)
RooSetProxy::!refCoefNorm = (ctau3D,ctau3DErr)
RooArgSet::dependents = (ctau3D)
RooSetProxy::!refCoefNorm = (ctau3D,ctau3DErr)
RooArgSet::dependents = (ctau3D)
RooArgSet::dependents = (ctau3D)
RooSetProxy::!refCoefNorm = (ctau3D,ctau3DErr)
RooSetProxy::!refCoefNorm = (ctau3D,ctau3DErr)
RooArgSet::dependents = (ctau3D)
RooSetProxy::!refCoefNorm = (ctau3D,ctau3DErr)
RooArgSet::dependents = (ctau3D)
RooSetProxy::!refCoefNorm = (ctau3D,ctau3DErr)
RooArgSet:: = ()
RooSetProxy::!refCoefNorm = (ctau3D,ctau3DErr)
RooArgSet:: = ()
RooSetProxy::!refCoefNorm = (ctau3D,ctau3DErr)
RooArgSet:: = ()
RooSetProxy::!refCoefNorm = (ctau3D,ctau3DErr)
RooArgSet:: = ()
RooArgSet:: = ()
RooSetProxy::!refCoefNorm = (ctau3D,ctau3DErr)
RooSetProxy::!refCoefNorm = (ctau3D,ctau3DErr)
RooArgSet::dependents = (ctau3D)
RooSetProxy::!refCoefNorm = (ctau3D,ctau3DErr)
RooArgSet:: = ()
RooSetProxy::!refCoefNorm = (ctau3D,ctau3DErr)
RooArgSet:: = ()
RooSetProxy::!refCoefNorm = (ctau3D,ctau3DErr)
RooArgSet:: = ()
RooSetProxy::!refCoefNorm = (ctau3D,ctau3DErr)
RooArgSet:: = ()
RooSetProxy::!refCoefNorm = (ctau3D,ctau3DErr)
RooArgSet:: = ()
RooSetProxy::!refCoefNorm = (ctau3D,ctau3DErr)
RooArgSet:: = ()
RooSetProxy::!refCoefNorm = (ctau3D,ctau3DErr)
RooArgSet:: = ()
RooSetProxy::!refCoefNorm = (ctau3D,ctau3DErr)
RooArgSet::dependents = (ctau3D)
RooSetProxy::!refCoefNorm = (ctau3D,ctau3DErr)
RooArgSet:: = ()
RooSetProxy::!refCoefNorm = (ctau3D,ctau3DErr)
RooArgSet:: = ()
RooSetProxy::!refCoefNorm = (ctau3D,ctau3DErr)
RooArgSet:: = ()
RooSetProxy::!refCoefNorm = (ctau3D,ctau3DErr)
RooArgSet:: = ()
RooSetProxy::!refCoefNorm = (ctau3D,ctau3DErr)
RooArgSet::dependents = (ctau3D)
RooSetProxy::!refCoefNorm = (ctau3D,ctau3DErr)
RooArgSet::dependents = (ctau3D)
RooSetProxy::!refCoefNorm = (ctau3D,ctau3DErr)
RooArgSet::dependents = (ctau3D)
RooSetProxy::!refCoefNorm = (ctau3D,ctau3DErr)
RooArgSet::dependents = (ctau3D)
RooSetProxy::!refCoefNorm = (ctau3D,ctau3DErr)
RooArgSet::dependents = (ctau3D)
RooSetProxy::!refCoefNorm = (ctau3D,ctau3DErr)
RooArgSet::dependents = (ctau3D)
RooSetProxy::!refCoefNorm = (ctau3D,ctau3DErr)
RooArgSet::dependents = (ctau3D)
RooSetProxy::!refCoefNorm = (ctau3D,ctau3DErr)
RooArgSet::dependents = (ctau3D)
RooSetProxy::!refCoefNorm = (ctau3D,ctau3DErr)
RooArgSet::dependents = (ctau3D)
RooSetProxy::!refCoefNorm = (ctau3D,ctau3DErr)
RooArgSet::dependents = (ctau3D)
RooSetProxy::!refCoefNorm = (ctau3D,ctau3DErr)
RooArgSet::dependents = (ctau3D)
RooSetProxy::!refCoefNorm = (ctau3D,ctau3DErr)
RooArgSet::dependents = (ctau3D)
RooSetProxy::!refCoefNorm = (ctau3D,ctau3DErr)
RooArgSet::dependents = (ctau3D)
RooSetProxy::!refCoefNorm = (ctau3D,ctau3DErr)
RooArgSet::dependents = (ctau3D)
RooSetProxy::!refCoefNorm = (ctau3D,ctau3DErr)
RooArgSet::dependents = (ctau3D)
RooSetProxy::!refCoefNorm = (ctau3D,ctau3DErr)
RooArgSet::dependents = (ctau3D)
RooSetProxy::!refCoefNorm = (ctau3D,ctau3DErr)
RooArgSet:: = ()
RooSetProxy::!refCoefNorm = (ctau3D,ctau3DErr)
RooArgSet:: = ()
RooSetProxy::!refCoefNorm = (ctau3D,ctau3DErr)
RooArgSet::dependents = (ctau3D)
RooSetProxy::!refCoefNorm = (ctau3D,ctau3DErr)
RooArgSet::dependents = (ctau3D)
RooSetProxy::!refCoefNorm = (ctau3D,ctau3DErr)
RooArgSet:: = ()
RooSetProxy::!refCoefNorm = (ctau3D,ctau3DErr)
RooArgSet::dependents = (ctau3D)
RooSetProxy::!refCoefNorm = (ctau3D,ctau3DErr)
RooArgSet::dependents = (ctau3D)
RooSetProxy::!refCoefNorm = (ctau3D,ctau3DErr)
RooArgSet:: = ()
RooSetProxy::!refCoefNorm = (ctau3D,ctau3DErr)
RooArgSet:: = ()
RooSetProxy::!refCoefNorm = (ctau3D,ctau3DErr)
RooArgSet::dependents = (ctau3D)
RooSetProxy::!refCoefNorm = (ctau3D,ctau3DErr)
RooArgSet::dependents = (ctau3D)
RooSetProxy::!refCoefNorm = (ctau3D,ctau3DErr)
RooArgSet:: = ()
RooSetProxy::!refCoefNorm = (ctau3D,ctau3DErr)
RooArgSet:: = ()
RooArgSet:: = ()
RooSetProxy::!refCoefNorm = (ctau3D,ctau3DErr)
RooSetProxy::!refCoefNorm = (ctau3D,ctau3DErr)
RooArgSet:: = ()
RooSetProxy::!refCoefNorm = (ctau3D,ctau3DErr)
RooArgSet:: = ()
RooSetProxy::!refCoefNorm = (ctau3D,ctau3DErr)
RooArgSet::dependents = (ctau3D)
RooSetProxy::!refCoefNorm = (ctau3D,ctau3DErr)
RooArgSet::dependents = (ctau3D)
RooArgSet::dependents = (ctau3D)
RooSetProxy::!refCoefNorm = (ctau3D,ctau3DErr)
RooSetProxy::!refCoefNorm = (ctau3D,ctau3DErr)
RooArgSet::dependents = (ctau3D)
RooSetProxy::!refCoefNorm = (ctau3D,ctau3DErr)
RooArgSet::dependents = (ctau3D)
RooSetProxy::!refCoefNorm = (ctau3D,ctau3DErr)
RooArgSet::dependents = (ctau3D)
RooSetProxy::!refCoefNorm = (ctau3D,ctau3DErr)
RooArgSet::dependents = (ctau3D)
RooSetProxy::!refCoefNorm = (ctau3D,ctau3DErr)
RooArgSet::dependents = (ctau3D)
RooSetProxy::!refCoefNorm = (ctau3D,ctau3DErr)
RooArgSet::dependents = (ctau3D)
RooSetProxy::!refCoefNorm = (ctau3D,ctau3DErr)
RooArgSet::dependents = (ctau3D)
RooSetProxy::!refCoefNorm = (ctau3D,ctau3DErr)
RooArgSet:: = ()
RooSetProxy::!refCoefNorm = (ctau3D,ctau3DErr)
RooArgSet:: = ()
RooSetProxy::!refCoefNorm = (ctau3D,ctau3DErr)
RooArgSet:: = ()
RooArgSet:: = ()
RooSetProxy::!refCoefNorm = (ctau3D,ctau3DErr)
RooSetProxy::!refCoefNorm = (ctau3D,ctau3DErr)
RooArgSet:: = ()
RooSetProxy::!refCoefNorm = (ctau3D,ctau3DErr)
RooArgSet:: = ()
RooSetProxy::!refCoefNorm = (ctau3D,ctau3DErr)
RooArgSet:: = ()
RooArgSet:: = ()
RooSetProxy::!refCoefNorm = (ctau3D,ctau3DErr)
RooSetProxy::!refCoefNorm = (ctau3D,ctau3DErr)
RooArgSet:: = ()
RooSetProxy::!refCoefNorm = (ctau3D,ctau3DErr)
RooArgSet:: = ()
RooSetProxy::!refCoefNorm = (ctau3D,ctau3DErr)
RooArgSet:: = ()
RooSetProxy::!refCoefNorm = (ctau3D,ctau3DErr)
RooArgSet:: = ()
RooSetProxy::!refCoefNorm = (ctau3D,ctau3DErr)
RooArgSet::dependents = (ctau3D)
RooSetProxy::!refCoefNorm = (ctau3D,ctau3DErr)
RooArgSet::dependents = (ctau3D)
RooArgSet::dependents = (ctau3D)
RooSetProxy::!refCoefNorm = (ctau3D,ctau3DErr)
RooSetProxy::!refCoefNorm = (ctau3D,ctau3DErr)
RooArgSet::dependents = (ctau3D)
RooSetProxy::!refCoefNorm = (ctau3D,ctau3DErr)
RooArgSet::dependents = (ctau3D)
RooSetProxy::!refCoefNorm = (ctau3D,ctau3DErr)
RooArgSet::dependents = (ctau3D)
RooSetProxy::!refCoefNorm = (ctau3D,ctau3DErr)
RooArgSet::dependents = (ctau3D)
RooSetProxy::!refCoefNorm = (ctau3D,ctau3DErr)
RooArgSet::dependents = (ctau3D)
RooSetProxy::!refCoefNorm = (ctau3D,ctau3DErr)
RooArgSet::dependents = (ctau3D)
RooSetProxy::!refCoefNorm = (ctau3D,ctau3DErr)
RooArgSet::dependents = (ctau3D)
RooSetProxy::!refCoefNorm = (ctau3D,ctau3DErr)
RooArgSet::dependents = (ctau3D)
RooSetProxy::!refCoefNorm = (ctau3D,ctau3DErr)
RooArgSet::dependents = (ctau3D)
RooSetProxy::!refCoefNorm = (ctau3D,ctau3DErr)
RooArgSet::dependents = (ctau3D)
RooSetProxy::!refCoefNorm = (ctau3D,ctau3DErr)
RooArgSet::dependents = (ctau3D)
RooSetProxy::!refCoefNorm = (ctau3D,ctau3DErr)
RooArgSet:: = ()
RooArgSet:: = ()
RooSetProxy::!refCoefNorm = (ctau3D,ctau3DErr)
RooSetProxy::!refCoefNorm = (ctau3D,ctau3DErr)
RooArgSet:: = ()
RooArgSet:: = ()
RooSetProxy::!refCoefNorm = (ctau3D,ctau3DErr)
RooSetProxy::!refCoefNorm = (ctau3D,ctau3DErr)
RooArgSet::dependents = (ctau3D)
RooArgSet::dependents = (ctau3D)
RooSetProxy::!refCoefNorm = (ctau3D,ctau3DErr)
RooSetProxy::!refCoefNorm = (ctau3D,ctau3DErr)
RooArgSet::dependents = (ctau3D)
RooArgSet::dependents = (ctau3D)
RooSetProxy::!refCoefNorm = (ctau3D,ctau3DErr)
RooSetProxy::!refCoefNorm = (ctau3D,ctau3DErr)
RooArgSet:: = ()
RooSetProxy::!refCoefNorm = (ctau3D,ctau3DErr)
RooArgSet::dependents = (ctau3D)
RooSetProxy::!refCoefNorm = (ctau3D,ctau3DErr)
RooArgSet::dependents = (ctau3D)
RooSetProxy::!refCoefNorm = (ctau3D,ctau3DErr)
RooArgSet:: = ()
RooSetProxy::!refCoefNorm = (ctau3D,ctau3DErr)
RooArgSet:: = ()
RooSetProxy::!refCoefNorm = (ctau3D,ctau3DErr)
RooArgSet::dependents = (ctau3D)
RooSetProxy::!refCoefNorm = (ctau3D,ctau3DErr)
RooArgSet::dependents = (ctau3D)
RooSetProxy::!refCoefNorm = (ctau3D,ctau3DErr)
############################################################################
Info in <TCanvas::Print>: pdf file figs/2DFit_No_Weight/Final/2DFit_Ctau_pt3.0-40.0_y1.6-2.4_muPt0.0_centrality100-180_PRw_Effw0_Accw0_PtW0_TnP0.pdf has been created
Info in <TCanvas::Print>: pdf file figs/2DFit_No_Weight/Final/2DFit_Mass_pt3.0-40.0_y1.6-2.4_muPt0.0_centrality100-180_PRw_Effw0_Accw0_PtW0_TnP0.pdf has been created

  RooFitResult: minimized FCN value: -1e+30, estimated distance to minimum: 0
                covariance matrix quality: Unknown, matrix was externally provided
                Status : MINIMIZE=0 HESSE=0 HESSE=0 

    Constant Parameter    Value     
  --------------------  ------------
                 N_Bkg    1.0422e+04
                N_Jpsi    1.7397e+04
             alpha_1_A    2.1607e+00
                 b_Bkg    7.5937e-01
         ctau1_CtauRes    0.0000e+00
         ctau2_CtauRes    0.0000e+00
         ctau3_CtauRes    0.0000e+00
                     f    7.2078e-01
            f2_CtauRes    1.0221e-06
                 fDF12    4.1650e-01
                 fDFSS    9.4942e-01
                 fDLIV    3.9331e-01
                fDSS12    8.7549e-01
            fDSS1_test    7.8000e-01
            fDSS2_test    3.7000e-01
             f_CtauRes    9.1258e-01
         lambdaDDS_Bkg    3.4334e-02
         lambdaDF_Bkg1    4.1760e-01
         lambdaDF_Bkg2    4.1414e-01
        lambdaDSS_Bkg1    2.7974e-01
        lambdaDSS_Bkg2    9.9992e-01
       lambdaDSS_test1    5.0000e-01
       lambdaDSS_test2    5.8000e-01
       lambdaDSS_test3    3.4000e-01
            m_{J/#Psi}    3.0916e+00
                 n_1_A    1.2838e+00
          rS21_CtauRes    2.9247e+00
          rS32_CtauRes    4.9716e+00
            s1_CtauRes    9.9461e-01
             sigma_1_A    4.1806e-02
                   sl1   -1.0292e-01
                   sl2   -1.0059e-02
                   x_A    1.6095e+00
              zeroMean    0.0000e+00

    Floating Parameter  InitialValue    FinalValue +/-  Error     GblCorr.
  --------------------  ------------  --------------------------  --------
                b_Jpsi    5.2000e-01    2.7803e-01 +/-  5.00e-01  <none>

# STAGE: final2D
# CMD: /opt/conda/envs/root618/bin/root -l -b -q 'Final2DFit.C(3,40,1.6,2.4,100,180)'

