
Processing Final2DFit.C(22.5,25,0,1.6,0,180)...

[1mRooFit v3.60 -- Developed by Wouter Verkerke and David Kirkby[0m 
                Copyright (C) 2000-2013 NIKHEF, University of California & Stanford University
                All rights reserved, please read http://roofit.sourceforge.net/license.txt

pt: 22.5 - 25, y: 0 - 1.6, Cent: 0 - 90%
CtauErr Min: 0.0108009, Max: 0.0378008
####################################
[#0] ERROR:InputArguments -- RooArgSet::checkForDup: ERROR argument with name weight is already in this set
RooRealVar::mass = 3.09409  L(2.6 - 3.5) // [GeV/c^{2}]
RooRealVar::ctau3D = 0.142097  L(-4 - 6.5) // [mm]
RooRealVar::ctau3DErr = 0.0294906  L(0.0108009 - 0.0378008) // [mm]
RooRealVar::ctau3DRes = 4.81837  L(-10 - 10) 
[INFO] Constraining N_Bkg with Mean : 2023.36 and Sigma: 67.1946
[INFO] Constraining N_Jpsi with Mean : 13.9493 and Sigma: 8.39171
3.83164e-307
1.00857: 2037.31/2020
##############START TOTAL CTAU FIT############
 **********
 **    1 **SET PRINT           3
 **********
 **********
 **    2 **SET NOGRAD
 **********
 PARAMETER DEFINITIONS:
    NO.   NAME         VALUE      STEP SIZE      LIMITS
     1 b_Jpsi       5.20000e-01  1.00000e-01    1.00000e-08  1.00000e+00
 **********
 **    3 **SET ERR         0.5
 **********
 **********
 **    4 **SET PRINT           3
 **********
 **********
 **    5 **SET STR           1
 **********
 NOW USING STRATEGY  1: TRY TO BALANCE SPEED AGAINST RELIABILITY
 **********
 **    6 **MIGRAD         500           1
 **********
 FIRST CALL TO USER FUNCTION AT NEW START POINT, WITH IFLAG=4.
 START MIGRAD MINIMIZATION.  STRATEGY  1.  CONVERGENCE WHEN EDM .LT. 1.00e-03
 FCN=-20163.5 FROM MIGRAD    STATUS=INITIATE        2 CALLS           3 TOTAL
                     EDM= unknown      STRATEGY= 1      NO ERROR MATRIX       
  EXT PARAMETER               CURRENT GUESS       STEP         FIRST   
  NO.   NAME      VALUE            ERROR          SIZE      DERIVATIVE 
   1  b_Jpsi       5.20000e-01   1.00000e-01   2.01528e-01  -1.13718e+02
                               ERR DEF= 0.5
NO ERROR MATRIX       
 FCN=-20225.6 FROM MIGRAD    STATUS=PROGRESS        6 CALLS           7 TOTAL
                     EDM=0.0580725    STRATEGY= 1      NO ERROR MATRIX       
  EXT PARAMETER               CURRENT GUESS       STEP         FIRST   
  NO.   NAME      VALUE            ERROR          SIZE      DERIVATIVE 
   1  b_Jpsi       9.59645e-01   1.00000e-01   1.12626e+00   1.54142e+00
                               ERR DEF= 0.5
 RELATIVE CHANGE IN COV. MATRIX= 56.3 per cent
 FCN=-20225.6 FROM MIGRAD    STATUS=PROGRESS       10 CALLS          11 TOTAL
                     EDM=5.49081e-05    STRATEGY= 1      NO ERROR MATRIX       
  EXT PARAMETER               CURRENT GUESS       STEP         FIRST   
  NO.   NAME      VALUE            ERROR          SIZE      DERIVATIVE 
   1  b_Jpsi       9.54570e-01   1.00000e-01  -2.50557e-02  -6.46604e-02
                               ERR DEF= 0.5
 RELATIVE CHANGE IN COV. MATRIX= 37.5 per cent
 MIGRAD MINIMIZATION HAS CONVERGED.
 MIGRAD WILL VERIFY CONVERGENCE AND ERROR MATRIX.
   START COVARIANCE MATRIX CALCULATION.
 EIGENVALUES OF SECOND-DERIVATIVE MATRIX:
         1.0000e+00
 COVARIANCE MATRIX CALCULATED SUCCESSFULLY
 FCN=-20225.6 FROM MIGRAD    STATUS=CONVERGED      17 CALLS          18 TOTAL
                     EDM=5.0851e-05    STRATEGY= 1      ERROR MATRIX ACCURATE 
  EXT PARAMETER                                   STEP         FIRST   
  NO.   NAME      VALUE            ERROR          SIZE      DERIVATIVE 
   1  b_Jpsi       9.54570e-01   2.53599e-02   1.25837e-02  -5.84114e-02
                               ERR DEF= 0.5
 EXTERNAL ERROR MATRIX.    NDIM=  25    NPAR=  1    ERR DEF=0.5
  6.463e-04 
Info in <TMinuitMinimizer::Minimize>: Finished to run MIGRAD - status 0
 EXTERNAL ERROR MATRIX.    NDIM=   1    NPAR=  1    ERR DEF=0.5
  6.463e-04 
 **********
 **    7 **SET ERR         0.5
 **********
 **********
 **    8 **SET PRINT           3
 **********
 **********
 **    9 **HESSE         500
 **********
   START COVARIANCE MATRIX CALCULATION.
 EIGENVALUES OF SECOND-DERIVATIVE MATRIX:
         1.0000e+00
 COVARIANCE MATRIX CALCULATED SUCCESSFULLY
 FCN=-20225.6 FROM HESSE     STATUS=OK              5 CALLS          23 TOTAL
                     EDM=5.08263e-05    STRATEGY= 1      ERROR MATRIX ACCURATE 
  EXT PARAMETER                                INTERNAL      INTERNAL  
  NO.   NAME      VALUE            ERROR       STEP SIZE       VALUE   
   1  b_Jpsi       9.54570e-01   2.53579e-02   5.03348e-04   1.14122e+00
                               ERR DEF= 0.5
 EXTERNAL ERROR MATRIX.    NDIM=  25    NPAR=  1    ERR DEF=0.5
  6.462e-04 
 EXTERNAL ERROR MATRIX.    NDIM=   1    NPAR=  1    ERR DEF=0.5
  6.462e-04 
 **********
 **   10 **SET ERR         0.5
 **********
 **********
 **   11 **SET PRINT           3
 **********
 **********
 **   12 **HESSE         500
 **********
   START COVARIANCE MATRIX CALCULATION.
 EIGENVALUES OF SECOND-DERIVATIVE MATRIX:
         1.0000e+00
 COVARIANCE MATRIX CALCULATED SUCCESSFULLY
 FCN=-20225.6 FROM HESSE     STATUS=OK              5 CALLS          28 TOTAL
                     EDM=5.08254e-05    STRATEGY= 1      ERROR MATRIX ACCURATE 
  EXT PARAMETER                                INTERNAL      INTERNAL  
  NO.   NAME      VALUE            ERROR       STEP SIZE       VALUE   
   1  b_Jpsi       9.54570e-01   2.53579e-02   1.00670e-04   1.14122e+00
                               ERR DEF= 0.5
 EXTERNAL ERROR MATRIX.    NDIM=  25    NPAR=  1    ERR DEF=0.5
  6.462e-04 
 EXTERNAL ERROR MATRIX.    NDIM=   1    NPAR=  1    ERR DEF=0.5
  6.462e-04 
RooArgSet::dependents = (ctau3D)
RooSetProxy::!refCoefNorm = (ctau3DErr,ctau3D)
RooArgSet::dependents = (ctau3D)
RooSetProxy::!refCoefNorm = (ctau3DErr,ctau3D)
RooArgSet:: = ()
RooSetProxy::!refCoefNorm = (ctau3DErr,ctau3D)
RooArgSet:: = ()
RooSetProxy::!refCoefNorm = (ctau3DErr,ctau3D)
RooArgSet::dependents = (ctau3D)
RooSetProxy::!refCoefNorm = (ctau3DErr,ctau3D)
RooArgSet::dependents = (ctau3D)
RooSetProxy::!refCoefNorm = (ctau3DErr,ctau3D)
RooArgSet:: = ()
RooSetProxy::!refCoefNorm = (ctau3DErr,ctau3D)
[#0] ERROR:Eval -- RooAbsReal::logEvalError(ctauRes32) evaluation error, 
 origin       : RooAddModel::ctauRes32[ x=ctau3D (f2_CtauRes * ctauRes3 + [%] * ctauRes2) ]
 message      : p.d.f value is Not-a-Number (-nan), forcing value to zero
 server values: x=ctau3D=0.142097, !refCoefNorm=(ctau3DErr = 0.0294906,ctau3D = 0.142097), !pdfs=(ctauRes3 = 0/0.0269998,ctauRes2 = 0/0.0269998), !coefficients=(f2_CtauRes = 0.762904 +/- 12.6501)
[#0] ERROR:Eval -- RooAbsReal::logEvalError(ctauRes32) evaluation error, 
 origin       : RooAddModel::ctauRes32[ x=ctau3D (f2_CtauRes * ctauRes3 + [%] * ctauRes2) ]
 message      : p.d.f value is Not-a-Number (-nan), forcing value to zero
 server values: x=ctau3D=0.142097, !refCoefNorm=(ctau3DErr = 0.0294906,ctau3D = 0.142097), !pdfs=(ctauRes3 = 0/0.0269998,ctauRes2 = 0/0.0269998), !coefficients=(f2_CtauRes = 0.762904 +/- 12.6501)
RooArgSet::dependents = (ctau3D)
RooSetProxy::!refCoefNorm = (ctau3DErr,ctau3D)
RooArgSet::dependents = (ctau3D)
RooSetProxy::!refCoefNorm = (ctau3DErr,ctau3D)
RooArgSet:: = ()
RooSetProxy::!refCoefNorm = (ctau3DErr,ctau3D)
RooArgSet:: = ()
RooSetProxy::!refCoefNorm = (ctau3DErr,ctau3D)
RooArgSet::dependents = (ctau3D)
RooSetProxy::!refCoefNorm = (ctau3DErr,ctau3D)
RooArgSet::dependents = (ctau3D)
RooSetProxy::!refCoefNorm = (ctau3DErr,ctau3D)
RooArgSet:: = ()
RooSetProxy::!refCoefNorm = (ctau3DErr,ctau3D)
RooArgSet:: = ()
RooSetProxy::!refCoefNorm = (ctau3DErr,ctau3D)
[#0] ERROR:Eval -- RooAbsReal::logEvalError(ctauRes32) evaluation error, 
 origin       : RooAddModel::ctauRes32[ x=ctau3D (f2_CtauRes * ctauRes3 + [%] * ctauRes2) ]
 message      : p.d.f value is Not-a-Number (-nan), forcing value to zero
 server values: x=ctau3D=0.142097, !refCoefNorm=(ctau3DErr = 0.0294906,ctau3D = 0.142097), !pdfs=(ctauRes3 = 0/0.0269998,ctauRes2 = 0/0.0269998), !coefficients=(f2_CtauRes = 0.762904 +/- 12.6501)
RooArgSet:: = ()
RooSetProxy::!refCoefNorm = (ctau3DErr,ctau3D)
RooArgSet:: = ()
RooSetProxy::!refCoefNorm = (ctau3DErr,ctau3D)
[#0] ERROR:Eval -- RooAbsReal::logEvalError(ctauRes32) evaluation error, 
 origin       : RooAddModel::ctauRes32[ x=ctau3D (f2_CtauRes * ctauRes3 + [%] * ctauRes2) ]
 message      : p.d.f value is Not-a-Number (-nan), forcing value to zero
 server values: x=ctau3D=0.142097, !refCoefNorm=(ctau3DErr = 0.0294906,ctau3D = 0.142097), !pdfs=(ctauRes3 = 0/0.0269998,ctauRes2 = 0/0.0269998), !coefficients=(f2_CtauRes = 0.762904 +/- 12.6501)
[#0] ERROR:Eval -- RooAbsReal::logEvalError(ctauRes32) evaluation error, 
 origin       : RooAddModel::ctauRes32[ x=ctau3D (f2_CtauRes * ctauRes3 + [%] * ctauRes2) ]
 message      : p.d.f value is Not-a-Number (-nan), forcing value to zero
 server values: x=ctau3D=0.142097, !refCoefNorm=(ctau3DErr = 0.0294906,ctau3D = 0.142097), !pdfs=(ctauRes3 = 0/0.0269998,ctauRes2 = 0/0.0269998), !coefficients=(f2_CtauRes = 0.762904 +/- 12.6501)
[#0] ERROR:Eval -- RooAbsReal::logEvalError(ctauRes32) evaluation error, 
 origin       : RooAddModel::ctauRes32[ x=ctau3D (f2_CtauRes * ctauRes3 + [%] * ctauRes2) ]
 message      : p.d.f value is Not-a-Number (-nan), forcing value to zero
 server values: x=ctau3D=0.142097, !refCoefNorm=(ctau3DErr = 0.0294906,ctau3D = 0.142097), !pdfs=(ctauRes3 = 0/0.0269998,ctauRes2 = 0/0.0269998), !coefficients=(f2_CtauRes = 0.762904 +/- 12.6501)
[#0] ERROR:Eval -- RooAbsReal::logEvalError(ctauRes32) evaluation error, 
 origin       : RooAddModel::ctauRes32[ x=ctau3D (f2_CtauRes * ctauRes3 + [%] * ctauRes2) ]
 message      : p.d.f value is Not-a-Number (-nan), forcing value to zero
 server values: x=ctau3D=0.142097, !refCoefNorm=(ctau3DErr = 0.0294906,ctau3D = 0.142097), !pdfs=(ctauRes3 = 0/0.0269998,ctauRes2 = 0/0.0269998), !coefficients=(f2_CtauRes = 0.762904 +/- 12.6501)
[#0] ERROR:Eval -- RooAbsReal::logEvalError(ctauRes32) evaluation error, 
 origin       : RooAddModel::ctauRes32[ x=ctau3D (f2_CtauRes * ctauRes3 + [%] * ctauRes2) ]
 message      : p.d.f value is Not-a-Number (-nan), forcing value to zero
 server values: x=ctau3D=0.142097, !refCoefNorm=(ctau3DErr = 0.0294906,ctau3D = 0.142097), !pdfs=(ctauRes3 = 0/0.0269998,ctauRes2 = 0/0.0269998), !coefficients=(f2_CtauRes = 0.762904 +/- 12.6501)
[#0] ERROR:Eval -- RooAbsReal::logEvalError(ctauRes32) evaluation error, 
 origin       : RooAddModel::ctauRes32[ x=ctau3D (f2_CtauRes * ctauRes3 + [%] * ctauRes2) ]
 message      : p.d.f value is Not-a-Number (-nan), forcing value to zero
 server values: x=ctau3D=0.142097, !refCoefNorm=(ctau3DErr = 0.0294906,ctau3D = 0.142097), !pdfs=(ctauRes3 = 0/0.0269998,ctauRes2 = 0/0.0269998), !coefficients=(f2_CtauRes = 0.762904 +/- 12.6501)
[#0] ERROR:Eval -- RooAbsReal::logEvalError(ctauRes32) evaluation error, 
 origin       : RooAddModel::ctauRes32[ x=ctau3D (f2_CtauRes * ctauRes3 + [%] * ctauRes2) ]
 message      : p.d.f value is Not-a-Number (-nan), forcing value to zero
 server values: x=ctau3D=0.142097, !refCoefNorm=(ctau3DErr = 0.0294906,ctau3D = 0.142097), !pdfs=(ctauRes3 = 0/0.0269998,ctauRes2 = 0/0.0269998), !coefficients=(f2_CtauRes = 0.762904 +/- 12.6501)
RooArgSet::dependents = (ctau3D)
RooSetProxy::!refCoefNorm = (ctau3DErr,ctau3D)
RooArgSet::dependents = (ctau3D)
RooSetProxy::!refCoefNorm = (ctau3DErr,ctau3D)
RooArgSet::dependents = (ctau3D)
RooSetProxy::!refCoefNorm = (ctau3DErr,ctau3D)
RooArgSet::dependents = (ctau3D)
RooArgSet::dependents = (ctau3D)
RooSetProxy::!refCoefNorm = (ctau3DErr,ctau3D)
RooSetProxy::!refCoefNorm = (ctau3DErr,ctau3D)
RooArgSet::dependents = (ctau3D)
RooSetProxy::!refCoefNorm = (ctau3DErr,ctau3D)
RooArgSet::dependents = (ctau3D)
RooSetProxy::!refCoefNorm = (ctau3DErr,ctau3D)
RooArgSet::dependents = (ctau3D)
RooSetProxy::!refCoefNorm = (ctau3DErr,ctau3D)
RooArgSet:: = ()
RooSetProxy::!refCoefNorm = (ctau3DErr,ctau3D)
[#0] ERROR:Eval -- RooAbsReal::logEvalError(ctauRes32) evaluation error, 
 origin       : RooAddModel::ctauRes32[ x=ctau3D (f2_CtauRes * ctauRes3 + [%] * ctauRes2) ]
 message      : p.d.f value is Not-a-Number (-nan), forcing value to zero
 server values: x=ctau3D=0.142097, !refCoefNorm=(ctau3DErr = 0.0294906,ctau3D = 0.142097), !pdfs=(ctauRes3 = 0/0.0269998,ctauRes2 = 0/0.0269998), !coefficients=(f2_CtauRes = 0.762904 +/- 12.6501)
[#0] ERROR:Eval -- RooAbsReal::logEvalError(ctauRes32) evaluation error, 
 origin       : RooAddModel::ctauRes32[ x=ctau3D (f2_CtauRes * ctauRes3 + [%] * ctauRes2) ]
 message      : p.d.f value is Not-a-Number (-nan), forcing value to zero
 server values: x=ctau3D=0.142097, !refCoefNorm=(ctau3DErr = 0.0294906,ctau3D = 0.142097), !pdfs=(ctauRes3 = 0/0.0269998,ctauRes2 = 0/0.0269998), !coefficients=(f2_CtauRes = 0.762904 +/- 12.6501)
RooArgSet::dependents = (ctau3D)
RooSetProxy::!refCoefNorm = (ctau3DErr,ctau3D)
RooArgSet::dependents = (ctau3D)
RooSetProxy::!refCoefNorm = (ctau3DErr,ctau3D)
RooArgSet:: = ()
RooSetProxy::!refCoefNorm = (ctau3DErr,ctau3D)
RooArgSet:: = ()
RooSetProxy::!refCoefNorm = (ctau3DErr,ctau3D)
[#0] ERROR:Eval -- RooAbsReal::logEvalError(ctauRes32) evaluation error, 
 origin       : RooAddModel::ctauRes32[ x=ctau3D (f2_CtauRes * ctauRes3 + [%] * ctauRes2) ]
 message      : p.d.f value is Not-a-Number (-nan), forcing value to zero
 server values: x=ctau3D=0.142097, !refCoefNorm=(ctau3DErr = 0.0294906,ctau3D = 0.142097), !pdfs=(ctauRes3 = 0/0.0269998,ctauRes2 = 0/0.0269998), !coefficients=(f2_CtauRes = 0.762904 +/- 12.6501)
RooArgSet:: = ()
RooSetProxy::!refCoefNorm = (ctau3DErr,ctau3D)
RooArgSet:: = ()
RooArgSet:: = ()
[#0] ERROR:Eval -- RooAbsReal::logEvalError(ctauRes32) evaluation error, 
RooSetProxy::!refCoefNorm = (ctau3DErr,ctau3D)
RooSetProxy::!refCoefNorm = (ctau3DErr,ctau3D)
 origin       : RooAddModel::ctauRes32[ x=ctau3D (f2_CtauRes * ctauRes3 + [%] * ctauRes2) ]
 message      : p.d.f value is Not-a-Number (-nan), forcing value to zero
 server values: x=ctau3D=0.142097, !refCoefNorm=(ctau3DErr = 0.0294906,ctau3D = 0.142097), !pdfs=(ctauRes3 = 0/0.0269998,ctauRes2 = 0/0.0269998), !coefficients=(f2_CtauRes = 0.762904 +/- 12.6501)
RooArgSet::dependents = (ctau3D)
RooSetProxy::!refCoefNorm = (ctau3DErr,ctau3D)
RooArgSet:: = ()
RooSetProxy::!refCoefNorm = (ctau3DErr,ctau3D)
RooArgSet::dependents = (ctau3D)
RooSetProxy::!refCoefNorm = (ctau3DErr,ctau3D)
RooArgSet:: = ()
RooSetProxy::!refCoefNorm = (ctau3DErr,ctau3D)
RooArgSet:: = ()
RooArgSet:: = ()
RooSetProxy::!refCoefNorm = (ctau3DErr,ctau3D)
RooSetProxy::!refCoefNorm = (ctau3DErr,ctau3D)
RooArgSet:: = ()
RooSetProxy::!refCoefNorm = (ctau3DErr,ctau3D)
RooArgSet::dependents = (ctau3D)
RooSetProxy::!refCoefNorm = (ctau3DErr,ctau3D)
RooArgSet::dependents = (ctau3D)
RooSetProxy::!refCoefNorm = (ctau3DErr,ctau3D)
[#0] ERROR:Eval -- RooAbsReal::logEvalError(ctauRes32) evaluation error, 
 origin       : RooAddModel::ctauRes32[ x=ctau3D (f2_CtauRes * ctauRes3 + [%] * ctauRes2) ]
 message      : p.d.f value is Not-a-Number (-nan), forcing value to zero
 server values: x=ctau3D=0.142097, !refCoefNorm=(ctau3DErr = 0.0294906,ctau3D = 0.142097), !pdfs=(ctauRes3 = 0/0.0269998,ctauRes2 = 0/0.0269998), !coefficients=(f2_CtauRes = 0.762904 +/- 12.6501)
RooArgSet:: = ()
RooArgSet::dependents = (ctau3D)
RooSetProxy::!refCoefNorm = (ctau3DErr,ctau3D)
RooSetProxy::!refCoefNorm = (ctau3DErr,ctau3D)
RooArgSet::dependents = (ctau3D)
RooSetProxy::!refCoefNorm = (ctau3DErr,ctau3D)
RooArgSet:: = ()
RooSetProxy::!refCoefNorm = (ctau3DErr,ctau3D)
[#0] ERROR:Eval -- RooAbsReal::logEvalError(ctauRes32) evaluation error, 
 origin       : RooAddModel::ctauRes32[ x=ctau3D (f2_CtauRes * ctauRes3 + [%] * ctauRes2) ]
 message      : p.d.f value is Not-a-Number (-nan), forcing value to zero
 server values: x=ctau3D=0.142097, !refCoefNorm=(ctau3DErr = 0.0294906,ctau3D = 0.142097), !pdfs=(ctauRes3 = 0/0.0269998,ctauRes2 = 0/0.0269998), !coefficients=(f2_CtauRes = 0.762904 +/- 12.6501)
[#0] ERROR:Eval -- RooAbsReal::logEvalError(ctauRes32) evaluation error, 
 origin       : RooAddModel::ctauRes32[ x=ctau3D (f2_CtauRes * ctauRes3 + [%] * ctauRes2) ]
 message      : p.d.f value is Not-a-Number (-nan), forcing value to zero
 server values: x=ctau3D=0.142097, !refCoefNorm=(ctau3DErr = 0.0294906,ctau3D = 0.142097), !pdfs=(ctauRes3 = 0/0.0269998,ctauRes2 = 0/0.0269998), !coefficients=(f2_CtauRes = 0.762904 +/- 12.6501)
RooArgSet::dependents = (ctau3D)
RooSetProxy::!refCoefNorm = (ctau3DErr,ctau3D)
RooArgSet::dependents = (ctau3D)
RooSetProxy::!refCoefNorm = (ctau3DErr,ctau3D)
[#0] ERROR:Eval -- RooAbsReal::logEvalError(ctauRes32) evaluation error, 
 origin       : RooAddModel::ctauRes32[ x=ctau3D (f2_CtauRes * ctauRes3 + [%] * ctauRes2) ]
 message      : p.d.f value is Not-a-Number (-nan), forcing value to zero
 server values: x=ctau3D=0.142097, !refCoefNorm=(ctau3DErr = 0.0294906,ctau3D = 0.142097), !pdfs=(ctauRes3 = 0/0.0269998,ctauRes2 = 0/0.0269998), !coefficients=(f2_CtauRes = 0.762904 +/- 12.6501)
RooArgSet::dependents = (ctau3D)
RooSetProxy::!refCoefNorm = (ctau3DErr,ctau3D)
RooArgSet::dependents = (ctau3D)
RooSetProxy::!refCoefNorm = (ctau3DErr,ctau3D)
RooArgSet::dependents = (ctau3D)
RooSetProxy::!refCoefNorm = (ctau3DErr,ctau3D)
RooArgSet:: = ()
RooSetProxy::!refCoefNorm = (ctau3DErr,ctau3D)
RooArgSet::dependents = (ctau3D)
RooSetProxy::!refCoefNorm = (ctau3DErr,ctau3D)
RooArgSet::dependents = (ctau3D)
RooSetProxy::!refCoefNorm = (ctau3DErr,ctau3D)
RooArgSet::dependents = (ctau3D)
RooSetProxy::!refCoefNorm = (ctau3DErr,ctau3D)
RooArgSet::dependents = (ctau3D)
RooSetProxy::!refCoefNorm = (ctau3DErr,ctau3D)
RooArgSet:: = ()
RooSetProxy::!refCoefNorm = (ctau3DErr,ctau3D)
RooArgSet::dependents = (ctau3D)
RooSetProxy::!refCoefNorm = (ctau3DErr,ctau3D)
RooArgSet:: = ()
RooSetProxy::!refCoefNorm = (ctau3DErr,ctau3D)
RooArgSet::dependents = (ctau3D)
RooSetProxy::!refCoefNorm = (ctau3DErr,ctau3D)
RooArgSet::dependents = (ctau3D)
RooSetProxy::!refCoefNorm = (ctau3DErr,ctau3D)
RooArgSet:: = ()
RooSetProxy::!refCoefNorm = (ctau3DErr,ctau3D)
RooArgSet:: = ()
RooSetProxy::!refCoefNorm = (ctau3DErr,ctau3D)
RooArgSet:: = ()
RooSetProxy::!refCoefNorm = (ctau3DErr,ctau3D)
RooArgSet:: = ()
RooSetProxy::!refCoefNorm = (ctau3DErr,ctau3D)
RooArgSet::dependents = (ctau3D)
RooSetProxy::!refCoefNorm = (ctau3DErr,ctau3D)
RooArgSet::dependents = (ctau3D)
RooSetProxy::!refCoefNorm = (ctau3DErr,ctau3D)
RooArgSet::dependents = (ctau3D)
RooSetProxy::!refCoefNorm = (ctau3DErr,ctau3D)
RooArgSet::dependents = (ctau3D)
RooSetProxy::!refCoefNorm = (ctau3DErr,ctau3D)
RooArgSet::dependents = (ctau3D)
RooSetProxy::!refCoefNorm = (ctau3DErr,ctau3D)
RooArgSet::dependents = (ctau3D)
RooSetProxy::!refCoefNorm = (ctau3DErr,ctau3D)
RooArgSet:: = ()
RooSetProxy::!refCoefNorm = (ctau3DErr,ctau3D)
RooArgSet:: = ()
RooSetProxy::!refCoefNorm = (ctau3DErr,ctau3D)
RooArgSet::dependents = (ctau3D)
RooSetProxy::!refCoefNorm = (ctau3DErr,ctau3D)
RooArgSet::dependents = (ctau3D)
RooSetProxy::!refCoefNorm = (ctau3DErr,ctau3D)
RooArgSet:: = ()
RooSetProxy::!refCoefNorm = (ctau3DErr,ctau3D)
[#0] ERROR:Eval -- RooAbsReal::logEvalError(ctauRes32) evaluation error, 
 origin       : RooAddModel::ctauRes32[ x=ctau3D (f2_CtauRes * ctauRes3 + [%] * ctauRes2) ]
 message      : p.d.f value is Not-a-Number (-nan), forcing value to zero
 server values: x=ctau3D=0.142097, !refCoefNorm=(ctau3DErr = 0.0294906,ctau3D = 0.142097), !pdfs=(ctauRes3 = 0/0.0269998,ctauRes2 = 0/0.0269998), !coefficients=(f2_CtauRes = 0.762904 +/- 12.6501)
[#0] ERROR:Eval -- RooAbsReal::logEvalError(ctauRes32) evaluation error, 
 origin       : RooAddModel::ctauRes32[ x=ctau3D (f2_CtauRes * ctauRes3 + [%] * ctauRes2) ]
 message      : p.d.f value is Not-a-Number (-nan), forcing value to zero
 server values: x=ctau3D=0.142097, !refCoefNorm=(ctau3DErr = 0.0294906,ctau3D = 0.142097), !pdfs=(ctauRes3 = 0/0.0269998,ctauRes2 = 0/0.0269998), !coefficients=(f2_CtauRes = 0.762904 +/- 12.6501)
RooArgSet::dependents = (ctau3D)
RooSetProxy::!refCoefNorm = (ctau3DErr,ctau3D)
RooArgSet::dependents = (ctau3D)
RooSetProxy::!refCoefNorm = (ctau3DErr,ctau3D)
RooArgSet:: = ()
RooSetProxy::!refCoefNorm = (ctau3DErr,ctau3D)
RooArgSet:: = ()
RooSetProxy::!refCoefNorm = (ctau3DErr,ctau3D)
RooArgSet::dependents = (ctau3D)
RooSetProxy::!refCoefNorm = (ctau3DErr,ctau3D)
RooArgSet::dependents = (ctau3D)
RooSetProxy::!refCoefNorm = (ctau3DErr,ctau3D)
RooArgSet:: = ()
RooArgSet:: = ()
RooSetProxy::!refCoefNorm = (ctau3DErr,ctau3D)
RooSetProxy::!refCoefNorm = (ctau3DErr,ctau3D)
RooArgSet:: = ()
RooSetProxy::!refCoefNorm = (ctau3DErr,ctau3D)
[#0] ERROR:Eval -- RooAbsReal::logEvalError(ctauRes32) evaluation error, 
[#0] ERROR:Eval -- RooAbsReal::logEvalError(ctauRes32) evaluation error, 
 origin       : RooAddModel::ctauRes32[ x=ctau3D (f2_CtauRes * ctauRes3 + [%] * ctauRes2) ]
 origin       : RooAddModel::ctauRes32[ x=ctau3D (f2_CtauRes * ctauRes3 + [%] * ctauRes2) ]
 message      : p.d.f value is Not-a-Number (-nan), forcing value to zero
 message      : p.d.f value is Not-a-Number (-nan), forcing value to zero
 server values: x=ctau3D=0.142097, !refCoefNorm=(ctau3DErr = 0.0294906,ctau3D = 0.142097), !pdfs=(ctauRes3 = 0/0.0269998,ctauRes2 = 0/0.0269998), !coefficients=(f2_CtauRes = 0.762904 +/- 12.6501)
 server values: x=ctau3D=0.142097, !refCoefNorm=(ctau3DErr = 0.0294906,ctau3D = 0.142097), !pdfs=(ctauRes3 = 0/0.0269998,ctauRes2 = 0/0.0269998), !coefficients=(f2_CtauRes = 0.762904 +/- 12.6501)
[#0] ERROR:Eval -- RooAbsReal::logEvalError(ctauRes32) evaluation error, 
 origin       : RooAddModel::ctauRes32[ x=ctau3D (f2_CtauRes * ctauRes3 + [%] * ctauRes2) ]
 message      : p.d.f value is Not-a-Number (-nan), forcing value to zero
 server values: x=ctau3D=0.142097, !refCoefNorm=(ctau3DErr = 0.0294906,ctau3D = 0.142097), !pdfs=(ctauRes3 = 0/0.0269998,ctauRes2 = 0/0.0269998), !coefficients=(f2_CtauRes = 0.762904 +/- 12.6501)
[#0] ERROR:Eval -- RooAbsReal::logEvalError(ctauRes32) evaluation error, 
 origin       : RooAddModel::ctauRes32[ x=ctau3D (f2_CtauRes * ctauRes3 + [%] * ctauRes2) ]
[#0] ERROR:Eval -- RooAbsReal::logEvalError(ctauRes32) evaluation error, 
 message      : p.d.f value is Not-a-Number (-nan), forcing value to zero
 origin       : RooAddModel::ctauRes32[ x=ctau3D (f2_CtauRes * ctauRes3 + [%] * ctauRes2) ]
 server values: x=ctau3D=0.142097, !refCoefNorm=(ctau3DErr = 0.0294906,ctau3D = 0.142097), !pdfs=(ctauRes3 = 0/0.0269998,ctauRes2 = 0/0.0269998), !coefficients=(f2_CtauRes = 0.762904 +/- 12.6501)
 message      : p.d.f value is Not-a-Number (-nan), forcing value to zero
 server values: x=ctau3D=0.142097, !refCoefNorm=(ctau3DErr = 0.0294906,ctau3D = 0.142097), !pdfs=(ctauRes3 = 0/0.0269998,ctauRes2 = 0/0.0269998), !coefficients=(f2_CtauRes = 0.762904 +/- 12.6501)
[#0] ERROR:Eval -- RooAbsReal::logEvalError(ctauRes32) evaluation error, 
 origin       : RooAddModel::ctauRes32[ x=ctau3D (f2_CtauRes * ctauRes3 + [%] * ctauRes2) ]
 message      : p.d.f value is Not-a-Number (-nan), forcing value to zero
 server values: x=ctau3D=0.142097, !refCoefNorm=(ctau3DErr = 0.0294906,ctau3D = 0.142097), !pdfs=(ctauRes3 = 0/0.0269998,ctauRes2 = 0/0.0269998), !coefficients=(f2_CtauRes = 0.762904 +/- 12.6501)
RooArgSet:: = ()
RooSetProxy::!refCoefNorm = (ctau3DErr,ctau3D)
RooArgSet::dependents = (ctau3D)
RooSetProxy::!refCoefNorm = (ctau3DErr,ctau3D)
RooArgSet::dependents = (ctau3D)
RooSetProxy::!refCoefNorm = (ctau3DErr,ctau3D)
RooArgSet::dependents = (ctau3D)
RooSetProxy::!refCoefNorm = (ctau3DErr,ctau3D)
RooArgSet::dependents = (ctau3D)
RooSetProxy::!refCoefNorm = (ctau3DErr,ctau3D)
RooArgSet::dependents = (ctau3D)
RooSetProxy::!refCoefNorm = (ctau3DErr,ctau3D)
[#0] ERROR:Eval -- RooAbsReal::logEvalError(ctauRes32) evaluation error, 
RooArgSet::dependents = (ctau3D)
 origin       : RooAddModel::ctauRes32[ x=ctau3D (f2_CtauRes * ctauRes3 + [%] * ctauRes2) ]
RooSetProxy::!refCoefNorm = (ctau3DErr,ctau3D)
 message      : p.d.f value is Not-a-Number (-nan), forcing value to zero
 server values: x=ctau3D=0.142097, !refCoefNorm=(ctau3DErr = 0.0294906,ctau3D = 0.142097), !pdfs=(ctauRes3 = 0/0.0269998,ctauRes2 = 0/0.0269998), !coefficients=(f2_CtauRes = 0.762904 +/- 12.6501)
RooArgSet:: = ()
RooSetProxy::!refCoefNorm = (ctau3DErr,ctau3D)
RooArgSet:: = ()
RooSetProxy::!refCoefNorm = (ctau3DErr,ctau3D)
RooArgSet:: = ()
RooSetProxy::!refCoefNorm = (ctau3DErr,ctau3D)
RooArgSet:: = ()
[#0] ERROR:Eval -- RooAbsReal::logEvalError(ctauRes32) evaluation error, 
 origin       : RooAddModel::ctauRes32[ x=ctau3D (f2_CtauRes * ctauRes3 + [%] * ctauRes2) ]
RooSetProxy::!refCoefNorm = (ctau3DErr,ctau3D)
 message      : p.d.f value is Not-a-Number (-nan), forcing value to zero
 server values: x=ctau3D=0.142097, !refCoefNorm=(ctau3DErr = 0.0294906,ctau3D = 0.142097), !pdfs=(ctauRes3 = 0/0.0269998,ctauRes2 = 0/0.0269998), !coefficients=(f2_CtauRes = 0.762904 +/- 12.6501)
[#0] ERROR:Eval -- RooAbsReal::logEvalError(ctauRes32) evaluation error, 
 origin       : RooAddModel::ctauRes32[ x=ctau3D (f2_CtauRes * ctauRes3 + [%] * ctauRes2) ]
 message      : p.d.f value is Not-a-Number (-nan), forcing value to zero
 server values: x=ctau3D=0.142097, !refCoefNorm=(ctau3DErr = 0.0294906,ctau3D = 0.142097), !pdfs=(ctauRes3 = 0/0.0269998,ctauRes2 = 0/0.0269998), !coefficients=(f2_CtauRes = 0.762904 +/- 12.6501)
[#0] ERROR:Eval -- RooAbsReal::logEvalError(ctauRes32) evaluation error, 
 origin       : RooAddModel::ctauRes32[ x=ctau3D (f2_CtauRes * ctauRes3 + [%] * ctauRes2) ]
 message      : p.d.f value is Not-a-Number (-nan), forcing value to zero
 server values: x=ctau3D=0.142097, !refCoefNorm=(ctau3DErr = 0.0294906,ctau3D = 0.142097), !pdfs=(ctauRes3 = 0/0.0269998,ctauRes2 = 0/0.0269998), !coefficients=(f2_CtauRes = 0.762904 +/- 12.6501)
[#0] ERROR:Eval -- RooAbsReal::logEvalError(ctauRes32) evaluation error, 
 origin       : RooAddModel::ctauRes32[ x=ctau3D (f2_CtauRes * ctauRes3 + [%] * ctauRes2) ]
 message      : p.d.f value is Not-a-Number (-nan), forcing value to zero
 server values: x=ctau3D=0.142097, !refCoefNorm=(ctau3DErr = 0.0294906,ctau3D = 0.142097), !pdfs=(ctauRes3 = 0/0.0269998,ctauRes2 = 0/0.0269998), !coefficients=(f2_CtauRes = 0.762904 +/- 12.6501)
[#0] ERROR:Eval -- RooAbsReal::logEvalError(ctauRes32) evaluation error, 
 origin       : RooAddModel::ctauRes32[ x=ctau3D (f2_CtauRes * ctauRes3 + [%] * ctauRes2) ]
 message      : p.d.f value is Not-a-Number (-nan), forcing value to zero
 server values: x=ctau3D=0.142097, !refCoefNorm=(ctau3DErr = 0.0294906,ctau3D = 0.142097), !pdfs=(ctauRes3 = 0/0.0269998,ctauRes2 = 0/0.0269998), !coefficients=(f2_CtauRes = 0.762904 +/- 12.6501)
[#0] ERROR:Eval -- RooAbsReal::logEvalError(ctauRes32) evaluation error, 
 origin       : RooAddModel::ctauRes32[ x=ctau3D (f2_CtauRes * ctauRes3 + [%] * ctauRes2) ]
 message      : p.d.f value is Not-a-Number (-nan), forcing value to zero
 server values: x=ctau3D=0.142097, !refCoefNorm=(ctau3DErr = 0.0294906,ctau3D = 0.142097), !pdfs=(ctauRes3 = 0/0.0269998,ctauRes2 = 0/0.0269998), !coefficients=(f2_CtauRes = 0.762904 +/- 12.6501)
[#0] ERROR:Eval -- RooAbsReal::logEvalError(ctauRes32) evaluation error, 
 origin       : RooAddModel::ctauRes32[ x=ctau3D (f2_CtauRes * ctauRes3 + [%] * ctauRes2) ]
 message      : p.d.f value is Not-a-Number (-nan), forcing value to zero
 server values: x=ctau3D=0.142097, !refCoefNorm=(ctau3DErr = 0.0294906,ctau3D = 0.142097), !pdfs=(ctauRes3 = 0/0.0269998,ctauRes2 = 0/0.0269998), !coefficients=(f2_CtauRes = 0.762904 +/- 12.6501)
[#0] ERROR:Eval -- RooAbsReal::logEvalError(ctauRes32) evaluation error, 
RooArgSet::dependents = (ctau3D)
 origin       : RooAddModel::ctauRes32[ x=ctau3D (f2_CtauRes * ctauRes3 + [%] * ctauRes2) ]
 message      : p.d.f value is Not-a-Number (-nan), forcing value to zero
RooSetProxy::!refCoefNorm = (ctau3DErr,ctau3D)
 server values: x=ctau3D=0.142097, !refCoefNorm=(ctau3DErr = 0.0294906,ctau3D = 0.142097), !pdfs=(ctauRes3 = 0/0.0269998,ctauRes2 = 0/0.0269998), !coefficients=(f2_CtauRes = 0.762904 +/- 12.6501)
[#0] ERROR:Eval -- RooAbsReal::logEvalError(ctauRes32) evaluation error, 
 origin       : RooAddModel::ctauRes32[ x=ctau3D (f2_CtauRes * ctauRes3 + [%] * ctauRes2) ]
 message      : p.d.f value is Not-a-Number (-nan), forcing value to zero
 server values: x=ctau3D=0.142097, !refCoefNorm=(ctau3DErr = 0.0294906,ctau3D = 0.142097), !pdfs=(ctauRes3 = 0/0.0269998,ctauRes2 = 0/0.0269998), !coefficients=(f2_CtauRes = 0.762904 +/- 12.6501)
RooArgSet::dependents = (ctau3D)
RooSetProxy::!refCoefNorm = (ctau3DErr,ctau3D)
RooArgSet::dependents = (ctau3D)
RooSetProxy::!refCoefNorm = (ctau3DErr,ctau3D)
RooArgSet::dependents = (ctau3D)
RooSetProxy::!refCoefNorm = (ctau3DErr,ctau3D)
RooArgSet::dependents = (ctau3D)
RooSetProxy::!refCoefNorm = (ctau3DErr,ctau3D)
RooArgSet::dependents = (ctau3D)
RooSetProxy::!refCoefNorm = (ctau3DErr,ctau3D)
RooArgSet::dependents = (ctau3D)
RooSetProxy::!refCoefNorm = (ctau3DErr,ctau3D)
RooArgSet::dependents = (ctau3D)
RooSetProxy::!refCoefNorm = (ctau3DErr,ctau3D)
RooArgSet::dependents = (ctau3D)
RooSetProxy::!refCoefNorm = (ctau3DErr,ctau3D)
RooArgSet::dependents = (ctau3D)
RooSetProxy::!refCoefNorm = (ctau3DErr,ctau3D)
RooArgSet:: = ()
RooSetProxy::!refCoefNorm = (ctau3DErr,ctau3D)
RooArgSet:: = ()
RooSetProxy::!refCoefNorm = (ctau3DErr,ctau3D)
RooArgSet:: = ()
RooSetProxy::!refCoefNorm = (ctau3DErr,ctau3D)
RooArgSet:: = ()
RooArgSet:: = ()
RooSetProxy::!refCoefNorm = (ctau3DErr,ctau3D)
RooSetProxy::!refCoefNorm = (ctau3DErr,ctau3D)
RooArgSet:: = ()
RooSetProxy::!refCoefNorm = (ctau3DErr,ctau3D)
RooArgSet:: = ()
RooSetProxy::!refCoefNorm = (ctau3DErr,ctau3D)
RooArgSet:: = ()
RooSetProxy::!refCoefNorm = (ctau3DErr,ctau3D)
RooArgSet:: = ()
RooSetProxy::!refCoefNorm = (ctau3DErr,ctau3D)
RooArgSet:: = ()
RooSetProxy::!refCoefNorm = (ctau3DErr,ctau3D)
RooArgSet:: = ()
RooSetProxy::!refCoefNorm = (ctau3DErr,ctau3D)
RooArgSet::dependents = (ctau3D)
RooSetProxy::!refCoefNorm = (ctau3DErr,ctau3D)
RooArgSet::dependents = (ctau3D)
RooSetProxy::!refCoefNorm = (ctau3DErr,ctau3D)
RooArgSet::dependents = (ctau3D)
RooSetProxy::!refCoefNorm = (ctau3DErr,ctau3D)
RooArgSet:: = ()
RooSetProxy::!refCoefNorm = (ctau3DErr,ctau3D)
RooArgSet:: = ()
RooSetProxy::!refCoefNorm = (ctau3DErr,ctau3D)
RooArgSet:: = ()
RooSetProxy::!refCoefNorm = (ctau3DErr,ctau3D)
RooArgSet:: = ()
RooSetProxy::!refCoefNorm = (ctau3DErr,ctau3D)
RooArgSet::dependents = (ctau3D)
RooSetProxy::!refCoefNorm = (ctau3DErr,ctau3D)
RooArgSet:: = ()
RooSetProxy::!refCoefNorm = (ctau3DErr,ctau3D)
RooArgSet::dependents = (ctau3D)
RooSetProxy::!refCoefNorm = (ctau3DErr,ctau3D)
RooArgSet::dependents = (ctau3D)
RooSetProxy::!refCoefNorm = (ctau3DErr,ctau3D)
RooArgSet::dependents = (ctau3D)
RooSetProxy::!refCoefNorm = (ctau3DErr,ctau3D)
RooArgSet::dependents = (ctau3D)
RooSetProxy::!refCoefNorm = (ctau3DErr,ctau3D)
RooArgSet::dependents = (ctau3D)
RooSetProxy::!refCoefNorm = (ctau3DErr,ctau3D)
RooArgSet::dependents = (ctau3D)
RooSetProxy::!refCoefNorm = (ctau3DErr,ctau3D)
RooArgSet::dependents = (ctau3D)
RooSetProxy::!refCoefNorm = (ctau3DErr,ctau3D)
RooArgSet::dependents = (ctau3D)
RooSetProxy::!refCoefNorm = (ctau3DErr,ctau3D)
RooArgSet::dependents = (ctau3D)
RooSetProxy::!refCoefNorm = (ctau3DErr,ctau3D)
RooArgSet::dependents = (ctau3D)
RooSetProxy::!refCoefNorm = (ctau3DErr,ctau3D)
RooArgSet::dependents = (ctau3D)
RooSetProxy::!refCoefNorm = (ctau3DErr,ctau3D)
RooArgSet::dependents = (ctau3D)
RooSetProxy::!refCoefNorm = (ctau3DErr,ctau3D)
RooArgSet::dependents = (ctau3D)
RooSetProxy::!refCoefNorm = (ctau3DErr,ctau3D)
RooArgSet::dependents = (ctau3D)
RooSetProxy::!refCoefNorm = (ctau3DErr,ctau3D)
RooArgSet:: = ()
RooSetProxy::!refCoefNorm = (ctau3DErr,ctau3D)
RooArgSet:: = ()
RooSetProxy::!refCoefNorm = (ctau3DErr,ctau3D)
RooArgSet::dependents = (ctau3D)
RooSetProxy::!refCoefNorm = (ctau3DErr,ctau3D)
RooArgSet::dependents = (ctau3D)
RooSetProxy::!refCoefNorm = (ctau3DErr,ctau3D)
RooArgSet:: = ()
RooSetProxy::!refCoefNorm = (ctau3DErr,ctau3D)
[#0] ERROR:Eval -- RooAbsReal::logEvalError(ctauRes32) evaluation error, 
 origin       : RooAddModel::ctauRes32[ x=ctau3D (f2_CtauRes * ctauRes3 + [%] * ctauRes2) ]
 message      : p.d.f value is Not-a-Number (-nan), forcing value to zero
 server values: x=ctau3D=0.142097, !refCoefNorm=(ctau3DErr = 0.0294906,ctau3D = 0.142097), !pdfs=(ctauRes3 = 0/0.0269998,ctauRes2 = 0/0.0269998), !coefficients=(f2_CtauRes = 0.762904 +/- 12.6501)
[#0] ERROR:Eval -- RooAbsReal::logEvalError(ctauRes32) evaluation error, 
 origin       : RooAddModel::ctauRes32[ x=ctau3D (f2_CtauRes * ctauRes3 + [%] * ctauRes2) ]
 message      : p.d.f value is Not-a-Number (-nan), forcing value to zero
 server values: x=ctau3D=0.142097, !refCoefNorm=(ctau3DErr = 0.0294906,ctau3D = 0.142097), !pdfs=(ctauRes3 = 0/0.0269998,ctauRes2 = 0/0.0269998), !coefficients=(f2_CtauRes = 0.762904 +/- 12.6501)
RooArgSet::dependents = (ctau3D)
RooSetProxy::!refCoefNorm = (ctau3DErr,ctau3D)
RooArgSet::dependents = (ctau3D)
RooSetProxy::!refCoefNorm = (ctau3DErr,ctau3D)
RooArgSet:: = ()
RooSetProxy::!refCoefNorm = (ctau3DErr,ctau3D)
RooArgSet:: = ()
RooSetProxy::!refCoefNorm = (ctau3DErr,ctau3D)
RooArgSet::dependents = (ctau3D)
RooSetProxy::!refCoefNorm = (ctau3DErr,ctau3D)
RooArgSet::dependents = (ctau3D)
RooSetProxy::!refCoefNorm = (ctau3DErr,ctau3D)
RooArgSet:: = ()
RooSetProxy::!refCoefNorm = (ctau3DErr,ctau3D)
RooArgSet:: = ()
RooSetProxy::!refCoefNorm = (ctau3DErr,ctau3D)
[#0] ERROR:Eval -- RooAbsReal::logEvalError(ctauRes32) evaluation error, 
 origin       : RooAddModel::ctauRes32[ x=ctau3D (f2_CtauRes * ctauRes3 + [%] * ctauRes2) ]
 message      : p.d.f value is Not-a-Number (-nan), forcing value to zero
 server values: x=ctau3D=0.142097, !refCoefNorm=(ctau3DErr = 0.0294906,ctau3D = 0.142097), !pdfs=(ctauRes3 = 0/0.0269998,ctauRes2 = 0/0.0269998), !coefficients=(f2_CtauRes = 0.762904 +/- 12.6501)
[#0] ERROR:Eval -- RooAbsReal::logEvalError(ctauRes32) evaluation error, 
 origin       : RooAddModel::ctauRes32[ x=ctau3D (f2_CtauRes * ctauRes3 + [%] * ctauRes2) ]
 message      : p.d.f value is Not-a-Number (-nan), forcing value to zero
 server values: x=ctau3D=0.142097, !refCoefNorm=(ctau3DErr = 0.0294906,ctau3D = 0.142097), !pdfs=(ctauRes3 = 0/0.0269998,ctauRes2 = 0/0.0269998), !coefficients=(f2_CtauRes = 0.762904 +/- 12.6501)
[#0] ERROR:Eval -- RooAbsReal::logEvalError(ctauRes32) evaluation error, 
 origin       : RooAddModel::ctauRes32[ x=ctau3D (f2_CtauRes * ctauRes3 + [%] * ctauRes2) ]
 message      : p.d.f value is Not-a-Number (-nan), forcing value to zero
 server values: x=ctau3D=0.142097, !refCoefNorm=(ctau3DErr = 0.0294906,ctau3D = 0.142097), !pdfs=(ctauRes3 = 0/0.0269998,ctauRes2 = 0/0.0269998), !coefficients=(f2_CtauRes = 0.762904 +/- 12.6501)
[#0] ERROR:Eval -- RooAbsReal::logEvalError(ctauRes32) evaluation error, 
 origin       : RooAddModel::ctauRes32[ x=ctau3D (f2_CtauRes * ctauRes3 + [%] * ctauRes2) ]
 message      : p.d.f value is Not-a-Number (-nan), forcing value to zero
 server values: x=ctau3D=0.142097, !refCoefNorm=(ctau3DErr = 0.0294906,ctau3D = 0.142097), !pdfs=(ctauRes3 = 0/0.0269998,ctauRes2 = 0/0.0269998), !coefficients=(f2_CtauRes = 0.762904 +/- 12.6501)
RooArgSet::dependents = (ctau3D)
RooSetProxy::!refCoefNorm = (ctau3DErr,ctau3D)
RooArgSet:: = ()
RooSetProxy::!refCoefNorm = (ctau3DErr,ctau3D)
RooArgSet::dependents = (ctau3D)
RooSetProxy::!refCoefNorm = (ctau3DErr,ctau3D)
RooArgSet::dependents = (ctau3D)
RooSetProxy::!refCoefNorm = (ctau3DErr,ctau3D)
RooArgSet::dependents = (ctau3D)
RooSetProxy::!refCoefNorm = (ctau3DErr,ctau3D)
[#0] ERROR:Eval -- RooAbsReal::logEvalError(ctauRes32) evaluation error, 
 origin       : RooAddModel::ctauRes32[ x=ctau3D (f2_CtauRes * ctauRes3 + [%] * ctauRes2) ]
 message      : p.d.f value is Not-a-Number (-nan), forcing value to zero
 server values: x=ctau3D=0.142097, !refCoefNorm=(ctau3DErr = 0.0294906,ctau3D = 0.142097), !pdfs=(ctauRes3 = 0/0.0269998,ctauRes2 = 0/0.0269998), !coefficients=(f2_CtauRes = 0.762904 +/- 12.6501)
RooArgSet:: = ()
RooSetProxy::!refCoefNorm = (ctau3DErr,ctau3D)
[#0] ERROR:Eval -- RooAbsReal::logEvalError(ctauRes32) evaluation error, 
RooArgSet:: = ()
 origin       : RooAddModel::ctauRes32[ x=ctau3D (f2_CtauRes * ctauRes3 + [%] * ctauRes2) ]
RooArgSet:: = ()
RooSetProxy::!refCoefNorm = (ctau3DErr,ctau3D)
 message      : p.d.f value is Not-a-Number (-nan), forcing value to zero
RooSetProxy::!refCoefNorm = (ctau3DErr,ctau3D)
 server values: x=ctau3D=0.142097, !refCoefNorm=(ctau3DErr = 0.0294906,ctau3D = 0.142097), !pdfs=(ctauRes3 = 0/0.0269998,ctauRes2 = 0/0.0269998), !coefficients=(f2_CtauRes = 0.762904 +/- 12.6501)
[#0] ERROR:Eval -- RooAbsReal::logEvalError(ctauRes32) evaluation error, 
 origin       : RooAddModel::ctauRes32[ x=ctau3D (f2_CtauRes * ctauRes3 + [%] * ctauRes2) ]
 message      : p.d.f value is Not-a-Number (-nan), forcing value to zero
 server values: x=ctau3D=0.142097, !refCoefNorm=(ctau3DErr = 0.0294906,ctau3D = 0.142097), !pdfs=(ctauRes3 = 0/0.0269998,ctauRes2 = 0/0.0269998), !coefficients=(f2_CtauRes = 0.762904 +/- 12.6501)
RooArgSet:: = ()
RooSetProxy::!refCoefNorm = (ctau3DErr,ctau3D)
[#0] ERROR:Eval -- RooAbsReal::logEvalError(ctauRes32) evaluation error, 
 origin       : RooAddModel::ctauRes32[ x=ctau3D (f2_CtauRes * ctauRes3 + [%] * ctauRes2) ]
 message      : p.d.f value is Not-a-Number (-nan), forcing value to zero
 server values: x=ctau3D=0.142097, !refCoefNorm=(ctau3DErr = 0.0294906,ctau3D = 0.142097), !pdfs=(ctauRes3 = 0/0.0269998,ctauRes2 = 0/0.0269998), !coefficients=(f2_CtauRes = 0.762904 +/- 12.6501)
[#0] ERROR:Eval -- RooAbsReal::logEvalError(ctauRes32) evaluation error, 
 origin       : RooAddModel::ctauRes32[ x=ctau3D (f2_CtauRes * ctauRes3 + [%] * ctauRes2) ]
 message      : p.d.f value is Not-a-Number (-nan), forcing value to zero
 server values: x=ctau3D=0.142097, !refCoefNorm=(ctau3DErr = 0.0294906,ctau3D = 0.142097), !pdfs=(ctauRes3 = 0/0.0269998,ctauRes2 = 0/0.0269998), !coefficients=(f2_CtauRes = 0.762904 +/- 12.6501)
[#0] ERROR:Eval -- RooAbsReal::logEvalError(ctauRes32) evaluation error, 
 origin       : RooAddModel::ctauRes32[ x=ctau3D (f2_CtauRes * ctauRes3 + [%] * ctauRes2) ]
 message      : p.d.f value is Not-a-Number (-nan), forcing value to zero
 server values: x=ctau3D=0.142097, !refCoefNorm=(ctau3DErr = 0.0294906,ctau3D = 0.142097), !pdfs=(ctauRes3 = 0/0.0269998,ctauRes2 = 0/0.0269998), !coefficients=(f2_CtauRes = 0.762904 +/- 12.6501)
[#0] ERROR:Eval -- RooAbsReal::logEvalError(ctauRes32) evaluation error, 
 origin       : RooAddModel::ctauRes32[ x=ctau3D (f2_CtauRes * ctauRes3 + [%] * ctauRes2) ]
 message      : p.d.f value is Not-a-Number (-nan), forcing value to zero
 server values: x=ctau3D=0.142097, !refCoefNorm=(ctau3DErr = 0.0294906,ctau3D = 0.142097), !pdfs=(ctauRes3 = 0/0.0269998,ctauRes2 = 0/0.0269998), !coefficients=(f2_CtauRes = 0.762904 +/- 12.6501)
RooArgSet::dependents = (ctau3D)
RooSetProxy::!refCoefNorm = (ctau3DErr,ctau3D)
[#0] ERROR:Eval -- RooAbsReal::logEvalError(ctauRes32) evaluation error, 
 origin       : RooAddModel::ctauRes32[ x=ctau3D (f2_CtauRes * ctauRes3 + [%] * ctauRes2) ]
 message      : p.d.f value is Not-a-Number (-nan), forcing value to zero
 server values: x=ctau3D=0.142097, !refCoefNorm=(ctau3DErr = 0.0294906,ctau3D = 0.142097), !pdfs=(ctauRes3 = 0/0.0269998,ctauRes2 = 0/0.0269998), !coefficients=(f2_CtauRes = 0.762904 +/- 12.6501)
[#0] ERROR:Eval -- RooAbsReal::logEvalError(ctauRes32) evaluation error, 
 origin       : RooAddModel::ctauRes32[ x=ctau3D (f2_CtauRes * ctauRes3 + [%] * ctauRes2) ]
 message      : p.d.f value is Not-a-Number (-nan), forcing value to zero
 server values: x=ctau3D=0.142097, !refCoefNorm=(ctau3DErr = 0.0294906,ctau3D = 0.142097), !pdfs=(ctauRes3 = 0/0.0269998,ctauRes2 = 0/0.0269998), !coefficients=(f2_CtauRes = 0.762904 +/- 12.6501)
RooArgSet::dependents = (ctau3D)
[#0] ERROR:Eval -- RooAbsReal::logEvalError(ctauRes32) evaluation error, 
RooSetProxy::!refCoefNorm = (ctau3DErr,ctau3D)
 origin       : RooAddModel::ctauRes32[ x=ctau3D (f2_CtauRes * ctauRes3 + [%] * ctauRes2) ]
 message      : p.d.f value is Not-a-Number (-nan), forcing value to zero
 server values: x=ctau3D=0.142097, !refCoefNorm=(ctau3DErr = 0.0294906,ctau3D = 0.142097), !pdfs=(ctauRes3 = 0/0.0269998,ctauRes2 = 0/0.0269998), !coefficients=(f2_CtauRes = 0.762904 +/- 12.6501)
RooArgSet::dependents = (ctau3D)
RooSetProxy::!refCoefNorm = (ctau3DErr,ctau3D)
RooArgSet::dependents = (ctau3D)
RooSetProxy::!refCoefNorm = (ctau3DErr,ctau3D)
RooArgSet::dependents = (ctau3D)
RooSetProxy::!refCoefNorm = (ctau3DErr,ctau3D)
RooArgSet::dependents = (ctau3D)
RooSetProxy::!refCoefNorm = (ctau3DErr,ctau3D)
RooArgSet::dependents = (ctau3D)
RooArgSet::dependents = (ctau3D)
RooSetProxy::!refCoefNorm = (ctau3DErr,ctau3D)
RooArgSet::dependents = (ctau3D)
RooSetProxy::!refCoefNorm = (ctau3DErr,ctau3D)
RooSetProxy::!refCoefNorm = (ctau3DErr,ctau3D)
RooArgSet::dependents = (ctau3D)
RooSetProxy::!refCoefNorm = (ctau3DErr,ctau3D)
RooArgSet:: = ()
RooSetProxy::!refCoefNorm = (ctau3DErr,ctau3D)
[#0] ERROR:Eval -- RooAbsReal::logEvalError(ctauRes32) evaluation error, 
 origin       : RooAddModel::ctauRes32[ x=ctau3D (f2_CtauRes * ctauRes3 + [%] * ctauRes2) ]
 message      : p.d.f value is Not-a-Number (-nan), forcing value to zero
 server values: x=ctau3D=0.142097, !refCoefNorm=(ctau3DErr = 0.0294906,ctau3D = 0.142097), !pdfs=(ctauRes3 = 0/0.0269998,ctauRes2 = 0/0.0269998), !coefficients=(f2_CtauRes = 0.762904 +/- 12.6501)
[#0] ERROR:Eval -- RooAbsReal::logEvalError(ctauRes32) evaluation error, 
 origin       : RooAddModel::ctauRes32[ x=ctau3D (f2_CtauRes * ctauRes3 + [%] * ctauRes2) ]
 message      : p.d.f value is Not-a-Number (-nan), forcing value to zero
 server values: x=ctau3D=0.142097, !refCoefNorm=(ctau3DErr = 0.0294906,ctau3D = 0.142097), !pdfs=(ctauRes3 = 0/0.0269998,ctauRes2 = 0/0.0269998), !coefficients=(f2_CtauRes = 0.762904 +/- 12.6501)
RooArgSet::dependents = (ctau3D)
RooSetProxy::!refCoefNorm = (ctau3DErr,ctau3D)
RooArgSet:: = ()
RooSetProxy::!refCoefNorm = (ctau3DErr,ctau3D)
RooArgSet:: = ()
RooSetProxy::!refCoefNorm = (ctau3DErr,ctau3D)
RooArgSet::dependents = (ctau3D)
RooSetProxy::!refCoefNorm = (ctau3DErr,ctau3D)
RooArgSet:: = ()
RooSetProxy::!refCoefNorm = (ctau3DErr,ctau3D)
RooArgSet:: = ()
RooSetProxy::!refCoefNorm = (ctau3DErr,ctau3D)
RooArgSet:: = ()
RooSetProxy::!refCoefNorm = (ctau3DErr,ctau3D)
RooArgSet:: = ()
RooSetProxy::!refCoefNorm = (ctau3DErr,ctau3D)
RooArgSet:: = ()
RooArgSet::dependents = (ctau3D)
RooSetProxy::!refCoefNorm = (ctau3DErr,ctau3D)
RooArgSet:: = ()
RooSetProxy::!refCoefNorm = (ctau3DErr,ctau3D)
RooSetProxy::!refCoefNorm = (ctau3DErr,ctau3D)
RooArgSet::dependents = (ctau3D)
RooSetProxy::!refCoefNorm = (ctau3DErr,ctau3D)
RooArgSet:: = ()
RooSetProxy::!refCoefNorm = (ctau3DErr,ctau3D)
RooArgSet:: = ()
RooSetProxy::!refCoefNorm = (ctau3DErr,ctau3D)
RooArgSet:: = ()
RooSetProxy::!refCoefNorm = (ctau3DErr,ctau3D)
RooArgSet::dependents = (ctau3D)
RooSetProxy::!refCoefNorm = (ctau3DErr,ctau3D)
RooArgSet::dependents = (ctau3D)
RooArgSet:: = ()
RooSetProxy::!refCoefNorm = (ctau3DErr,ctau3D)
RooSetProxy::!refCoefNorm = (ctau3DErr,ctau3D)
RooArgSet:: = ()
RooSetProxy::!refCoefNorm = (ctau3DErr,ctau3D)
RooArgSet:: = ()
RooSetProxy::!refCoefNorm = (ctau3DErr,ctau3D)
RooArgSet::dependents = (ctau3D)
RooSetProxy::!refCoefNorm = (ctau3DErr,ctau3D)
RooArgSet::dependents = (ctau3D)
RooSetProxy::!refCoefNorm = (ctau3DErr,ctau3D)
RooArgSet::dependents = (ctau3D)
RooSetProxy::!refCoefNorm = (ctau3DErr,ctau3D)
RooArgSet::dependents = (ctau3D)
RooSetProxy::!refCoefNorm = (ctau3DErr,ctau3D)
RooArgSet::dependents = (ctau3D)
RooSetProxy::!refCoefNorm = (ctau3DErr,ctau3D)
RooArgSet:: = ()
RooSetProxy::!refCoefNorm = (ctau3DErr,ctau3D)
RooArgSet::dependents = (ctau3D)
RooSetProxy::!refCoefNorm = (ctau3DErr,ctau3D)
RooArgSet::dependents = (ctau3D)
RooSetProxy::!refCoefNorm = (ctau3DErr,ctau3D)
RooArgSet::dependents = (ctau3D)
RooSetProxy::!refCoefNorm = (ctau3DErr,ctau3D)
RooArgSet::dependents = (ctau3D)
RooSetProxy::!refCoefNorm = (ctau3DErr,ctau3D)
RooArgSet::dependents = (ctau3D)
RooSetProxy::!refCoefNorm = (ctau3DErr,ctau3D)
RooArgSet:: = ()
RooSetProxy::!refCoefNorm = (ctau3DErr,ctau3D)
RooArgSet::dependents = (ctau3D)
RooSetProxy::!refCoefNorm = (ctau3DErr,ctau3D)
RooArgSet::dependents = (ctau3D)
RooSetProxy::!refCoefNorm = (ctau3DErr,ctau3D)
RooArgSet::dependents = (ctau3D)
RooSetProxy::!refCoefNorm = (ctau3DErr,ctau3D)
RooArgSet::dependents = (ctau3D)
RooSetProxy::!refCoefNorm = (ctau3DErr,ctau3D)
RooArgSet:: = ()
RooSetProxy::!refCoefNorm = (ctau3DErr,ctau3D)
RooArgSet:: = ()
RooSetProxy::!refCoefNorm = (ctau3DErr,ctau3D)
RooArgSet::dependents = (ctau3D)
RooSetProxy::!refCoefNorm = (ctau3DErr,ctau3D)
RooArgSet::dependents = (ctau3D)
RooSetProxy::!refCoefNorm = (ctau3DErr,ctau3D)
RooArgSet:: = ()
RooSetProxy::!refCoefNorm = (ctau3DErr,ctau3D)
[#0] ERROR:Eval -- RooAbsReal::logEvalError(ctauRes32) evaluation error, 
 origin       : RooAddModel::ctauRes32[ x=ctau3D (f2_CtauRes * ctauRes3 + [%] * ctauRes2) ]
 message      : p.d.f value is Not-a-Number (-nan), forcing value to zero
 server values: x=ctau3D=0.142097, !refCoefNorm=(ctau3DErr = 0.0294906,ctau3D = 0.142097), !pdfs=(ctauRes3 = 0/0.0269998,ctauRes2 = 0/0.0269998), !coefficients=(f2_CtauRes = 0.762904 +/- 12.6501)
[#0] ERROR:Eval -- RooAbsReal::logEvalError(ctauRes32) evaluation error, 
 origin       : RooAddModel::ctauRes32[ x=ctau3D (f2_CtauRes * ctauRes3 + [%] * ctauRes2) ]
 message      : p.d.f value is Not-a-Number (-nan), forcing value to zero
 server values: x=ctau3D=0.142097, !refCoefNorm=(ctau3DErr = 0.0294906,ctau3D = 0.142097), !pdfs=(ctauRes3 = 0/0.0269998,ctauRes2 = 0/0.0269998), !coefficients=(f2_CtauRes = 0.762904 +/- 12.6501)
RooArgSet::dependents = (ctau3D)
RooSetProxy::!refCoefNorm = (ctau3DErr,ctau3D)
RooArgSet::dependents = (ctau3D)
RooSetProxy::!refCoefNorm = (ctau3DErr,ctau3D)
RooArgSet:: = ()
RooSetProxy::!refCoefNorm = (ctau3DErr,ctau3D)
RooArgSet:: = ()
RooSetProxy::!refCoefNorm = (ctau3DErr,ctau3D)
RooArgSet::dependents = (ctau3D)
RooSetProxy::!refCoefNorm = (ctau3DErr,ctau3D)
RooArgSet::dependents = (ctau3D)
RooSetProxy::!refCoefNorm = (ctau3DErr,ctau3D)
RooArgSet:: = ()
RooSetProxy::!refCoefNorm = (ctau3DErr,ctau3D)
[#0] ERROR:Eval -- RooAbsReal::logEvalError(ctauRes32) evaluation error, 
 origin       : RooAddModel::ctauRes32[ x=ctau3D (f2_CtauRes * ctauRes3 + [%] * ctauRes2) ]
 message      : p.d.f value is Not-a-Number (-nan), forcing value to zero
 server values: x=ctau3D=0.142097, !refCoefNorm=(ctau3DErr = 0.0294906,ctau3D = 0.142097), !pdfs=(ctauRes3 = 0/0.0269998,ctauRes2 = 0/0.0269998), !coefficients=(f2_CtauRes = 0.762904 +/- 12.6501)
[#0] ERROR:Eval -- RooAbsReal::logEvalError(ctauRes32) evaluation error, 
 origin       : RooAddModel::ctauRes32[ x=ctau3D (f2_CtauRes * ctauRes3 + [%] * ctauRes2) ]
 message      : p.d.f value is Not-a-Number (-nan), forcing value to zero
 server values: x=ctau3D=0.142097, !refCoefNorm=(ctau3DErr = 0.0294906,ctau3D = 0.142097), !pdfs=(ctauRes3 = 0/0.0269998,ctauRes2 = 0/0.0269998), !coefficients=(f2_CtauRes = 0.762904 +/- 12.6501)
RooArgSet:: = ()
RooSetProxy::!refCoefNorm = (ctau3DErr,ctau3D)
RooArgSet:: = ()
RooSetProxy::!refCoefNorm = (ctau3DErr,ctau3D)
RooArgSet:: = ()
RooArgSet::dependents = (ctau3D)
RooSetProxy::!refCoefNorm = (ctau3DErr,ctau3D)
RooSetProxy::!refCoefNorm = (ctau3DErr,ctau3D)
[#0] ERROR:Eval -- RooAbsReal::logEvalError(ctauRes32) evaluation error, 
 origin       : RooAddModel::ctauRes32[ x=ctau3D (f2_CtauRes * ctauRes3 + [%] * ctauRes2) ]
 message      : p.d.f value is Not-a-Number (-nan), forcing value to zero
 server values: x=ctau3D=0.142097, !refCoefNorm=(ctau3DErr = 0.0294906,ctau3D = 0.142097), !pdfs=(ctauRes3 = 0/0.0269998,ctauRes2 = 0/0.0269998), !coefficients=(f2_CtauRes = 0.762904 +/- 12.6501)
RooArgSet::dependents = (ctau3D)
RooSetProxy::!refCoefNorm = (ctau3DErr,ctau3D)
[#0] ERROR:Eval -- RooAbsReal::logEvalError(ctauRes32) evaluation error, 
 origin       : RooAddModel::ctauRes32[ x=ctau3D (f2_CtauRes * ctauRes3 + [%] * ctauRes2) ]
 message      : p.d.f value is Not-a-Number (-nan), forcing value to zero
 server values: x=ctau3D=0.142097, !refCoefNorm=(ctau3DErr = 0.0294906,ctau3D = 0.142097), !pdfs=(ctauRes3 = 0/0.0269998,ctauRes2 = 0/0.0269998), !coefficients=(f2_CtauRes = 0.762904 +/- 12.6501)
[#0] ERROR:Eval -- RooAbsReal::logEvalError(ctauRes32) evaluation error, 
 origin       : RooAddModel::ctauRes32[ x=ctau3D (f2_CtauRes * ctauRes3 + [%] * ctauRes2) ]
 message      : p.d.f value is Not-a-Number (-nan), forcing value to zero
 server values: x=ctau3D=0.142097, !refCoefNorm=(ctau3DErr = 0.0294906,ctau3D = 0.142097), !pdfs=(ctauRes3 = 0/0.0269998,ctauRes2 = 0/0.0269998), !coefficients=(f2_CtauRes = 0.762904 +/- 12.6501)
[#0] ERROR:Eval -- RooAbsReal::logEvalError(ctauRes32) evaluation error, 
 origin       : RooAddModel::ctauRes32[ x=ctau3D (f2_CtauRes * ctauRes3 + [%] * ctauRes2) ]
 message      : p.d.f value is Not-a-Number (-nan), forcing value to zero
 server values: x=ctau3D=0.142097, !refCoefNorm=(ctau3DErr = 0.0294906,ctau3D = 0.142097), !pdfs=(ctauRes3 = 0/0.0269998,ctauRes2 = 0/0.0269998), !coefficients=(f2_CtauRes = 0.762904 +/- 12.6501)
[#0] ERROR:Eval -- RooAbsReal::logEvalError(ctauRes32) evaluation error, 
 origin       : RooAddModel::ctauRes32[ x=ctau3D (f2_CtauRes * ctauRes3 + [%] * ctauRes2) ]
 message      : p.d.f value is Not-a-Number (-nan), forcing value to zero
 server values: x=ctau3D=0.142097, !refCoefNorm=(ctau3DErr = 0.0294906,ctau3D = 0.142097), !pdfs=(ctauRes3 = 0/0.0269998,ctauRes2 = 0/0.0269998), !coefficients=(f2_CtauRes = 0.762904 +/- 12.6501)
[#0] ERROR:Eval -- RooAbsReal::logEvalError(ctauRes32) evaluation error, 
 origin       : RooAddModel::ctauRes32[ x=ctau3D (f2_CtauRes * ctauRes3 + [%] * ctauRes2) ]
 message      : p.d.f value is Not-a-Number (-nan), forcing value to zero
 server values: x=ctau3D=0.142097, !refCoefNorm=(ctau3DErr = 0.0294906,ctau3D = 0.142097), !pdfs=(ctauRes3 = 0/0.0269998,ctauRes2 = 0/0.0269998), !coefficients=(f2_CtauRes = 0.762904 +/- 12.6501)
RooArgSet:: = ()
RooSetProxy::!refCoefNorm = (ctau3DErr,ctau3D)
RooArgSet:: = ()
RooSetProxy::!refCoefNorm = (ctau3DErr,ctau3D)
[#0] ERROR:Eval -- RooAbsReal::logEvalError(ctauRes32) evaluation error, 
 origin       : RooAddModel::ctauRes32[ x=ctau3D (f2_CtauRes * ctauRes3 + [%] * ctauRes2) ]
RooArgSet::dependents = (ctau3D)
 message      : p.d.f value is Not-a-Number (-nan), forcing value to zero
RooSetProxy::!refCoefNorm = (ctau3DErr,ctau3D)
 server values: x=ctau3D=0.142097, !refCoefNorm=(ctau3DErr = 0.0294906,ctau3D = 0.142097), !pdfs=(ctauRes3 = 0/0.0269998,ctauRes2 = 0/0.0269998), !coefficients=(f2_CtauRes = 0.762904 +/- 12.6501)
RooArgSet::dependents = (ctau3D)
[#0] ERROR:Eval -- RooAbsReal::logEvalError(ctauRes32) evaluation error, 
RooSetProxy::!refCoefNorm = (ctau3DErr,ctau3D)
 origin       : RooAddModel::ctauRes32[ x=ctau3D (f2_CtauRes * ctauRes3 + [%] * ctauRes2) ]
 message      : p.d.f value is Not-a-Number (-nan), forcing value to zero
 server values: x=ctau3D=0.142097, !refCoefNorm=(ctau3DErr = 0.0294906,ctau3D = 0.142097), !pdfs=(ctauRes3 = 0/0.0269998,ctauRes2 = 0/0.0269998), !coefficients=(f2_CtauRes = 0.762904 +/- 12.6501)
RooArgSet::dependents = (ctau3D)
RooSetProxy::!refCoefNorm = (ctau3DErr,ctau3D)
RooArgSet::dependents = (ctau3D)
RooSetProxy::!refCoefNorm = (ctau3DErr,ctau3D)
[#0] ERROR:Eval -- RooAbsReal::logEvalError(ctauRes32) evaluation error, 
 origin       : RooAddModel::ctauRes32[ x=ctau3D (f2_CtauRes * ctauRes3 + [%] * ctauRes2) ]
 message      : p.d.f value is Not-a-Number (-nan), forcing value to zero
 server values: x=ctau3D=0.142097, !refCoefNorm=(ctau3DErr = 0.0294906,ctau3D = 0.142097), !pdfs=(ctauRes3 = 0/0.0269998,ctauRes2 = 0/0.0269998), !coefficients=(f2_CtauRes = 0.762904 +/- 12.6501)
RooArgSet::dependents = (ctau3D)
RooSetProxy::!refCoefNorm = (ctau3DErr,ctau3D)
[#0] ERROR:Eval -- RooAbsReal::logEvalError(ctauRes32) evaluation error, 
 origin       : RooAddModel::ctauRes32[ x=ctau3D (f2_CtauRes * ctauRes3 + [%] * ctauRes2) ]
 message      : p.d.f value is Not-a-Number (-nan), forcing value to zero
RooArgSet::dependents = (ctau3D)
 server values: x=ctau3D=0.142097, !refCoefNorm=(ctau3DErr = 0.0294906,ctau3D = 0.142097), !pdfs=(ctauRes3 = 0/0.0269998,ctauRes2 = 0/0.0269998), !coefficients=(f2_CtauRes = 0.762904 +/- 12.6501)
RooSetProxy::!refCoefNorm = (ctau3DErr,ctau3D)
RooArgSet::dependents = (ctau3D)
RooSetProxy::!refCoefNorm = (ctau3DErr,ctau3D)
RooArgSet::dependents = (ctau3D)
RooSetProxy::!refCoefNorm = (ctau3DErr,ctau3D)
RooArgSet::dependents = (ctau3D)
RooSetProxy::!refCoefNorm = (ctau3DErr,ctau3D)
RooArgSet::dependents = (ctau3D)
RooSetProxy::!refCoefNorm = (ctau3DErr,ctau3D)
RooArgSet:: = ()
RooSetProxy::!refCoefNorm = (ctau3DErr,ctau3D)
RooArgSet:: = ()
RooSetProxy::!refCoefNorm = (ctau3DErr,ctau3D)
RooArgSet:: = ()
RooSetProxy::!refCoefNorm = (ctau3DErr,ctau3D)
RooArgSet:: = ()
RooSetProxy::!refCoefNorm = (ctau3DErr,ctau3D)
RooArgSet:: = ()
RooSetProxy::!refCoefNorm = (ctau3DErr,ctau3D)
RooArgSet::dependents = (ctau3D)
RooSetProxy::!refCoefNorm = (ctau3DErr,ctau3D)
RooArgSet:: = ()
RooArgSet:: = ()
RooArgSet:: = ()
RooSetProxy::!refCoefNorm = (ctau3DErr,ctau3D)
RooSetProxy::!refCoefNorm = (ctau3DErr,ctau3D)
RooSetProxy::!refCoefNorm = (ctau3DErr,ctau3D)
RooArgSet:: = ()
RooSetProxy::!refCoefNorm = (ctau3DErr,ctau3D)
RooArgSet:: = ()
RooSetProxy::!refCoefNorm = (ctau3DErr,ctau3D)
[#0] ERROR:Eval -- RooAbsReal::logEvalError(ctauRes32) evaluation error, 
[#0] ERROR:Eval -- RooAbsReal::logEvalError(ctauRes32) evaluation error, 
 origin       : RooAddModel::ctauRes32[ x=ctau3D (f2_CtauRes * ctauRes3 + [%] * ctauRes2) ]
 origin       : RooAddModel::ctauRes32[ x=ctau3D (f2_CtauRes * ctauRes3 + [%] * ctauRes2) ]
 message      : p.d.f value is Not-a-Number (-nan), forcing value to zero
RooArgSet:: = ()
 message      : p.d.f value is Not-a-Number (-nan), forcing value to zero
 server values: x=ctau3D=0.142097, !refCoefNorm=(ctau3DErr = 0.0294906,ctau3D = 0.142097), !pdfs=(ctauRes3 = 0/0.0269998,ctauRes2 = 0/0.0269998), !coefficients=(f2_CtauRes = 0.762904 +/- 12.6501)
RooSetProxy::!refCoefNorm = (ctau3DErr,ctau3D)
 server values: x=ctau3D=0.142097, !refCoefNorm=(ctau3DErr = 0.0294906,ctau3D = 0.142097), !pdfs=(ctauRes3 = 0/0.0269998,ctauRes2 = 0/0.0269998), !coefficients=(f2_CtauRes = 0.762904 +/- 12.6501)
RooArgSet:: = ()
RooSetProxy::!refCoefNorm = (ctau3DErr,ctau3D)
[#0] ERROR:Eval -- RooAbsReal::logEvalError(ctauRes32) evaluation error, 
[#0] ERROR:Eval -- RooAbsReal::logEvalError(ctauRes32) evaluation error, 
 origin       : RooAddModel::ctauRes32[ x=ctau3D (f2_CtauRes * ctauRes3 + [%] * ctauRes2) ]
 origin       : RooAddModel::ctauRes32[ x=ctau3D (f2_CtauRes * ctauRes3 + [%] * ctauRes2) ]
 message      : p.d.f value is Not-a-Number (-nan), forcing value to zero
 message      : p.d.f value is Not-a-Number (-nan), forcing value to zero
 server values: x=ctau3D=0.142097, !refCoefNorm=(ctau3DErr = 0.0294906,ctau3D = 0.142097), !pdfs=(ctauRes3 = 0/0.0269998,ctauRes2 = 0/0.0269998), !coefficients=(f2_CtauRes = 0.762904 +/- 12.6501)
 server values: x=ctau3D=0.142097, !refCoefNorm=(ctau3DErr = 0.0294906,ctau3D = 0.142097), !pdfs=(ctauRes3 = 0/0.0269998,ctauRes2 = 0/0.0269998), !coefficients=(f2_CtauRes = 0.762904 +/- 12.6501)
RooArgSet::dependents = (ctau3D)
RooSetProxy::!refCoefNorm = (ctau3DErr,ctau3D)
RooArgSet:: = ()
RooSetProxy::!refCoefNorm = (ctau3DErr,ctau3D)
RooArgSet:: = ()
RooSetProxy::!refCoefNorm = (ctau3DErr,ctau3D)
RooArgSet::dependents = (ctau3D)
RooArgSet::dependents = (ctau3D)
RooSetProxy::!refCoefNorm = (ctau3DErr,ctau3D)
RooSetProxy::!refCoefNorm = (ctau3DErr,ctau3D)
RooArgSet::dependents = (ctau3D)
RooSetProxy::!refCoefNorm = (ctau3DErr,ctau3D)
RooArgSet::dependents = (ctau3D)
RooSetProxy::!refCoefNorm = (ctau3DErr,ctau3D)
RooArgSet::dependents = (ctau3D)
RooArgSet::dependents = (ctau3D)
RooSetProxy::!refCoefNorm = (ctau3DErr,ctau3D)
RooSetProxy::!refCoefNorm = (ctau3DErr,ctau3D)
RooArgSet::dependents = (ctau3D)
RooSetProxy::!refCoefNorm = (ctau3DErr,ctau3D)
RooArgSet::dependents = (ctau3D)
RooSetProxy::!refCoefNorm = (ctau3DErr,ctau3D)
RooArgSet::dependents = (ctau3D)
RooSetProxy::!refCoefNorm = (ctau3DErr,ctau3D)
RooArgSet::dependents = (ctau3D)
RooSetProxy::!refCoefNorm = (ctau3DErr,ctau3D)
RooArgSet::dependents = (ctau3D)
RooSetProxy::!refCoefNorm = (ctau3DErr,ctau3D)
RooArgSet::dependents = (ctau3D)
RooSetProxy::!refCoefNorm = (ctau3DErr,ctau3D)
RooArgSet::dependents = (ctau3D)
RooSetProxy::!refCoefNorm = (ctau3DErr,ctau3D)
RooArgSet::dependents = (ctau3D)
RooSetProxy::!refCoefNorm = (ctau3DErr,ctau3D)
RooArgSet:: = ()
RooArgSet:: = ()
RooSetProxy::!refCoefNorm = (ctau3DErr,ctau3D)
RooSetProxy::!refCoefNorm = (ctau3DErr,ctau3D)
RooArgSet:: = ()
RooArgSet:: = ()
RooSetProxy::!refCoefNorm = (ctau3DErr,ctau3D)
RooSetProxy::!refCoefNorm = (ctau3DErr,ctau3D)
RooArgSet::dependents = (ctau3D)
RooArgSet::dependents = (ctau3D)
RooSetProxy::!refCoefNorm = (ctau3DErr,ctau3D)
RooSetProxy::!refCoefNorm = (ctau3DErr,ctau3D)
RooArgSet::dependents = (ctau3D)
RooArgSet::dependents = (ctau3D)
RooSetProxy::!refCoefNorm = (ctau3DErr,ctau3D)
RooSetProxy::!refCoefNorm = (ctau3DErr,ctau3D)
RooArgSet::dependents = (ctau3D)
RooSetProxy::!refCoefNorm = (ctau3D,ctau3DErr)
RooArgSet::dependents = (ctau3D)
RooSetProxy::!refCoefNorm = (ctau3D,ctau3DErr)
RooArgSet:: = ()
RooSetProxy::!refCoefNorm = (ctau3D,ctau3DErr)
RooArgSet:: = ()
RooSetProxy::!refCoefNorm = (ctau3D,ctau3DErr)
RooArgSet::dependents = (ctau3D)
RooSetProxy::!refCoefNorm = (ctau3D,ctau3DErr)
RooArgSet::dependents = (ctau3D)
RooSetProxy::!refCoefNorm = (ctau3D,ctau3DErr)
RooArgSet:: = ()
RooSetProxy::!refCoefNorm = (ctau3D,ctau3DErr)
[#0] ERROR:Eval -- RooAbsReal::logEvalError(ctauRes32) evaluation error, 
 origin       : RooAddModel::ctauRes32[ x=ctau3D (f2_CtauRes * ctauRes3 + [%] * ctauRes2) ]
 message      : p.d.f value is Not-a-Number (-nan), forcing value to zero
 server values: x=ctau3D=0.142097, !refCoefNorm=(ctau3D = 0.142097,ctau3DErr = 0.0294906), !pdfs=(ctauRes3 = 0/0.0269998,ctauRes2 = 0/0.0269998), !coefficients=(f2_CtauRes = 0.762904 +/- 12.6501)
[#0] ERROR:Eval -- RooAbsReal::logEvalError(ctauRes32) evaluation error, 
 origin       : RooAddModel::ctauRes32[ x=ctau3D (f2_CtauRes * ctauRes3 + [%] * ctauRes2) ]
 message      : p.d.f value is Not-a-Number (-nan), forcing value to zero
 server values: x=ctau3D=0.142097, !refCoefNorm=(ctau3D = 0.142097,ctau3DErr = 0.0294906), !pdfs=(ctauRes3 = 0/0.0269998,ctauRes2 = 0/0.0269998), !coefficients=(f2_CtauRes = 0.762904 +/- 12.6501)
RooArgSet::dependents = (ctau3D)
RooSetProxy::!refCoefNorm = (ctau3D,ctau3DErr)
RooArgSet::dependents = (ctau3D)
RooSetProxy::!refCoefNorm = (ctau3D,ctau3DErr)
RooArgSet:: = ()
RooSetProxy::!refCoefNorm = (ctau3D,ctau3DErr)
RooArgSet:: = ()
RooSetProxy::!refCoefNorm = (ctau3D,ctau3DErr)
RooArgSet::dependents = (ctau3D)
RooSetProxy::!refCoefNorm = (ctau3D,ctau3DErr)
RooArgSet::dependents = (ctau3D)
RooSetProxy::!refCoefNorm = (ctau3D,ctau3DErr)
RooArgSet:: = ()
RooSetProxy::!refCoefNorm = (ctau3D,ctau3DErr)
[#0] ERROR:Eval -- RooAbsReal::logEvalError(ctauRes32) evaluation error, 
 origin       : RooAddModel::ctauRes32[ x=ctau3D (f2_CtauRes * ctauRes3 + [%] * ctauRes2) ]
 message      : p.d.f value is Not-a-Number (-nan), forcing value to zero
 server values: x=ctau3D=0.142097, !refCoefNorm=(ctau3D = 0.142097,ctau3DErr = 0.0294906), !pdfs=(ctauRes3 = 0/0.0269998,ctauRes2 = 0/0.0269998), !coefficients=(f2_CtauRes = 0.762904 +/- 12.6501)
[#0] ERROR:Eval -- RooAbsReal::logEvalError(ctauRes32) evaluation error, 
 origin       : RooAddModel::ctauRes32[ x=ctau3D (f2_CtauRes * ctauRes3 + [%] * ctauRes2) ]
 message      : p.d.f value is Not-a-Number (-nan), forcing value to zero
 server values: x=ctau3D=0.142097, !refCoefNorm=(ctau3D = 0.142097,ctau3DErr = 0.0294906), !pdfs=(ctauRes3 = 0/0.0269998,ctauRes2 = 0/0.0269998), !coefficients=(f2_CtauRes = 0.762904 +/- 12.6501)
RooArgSet:: = ()
RooSetProxy::!refCoefNorm = (ctau3D,ctau3DErr)
RooArgSet::dependents = (ctau3D)
RooSetProxy::!refCoefNorm = (ctau3D,ctau3DErr)
RooArgSet:: = ()
RooArgSet:: = ()
RooSetProxy::!refCoefNorm = (ctau3D,ctau3DErr)
RooSetProxy::!refCoefNorm = (ctau3D,ctau3DErr)
RooArgSet:: = ()
RooArgSet:: = ()
RooSetProxy::!refCoefNorm = (ctau3D,ctau3DErr)
RooSetProxy::!refCoefNorm = (ctau3D,ctau3DErr)
RooArgSet::dependents = (ctau3D)
RooSetProxy::!refCoefNorm = (ctau3D,ctau3DErr)
[#0] ERROR:Eval -- RooAbsReal::logEvalError(ctauRes32) evaluation error, 
 origin       : RooAddModel::ctauRes32[ x=ctau3D (f2_CtauRes * ctauRes3 + [%] * ctauRes2) ]
 message      : p.d.f value is Not-a-Number (-nan), forcing value to zero
 server values: x=ctau3D=0.142097, !refCoefNorm=(ctau3D = 0.142097,ctau3DErr = 0.0294906), !pdfs=(ctauRes3 = 0/0.0269998,ctauRes2 = 0/0.0269998), !coefficients=(f2_CtauRes = 0.762904 +/- 12.6501)
RooArgSet:: = ()
RooArgSet:: = ()
RooSetProxy::!refCoefNorm = (ctau3D,ctau3DErr)
RooSetProxy::!refCoefNorm = (ctau3D,ctau3DErr)
[#0] ERROR:Eval -- RooAbsReal::logEvalError(ctauRes32) evaluation error, 
 origin       : RooAddModel::ctauRes32[ x=ctau3D (f2_CtauRes * ctauRes3 + [%] * ctauRes2) ]
 message      : p.d.f value is Not-a-Number (-nan), forcing value to zero
 server values: x=ctau3D=0.142097, !refCoefNorm=(ctau3D = 0.142097,ctau3DErr = 0.0294906), !pdfs=(ctauRes3 = 0/0.0269998,ctauRes2 = 0/0.0269998), !coefficients=(f2_CtauRes = 0.762904 +/- 12.6501)
[#0] ERROR:Eval -- RooAbsReal::logEvalError(ctauRes32) evaluation error, 
 origin       : RooAddModel::ctauRes32[ x=ctau3D (f2_CtauRes * ctauRes3 + [%] * ctauRes2) ]
 message      : p.d.f value is Not-a-Number (-nan), forcing value to zero
 server values: x=ctau3D=0.142097, !refCoefNorm=(ctau3D = 0.142097,ctau3DErr = 0.0294906), !pdfs=(ctauRes3 = 0/0.0269998,ctauRes2 = 0/0.0269998), !coefficients=(f2_CtauRes = 0.762904 +/- 12.6501)
[#0] ERROR:Eval -- RooAbsReal::logEvalError(ctauRes32) evaluation error, 
 origin       : RooAddModel::ctauRes32[ x=ctau3D (f2_CtauRes * ctauRes3 + [%] * ctauRes2) ]
 message      : p.d.f value is Not-a-Number (-nan), forcing value to zero
 server values: x=ctau3D=0.142097, !refCoefNorm=(ctau3D = 0.142097,ctau3DErr = 0.0294906), !pdfs=(ctauRes3 = 0/0.0269998,ctauRes2 = 0/0.0269998), !coefficients=(f2_CtauRes = 0.762904 +/- 12.6501)
[#0] ERROR:Eval -- RooAbsReal::logEvalError(ctauRes32) evaluation error, 
 origin       : RooAddModel::ctauRes32[ x=ctau3D (f2_CtauRes * ctauRes3 + [%] * ctauRes2) ]
 message      : p.d.f value is Not-a-Number (-nan), forcing value to zero
 server values: x=ctau3D=0.142097, !refCoefNorm=(ctau3D = 0.142097,ctau3DErr = 0.0294906), !pdfs=(ctauRes3 = 0/0.0269998,ctauRes2 = 0/0.0269998), !coefficients=(f2_CtauRes = 0.762904 +/- 12.6501)
[#0] ERROR:Eval -- RooAbsReal::logEvalError(ctauRes32) evaluation error, 
 origin       : RooAddModel::ctauRes32[ x=ctau3D (f2_CtauRes * ctauRes3 + [%] * ctauRes2) ]
 message      : p.d.f value is Not-a-Number (-nan), forcing value to zero
 server values: x=ctau3D=0.142097, !refCoefNorm=(ctau3D = 0.142097,ctau3DErr = 0.0294906), !pdfs=(ctauRes3 = 0/0.0269998,ctauRes2 = 0/0.0269998), !coefficients=(f2_CtauRes = 0.762904 +/- 12.6501)
[#0] ERROR:Eval -- RooAbsReal::logEvalError(ctauRes32) evaluation error, 
[#0] ERROR:Eval -- RooAbsReal::logEvalError(ctauRes32) evaluation error, 
 origin       : RooAddModel::ctauRes32[ x=ctau3D (f2_CtauRes * ctauRes3 + [%] * ctauRes2) ]
 origin       : RooAddModel::ctauRes32[ x=ctau3D (f2_CtauRes * ctauRes3 + [%] * ctauRes2) ]
 message      : p.d.f value is Not-a-Number (-nan), forcing value to zero
 message      : p.d.f value is Not-a-Number (-nan), forcing value to zero
 server values: x=ctau3D=0.142097, !refCoefNorm=(ctau3D = 0.142097,ctau3DErr = 0.0294906), !pdfs=(ctauRes3 = 0/0.0269998,ctauRes2 = 0/0.0269998), !coefficients=(f2_CtauRes = 0.762904 +/- 12.6501)
 server values: x=ctau3D=0.142097, !refCoefNorm=(ctau3D = 0.142097,ctau3DErr = 0.0294906), !pdfs=(ctauRes3 = 0/0.0269998,ctauRes2 = 0/0.0269998), !coefficients=(f2_CtauRes = 0.762904 +/- 12.6501)
[#0] ERROR:Eval -- RooAbsReal::logEvalError(ctauRes32) evaluation error, 
 origin       : RooAddModel::ctauRes32[ x=ctau3D (f2_CtauRes * ctauRes3 + [%] * ctauRes2) ]
 message      : p.d.f value is Not-a-Number (-nan), forcing value to zero
 server values: x=ctau3D=0.142097, !refCoefNorm=(ctau3D = 0.142097,ctau3DErr = 0.0294906), !pdfs=(ctauRes3 = 0/0.0269998,ctauRes2 = 0/0.0269998), !coefficients=(f2_CtauRes = 0.762904 +/- 12.6501)
[#0] ERROR:Eval -- RooAbsReal::logEvalError(ctauRes32) evaluation error, 
 origin       : RooAddModel::ctauRes32[ x=ctau3D (f2_CtauRes * ctauRes3 + [%] * ctauRes2) ]
 message      : p.d.f value is Not-a-Number (-nan), forcing value to zero
 server values: x=ctau3D=0.142097, !refCoefNorm=(ctau3D = 0.142097,ctau3DErr = 0.0294906), !pdfs=(ctauRes3 = 0/0.0269998,ctauRes2 = 0/0.0269998), !coefficients=(f2_CtauRes = 0.762904 +/- 12.6501)
[#0] ERROR:Eval -- RooAbsReal::logEvalError(ctauRes32) evaluation error, 
 origin       : RooAddModel::ctauRes32[ x=ctau3D (f2_CtauRes * ctauRes3 + [%] * ctauRes2) ]
 message      : p.d.f value is Not-a-Number (-nan), forcing value to zero
 server values: x=ctau3D=0.142097, !refCoefNorm=(ctau3D = 0.142097,ctau3DErr = 0.0294906), !pdfs=(ctauRes3 = 0/0.0269998,ctauRes2 = 0/0.0269998), !coefficients=(f2_CtauRes = 0.762904 +/- 12.6501)
[#0] ERROR:Eval -- RooAbsReal::logEvalError(ctauRes32) evaluation error, 
 origin       : RooAddModel::ctauRes32[ x=ctau3D (f2_CtauRes * ctauRes3 + [%] * ctauRes2) ]
 message      : p.d.f value is Not-a-Number (-nan), forcing value to zero
 server values: x=ctau3D=0.142097, !refCoefNorm=(ctau3D = 0.142097,ctau3DErr = 0.0294906), !pdfs=(ctauRes3 = 0/0.0269998,ctauRes2 = 0/0.0269998), !coefficients=(f2_CtauRes = 0.762904 +/- 12.6501)
[#0] ERROR:Eval -- RooAbsReal::logEvalError(ctauRes32) evaluation error, 
 origin       : RooAddModel::ctauRes32[ x=ctau3D (f2_CtauRes * ctauRes3 + [%] * ctauRes2) ]
 message      : p.d.f value is Not-a-Number (-nan), forcing value to zero
 server values: x=ctau3D=0.142097, !refCoefNorm=(ctau3D = 0.142097,ctau3DErr = 0.0294906), !pdfs=(ctauRes3 = 0/0.0269998,ctauRes2 = 0/0.0269998), !coefficients=(f2_CtauRes = 0.762904 +/- 12.6501)
[#0] ERROR:Eval -- RooAbsReal::logEvalError(ctauRes32) evaluation error, 
 origin       : RooAddModel::ctauRes32[ x=ctau3D (f2_CtauRes * ctauRes3 + [%] * ctauRes2) ]
 message      : p.d.f value is Not-a-Number (-nan), forcing value to zero
 server values: x=ctau3D=0.142097, !refCoefNorm=(ctau3D = 0.142097,ctau3DErr = 0.0294906), !pdfs=(ctauRes3 = 0/0.0269998,ctauRes2 = 0/0.0269998), !coefficients=(f2_CtauRes = 0.762904 +/- 12.6501)
RooArgSet::dependents = (ctau3D)
RooSetProxy::!refCoefNorm = (ctau3D,ctau3DErr)
RooArgSet::dependents = (ctau3D)
RooSetProxy::!refCoefNorm = (ctau3D,ctau3DErr)
RooArgSet::dependents = (ctau3D)
RooArgSet::dependents = (ctau3D)
RooSetProxy::!refCoefNorm = (ctau3D,ctau3DErr)
RooSetProxy::!refCoefNorm = (ctau3D,ctau3DErr)
RooArgSet::dependents = (ctau3D)
RooSetProxy::!refCoefNorm = (ctau3D,ctau3DErr)
RooArgSet::dependents = (ctau3D)
RooSetProxy::!refCoefNorm = (ctau3D,ctau3DErr)
RooArgSet::dependents = (ctau3D)
RooArgSet::dependents = (ctau3D)
RooArgSet::dependents = (ctau3D)
RooSetProxy::!refCoefNorm = (ctau3D,ctau3DErr)
RooSetProxy::!refCoefNorm = (ctau3D,ctau3DErr)
RooSetProxy::!refCoefNorm = (ctau3D,ctau3DErr)
RooArgSet::dependents = (ctau3D)
RooSetProxy::!refCoefNorm = (ctau3D,ctau3DErr)
RooArgSet::dependents = (ctau3D)
RooSetProxy::!refCoefNorm = (ctau3D,ctau3DErr)
RooArgSet::dependents = (ctau3D)
RooSetProxy::!refCoefNorm = (ctau3D,ctau3DErr)
RooArgSet::dependents = (ctau3D)
RooArgSet::dependents = (ctau3D)
RooSetProxy::!refCoefNorm = (ctau3D,ctau3DErr)
RooSetProxy::!refCoefNorm = (ctau3D,ctau3DErr)
RooArgSet:: = ()
RooSetProxy::!refCoefNorm = (ctau3D,ctau3DErr)
RooArgSet:: = ()
RooSetProxy::!refCoefNorm = (ctau3D,ctau3DErr)
RooArgSet:: = ()
RooSetProxy::!refCoefNorm = (ctau3D,ctau3DErr)
RooArgSet:: = ()
RooSetProxy::!refCoefNorm = (ctau3D,ctau3DErr)
RooArgSet:: = ()
RooArgSet:: = ()
RooSetProxy::!refCoefNorm = (ctau3D,ctau3DErr)
RooSetProxy::!refCoefNorm = (ctau3D,ctau3DErr)
RooArgSet:: = ()
RooSetProxy::!refCoefNorm = (ctau3D,ctau3DErr)
RooArgSet:: = ()
RooSetProxy::!refCoefNorm = (ctau3D,ctau3DErr)
RooArgSet:: = ()
RooSetProxy::!refCoefNorm = (ctau3D,ctau3DErr)
RooArgSet::dependents = (ctau3D)
RooSetProxy::!refCoefNorm = (ctau3D,ctau3DErr)
RooArgSet:: = ()
RooSetProxy::!refCoefNorm = (ctau3D,ctau3DErr)
RooArgSet:: = ()
RooSetProxy::!refCoefNorm = (ctau3D,ctau3DErr)
RooArgSet:: = ()
RooSetProxy::!refCoefNorm = (ctau3D,ctau3DErr)
RooArgSet:: = ()
RooSetProxy::!refCoefNorm = (ctau3D,ctau3DErr)
RooArgSet:: = ()
RooSetProxy::!refCoefNorm = (ctau3D,ctau3DErr)
RooArgSet:: = ()
RooArgSet:: = ()
RooSetProxy::!refCoefNorm = (ctau3D,ctau3DErr)
RooSetProxy::!refCoefNorm = (ctau3D,ctau3DErr)
RooArgSet::dependents = (ctau3D)
RooSetProxy::!refCoefNorm = (ctau3D,ctau3DErr)
RooArgSet::dependents = (ctau3D)
RooSetProxy::!refCoefNorm = (ctau3D,ctau3DErr)
RooArgSet::dependents = (ctau3D)
RooSetProxy::!refCoefNorm = (ctau3D,ctau3DErr)
RooArgSet::dependents = (ctau3D)
RooSetProxy::!refCoefNorm = (ctau3D,ctau3DErr)
RooArgSet::dependents = (ctau3D)
RooSetProxy::!refCoefNorm = (ctau3D,ctau3DErr)
RooArgSet::dependents = (ctau3D)
RooSetProxy::!refCoefNorm = (ctau3D,ctau3DErr)
RooArgSet::dependents = (ctau3D)
RooSetProxy::!refCoefNorm = (ctau3D,ctau3DErr)
RooArgSet::dependents = (ctau3D)
RooSetProxy::!refCoefNorm = (ctau3D,ctau3DErr)
RooArgSet::dependents = (ctau3D)
RooSetProxy::!refCoefNorm = (ctau3D,ctau3DErr)
RooArgSet::dependents = (ctau3D)
RooSetProxy::!refCoefNorm = (ctau3D,ctau3DErr)
RooArgSet::dependents = (ctau3D)
RooSetProxy::!refCoefNorm = (ctau3D,ctau3DErr)
RooArgSet::dependents = (ctau3D)
RooArgSet::dependents = (ctau3D)
RooSetProxy::!refCoefNorm = (ctau3D,ctau3DErr)
RooSetProxy::!refCoefNorm = (ctau3D,ctau3DErr)
RooArgSet::dependents = (ctau3D)
RooSetProxy::!refCoefNorm = (ctau3D,ctau3DErr)
RooArgSet::dependents = (ctau3D)
RooSetProxy::!refCoefNorm = (ctau3D,ctau3DErr)
RooArgSet::dependents = (ctau3D)
RooSetProxy::!refCoefNorm = (ctau3D,ctau3DErr)
RooArgSet::dependents = (ctau3D)
RooSetProxy::!refCoefNorm = (ctau3D,ctau3DErr)
RooArgSet:: = ()
RooSetProxy::!refCoefNorm = (ctau3D,ctau3DErr)
RooArgSet:: = ()
RooSetProxy::!refCoefNorm = (ctau3D,ctau3DErr)
RooArgSet::dependents = (ctau3D)
RooSetProxy::!refCoefNorm = (ctau3D,ctau3DErr)
RooArgSet::dependents = (ctau3D)
RooSetProxy::!refCoefNorm = (ctau3D,ctau3DErr)
RooArgSet:: = ()
RooSetProxy::!refCoefNorm = (ctau3D,ctau3DErr)
[#0] ERROR:Eval -- RooAbsReal::logEvalError(ctauRes32) evaluation error, 
 origin       : RooAddModel::ctauRes32[ x=ctau3D (f2_CtauRes * ctauRes3 + [%] * ctauRes2) ]
 message      : p.d.f value is Not-a-Number (-nan), forcing value to zero
 server values: x=ctau3D=0.142097, !refCoefNorm=(ctau3D = 0.142097,ctau3DErr = 0.0294906), !pdfs=(ctauRes3 = 0/0.0269998,ctauRes2 = 0/0.0269998), !coefficients=(f2_CtauRes = 0.762904 +/- 12.6501)
[#0] ERROR:Eval -- RooAbsReal::logEvalError(ctauRes32) evaluation error, 
 origin       : RooAddModel::ctauRes32[ x=ctau3D (f2_CtauRes * ctauRes3 + [%] * ctauRes2) ]
 message      : p.d.f value is Not-a-Number (-nan), forcing value to zero
 server values: x=ctau3D=0.142097, !refCoefNorm=(ctau3D = 0.142097,ctau3DErr = 0.0294906), !pdfs=(ctauRes3 = 0/0.0269998,ctauRes2 = 0/0.0269998), !coefficients=(f2_CtauRes = 0.762904 +/- 12.6501)
RooArgSet::dependents = (ctau3D)
RooSetProxy::!refCoefNorm = (ctau3D,ctau3DErr)
RooArgSet::dependents = (ctau3D)
RooSetProxy::!refCoefNorm = (ctau3D,ctau3DErr)
RooArgSet:: = ()
RooSetProxy::!refCoefNorm = (ctau3D,ctau3DErr)
RooArgSet:: = ()
RooSetProxy::!refCoefNorm = (ctau3D,ctau3DErr)
RooArgSet::dependents = (ctau3D)
RooSetProxy::!refCoefNorm = (ctau3D,ctau3DErr)
RooArgSet::dependents = (ctau3D)
RooSetProxy::!refCoefNorm = (ctau3D,ctau3DErr)
RooArgSet:: = ()
RooSetProxy::!refCoefNorm = (ctau3D,ctau3DErr)
RooArgSet:: = ()
RooSetProxy::!refCoefNorm = (ctau3D,ctau3DErr)
RooArgSet:: = ()
RooSetProxy::!refCoefNorm = (ctau3D,ctau3DErr)
RooArgSet:: = ()
RooSetProxy::!refCoefNorm = (ctau3D,ctau3DErr)
[#0] ERROR:Eval -- RooAbsReal::logEvalError(ctauRes32) evaluation error, 
 origin       : RooAddModel::ctauRes32[ x=ctau3D (f2_CtauRes * ctauRes3 + [%] * ctauRes2) ]
 message      : p.d.f value is Not-a-Number (-nan), forcing value to zero
RooArgSet:: = ()
 server values: x=ctau3D=0.142097, !refCoefNorm=(ctau3D = 0.142097,ctau3DErr = 0.0294906), !pdfs=(ctauRes3 = 0/0.0269998,ctauRes2 = 0/0.0269998), !coefficients=(f2_CtauRes = 0.762904 +/- 12.6501)
RooSetProxy::!refCoefNorm = (ctau3D,ctau3DErr)
RooArgSet:: = ()
RooSetProxy::!refCoefNorm = (ctau3D,ctau3DErr)
[#0] ERROR:Eval -- RooAbsReal::logEvalError(ctauRes32) evaluation error, 
 origin       : RooAddModel::ctauRes32[ x=ctau3D (f2_CtauRes * ctauRes3 + [%] * ctauRes2) ]
 message      : p.d.f value is Not-a-Number (-nan), forcing value to zero
 server values: x=ctau3D=0.142097, !refCoefNorm=(ctau3D = 0.142097,ctau3DErr = 0.0294906), !pdfs=(ctauRes3 = 0/0.0269998,ctauRes2 = 0/0.0269998), !coefficients=(f2_CtauRes = 0.762904 +/- 12.6501)
RooArgSet:: = ()
RooSetProxy::!refCoefNorm = (ctau3D,ctau3DErr)
RooArgSet:: = ()
RooSetProxy::!refCoefNorm = (ctau3D,ctau3DErr)
[#0] ERROR:Eval -- RooAbsReal::logEvalError(ctauRes32) evaluation error, 
 origin       : RooAddModel::ctauRes32[ x=ctau3D (f2_CtauRes * ctauRes3 + [%] * ctauRes2) ]
 message      : p.d.f value is Not-a-Number (-nan), forcing value to zero
 server values: x=ctau3D=0.142097, !refCoefNorm=(ctau3D = 0.142097,ctau3DErr = 0.0294906), !pdfs=(ctauRes3 = 0/0.0269998,ctauRes2 = 0/0.0269998), !coefficients=(f2_CtauRes = 0.762904 +/- 12.6501)
[#0] ERROR:Eval -- RooAbsReal::logEvalError(ctauRes32) evaluation error, 
 origin       : RooAddModel::ctauRes32[ x=ctau3D (f2_CtauRes * ctauRes3 + [%] * ctauRes2) ]
 message      : p.d.f value is Not-a-Number (-nan), forcing value to zero
 server values: x=ctau3D=0.142097, !refCoefNorm=(ctau3D = 0.142097,ctau3DErr = 0.0294906), !pdfs=(ctauRes3 = 0/0.0269998,ctauRes2 = 0/0.0269998), !coefficients=(f2_CtauRes = 0.762904 +/- 12.6501)
[#0] ERROR:Eval -- RooAbsReal::logEvalError(ctauRes32) evaluation error, 
 origin       : RooAddModel::ctauRes32[ x=ctau3D (f2_CtauRes * ctauRes3 + [%] * ctauRes2) ]
 message      : p.d.f value is Not-a-Number (-nan), forcing value to zero
 server values: x=ctau3D=0.142097, !refCoefNorm=(ctau3D = 0.142097,ctau3DErr = 0.0294906), !pdfs=(ctauRes3 = 0/0.0269998,ctauRes2 = 0/0.0269998), !coefficients=(f2_CtauRes = 0.762904 +/- 12.6501)
[#0] ERROR:Eval -- RooAbsReal::logEvalError(ctauRes32) evaluation error, 
 origin       : RooAddModel::ctauRes32[ x=ctau3D (f2_CtauRes * ctauRes3 + [%] * ctauRes2) ]
 message      : p.d.f value is Not-a-Number (-nan), forcing value to zero
 server values: x=ctau3D=0.142097, !refCoefNorm=(ctau3D = 0.142097,ctau3DErr = 0.0294906), !pdfs=(ctauRes3 = 0/0.0269998,ctauRes2 = 0/0.0269998), !coefficients=(f2_CtauRes = 0.762904 +/- 12.6501)
[#0] ERROR:Eval -- RooAbsReal::logEvalError(ctauRes32) evaluation error, 
 origin       : RooAddModel::ctauRes32[ x=ctau3D (f2_CtauRes * ctauRes3 + [%] * ctauRes2) ]
 message      : p.d.f value is Not-a-Number (-nan), forcing value to zero
 server values: x=ctau3D=0.142097, !refCoefNorm=(ctau3D = 0.142097,ctau3DErr = 0.0294906), !pdfs=(ctauRes3 = 0/0.0269998,ctauRes2 = 0/0.0269998), !coefficients=(f2_CtauRes = 0.762904 +/- 12.6501)
[#0] ERROR:Eval -- RooAbsReal::logEvalError(ctauRes32) evaluation error, 
[#0] ERROR:Eval -- RooAbsReal::logEvalError(ctauRes32) evaluation error, 
 origin       : RooAddModel::ctauRes32[ x=ctau3D (f2_CtauRes * ctauRes3 + [%] * ctauRes2) ]
 origin       : RooAddModel::ctauRes32[ x=ctau3D (f2_CtauRes * ctauRes3 + [%] * ctauRes2) ]
 message      : p.d.f value is Not-a-Number (-nan), forcing value to zero
 message      : p.d.f value is Not-a-Number (-nan), forcing value to zero
 server values: x=ctau3D=0.142097, !refCoefNorm=(ctau3D = 0.142097,ctau3DErr = 0.0294906), !pdfs=(ctauRes3 = 0/0.0269998,ctauRes2 = 0/0.0269998), !coefficients=(f2_CtauRes = 0.762904 +/- 12.6501)
 server values: x=ctau3D=0.142097, !refCoefNorm=(ctau3D = 0.142097,ctau3DErr = 0.0294906), !pdfs=(ctauRes3 = 0/0.0269998,ctauRes2 = 0/0.0269998), !coefficients=(f2_CtauRes = 0.762904 +/- 12.6501)
[#0] ERROR:Eval -- RooAbsReal::logEvalError(ctauRes32) evaluation error, 
 origin       : RooAddModel::ctauRes32[ x=ctau3D (f2_CtauRes * ctauRes3 + [%] * ctauRes2) ]
 message      : p.d.f value is Not-a-Number (-nan), forcing value to zero
 server values: x=ctau3D=0.142097, !refCoefNorm=(ctau3D = 0.142097,ctau3DErr = 0.0294906), !pdfs=(ctauRes3 = 0/0.0269998,ctauRes2 = 0/0.0269998), !coefficients=(f2_CtauRes = 0.762904 +/- 12.6501)
[#0] ERROR:Eval -- RooAbsReal::logEvalError(ctauRes32) evaluation error, 
 origin       : RooAddModel::ctauRes32[ x=ctau3D (f2_CtauRes * ctauRes3 + [%] * ctauRes2) ]
 message      : p.d.f value is Not-a-Number (-nan), forcing value to zero
 server values: x=ctau3D=0.142097, !refCoefNorm=(ctau3D = 0.142097,ctau3DErr = 0.0294906), !pdfs=(ctauRes3 = 0/0.0269998,ctauRes2 = 0/0.0269998), !coefficients=(f2_CtauRes = 0.762904 +/- 12.6501)
[#0] ERROR:Eval -- RooAbsReal::logEvalError(ctauRes32) evaluation error, 
 origin       : RooAddModel::ctauRes32[ x=ctau3D (f2_CtauRes * ctauRes3 + [%] * ctauRes2) ]
 message      : p.d.f value is Not-a-Number (-nan), forcing value to zero
 server values: x=ctau3D=0.142097, !refCoefNorm=(ctau3D = 0.142097,ctau3DErr = 0.0294906), !pdfs=(ctauRes3 = 0/0.0269998,ctauRes2 = 0/0.0269998), !coefficients=(f2_CtauRes = 0.762904 +/- 12.6501)
[#0] ERROR:Eval -- RooAbsReal::logEvalError(ctauRes32) evaluation error, 
 origin       : RooAddModel::ctauRes32[ x=ctau3D (f2_CtauRes * ctauRes3 + [%] * ctauRes2) ]
 message      : p.d.f value is Not-a-Number (-nan), forcing value to zero
 server values: x=ctau3D=0.142097, !refCoefNorm=(ctau3D = 0.142097,ctau3DErr = 0.0294906), !pdfs=(ctauRes3 = 0/0.0269998,ctauRes2 = 0/0.0269998), !coefficients=(f2_CtauRes = 0.762904 +/- 12.6501)
[#0] ERROR:Eval -- RooAbsReal::logEvalError(ctauRes32) evaluation error, 
 origin       : RooAddModel::ctauRes32[ x=ctau3D (f2_CtauRes * ctauRes3 + [%] * ctauRes2) ]
 message      : p.d.f value is Not-a-Number (-nan), forcing value to zero
 server values: x=ctau3D=0.142097, !refCoefNorm=(ctau3D = 0.142097,ctau3DErr = 0.0294906), !pdfs=(ctauRes3 = 0/0.0269998,ctauRes2 = 0/0.0269998), !coefficients=(f2_CtauRes = 0.762904 +/- 12.6501)
[#0] ERROR:Eval -- RooAbsReal::logEvalError(ctauRes32) evaluation error, 
 origin       : RooAddModel::ctauRes32[ x=ctau3D (f2_CtauRes * ctauRes3 + [%] * ctauRes2) ]
 message      : p.d.f value is Not-a-Number (-nan), forcing value to zero
[#0] ERROR:Eval -- RooAbsReal::logEvalError(ctauRes32) evaluation error, 
 server values: x=ctau3D=0.142097, !refCoefNorm=(ctau3D = 0.142097,ctau3DErr = 0.0294906), !pdfs=(ctauRes3 = 0/0.0269998,ctauRes2 = 0/0.0269998), !coefficients=(f2_CtauRes = 0.762904 +/- 12.6501)
 origin       : RooAddModel::ctauRes32[ x=ctau3D (f2_CtauRes * ctauRes3 + [%] * ctauRes2) ]
 message      : p.d.f value is Not-a-Number (-nan), forcing value to zero
 server values: x=ctau3D=0.142097, !refCoefNorm=(ctau3D = 0.142097,ctau3DErr = 0.0294906), !pdfs=(ctauRes3 = 0/0.0269998,ctauRes2 = 0/0.0269998), !coefficients=(f2_CtauRes = 0.762904 +/- 12.6501)
RooArgSet::dependents = (ctau3D)
RooSetProxy::!refCoefNorm = (ctau3D,ctau3DErr)
RooArgSet::dependents = (ctau3D)
RooSetProxy::!refCoefNorm = (ctau3D,ctau3DErr)
RooArgSet::dependents = (ctau3D)
RooSetProxy::!refCoefNorm = (ctau3D,ctau3DErr)
RooArgSet::dependents = (ctau3D)
RooSetProxy::!refCoefNorm = (ctau3D,ctau3DErr)
RooArgSet::dependents = (ctau3D)
RooSetProxy::!refCoefNorm = (ctau3D,ctau3DErr)
RooArgSet::dependents = (ctau3D)
RooSetProxy::!refCoefNorm = (ctau3D,ctau3DErr)
RooArgSet::dependents = (ctau3D)
RooSetProxy::!refCoefNorm = (ctau3D,ctau3DErr)
RooArgSet::dependents = (ctau3D)
RooSetProxy::!refCoefNorm = (ctau3D,ctau3DErr)
RooArgSet::dependents = (ctau3D)
RooArgSet::dependents = (ctau3D)
RooSetProxy::!refCoefNorm = (ctau3D,ctau3DErr)
RooSetProxy::!refCoefNorm = (ctau3D,ctau3DErr)
RooArgSet::dependents = (ctau3D)
RooSetProxy::!refCoefNorm = (ctau3D,ctau3DErr)
RooArgSet::dependents = (ctau3D)
RooSetProxy::!refCoefNorm = (ctau3D,ctau3DErr)
RooArgSet::dependents = (ctau3D)
RooSetProxy::!refCoefNorm = (ctau3D,ctau3DErr)
RooArgSet::dependents = (ctau3D)
RooSetProxy::!refCoefNorm = (ctau3D,ctau3DErr)
RooArgSet::dependents = (ctau3D)
RooArgSet::dependents = (ctau3D)
RooSetProxy::!refCoefNorm = (ctau3D,ctau3DErr)
RooSetProxy::!refCoefNorm = (ctau3D,ctau3DErr)
RooArgSet:: = ()
RooArgSet:: = ()
RooSetProxy::!refCoefNorm = (ctau3D,ctau3DErr)
RooSetProxy::!refCoefNorm = (ctau3D,ctau3DErr)
RooArgSet:: = ()
RooSetProxy::!refCoefNorm = (ctau3D,ctau3DErr)
RooArgSet:: = ()
RooSetProxy::!refCoefNorm = (ctau3D,ctau3DErr)
RooArgSet:: = ()
RooSetProxy::!refCoefNorm = (ctau3D,ctau3DErr)
RooArgSet:: = ()
RooSetProxy::!refCoefNorm = (ctau3D,ctau3DErr)
RooArgSet:: = ()
RooSetProxy::!refCoefNorm = (ctau3D,ctau3DErr)
RooArgSet:: = ()
RooSetProxy::!refCoefNorm = (ctau3D,ctau3DErr)
RooArgSet:: = ()
RooSetProxy::!refCoefNorm = (ctau3D,ctau3DErr)
RooArgSet:: = ()
RooSetProxy::!refCoefNorm = (ctau3D,ctau3DErr)
RooArgSet:: = ()
RooSetProxy::!refCoefNorm = (ctau3D,ctau3DErr)
RooArgSet:: = ()
RooSetProxy::!refCoefNorm = (ctau3D,ctau3DErr)
RooArgSet:: = ()
RooSetProxy::!refCoefNorm = (ctau3D,ctau3DErr)
RooArgSet:: = ()
RooArgSet:: = ()
RooSetProxy::!refCoefNorm = (ctau3D,ctau3DErr)
RooSetProxy::!refCoefNorm = (ctau3D,ctau3DErr)
RooArgSet:: = ()
RooSetProxy::!refCoefNorm = (ctau3D,ctau3DErr)
RooArgSet::dependents = (ctau3D)
RooSetProxy::!refCoefNorm = (ctau3D,ctau3DErr)
RooArgSet::dependents = (ctau3D)
RooSetProxy::!refCoefNorm = (ctau3D,ctau3DErr)
RooArgSet::dependents = (ctau3D)
RooSetProxy::!refCoefNorm = (ctau3D,ctau3DErr)
RooArgSet::dependents = (ctau3D)
RooSetProxy::!refCoefNorm = (ctau3D,ctau3DErr)
RooArgSet::dependents = (ctau3D)
RooSetProxy::!refCoefNorm = (ctau3D,ctau3DErr)
RooArgSet::dependents = (ctau3D)
RooSetProxy::!refCoefNorm = (ctau3D,ctau3DErr)
RooArgSet::dependents = (ctau3D)
RooSetProxy::!refCoefNorm = (ctau3D,ctau3DErr)
RooArgSet::dependents = (ctau3D)
RooSetProxy::!refCoefNorm = (ctau3D,ctau3DErr)
RooArgSet::dependents = (ctau3D)
RooSetProxy::!refCoefNorm = (ctau3D,ctau3DErr)
RooArgSet::dependents = (ctau3D)
RooSetProxy::!refCoefNorm = (ctau3D,ctau3DErr)
RooArgSet::dependents = (ctau3D)
RooSetProxy::!refCoefNorm = (ctau3D,ctau3DErr)
RooArgSet::dependents = (ctau3D)
RooSetProxy::!refCoefNorm = (ctau3D,ctau3DErr)
RooArgSet::dependents = (ctau3D)
RooArgSet::dependents = (ctau3D)
RooSetProxy::!refCoefNorm = (ctau3D,ctau3DErr)
RooSetProxy::!refCoefNorm = (ctau3D,ctau3DErr)
RooArgSet::dependents = (ctau3D)
RooSetProxy::!refCoefNorm = (ctau3D,ctau3DErr)
RooArgSet::dependents = (ctau3D)
RooSetProxy::!refCoefNorm = (ctau3D,ctau3DErr)
RooArgSet::dependents = (ctau3D)
RooSetProxy::!refCoefNorm = (ctau3D,ctau3DErr)
RooArgSet::dependents = (ctau3D)
RooSetProxy::!refCoefNorm = (ctau3D,ctau3DErr)
RooArgSet:: = ()
RooSetProxy::!refCoefNorm = (ctau3D,ctau3DErr)
RooArgSet:: = ()
RooSetProxy::!refCoefNorm = (ctau3D,ctau3DErr)
RooArgSet::dependents = (ctau3D)
RooSetProxy::!refCoefNorm = (ctau3D,ctau3DErr)
RooArgSet::dependents = (ctau3D)
RooSetProxy::!refCoefNorm = (ctau3D,ctau3DErr)
RooArgSet:: = ()
RooSetProxy::!refCoefNorm = (ctau3D,ctau3DErr)
[#0] ERROR:Eval -- RooAbsReal::logEvalError(ctauRes32) evaluation error, 
 origin       : RooAddModel::ctauRes32[ x=ctau3D (f2_CtauRes * ctauRes3 + [%] * ctauRes2) ]
 message      : p.d.f value is Not-a-Number (-nan), forcing value to zero
 server values: x=ctau3D=0.142097, !refCoefNorm=(ctau3D = 0.142097,ctau3DErr = 0.0294906), !pdfs=(ctauRes3 = 0/0.0269998,ctauRes2 = 0/0.0269998), !coefficients=(f2_CtauRes = 0.762904 +/- 12.6501)
[#0] ERROR:Eval -- RooAbsReal::logEvalError(ctauRes32) evaluation error, 
 origin       : RooAddModel::ctauRes32[ x=ctau3D (f2_CtauRes * ctauRes3 + [%] * ctauRes2) ]
 message      : p.d.f value is Not-a-Number (-nan), forcing value to zero
 server values: x=ctau3D=0.142097, !refCoefNorm=(ctau3D = 0.142097,ctau3DErr = 0.0294906), !pdfs=(ctauRes3 = 0/0.0269998,ctauRes2 = 0/0.0269998), !coefficients=(f2_CtauRes = 0.762904 +/- 12.6501)
RooArgSet::dependents = (ctau3D)
RooSetProxy::!refCoefNorm = (ctau3D,ctau3DErr)
RooArgSet::dependents = (ctau3D)
RooSetProxy::!refCoefNorm = (ctau3D,ctau3DErr)
RooArgSet:: = ()
RooSetProxy::!refCoefNorm = (ctau3D,ctau3DErr)
RooArgSet:: = ()
RooSetProxy::!refCoefNorm = (ctau3D,ctau3DErr)
RooArgSet::dependents = (ctau3D)
RooSetProxy::!refCoefNorm = (ctau3D,ctau3DErr)
RooArgSet::dependents = (ctau3D)
RooSetProxy::!refCoefNorm = (ctau3D,ctau3DErr)
RooArgSet:: = ()
RooSetProxy::!refCoefNorm = (ctau3D,ctau3DErr)
RooArgSet:: = ()
RooArgSet:: = ()
RooSetProxy::!refCoefNorm = (ctau3D,ctau3DErr)
RooSetProxy::!refCoefNorm = (ctau3D,ctau3DErr)
RooArgSet:: = ()
RooSetProxy::!refCoefNorm = (ctau3D,ctau3DErr)
[#0] ERROR:Eval -- RooAbsReal::logEvalError(ctauRes32) evaluation error, 
RooArgSet:: = ()
 origin       : RooAddModel::ctauRes32[ x=ctau3D (f2_CtauRes * ctauRes3 + [%] * ctauRes2) ]
 message      : p.d.f value is Not-a-Number (-nan), forcing value to zero
RooSetProxy::!refCoefNorm = (ctau3D,ctau3DErr)
 server values: x=ctau3D=0.142097, !refCoefNorm=(ctau3D = 0.142097,ctau3DErr = 0.0294906), !pdfs=(ctauRes3 = 0/0.0269998,ctauRes2 = 0/0.0269998), !coefficients=(f2_CtauRes = 0.762904 +/- 12.6501)
RooArgSet:: = ()
RooSetProxy::!refCoefNorm = (ctau3D,ctau3DErr)
RooArgSet:: = ()
RooSetProxy::!refCoefNorm = (ctau3D,ctau3DErr)
RooArgSet:: = ()
RooSetProxy::!refCoefNorm = (ctau3D,ctau3DErr)
[#0] ERROR:Eval -- RooAbsReal::logEvalError(ctauRes32) evaluation error, 
[#0] ERROR:Eval -- RooAbsReal::logEvalError(ctauRes32) evaluation error, 
 origin       : RooAddModel::ctauRes32[ x=ctau3D (f2_CtauRes * ctauRes3 + [%] * ctauRes2) ]
[#0] ERROR:Eval -- RooAbsReal::logEvalError(ctauRes32) evaluation error, 
 origin       : RooAddModel::ctauRes32[ x=ctau3D (f2_CtauRes * ctauRes3 + [%] * ctauRes2) ]
 message      : p.d.f value is Not-a-Number (-nan), forcing value to zero
 origin       : RooAddModel::ctauRes32[ x=ctau3D (f2_CtauRes * ctauRes3 + [%] * ctauRes2) ]
 message      : p.d.f value is Not-a-Number (-nan), forcing value to zero
 server values: x=ctau3D=0.142097, !refCoefNorm=(ctau3D = 0.142097,ctau3DErr = 0.0294906), !pdfs=(ctauRes3 = 0/0.0269998,ctauRes2 = 0/0.0269998), !coefficients=(f2_CtauRes = 0.762904 +/- 12.6501)
 message      : p.d.f value is Not-a-Number (-nan), forcing value to zero
 server values: x=ctau3D=0.142097, !refCoefNorm=(ctau3D = 0.142097,ctau3DErr = 0.0294906), !pdfs=(ctauRes3 = 0/0.0269998,ctauRes2 = 0/0.0269998), !coefficients=(f2_CtauRes = 0.762904 +/- 12.6501)
 server values: x=ctau3D=0.142097, !refCoefNorm=(ctau3D = 0.142097,ctau3DErr = 0.0294906), !pdfs=(ctauRes3 = 0/0.0269998,ctauRes2 = 0/0.0269998), !coefficients=(f2_CtauRes = 0.762904 +/- 12.6501)
[#0] ERROR:Eval -- RooAbsReal::logEvalError(ctauRes32) evaluation error, 
 origin       : RooAddModel::ctauRes32[ x=ctau3D (f2_CtauRes * ctauRes3 + [%] * ctauRes2) ]
 message      : p.d.f value is Not-a-Number (-nan), forcing value to zero
 server values: x=ctau3D=0.142097, !refCoefNorm=(ctau3D = 0.142097,ctau3DErr = 0.0294906), !pdfs=(ctauRes3 = 0/0.0269998,ctauRes2 = 0/0.0269998), !coefficients=(f2_CtauRes = 0.762904 +/- 12.6501)
[#0] ERROR:Eval -- RooAbsReal::logEvalError(ctauRes32) evaluation error, 
 origin       : RooAddModel::ctauRes32[ x=ctau3D (f2_CtauRes * ctauRes3 + [%] * ctauRes2) ]
 message      : p.d.f value is Not-a-Number (-nan), forcing value to zero
 server values: x=ctau3D=0.142097, !refCoefNorm=(ctau3D = 0.142097,ctau3DErr = 0.0294906), !pdfs=(ctauRes3 = 0/0.0269998,ctauRes2 = 0/0.0269998), !coefficients=(f2_CtauRes = 0.762904 +/- 12.6501)
[#0] ERROR:Eval -- RooAbsReal::logEvalError(ctauRes32) evaluation error, 
 origin       : RooAddModel::ctauRes32[ x=ctau3D (f2_CtauRes * ctauRes3 + [%] * ctauRes2) ]
 message      : p.d.f value is Not-a-Number (-nan), forcing value to zero
 server values: x=ctau3D=0.142097, !refCoefNorm=(ctau3D = 0.142097,ctau3DErr = 0.0294906), !pdfs=(ctauRes3 = 0/0.0269998,ctauRes2 = 0/0.0269998), !coefficients=(f2_CtauRes = 0.762904 +/- 12.6501)
[#0] ERROR:Eval -- RooAbsReal::logEvalError(ctauRes32) evaluation error, 
 origin       : RooAddModel::ctauRes32[ x=ctau3D (f2_CtauRes * ctauRes3 + [%] * ctauRes2) ]
 message      : p.d.f value is Not-a-Number (-nan), forcing value to zero
 server values: x=ctau3D=0.142097, !refCoefNorm=(ctau3D = 0.142097,ctau3DErr = 0.0294906), !pdfs=(ctauRes3 = 0/0.0269998,ctauRes2 = 0/0.0269998), !coefficients=(f2_CtauRes = 0.762904 +/- 12.6501)
[#0] ERROR:Eval -- RooAbsReal::logEvalError(ctauRes32) evaluation error, 
 origin       : RooAddModel::ctauRes32[ x=ctau3D (f2_CtauRes * ctauRes3 + [%] * ctauRes2) ]
 message      : p.d.f value is Not-a-Number (-nan), forcing value to zero
 server values: x=ctau3D=0.142097, !refCoefNorm=(ctau3D = 0.142097,ctau3DErr = 0.0294906), !pdfs=(ctauRes3 = 0/0.0269998,ctauRes2 = 0/0.0269998), !coefficients=(f2_CtauRes = 0.762904 +/- 12.6501)
[#0] ERROR:Eval -- RooAbsReal::logEvalError(ctauRes32) evaluation error, 
 origin       : RooAddModel::ctauRes32[ x=ctau3D (f2_CtauRes * ctauRes3 + [%] * ctauRes2) ]
[#0] ERROR:Eval -- RooAbsReal::logEvalError(ctauRes32) evaluation error, 
 message      : p.d.f value is Not-a-Number (-nan), forcing value to zero
[#0] ERROR:Eval -- RooAbsReal::logEvalError(ctauRes32) evaluation error, 
 origin       : RooAddModel::ctauRes32[ x=ctau3D (f2_CtauRes * ctauRes3 + [%] * ctauRes2) ]
 server values: x=ctau3D=0.142097, !refCoefNorm=(ctau3D = 0.142097,ctau3DErr = 0.0294906), !pdfs=(ctauRes3 = 0/0.0269998,ctauRes2 = 0/0.0269998), !coefficients=(f2_CtauRes = 0.762904 +/- 12.6501)
 origin       : RooAddModel::ctauRes32[ x=ctau3D (f2_CtauRes * ctauRes3 + [%] * ctauRes2) ]
 message      : p.d.f value is Not-a-Number (-nan), forcing value to zero
 message      : p.d.f value is Not-a-Number (-nan), forcing value to zero
 server values: x=ctau3D=0.142097, !refCoefNorm=(ctau3D = 0.142097,ctau3DErr = 0.0294906), !pdfs=(ctauRes3 = 0/0.0269998,ctauRes2 = 0/0.0269998), !coefficients=(f2_CtauRes = 0.762904 +/- 12.6501)
 server values: x=ctau3D=0.142097, !refCoefNorm=(ctau3D = 0.142097,ctau3DErr = 0.0294906), !pdfs=(ctauRes3 = 0/0.0269998,ctauRes2 = 0/0.0269998), !coefficients=(f2_CtauRes = 0.762904 +/- 12.6501)
[#0] ERROR:Eval -- RooAbsReal::logEvalError(ctauRes32) evaluation error, 
 origin       : RooAddModel::ctauRes32[ x=ctau3D (f2_CtauRes * ctauRes3 + [%] * ctauRes2) ]
 message      : p.d.f value is Not-a-Number (-nan), forcing value to zero
 server values: x=ctau3D=0.142097, !refCoefNorm=(ctau3D = 0.142097,ctau3DErr = 0.0294906), !pdfs=(ctauRes3 = 0/0.0269998,ctauRes2 = 0/0.0269998), !coefficients=(f2_CtauRes = 0.762904 +/- 12.6501)
[#0] ERROR:Eval -- RooAbsReal::logEvalError(ctauRes32) evaluation error, 
 origin       : RooAddModel::ctauRes32[ x=ctau3D (f2_CtauRes * ctauRes3 + [%] * ctauRes2) ]
 message      : p.d.f value is Not-a-Number (-nan), forcing value to zero
 server values: x=ctau3D=0.142097, !refCoefNorm=(ctau3D = 0.142097,ctau3DErr = 0.0294906), !pdfs=(ctauRes3 = 0/0.0269998,ctauRes2 = 0/0.0269998), !coefficients=(f2_CtauRes = 0.762904 +/- 12.6501)
[#0] ERROR:Eval -- RooAbsReal::logEvalError(ctauRes32) evaluation error, 
 origin       : RooAddModel::ctauRes32[ x=ctau3D (f2_CtauRes * ctauRes3 + [%] * ctauRes2) ]
 message      : p.d.f value is Not-a-Number (-nan), forcing value to zero
 server values: x=ctau3D=0.142097, !refCoefNorm=(ctau3D = 0.142097,ctau3DErr = 0.0294906), !pdfs=(ctauRes3 = 0/0.0269998,ctauRes2 = 0/0.0269998), !coefficients=(f2_CtauRes = 0.762904 +/- 12.6501)
[#0] ERROR:Eval -- RooAbsReal::logEvalError(ctauRes32) evaluation error, 
 origin       : RooAddModel::ctauRes32[ x=ctau3D (f2_CtauRes * ctauRes3 + [%] * ctauRes2) ]
 message      : p.d.f value is Not-a-Number (-nan), forcing value to zero
 server values: x=ctau3D=0.142097, !refCoefNorm=(ctau3D = 0.142097,ctau3DErr = 0.0294906), !pdfs=(ctauRes3 = 0/0.0269998,ctauRes2 = 0/0.0269998), !coefficients=(f2_CtauRes = 0.762904 +/- 12.6501)
RooArgSet::dependents = (ctau3D)
RooSetProxy::!refCoefNorm = (ctau3D,ctau3DErr)
RooArgSet::dependents = (ctau3D)
RooSetProxy::!refCoefNorm = (ctau3D,ctau3DErr)
RooArgSet::dependents = (ctau3D)
RooSetProxy::!refCoefNorm = (ctau3D,ctau3DErr)
RooArgSet::dependents = (ctau3D)
RooArgSet::dependents = (ctau3D)
RooSetProxy::!refCoefNorm = (ctau3D,ctau3DErr)
RooArgSet::dependents = (ctau3D)
RooSetProxy::!refCoefNorm = (ctau3D,ctau3DErr)
RooSetProxy::!refCoefNorm = (ctau3D,ctau3DErr)
RooArgSet::dependents = (ctau3D)
RooSetProxy::!refCoefNorm = (ctau3D,ctau3DErr)
RooArgSet::dependents = (ctau3D)
RooSetProxy::!refCoefNorm = (ctau3D,ctau3DErr)
RooArgSet::dependents = (ctau3D)
RooSetProxy::!refCoefNorm = (ctau3D,ctau3DErr)
RooArgSet::dependents = (ctau3D)
RooSetProxy::!refCoefNorm = (ctau3D,ctau3DErr)
RooArgSet::dependents = (ctau3D)
RooSetProxy::!refCoefNorm = (ctau3D,ctau3DErr)
RooArgSet::dependents = (ctau3D)
RooSetProxy::!refCoefNorm = (ctau3D,ctau3DErr)
RooArgSet::dependents = (ctau3D)
RooSetProxy::!refCoefNorm = (ctau3D,ctau3DErr)
RooArgSet::dependents = (ctau3D)
RooSetProxy::!refCoefNorm = (ctau3D,ctau3DErr)
RooArgSet::dependents = (ctau3D)
RooSetProxy::!refCoefNorm = (ctau3D,ctau3DErr)
RooArgSet::dependents = (ctau3D)
RooSetProxy::!refCoefNorm = (ctau3D,ctau3DErr)
RooArgSet:: = ()
RooSetProxy::!refCoefNorm = (ctau3D,ctau3DErr)
RooArgSet:: = ()
RooSetProxy::!refCoefNorm = (ctau3D,ctau3DErr)
RooArgSet:: = ()
RooArgSet:: = ()
RooSetProxy::!refCoefNorm = (ctau3D,ctau3DErr)
RooArgSet:: = ()
RooSetProxy::!refCoefNorm = (ctau3D,ctau3DErr)
RooArgSet:: = ()
RooSetProxy::!refCoefNorm = (ctau3D,ctau3DErr)
RooArgSet:: = ()
RooSetProxy::!refCoefNorm = (ctau3D,ctau3DErr)
RooSetProxy::!refCoefNorm = (ctau3D,ctau3DErr)
RooArgSet:: = ()
RooSetProxy::!refCoefNorm = (ctau3D,ctau3DErr)
RooArgSet:: = ()
RooArgSet:: = ()
RooSetProxy::!refCoefNorm = (ctau3D,ctau3DErr)
RooSetProxy::!refCoefNorm = (ctau3D,ctau3DErr)
RooArgSet:: = ()
RooArgSet:: = ()
RooArgSet:: = ()
RooSetProxy::!refCoefNorm = (ctau3D,ctau3DErr)
RooSetProxy::!refCoefNorm = (ctau3D,ctau3DErr)
RooArgSet:: = ()
RooSetProxy::!refCoefNorm = (ctau3D,ctau3DErr)
RooSetProxy::!refCoefNorm = (ctau3D,ctau3DErr)
RooArgSet:: = ()
RooArgSet:: = ()
RooSetProxy::!refCoefNorm = (ctau3D,ctau3DErr)
RooSetProxy::!refCoefNorm = (ctau3D,ctau3DErr)
RooArgSet::dependents = (ctau3D)
RooSetProxy::!refCoefNorm = (ctau3D,ctau3DErr)
RooArgSet::dependents = (ctau3D)
RooSetProxy::!refCoefNorm = (ctau3D,ctau3DErr)
RooArgSet::dependents = (ctau3D)
RooSetProxy::!refCoefNorm = (ctau3D,ctau3DErr)
RooArgSet::dependents = (ctau3D)
RooSetProxy::!refCoefNorm = (ctau3D,ctau3DErr)
RooArgSet::dependents = (ctau3D)
RooArgSet::dependents = (ctau3D)
RooArgSet::dependents = (ctau3D)
RooSetProxy::!refCoefNorm = (ctau3D,ctau3DErr)
RooSetProxy::!refCoefNorm = (ctau3D,ctau3DErr)
RooSetProxy::!refCoefNorm = (ctau3D,ctau3DErr)
RooArgSet::dependents = (ctau3D)
RooSetProxy::!refCoefNorm = (ctau3D,ctau3DErr)
RooArgSet::dependents = (ctau3D)
RooSetProxy::!refCoefNorm = (ctau3D,ctau3DErr)
RooArgSet::dependents = (ctau3D)
RooSetProxy::!refCoefNorm = (ctau3D,ctau3DErr)
RooArgSet::dependents = (ctau3D)
RooSetProxy::!refCoefNorm = (ctau3D,ctau3DErr)
RooArgSet::dependents = (ctau3D)
RooArgSet::dependents = (ctau3D)
RooSetProxy::!refCoefNorm = (ctau3D,ctau3DErr)
RooSetProxy::!refCoefNorm = (ctau3D,ctau3DErr)
RooArgSet::dependents = (ctau3D)
RooSetProxy::!refCoefNorm = (ctau3D,ctau3DErr)
RooArgSet::dependents = (ctau3D)
RooSetProxy::!refCoefNorm = (ctau3D,ctau3DErr)
RooArgSet::dependents = (ctau3D)
RooSetProxy::!refCoefNorm = (ctau3D,ctau3DErr)
RooArgSet::dependents = (ctau3D)
RooSetProxy::!refCoefNorm = (ctau3D,ctau3DErr)
RooArgSet::dependents = (ctau3D)
RooSetProxy::!refCoefNorm = (ctau3D,ctau3DErr)
RooArgSet:: = ()
RooSetProxy::!refCoefNorm = (ctau3D,ctau3DErr)
RooArgSet:: = ()
RooSetProxy::!refCoefNorm = (ctau3D,ctau3DErr)
RooArgSet::dependents = (ctau3D)
RooSetProxy::!refCoefNorm = (ctau3D,ctau3DErr)
RooArgSet::dependents = (ctau3D)
RooSetProxy::!refCoefNorm = (ctau3D,ctau3DErr)
RooArgSet:: = ()
RooSetProxy::!refCoefNorm = (ctau3D,ctau3DErr)
[#0] ERROR:Eval -- RooAbsReal::logEvalError(ctauRes32) evaluation error, 
 origin       : RooAddModel::ctauRes32[ x=ctau3D (f2_CtauRes * ctauRes3 + [%] * ctauRes2) ]
 message      : p.d.f value is Not-a-Number (-nan), forcing value to zero
 server values: x=ctau3D=0.142097, !refCoefNorm=(ctau3D = 0.142097,ctau3DErr = 0.0294906), !pdfs=(ctauRes3 = 0/0.0269998,ctauRes2 = 0/0.0269998), !coefficients=(f2_CtauRes = 0.762904 +/- 12.6501)
[#0] ERROR:Eval -- RooAbsReal::logEvalError(ctauRes32) evaluation error, 
 origin       : RooAddModel::ctauRes32[ x=ctau3D (f2_CtauRes * ctauRes3 + [%] * ctauRes2) ]
 message      : p.d.f value is Not-a-Number (-nan), forcing value to zero
 server values: x=ctau3D=0.142097, !refCoefNorm=(ctau3D = 0.142097,ctau3DErr = 0.0294906), !pdfs=(ctauRes3 = 0/0.0269998,ctauRes2 = 0/0.0269998), !coefficients=(f2_CtauRes = 0.762904 +/- 12.6501)
RooArgSet::dependents = (ctau3D)
RooSetProxy::!refCoefNorm = (ctau3D,ctau3DErr)
RooArgSet::dependents = (ctau3D)
RooSetProxy::!refCoefNorm = (ctau3D,ctau3DErr)
RooArgSet:: = ()
RooSetProxy::!refCoefNorm = (ctau3D,ctau3DErr)
RooArgSet:: = ()
RooSetProxy::!refCoefNorm = (ctau3D,ctau3DErr)
RooArgSet::dependents = (ctau3D)
RooSetProxy::!refCoefNorm = (ctau3D,ctau3DErr)
RooArgSet::dependents = (ctau3D)
RooSetProxy::!refCoefNorm = (ctau3D,ctau3DErr)
RooArgSet:: = ()
RooSetProxy::!refCoefNorm = (ctau3D,ctau3DErr)
RooArgSet:: = ()
RooSetProxy::!refCoefNorm = (ctau3D,ctau3DErr)
RooArgSet:: = ()
RooSetProxy::!refCoefNorm = (ctau3D,ctau3DErr)
RooArgSet:: = ()
RooSetProxy::!refCoefNorm = (ctau3D,ctau3DErr)
[#0] ERROR:Eval -- RooAbsReal::logEvalError(ctauRes32) evaluation error, 
 origin       : RooAddModel::ctauRes32[ x=ctau3D (f2_CtauRes * ctauRes3 + [%] * ctauRes2) ]
 message      : p.d.f value is Not-a-Number (-nan), forcing value to zero
 server values: x=ctau3D=0.142097, !refCoefNorm=(ctau3D = 0.142097,ctau3DErr = 0.0294906), !pdfs=(ctauRes3 = 0/0.0269998,ctauRes2 = 0/0.0269998), !coefficients=(f2_CtauRes = 0.762904 +/- 12.6501)
RooArgSet:: = ()
RooSetProxy::!refCoefNorm = (ctau3D,ctau3DErr)
RooArgSet:: = ()
RooArgSet:: = ()
RooSetProxy::!refCoefNorm = (ctau3D,ctau3DErr)
[#0] ERROR:Eval -- RooAbsReal::logEvalError(ctauRes32) evaluation error, 
RooSetProxy::!refCoefNorm = (ctau3D,ctau3DErr)
RooArgSet:: = ()
 origin       : RooAddModel::ctauRes32[ x=ctau3D (f2_CtauRes * ctauRes3 + [%] * ctauRes2) ]
 message      : p.d.f value is Not-a-Number (-nan), forcing value to zero
RooSetProxy::!refCoefNorm = (ctau3D,ctau3DErr)
 server values: x=ctau3D=0.142097, !refCoefNorm=(ctau3D = 0.142097,ctau3DErr = 0.0294906), !pdfs=(ctauRes3 = 0/0.0269998,ctauRes2 = 0/0.0269998), !coefficients=(f2_CtauRes = 0.762904 +/- 12.6501)
[#0] ERROR:Eval -- RooAbsReal::logEvalError(ctauRes32) evaluation error, 
 origin       : RooAddModel::ctauRes32[ x=ctau3D (f2_CtauRes * ctauRes3 + [%] * ctauRes2) ]
 message      : p.d.f value is Not-a-Number (-nan), forcing value to zero
 server values: x=ctau3D=0.142097, !refCoefNorm=(ctau3D = 0.142097,ctau3DErr = 0.0294906), !pdfs=(ctauRes3 = 0/0.0269998,ctauRes2 = 0/0.0269998), !coefficients=(f2_CtauRes = 0.762904 +/- 12.6501)
[#0] ERROR:Eval -- RooAbsReal::logEvalError(ctauRes32) evaluation error, 
 origin       : RooAddModel::ctauRes32[ x=ctau3D (f2_CtauRes * ctauRes3 + [%] * ctauRes2) ]
 message      : p.d.f value is Not-a-Number (-nan), forcing value to zero
 server values: x=ctau3D=0.142097, !refCoefNorm=(ctau3D = 0.142097,ctau3DErr = 0.0294906), !pdfs=(ctauRes3 = 0/0.0269998,ctauRes2 = 0/0.0269998), !coefficients=(f2_CtauRes = 0.762904 +/- 12.6501)
[#0] ERROR:Eval -- RooAbsReal::logEvalError(ctauRes32) evaluation error, 
 origin       : RooAddModel::ctauRes32[ x=ctau3D (f2_CtauRes * ctauRes3 + [%] * ctauRes2) ]
 message      : p.d.f value is Not-a-Number (-nan), forcing value to zero
 server values: x=ctau3D=0.142097, !refCoefNorm=(ctau3D = 0.142097,ctau3DErr = 0.0294906), !pdfs=(ctauRes3 = 0/0.0269998,ctauRes2 = 0/0.0269998), !coefficients=(f2_CtauRes = 0.762904 +/- 12.6501)
[#0] ERROR:Eval -- RooAbsReal::logEvalError(ctauRes32) evaluation error, 
 origin       : RooAddModel::ctauRes32[ x=ctau3D (f2_CtauRes * ctauRes3 + [%] * ctauRes2) ]
 message      : p.d.f value is Not-a-Number (-nan), forcing value to zero
 server values: x=ctau3D=0.142097, !refCoefNorm=(ctau3D = 0.142097,ctau3DErr = 0.0294906), !pdfs=(ctauRes3 = 0/0.0269998,ctauRes2 = 0/0.0269998), !coefficients=(f2_CtauRes = 0.762904 +/- 12.6501)
[#0] ERROR:Eval -- RooAbsReal::logEvalError(ctauRes32) evaluation error, 
[#0] ERROR:Eval -- RooAbsReal::logEvalError(ctauRes32) evaluation error, 
 origin       : RooAddModel::ctauRes32[ x=ctau3D (f2_CtauRes * ctauRes3 + [%] * ctauRes2) ]
 origin       : RooAddModel::ctauRes32[ x=ctau3D (f2_CtauRes * ctauRes3 + [%] * ctauRes2) ]
 message      : p.d.f value is Not-a-Number (-nan), forcing value to zero
 message      : p.d.f value is Not-a-Number (-nan), forcing value to zero
[#0] ERROR:Eval -- RooAbsReal::logEvalError(ctauRes32) evaluation error, 
 server values: x=ctau3D=0.142097, !refCoefNorm=(ctau3D = 0.142097,ctau3DErr = 0.0294906), !pdfs=(ctauRes3 = 0/0.0269998,ctauRes2 = 0/0.0269998), !coefficients=(f2_CtauRes = 0.762904 +/- 12.6501)
 origin       : RooAddModel::ctauRes32[ x=ctau3D (f2_CtauRes * ctauRes3 + [%] * ctauRes2) ]
 server values: x=ctau3D=0.142097, !refCoefNorm=(ctau3D = 0.142097,ctau3DErr = 0.0294906), !pdfs=(ctauRes3 = 0/0.0269998,ctauRes2 = 0/0.0269998), !coefficients=(f2_CtauRes = 0.762904 +/- 12.6501)
 message      : p.d.f value is Not-a-Number (-nan), forcing value to zero
 server values: x=ctau3D=0.142097, !refCoefNorm=(ctau3D = 0.142097,ctau3DErr = 0.0294906), !pdfs=(ctauRes3 = 0/0.0269998,ctauRes2 = 0/0.0269998), !coefficients=(f2_CtauRes = 0.762904 +/- 12.6501)
[#0] ERROR:Eval -- RooAbsReal::logEvalError(ctauRes32) evaluation error, 
 origin       : RooAddModel::ctauRes32[ x=ctau3D (f2_CtauRes * ctauRes3 + [%] * ctauRes2) ]
 message      : p.d.f value is Not-a-Number (-nan), forcing value to zero
 server values: x=ctau3D=0.142097, !refCoefNorm=(ctau3D = 0.142097,ctau3DErr = 0.0294906), !pdfs=(ctauRes3 = 0/0.0269998,ctauRes2 = 0/0.0269998), !coefficients=(f2_CtauRes = 0.762904 +/- 12.6501)
[#0] ERROR:Eval -- RooAbsReal::logEvalError(ctauRes32) evaluation error, 
 origin       : RooAddModel::ctauRes32[ x=ctau3D (f2_CtauRes * ctauRes3 + [%] * ctauRes2) ]
 message      : p.d.f value is Not-a-Number (-nan), forcing value to zero
 server values: x=ctau3D=0.142097, !refCoefNorm=(ctau3D = 0.142097,ctau3DErr = 0.0294906), !pdfs=(ctauRes3 = 0/0.0269998,ctauRes2 = 0/0.0269998), !coefficients=(f2_CtauRes = 0.762904 +/- 12.6501)
[#0] ERROR:Eval -- RooAbsReal::logEvalError(ctauRes32) evaluation error, 
 origin       : RooAddModel::ctauRes32[ x=ctau3D (f2_CtauRes * ctauRes3 + [%] * ctauRes2) ]
 message      : p.d.f value is Not-a-Number (-nan), forcing value to zero
 server values: x=ctau3D=0.142097, !refCoefNorm=(ctau3D = 0.142097,ctau3DErr = 0.0294906), !pdfs=(ctauRes3 = 0/0.0269998,ctauRes2 = 0/0.0269998), !coefficients=(f2_CtauRes = 0.762904 +/- 12.6501)
[#0] ERROR:Eval -- RooAbsReal::logEvalError(ctauRes32) evaluation error, 
 origin       : RooAddModel::ctauRes32[ x=ctau3D (f2_CtauRes * ctauRes3 + [%] * ctauRes2) ]
 message      : p.d.f value is Not-a-Number (-nan), forcing value to zero
 server values: x=ctau3D=0.142097, !refCoefNorm=(ctau3D = 0.142097,ctau3DErr = 0.0294906), !pdfs=(ctauRes3 = 0/0.0269998,ctauRes2 = 0/0.0269998), !coefficients=(f2_CtauRes = 0.762904 +/- 12.6501)
[#0] ERROR:Eval -- RooAbsReal::logEvalError(ctauRes32) evaluation error, 
[#0] ERROR:Eval -- RooAbsReal::logEvalError(ctauRes32) evaluation error, 
 origin       : RooAddModel::ctauRes32[ x=ctau3D (f2_CtauRes * ctauRes3 + [%] * ctauRes2) ]
 origin       : RooAddModel::ctauRes32[ x=ctau3D (f2_CtauRes * ctauRes3 + [%] * ctauRes2) ]
 message      : p.d.f value is Not-a-Number (-nan), forcing value to zero
 message      : p.d.f value is Not-a-Number (-nan), forcing value to zero
 server values: x=ctau3D=0.142097, !refCoefNorm=(ctau3D = 0.142097,ctau3DErr = 0.0294906), !pdfs=(ctauRes3 = 0/0.0269998,ctauRes2 = 0/0.0269998), !coefficients=(f2_CtauRes = 0.762904 +/- 12.6501)
 server values: x=ctau3D=0.142097, !refCoefNorm=(ctau3D = 0.142097,ctau3DErr = 0.0294906), !pdfs=(ctauRes3 = 0/0.0269998,ctauRes2 = 0/0.0269998), !coefficients=(f2_CtauRes = 0.762904 +/- 12.6501)
[#0] ERROR:Eval -- RooAbsReal::logEvalError(ctauRes32) evaluation error, 
 origin       : RooAddModel::ctauRes32[ x=ctau3D (f2_CtauRes * ctauRes3 + [%] * ctauRes2) ]
 message      : p.d.f value is Not-a-Number (-nan), forcing value to zero
 server values: x=ctau3D=0.142097, !refCoefNorm=(ctau3D = 0.142097,ctau3DErr = 0.0294906), !pdfs=(ctauRes3 = 0/0.0269998,ctauRes2 = 0/0.0269998), !coefficients=(f2_CtauRes = 0.762904 +/- 12.6501)
RooArgSet::dependents = (ctau3D)
RooSetProxy::!refCoefNorm = (ctau3D,ctau3DErr)
RooArgSet::dependents = (ctau3D)
RooSetProxy::!refCoefNorm = (ctau3D,ctau3DErr)
RooArgSet::dependents = (ctau3D)
RooSetProxy::!refCoefNorm = (ctau3D,ctau3DErr)
RooArgSet::dependents = (ctau3D)
RooArgSet::dependents = (ctau3D)
RooSetProxy::!refCoefNorm = (ctau3D,ctau3DErr)
RooSetProxy::!refCoefNorm = (ctau3D,ctau3DErr)
RooArgSet::dependents = (ctau3D)
RooSetProxy::!refCoefNorm = (ctau3D,ctau3DErr)
RooArgSet::dependents = (ctau3D)
RooSetProxy::!refCoefNorm = (ctau3D,ctau3DErr)
RooArgSet::dependents = (ctau3D)
RooSetProxy::!refCoefNorm = (ctau3D,ctau3DErr)
RooArgSet::dependents = (ctau3D)
RooSetProxy::!refCoefNorm = (ctau3D,ctau3DErr)
RooArgSet::dependents = (ctau3D)
RooArgSet::dependents = (ctau3D)
RooSetProxy::!refCoefNorm = (ctau3D,ctau3DErr)
RooSetProxy::!refCoefNorm = (ctau3D,ctau3DErr)
RooArgSet::dependents = (ctau3D)
RooSetProxy::!refCoefNorm = (ctau3D,ctau3DErr)
RooArgSet::dependents = (ctau3D)
RooSetProxy::!refCoefNorm = (ctau3D,ctau3DErr)
RooArgSet::dependents = (ctau3D)
RooSetProxy::!refCoefNorm = (ctau3D,ctau3DErr)
RooArgSet::dependents = (ctau3D)
RooSetProxy::!refCoefNorm = (ctau3D,ctau3DErr)
RooArgSet::dependents = (ctau3D)
RooSetProxy::!refCoefNorm = (ctau3D,ctau3DErr)
RooArgSet:: = ()
RooSetProxy::!refCoefNorm = (ctau3D,ctau3DErr)
RooArgSet:: = ()
RooSetProxy::!refCoefNorm = (ctau3D,ctau3DErr)
RooArgSet:: = ()
RooSetProxy::!refCoefNorm = (ctau3D,ctau3DErr)
RooArgSet:: = ()
RooSetProxy::!refCoefNorm = (ctau3D,ctau3DErr)
RooArgSet:: = ()
RooSetProxy::!refCoefNorm = (ctau3D,ctau3DErr)
RooArgSet:: = ()
RooSetProxy::!refCoefNorm = (ctau3D,ctau3DErr)
RooArgSet:: = ()
RooSetProxy::!refCoefNorm = (ctau3D,ctau3DErr)
RooArgSet:: = ()
RooSetProxy::!refCoefNorm = (ctau3D,ctau3DErr)
RooArgSet:: = ()
RooSetProxy::!refCoefNorm = (ctau3D,ctau3DErr)
RooArgSet:: = ()
RooSetProxy::!refCoefNorm = (ctau3D,ctau3DErr)
RooArgSet:: = ()
RooSetProxy::!refCoefNorm = (ctau3D,ctau3DErr)
RooArgSet:: = ()
RooSetProxy::!refCoefNorm = (ctau3D,ctau3DErr)
RooArgSet:: = ()
RooSetProxy::!refCoefNorm = (ctau3D,ctau3DErr)
RooArgSet:: = ()
RooSetProxy::!refCoefNorm = (ctau3D,ctau3DErr)
RooArgSet:: = ()
RooSetProxy::!refCoefNorm = (ctau3D,ctau3DErr)
RooArgSet:: = ()
RooSetProxy::!refCoefNorm = (ctau3D,ctau3DErr)
RooArgSet::dependents = (ctau3D)
RooSetProxy::!refCoefNorm = (ctau3D,ctau3DErr)
RooArgSet::dependents = (ctau3D)
RooSetProxy::!refCoefNorm = (ctau3D,ctau3DErr)
RooArgSet::dependents = (ctau3D)
RooSetProxy::!refCoefNorm = (ctau3D,ctau3DErr)
RooArgSet::dependents = (ctau3D)
RooSetProxy::!refCoefNorm = (ctau3D,ctau3DErr)
RooArgSet::dependents = (ctau3D)
RooSetProxy::!refCoefNorm = (ctau3D,ctau3DErr)
RooArgSet::dependents = (ctau3D)
RooSetProxy::!refCoefNorm = (ctau3D,ctau3DErr)
RooArgSet::dependents = (ctau3D)
RooSetProxy::!refCoefNorm = (ctau3D,ctau3DErr)
RooArgSet::dependents = (ctau3D)
RooSetProxy::!refCoefNorm = (ctau3D,ctau3DErr)
RooArgSet::dependents = (ctau3D)
RooSetProxy::!refCoefNorm = (ctau3D,ctau3DErr)
RooArgSet::dependents = (ctau3D)
RooSetProxy::!refCoefNorm = (ctau3D,ctau3DErr)
RooArgSet::dependents = (ctau3D)
RooSetProxy::!refCoefNorm = (ctau3D,ctau3DErr)
RooArgSet::dependents = (ctau3D)
RooSetProxy::!refCoefNorm = (ctau3D,ctau3DErr)
RooArgSet::dependents = (ctau3D)
RooSetProxy::!refCoefNorm = (ctau3D,ctau3DErr)
RooArgSet::dependents = (ctau3D)
RooSetProxy::!refCoefNorm = (ctau3D,ctau3DErr)
RooArgSet::dependents = (ctau3D)
RooSetProxy::!refCoefNorm = (ctau3D,ctau3DErr)
RooArgSet::dependents = (ctau3D)
RooSetProxy::!refCoefNorm = (ctau3D,ctau3DErr)
############################################################################
Info in <TCanvas::Print>: pdf file figs/2DFit_No_Weight/Final/2DFit_Ctau_pt22.5-25.0_y0.0-1.6_muPt0.0_centrality0-180_PRw_Effw0_Accw0_PtW0_TnP0.pdf has been created
Info in <TCanvas::Print>: pdf file figs/2DFit_No_Weight/Final/2DFit_Mass_pt22.5-25.0_y0.0-1.6_muPt0.0_centrality0-180_PRw_Effw0_Accw0_PtW0_TnP0.pdf has been created

  RooFitResult: minimized FCN value: -20225.6, estimated distance to minimum: 5.08254e-05
                covariance matrix quality: Unknown, matrix was externally provided
                Status : MINIMIZE=0 HESSE=0 HESSE=0 

    Constant Parameter    Value     
  --------------------  ------------
                 N_Bkg    2.0234e+03
                N_Jpsi    1.3949e+01
             alpha_1_A    2.1079e+00
                 b_Bkg    9.9007e-01
         ctau1_CtauRes    0.0000e+00
         ctau2_CtauRes    0.0000e+00
         ctau3_CtauRes    0.0000e+00
                     f    7.6618e-01
            f2_CtauRes    7.6290e-01
                 fDF12    1.1366e-06
                 fDFSS    9.3294e-01
                 fDLIV    8.0398e-01
                fDSS12    6.4709e-02
            fDSS1_test    0.0000e+00
            fDSS2_test    8.4000e-01
             f_CtauRes    3.2177e-01
         lambdaDDS_Bkg    8.4792e-03
         lambdaDF_Bkg1    9.1954e-01
         lambdaDF_Bkg2    5.1940e-02
        lambdaDSS_Bkg1    3.2171e-01
        lambdaDSS_Bkg2    3.2306e-01
       lambdaDSS_test1    4.0000e-01
       lambdaDSS_test2    3.4000e-01
       lambdaDSS_test3    5.5000e-01
            m_{J/#Psi}    3.0944e+00
                 n_1_A    1.2496e+00
          rS21_CtauRes    6.1927e-02
          rS32_CtauRes    3.2552e+00
            s1_CtauRes    1.2795e-01
             sigma_1_A    1.5145e-02
                   sl1   -1.0986e-01
                   x_A    2.2113e+00
              zeroMean    0.0000e+00

    Floating Parameter  InitialValue    FinalValue +/-  Error     GblCorr.
  --------------------  ------------  --------------------------  --------
                b_Jpsi    5.2000e-01    9.5457e-01 +/-  2.54e-02  <none>

# STAGE: final2D
# CMD: /opt/conda/envs/root618/bin/root -l -b -q 'Final2DFit.C(22.5,25,0,1.6,0,180)'

